river_km,length_m,status,auto_ok,water_fraction,max_water_distance_m,reference_offset_m,reference_km,channel_width_m,branch_count,interval_id,supported_bed_area_m2,direct_sampled_cell_area_m2,bed_mean_return_density,min_bed_elevation_m,max_bed_elevation_m,lateral_assignment_limit_m,rough_r1_ncells,rough_r1_median_m,rough_r1_p90_m,rough_r1_fraction_of_supported_bed,rough_r2_ncells,rough_r2_median_m,rough_r2_p90_m,rough_r2_fraction_of_supported_bed,rough_r5_ncells,rough_r5_median_m,rough_r5_p90_m,rough_r5_fraction_of_supported_bed
0.0,100.0,sparse_water_returns,False,0.7142857142857143,20.396078054371138,6.721896030532994,0.05,0.0,0,1,259,248,2.447876447876448,456.49188232421875,457.16339111328125,20.0,0,,,0.0,0,,,0.0,0,,,0.0
0.1,100.0,sparse_water_returns,False,0.6190476190476191,30.463092423455635,6.435703328025028,0.15,0.0,0,2,269,254,2.2193308550185873,455.4884033203125,457.0456848144531,20.0,0,,,0.0,0,,,0.0,0,,,0.0
0.2,100.0,sparse_water_returns,False,0.23809523809523808,41.182520563948,7.921364509074025,0.245,0.0,0,3,32,31,2.78125,455.5221252441406,456.0620422363281,20.0,2,0.038571394979953766,0.04483580458909273,0.0625,2,0.09489697217941284,0.10496702119708061,0.0625,2,0.14943695068359375,0.1517465367913246,0.0625
0.3,100.0,sparse_water_returns,False,0.7619047619047619,24.331050121192877,14.1645954548476,0.335,0.0,0,4,380,357,2.9921052631578946,454.65447998046875,456.4317932128906,20.0,58,0.030881144106388092,0.03901463337242604,0.15263157894736842,70,0.03944407403469086,0.07958897277712823,0.18421052631578946,70,0.08197374641895294,0.14267676025629045,0.18421052631578946
0.4,100.0,sparse_water_returns,False,0.19047619047619047,48.16637831516918,25.15422314127808,0.52,0.0,0,5,251,223,3.00796812749004,454.0780029296875,455.87518310546875,20.0,50,0.042915135622024536,0.06946205198764802,0.199203187250996,56,0.07409173250198364,0.15077471733093262,0.22310756972111553,56,0.1898147463798523,0.2609456926584244,0.22310756972111553
0.5,100.0,sparse_water_returns,False,0.09523809523809523,53.665631459994955,31.516091309800384,0.51,0.0,0,6,17,16,2.176470588235294,454.7795104980469,455.1741638183594,20.0,0,,,0.0,0,,,0.0,0,,,0.0
0.6,100.0,sparse_water_returns,False,0.6666666666666666,17.88854381999832,7.003286430753005,0.925,0.0,1,7,285,272,3.017543859649123,451.816650390625,453.4315490722656,20.0,43,0.04545610398054123,0.060588486492633827,0.15087719298245614,53,0.06074845790863037,0.0885398417711258,0.18596491228070175,53,0.10731986165046692,0.15344204902648925,0.18596491228070175
0.7,100.0,sparse_water_returns,False,0.6666666666666666,16.0,7.68768444884158,1.02,12.0,1,8,163,154,2.852760736196319,451.8030700683594,453.0606994628906,20.0,21,0.045020680874586105,0.06086834520101547,0.12883435582822086,25,0.053464580327272415,0.09460535198450089,0.15337423312883436,25,0.06377322226762772,0.11514880657196046,0.15337423312883436
0.8,100.0,sparse_water_returns,False,0.7619047619047619,12.0,4.072038350078608,1.12,12.0,1,9,355,327,2.1661971830985913,451.57037353515625,452.77130126953125,20.0,11,0.029540598392486572,0.04651818424463272,0.030985915492957747,16,0.04634583368897438,0.07215727493166924,0.04507042253521127,16,0.08634178340435028,0.11543432623147964,0.04507042253521127
0.9,100.0,supported,True,0.8571428571428571,11.313708498984761,1.7766728109959733,1.22,0.0,0,10,482,455,2.5352697095435683,451.21923828125,453.0066833496094,20.0,40,0.04173583537340164,0.056282128766179086,0.08298755186721991,45,0.048746831715106964,0.07216397821903232,0.09336099585062241,45,0.0686090737581253,0.09536233246326448,0.09336099585062241
1.0,100.0,sparse_water_returns,False,0.0,99.03534722511958,48.03898716306641,1.265,0.0,0,11,0,0,,,,20.0,0,,,,0,,,,0,,,
1.1,100.0,sparse_water_returns,False,0.14285714285714285,87.72684879784524,7.216728391567062,1.57,0.0,0,12,94,82,2.5319148936170213,449.4825134277344,450.7427673339844,20.0,6,0.045372627675533295,0.0786513015627861,0.06382978723404255,7,0.09732533246278763,0.1456212431192398,0.07446808510638298,7,0.1559275984764099,0.2013839662075043,0.07446808510638298
1.2,100.0,sparse_water_returns,False,0.19047619047619047,44.181444068749045,2.2590093406647878,1.675,0.0,0,13,103,97,3.679611650485437,449.8488464355469,450.910400390625,20.0,35,0.04392765089869499,0.057824894040822986,0.33980582524271846,35,0.06948807090520859,0.09257567822933198,0.33980582524271846,35,0.14982002973556519,0.1615681529045105,0.33980582524271846
1.3,100.0,sparse_water_returns,False,0.23809523809523808,76.94153624668537,15.635375251601443,1.77,0.0,0,14,83,70,2.0843373493975905,449.1310119628906,449.63360595703125,20.0,4,0.029644154012203217,0.05094806551933289,0.04819277108433735,4,0.05212792009115219,0.08969408050179482,0.04819277108433735,4,0.11606770008802414,0.1280168242752552,0.04819277108433735
1.4,100.0,sparse_water_returns,False,0.23809523809523808,76.94153624668537,27.173077001218893,1.865,0.0,0,15,113,105,2.3628318584070795,449.1682434082031,449.61761474609375,20.0,7,0.02831845171749592,0.031960534304380415,0.061946902654867256,8,0.0368679016828537,0.06109852418303488,0.07079646017699115,8,0.06062023714184761,0.07181593850255012,0.07079646017699115
1.5,100.0,supported,True,0.9047619047619048,12.0,15.7901984886256,1.97,12.0,1,16,486,427,2.3559670781893005,448.40057373046875,449.466796875,20.0,53,0.03620852530002594,0.04468251317739487,0.10905349794238683,60,0.040292683988809586,0.06119914203882218,0.12345679012345678,60,0.05243588238954544,0.10282101854681969,0.12345679012345678
1.6,100.0,sparse_water_returns,False,0.7619047619047619,20.396078054371138,10.421433716680493,2.07,0.0,0,17,477,443,2.758909853249476,448.74951171875,450.2747497558594,20.0,67,0.030832260847091675,0.039787974953651425,0.14046121593291405,76,0.03440824896097183,0.08237723261117935,0.15932914046121593,76,0.07404612749814987,0.09873668104410172,0.15932914046121593
1.7,100.0,sparse_water_returns,False,0.2857142857142857,32.984845004941285,11.247016498398269,2.18,0.0,0,18,72,69,2.5555555555555554,448.46099853515625,449.1837463378906,20.0,4,0.021588783711194992,0.047536960989236834,0.05555555555555555,5,0.046069975942373276,0.04920506477355957,0.06944444444444445,5,0.08784304559230804,0.1020118162035942,0.06944444444444445
1.8,100.0,sparse_water_returns,False,0.42857142857142855,28.284271247461902,11.88470067800845,2.26,0.0,0,19,97,88,2.814432989690722,447.57080078125,448.5606689453125,20.0,16,0.042116936296224594,0.06981958076357841,0.16494845360824742,17,0.07176614552736282,0.09047472327947617,0.17525773195876287,17,0.14073807001113892,0.14431213736534118,0.17525773195876287
1.9,100.0,sparse_water_returns,False,0.0,96.33275663033837,3.5494790273848658,2.355,0.0,0,20,0,0,,,,20.0,0,,,,0,,,,0,,,
2.0,100.0,sparse_water_returns,False,0.2857142857142857,68.11754546370561,5.200644565147532,2.455,0.0,0,21,43,43,2.813953488372093,447.00323486328125,447.3603820800781,20.0,8,0.026597877964377403,0.04856707081198692,0.18604651162790697,8,0.04995244741439819,0.06495443359017372,0.18604651162790697,8,0.07414724677801132,0.07449482008814812,0.18604651162790697
2.1,100.0,sparse_water_returns,False,0.5714285714285714,24.0,7.204917101231601,2.545,0.0,0,22,111,93,2.6036036036036037,446.6104431152344,447.7052917480469,20.0,12,0.038478121161460876,0.05023179575800896,0.10810810810810811,16,0.052880119532346725,0.09266111254692078,0.14414414414414414,16,0.08632658421993256,0.11612966284155846,0.14414414414414414
2.2,100.0,supported,True,0.8095238095238095,8.0,5.535115051694582,2.645,0.0,0,23,284,255,2.443661971830986,445.8791198730469,447.7881164550781,20.0,30,0.03550771251320839,0.057891523465514204,0.1056338028169014,36,0.04803362488746643,0.12482787296175957,0.1267605633802817,36,0.16419385373592377,0.23594465851783752,0.1267605633802817
2.3,100.0,supported,True,0.8571428571428571,12.0,10.920295889325812,2.745,0.0,0,24,512,470,2.251953125,445.97467041015625,447.7817687988281,20.0,21,0.031058212742209435,0.04330865666270256,0.041015625,35,0.03951243311166763,0.07784107476472858,0.068359375,35,0.0701775923371315,0.13023637235164645,0.068359375
2.4,100.0,sparse_water_returns,False,0.3333333333333333,39.395431207184416,23.788483801306636,2.84,0.0,0,25,39,36,2.41025641025641,445.83648681640625,447.0914001464844,20.0,4,0.06119205802679062,0.08895121291279794,0.10256410256410256,5,0.11760507524013519,0.12965276539325715,0.1282051282051282,5,0.16250762343406677,0.16250762343406677,0.1282051282051282
2.5,100.0,sparse_water_returns,False,0.7142857142857143,11.313708498984761,6.953546787062018,2.945,12.0,1,26,308,299,4.607142857142857,445.01397705078125,446.6567077636719,20.0,138,0.05651486665010452,0.08285982310771942,0.44805194805194803,138,0.07451051473617554,0.10199336409568786,0.44805194805194803,138,0.11372414231300354,0.15108256340026854,0.44805194805194803
2.6,100.0,sparse_water_returns,False,0.8095238095238095,12.649110640673518,2.798188373057855,3.055,0.0,0,27,362,335,3.3922651933701657,445.155517578125,446.54876708984375,20.0,88,0.04738499969244003,0.0700867660343647,0.2430939226519337,94,0.07399898767471313,0.12819089740514755,0.2596685082872928,94,0.14618948101997375,0.23279267996549607,0.2596685082872928
2.7,100.0,sparse_water_returns,False,0.7142857142857143,32.0,5.234079092926047,3.155,0.0,0,28,225,203,2.871111111111111,445.2655944824219,446.27178955078125,20.0,39,0.04642001539468765,0.06669011414051057,0.17333333333333334,41,0.07060183584690094,0.12923870980739594,0.18222222222222223,41,0.12407810240983963,0.1425134837627411,0.18222222222222223
2.8,100.0,sparse_water_returns,False,0.3333333333333333,36.22154055254967,6.877867360559777,3.255,16.0,1,29,98,83,2.142857142857143,444.2848205566406,445.1956787109375,20.0,4,0.05612679570913315,0.07192380726337433,0.04081632653061224,8,0.08836327493190765,0.13294298201799393,0.08163265306122448,8,0.15755119919776917,0.21549889594316482,0.08163265306122448
2.9,100.0,sparse_water_returns,False,0.6190476190476191,23.323807579381203,40.65217280787232,3.335,0.0,0,30,123,108,2.5203252032520327,443.70050048828125,445.2581787109375,20.0,15,0.07156439870595932,0.11343560516834258,0.12195121951219512,18,0.14006343483924866,0.16505587697029114,0.14634146341463414,18,0.19364817440509796,0.2589460343122482,0.14634146341463414
3.0,100.0,sparse_water_returns,False,0.7142857142857143,16.0,8.606972102019155,3.435,0.0,0,31,155,143,3.3870967741935485,442.6410217285156,444.5882873535156,20.0,52,0.053624819964170456,0.07193705439567566,0.33548387096774196,53,0.07147811353206635,0.11927773207426073,0.3419354838709677,53,0.09699761122465134,0.1724758327007294,0.3419354838709677
3.1,100.0,sparse_water_returns,False,0.19047619047619047,53.665631459994955,8.400017538523377,3.535,0.0,0,32,28,26,2.357142857142857,443.2379455566406,443.79364013671875,20.0,3,0.04597592353820801,0.05972653031349182,0.10714285714285714,4,0.04856555163860321,0.05266498513519764,0.14285714285714285,4,0.0561332181096077,0.056709299236536025,0.14285714285714285
3.2,100.0,sparse_water_returns,False,0.7619047619047619,30.463092423455635,5.964013042140821,3.635,12.0,1,33,428,403,4.385514018691588,442.6022644042969,443.790283203125,20.0,206,0.031898654997348785,0.04640415869653225,0.48130841121495327,210,0.04417826980352402,0.08461265116930007,0.49065420560747663,210,0.09993360936641693,0.1457762449979782,0.49065420560747663
3.3,100.0,supported,True,0.8571428571428571,8.94427190999916,2.9629116297869924,3.73,0.0,0,34,376,344,3.3430851063829787,442.1980895996094,443.5706787109375,20.0,107,0.03932969644665718,0.05830965787172318,0.2845744680851064,113,0.06314373016357422,0.09738253802061081,0.300531914893617,113,0.10116423666477203,0.14737004041671753,0.300531914893617
3.4,100.0,sparse_water_returns,False,0.8095238095238095,12.649110640673518,4.496884294853853,3.83,16.0,1,35,311,282,3.3762057877813505,441.7710266113281,443.153564453125,20.0,93,0.0327455997467041,0.06260542199015617,0.2990353697749196,97,0.046009570360183716,0.08509946316480639,0.31189710610932475,97,0.10961887985467911,0.1406553417444229,0.31189710610932475
3.5,100.0,supported,True,0.8571428571428571,12.0,2.498781931944849,3.935,16.0,1,36,414,389,3.258454106280193,441.30792236328125,442.44036865234375,20.0,105,0.0247799102216959,0.03243710175156594,0.2536231884057971,108,0.032508477568626404,0.0411389771848917,0.2608695652173913,108,0.06264980137348175,0.10059626922011375,0.2608695652173913
3.6,100.0,sparse_water_returns,False,0.8095238095238095,12.649110640673518,5.648951438237806,4.035,16.0,1,37,211,200,3.440758293838863,440.3174133300781,442.0127868652344,20.0,52,0.05182039737701416,0.09586466178297996,0.24644549763033174,54,0.10386580228805542,0.13653035908937455,0.2559241706161137,54,0.19373315572738647,0.2160354107618332,0.2559241706161137
3.7,100.0,sparse_water_returns,False,0.6666666666666666,20.0,4.316653778623744,4.135,0.0,0,38,353,321,2.6288951841359776,440.46954345703125,441.7663879394531,20.0,41,0.02479836344718933,0.04317280277609825,0.11614730878186968,47,0.037212859839200974,0.10660671591758727,0.13314447592067988,47,0.09491964429616928,0.11590531021356583,0.13314447592067988
3.8,100.0,supported,True,1.0,4.0,8.51177422287514,4.24,12.0,1,39,517,459,2.4874274661508706,440.1974792480469,441.35650634765625,20.0,48,0.030320223420858383,0.0673127666115761,0.09284332688588008,64,0.05832052230834961,0.09707486331462861,0.12379110251450677,64,0.10090766102075577,0.1267266809940338,0.12379110251450677
3.9,100.0,supported,True,0.9047619047619048,5.656854249492381,6.550265280556069,4.335,16.0,1,40,532,497,2.295112781954887,439.9495849609375,441.5988464355469,20.0,29,0.029811006039381027,0.041192674636840815,0.05451127819548872,33,0.04446331039071083,0.08253548592329026,0.06203007518796992,33,0.10355498641729355,0.17188834547996523,0.06203007518796992
4.0,100.0,supported,True,0.9047619047619048,8.0,4.736644702804846,4.435,0.0,0,41,298,279,2.5906040268456376,439.9165344238281,442.31268310546875,20.0,30,0.03068326786160469,0.07766008675098426,0.10067114093959731,38,0.05031312257051468,0.22485849261283875,0.12751677852348994,38,0.1650288701057434,0.29727913439273834,0.12751677852348994
4.1,100.0,supported,True,1.0,4.0,6.007474243414059,4.53,24.0,1,42,661,628,4.497730711043873,439.36358642578125,441.8069763183594,24.0,328,0.02962525188922882,0.045537097752094274,0.4962178517397882,335,0.043074291199445724,0.07682178765535358,0.5068078668683812,335,0.07152353227138519,0.1411175310611725,0.5068078668683812
4.2,100.0,multiple_channels,False,0.9523809523809523,5.656854249492381,2.4932957212573585,4.63,12.0,2,43,342,299,2.4883040935672516,438.63519287109375,440.3631286621094,20.0,37,0.030224209651350975,0.04407438114285468,0.10818713450292397,42,0.04604353755712509,0.08060450181365013,0.12280701754385964,42,0.06694073230028152,0.19461947977542873,0.12280701754385964
4.3,100.0,supported,True,1.0,4.0,4.2822017842784215,4.73,16.0,1,44,664,611,4.188253012048193,438.24957275390625,439.64459228515625,20.0,268,0.035665202885866165,0.05646980404853822,0.4036144578313253,274,0.04898839443922043,0.11338299363851556,0.4126506024096386,274,0.09586262702941895,0.18805212378501893,0.4126506024096386
4.4,100.0,supported,True,0.9523809523809523,8.0,23.484762830042577,4.825,16.0,1,45,650,613,4.3307692307692305,438.15362548828125,439.1980895996094,20.0,311,0.029468076303601265,0.04055539518594742,0.47846153846153844,314,0.033792104572057724,0.06119821779429907,0.48307692307692307,314,0.050520993769168854,0.10020728036761284,0.48307692307692307
4.5,100.0,sparse_water_returns,False,0.6666666666666666,16.492422502470642,8.092530972661946,4.91,28.0,1,46,388,315,2.865979381443299,437.3448486328125,438.8655090332031,26.0,69,0.03664768114686012,0.05831714570522309,0.17783505154639176,81,0.060611531138420105,0.11453437805175781,0.20876288659793815,81,0.10366734117269516,0.1682613044977188,0.20876288659793815
4.6,100.0,supported,True,0.9047619047619048,8.0,5.432651358497687,5.005,12.0,1,47,251,214,2.6693227091633465,436.9005432128906,438.30462646484375,20.0,39,0.04787266626954079,0.08210985362529755,0.1553784860557769,45,0.08305981755256653,0.14247808158397676,0.17928286852589642,45,0.17313723266124725,0.1992516666650772,0.17928286852589642
4.7,100.0,supported,True,0.9523809523809523,5.656854249492381,5.944060186969188,5.1,16.0,1,48,496,415,3.314516129032258,436.1312255859375,438.03338623046875,20.0,147,0.0351153127849102,0.055615419149398826,0.2963709677419355,154,0.055240727961063385,0.0930264413356782,0.31048387096774194,154,0.10578611493110657,0.15896745026111608,0.31048387096774194
4.8,100.0,supported,True,1.0,4.0,26.43025349321262,5.185,0.0,0,49,275,234,3.3454545454545452,433.2496337890625,437.0563049316406,20.0,80,0.05987218767404556,0.10694347321987155,0.2909090909090909,86,0.09667578339576721,0.16652812063694,0.31272727272727274,86,0.16269582509994507,0.23452237993478775,0.31272727272727274
4.9,100.0,supported,True,1.0,0.0,6.2381589518349765,5.285,16.0,1,50,456,378,3.4758771929824563,433.1346130371094,435.462890625,20.0,149,0.05734078958630562,0.09707345813512802,0.3267543859649123,159,0.09657257795333862,0.16151395440101626,0.34868421052631576,159,0.19134798645973206,0.25373618602752707,0.34868421052631576
5.0,100.0,supported,True,1.0,0.0,20.481746729118818,5.38,16.0,1,51,641,552,3.714508580343214,433.035400390625,434.7596435546875,20.0,230,0.05204155296087265,0.08358760848641396,0.358814352574103,244,0.08719200640916824,0.14499038010835652,0.38065522620904835,244,0.17291295528411865,0.2231584906578064,0.38065522620904835
5.1,100.0,supported,True,1.0,4.0,16.15970657445985,5.48,20.0,1,52,475,433,3.0589473684210526,432.760498046875,434.005126953125,22.0,94,0.0433703288435936,0.0872544877231121,0.19789473684210526,105,0.07599765807390213,0.11992298960685731,0.22105263157894736,105,0.13934776186943054,0.23463714420795442,0.22105263157894736
5.2,100.0,supported,True,0.8571428571428571,12.0,15.775402366416971,5.58,0.0,0,53,318,279,3.1352201257861636,432.3664855957031,433.9270324707031,20.0,83,0.04079047217965126,0.06789181083440779,0.2610062893081761,84,0.06408962607383728,0.11819477155804636,0.2641509433962264,84,0.1274014711380005,0.1918840155005455,0.2641509433962264
5.3,100.0,supported,True,1.0,4.0,13.293792051227232,5.68,0.0,0,54,430,400,4.341860465116279,432.17901611328125,433.6996154785156,20.0,208,0.031989987939596176,0.04736450500786305,0.48372093023255813,215,0.03983956202864647,0.11001671850681304,0.5,215,0.0774315670132637,0.18639823496341704,0.5
5.4,100.0,sparse_water_returns,False,0.3333333333333333,28.284271247461902,12.14716513637081,5.775,0.0,0,55,24,21,2.5416666666666665,432.5226135253906,432.9178466796875,20.0,2,0.0260136928409338,0.0265364583581686,0.08333333333333333,2,0.041001733392477036,0.04308062419295311,0.08333333333333333,2,0.07789012789726257,0.0780962698161602,0.08333333333333333
5.5,100.0,sparse_water_returns,False,0.42857142857142855,43.266615305567875,3.6305951062825237,5.865,0.0,0,56,30,27,2.1666666666666665,432.4018859863281,432.6129150390625,20.0,0,,,0.0,0,,,0.0,0,,,0.0
5.6,100.0,sparse_water_returns,False,0.5714285714285714,32.2490309931942,6.579458305893654,5.965,0.0,0,57,182,165,3.6483516483516483,430.5455017089844,431.510009765625,20.0,61,0.03364964947104454,0.04609685763716698,0.33516483516483514,64,0.05300924926996231,0.0741536781191826,0.3516483516483517,64,0.12868839502334595,0.19853843450546266,0.3516483516483517
5.7,100.0,sparse_water_returns,False,0.047619047619047616,63.245553203367585,9.418862064666062,6.065,0.0,0,58,0,0,,,,20.0,0,,,,0,,,,0,,,
5.8,100.0,sparse_water_returns,False,0.6190476190476191,12.649110640673518,2.5640066966559054,6.17,0.0,0,59,198,179,3.313131313131313,428.875244140625,430.924560546875,20.0,64,0.04631388932466507,0.09178850054740907,0.32323232323232326,66,0.07025832682847977,0.14943218231201172,0.3333333333333333,66,0.15520012378692627,0.1984473243355751,0.3333333333333333
5.9,100.0,sparse_water_returns,False,0.5238095238095238,50.59644256269407,9.624983621748521,6.27,0.0,0,60,103,101,3.320388349514563,429.236328125,430.1706848144531,20.0,23,0.03477797657251358,0.04740399941802025,0.22330097087378642,24,0.0577043816447258,0.10052447542548179,0.23300970873786409,24,0.1037946343421936,0.2308549106121063,0.23300970873786409
6.0,100.0,sparse_water_returns,False,0.14285714285714285,58.240879114244144,3.5826540372115305,6.365,0.0,0,61,12,12,2.6666666666666665,428.48040771484375,428.77227783203125,20.0,2,0.028135031461715698,0.03113820534199476,0.16666666666666666,2,0.054680678993463516,0.06990136578679085,0.16666666666666666,2,0.07138913869857788,0.07138913869857788,0.16666666666666666
6.1,100.0,sparse_water_returns,False,0.2857142857142857,32.2490309931942,7.346616384312047,6.465,0.0,0,62,54,49,2.3518518518518516,428.0807189941406,429.1732482910156,20.0,2,0.04457048326730728,0.055540533363819124,0.037037037037037035,4,0.06748418509960175,0.11967670843005182,0.07407407407407407,4,0.09062636643648148,0.1418879754841328,0.07407407407407407
6.2,100.0,supported,True,0.8571428571428571,8.94427190999916,6.2497844562350275,6.56,0.0,0,63,314,290,3.0636942675159236,427.3338928222656,429.2084655761719,20.0,64,0.036412954330444336,0.058088902756571775,0.20382165605095542,66,0.050480954349040985,0.10868111997842789,0.21019108280254778,66,0.10505390167236328,0.24782441556453705,0.21019108280254778
6.3,100.0,supported,True,1.0,4.0,5.208698969416457,6.66,0.0,0,64,594,556,3.8838383838383836,427.76922607421875,429.6238098144531,20.0,227,0.03657030686736107,0.06213963851332665,0.38215488215488214,230,0.05209308862686157,0.09682587683200834,0.3872053872053872,230,0.0861978530883789,0.13052992820739745,0.3872053872053872
6.4,100.0,sparse_water_returns,False,0.5714285714285714,21.540659228538015,1.6681599812759984,6.76,0.0,0,65,371,348,4.277628032345014,427.2324523925781,428.7108459472656,20.0,169,0.03548990935087204,0.06948503702878953,0.4555256064690027,173,0.04585317149758339,0.1266565382480622,0.46630727762803237,173,0.10077115893363953,0.20173301696777346,0.46630727762803237
6.5,100.0,sparse_water_returns,False,0.38095238095238093,36.22154055254967,5.947459064549894,6.86,0.0,0,66,240,227,5.2625,426.96209716796875,428.7638244628906,20.0,136,0.04183897376060486,0.0756869949400425,0.5666666666666667,137,0.0693356916308403,0.13903430700302127,0.5708333333333333,137,0.15660113096237183,0.21442175805568695,0.5708333333333333
6.6,100.0,supported,True,1.0,4.0,7.850952093591865,6.96,16.0,1,67,679,637,3.8232695139911637,426.0299987792969,428.4311828613281,20.0,228,0.047486454248428345,0.07259249091148377,0.33578792341678937,237,0.06674014031887054,0.18318942785263062,0.3490427098674521,237,0.1291164755821228,0.25222180485725404,0.3490427098674521
6.7,100.0,supported,True,0.9523809523809523,8.94427190999916,12.01010281076597,7.045,12.0,1,68,817,797,6.567931456548347,426.022216796875,428.1888122558594,20.0,568,0.047398582100868225,0.07127592638134957,0.6952264381884945,573,0.05716971680521965,0.08015007972717286,0.7013463892288861,573,0.0952463299036026,0.15722347497940065,0.7013463892288861
6.8,100.0,sparse_water_returns,False,0.38095238095238093,36.22154055254967,14.551178940129953,7.15,0.0,0,69,111,97,3.720720720720721,426.1771240234375,427.4478454589844,20.0,41,0.053677722811698914,0.10034683346748352,0.36936936936936937,42,0.0975312888622284,0.15735385715961456,0.3783783783783784,42,0.15917959809303284,0.17659258246421813,0.3783783783783784
6.9,100.0,supported,True,1.0,4.0,13.894028261557786,7.245,12.0,1,70,656,596,3.4771341463414633,425.4198303222656,427.96142578125,20.0,189,0.04339708387851715,0.06301546096801759,0.28810975609756095,202,0.05997195094823837,0.12529852464795113,0.3079268292682927,202,0.13320614397525787,0.23574649095535277,0.3079268292682927
7.0,100.0,supported,True,0.9047619047619048,5.656854249492381,1.0002422458201188,7.345,16.0,1,71,544,498,3.207720588235294,425.16497802734375,426.9855651855469,20.0,132,0.053061310201883316,0.06565831527113915,0.2426470588235294,142,0.06204623728990555,0.09545496553182602,0.2610294117647059,142,0.08813126385211945,0.18890968114137663,0.2610294117647059
7.1,100.0,sparse_water_returns,False,0.8571428571428571,12.649110640673518,3.015668457377771,7.445,0.0,0,72,369,341,3.7289972899728996,425.0592041015625,426.4881286621094,20.0,129,0.052202336490154266,0.06979765295982361,0.34959349593495936,133,0.06149647384881973,0.08582840412855149,0.3604336043360434,133,0.10051696747541428,0.14362442195415498,0.3604336043360434
7.2,100.0,sparse_water_returns,False,0.38095238095238093,28.844410203711913,5.476262418238521,7.545,0.0,0,73,105,97,2.5714285714285716,423.8208923339844,425.482177734375,20.0,15,0.055670615285634995,0.08010286390781403,0.14285714285714285,17,0.06932657212018967,0.10183576047420502,0.1619047619047619,17,0.1272510141134262,0.14712684750556945,0.1619047619047619
7.3,100.0,supported,True,0.9047619047619048,8.0,1.8212851433216342,7.65,0.0,0,74,665,625,3.4511278195488724,424.3680725097656,425.99444580078125,20.0,182,0.065975621342659,0.08313869088888169,0.2736842105263158,190,0.07903464138507843,0.1004006192088127,0.2857142857142857,190,0.11280634254217148,0.14885938316583633,0.2857142857142857
7.4,100.0,supported,True,1.0,4.0,6.490785868489034,7.75,12.0,1,75,888,821,3.3783783783783785,423.8458251953125,425.2742004394531,20.0,225,0.0669422447681427,0.08258439451456069,0.2533783783783784,242,0.0769733265042305,0.11569527983665466,0.2725225225225225,242,0.11754827946424484,0.1722260132431984,0.2725225225225225
7.5,100.0,supported,True,0.8571428571428571,11.313708498984761,10.071565552163856,7.845,16.0,1,76,417,383,2.8872901678657072,423.3955383300781,425.1388244628906,20.0,80,0.06744737923145294,0.0833182103931904,0.19184652278177458,86,0.08008667081594467,0.10175251588225365,0.20623501199040767,86,0.10569606721401215,0.14762844890356064,0.20623501199040767
7.6,100.0,sparse_water_returns,False,0.6190476190476191,11.313708498984761,11.156120252427149,7.945,12.0,1,77,226,198,2.6946902654867255,422.9375305175781,424.12646484375,20.0,34,0.05413646623492241,0.06932776495814323,0.1504424778761062,41,0.062343988567590714,0.09027240425348282,0.18141592920353983,41,0.08791453391313553,0.17877133190631866,0.18141592920353983
7.7,100.0,supported,True,1.0,0.0,13.710345737403616,8.045,16.0,1,78,872,806,3.334862385321101,422.9151611328125,424.42376708984375,20.0,225,0.05467095226049423,0.06762870848178863,0.2580275229357798,240,0.06158486008644104,0.08902690038084983,0.27522935779816515,240,0.0768972784280777,0.18974136263132094,0.27522935779816515
7.8,100.0,supported,True,1.0,0.0,10.919040358880226,8.145,12.0,1,79,621,582,2.9533011272141705,423.1038818359375,424.7059631347656,20.0,119,0.04599374160170555,0.06690812706947327,0.19162640901771336,126,0.055209800601005554,0.12559519708156586,0.2028985507246377,126,0.10522542893886566,0.14954374730587006,0.2028985507246377
7.9,100.0,supported,True,0.9523809523809523,5.656854249492381,7.9419314520970055,8.24,12.0,1,80,399,342,2.969924812030075,421.99249267578125,424.18133544921875,20.0,90,0.06340311467647552,0.10063170194625858,0.22556390977443608,98,0.09751638770103455,0.15298776626586913,0.24561403508771928,98,0.14714200794696808,0.2670339465141296,0.24561403508771928
8.0,100.0,sparse_water_returns,False,0.8571428571428571,12.649110640673518,13.29625140541985,8.34,0.0,0,81,266,229,3.357142857142857,421.3044738769531,423.6044921875,20.0,89,0.07548839598894119,0.1231793537735939,0.33458646616541354,92,0.11605405807495117,0.1695030927658081,0.3458646616541353,92,0.17180125415325165,0.26391699314117434,0.3458646616541353
8.1,100.0,supported,True,0.9523809523809523,5.656854249492381,1.6803695223794255,8.435,0.0,0,82,475,416,3.037894736842105,420.3817443847656,422.5802917480469,20.0,115,0.06698588281869888,0.1269226133823395,0.24210526315789474,121,0.12323179841041565,0.18908049166202545,0.25473684210526315,121,0.20105206966400146,0.3125258982181549,0.25473684210526315
8.2,100.0,supported,True,0.9523809523809523,8.94427190999916,5.96286873080341,8.535,0.0,0,83,362,313,4.019337016574585,420.3188171386719,422.0895080566406,20.0,137,0.04869230464100838,0.0773614525794983,0.3784530386740331,143,0.08565165847539902,0.13922543823719025,0.39502762430939226,143,0.14971128106117249,0.20233662724494933,0.39502762430939226
8.3,100.0,supported,True,1.0,4.0,5.066285171389823,8.635,12.0,1,84,675,606,3.8755555555555556,420.12249755859375,421.50714111328125,20.0,254,0.04880400747060776,0.07370311394333841,0.3762962962962963,269,0.07205841690301895,0.11662909239530564,0.3985185185185185,269,0.11365316808223724,0.18302030861377716,0.3985185185185185
8.4,100.0,supported,True,1.0,4.0,16.999598416842673,8.735,12.0,1,85,543,499,3.6224677716390423,419.4472961425781,421.0603942871094,20.0,170,0.05103864520788193,0.0789535716176033,0.31307550644567217,184,0.08353859186172485,0.139414818584919,0.3388581952117864,185,0.1417064219713211,0.22625740468502045,0.3406998158379374
8.5,100.0,sparse_water_returns,False,0.5238095238095238,24.0,24.67940539653665,8.825,0.0,0,86,496,469,4.846774193548387,419.20050048828125,421.20849609375,20.0,254,0.03792513906955719,0.05213884413242341,0.5120967741935484,263,0.05260414257645607,0.08025509268045426,0.530241935483871,263,0.09813327342271805,0.1372065246105194,0.530241935483871
8.6,100.0,sparse_water_returns,False,0.6190476190476191,25.612496949731394,1.774145922551903,8.915,0.0,1,87,338,303,3.937869822485207,418.8170471191406,419.84136962890625,20.0,130,0.05480147525668144,0.07563630342483521,0.38461538461538464,134,0.07852745056152344,0.10408646166324616,0.39644970414201186,134,0.11550450325012207,0.17101368308067322,0.39644970414201186
8.7,100.0,sparse_water_returns,False,0.42857142857142855,20.396078054371138,2.508039930736446,9.015,0.0,0,88,101,91,2.742574257425743,417.6875305175781,419.29962158203125,20.0,17,0.05898461118340492,0.07581570595502854,0.16831683168316833,18,0.08597608655691147,0.11944762095808983,0.1782178217821782,18,0.1485198736190796,0.1559056520462036,0.1782178217821782
8.8,100.0,multiple_channels,False,0.9523809523809523,8.0,3.97577987121072,9.115,16.0,2,89,452,416,4.101769911504425,416.6037292480469,418.64556884765625,20.0,195,0.046953730285167694,0.07739135324954986,0.4314159292035398,200,0.05977652966976166,0.1089515283703804,0.4424778761061947,200,0.1313360333442688,0.20355293154716492,0.4424778761061947
8.9,100.0,supported,True,0.9047619047619048,8.0,9.55577523472527,9.215,16.0,1,90,479,442,4.116910229645094,416.6551208496094,418.8016052246094,20.0,213,0.04253160580992699,0.06803391724824906,0.44467640918580376,218,0.0656929463148117,0.10698892697691918,0.4551148225469729,219,0.12535855174064636,0.15848315060138707,0.4572025052192067
9.0,100.0,sparse_water_returns,False,0.7619047619047619,8.94427190999916,10.929529263052666,9.31,12.0,1,91,273,237,2.4945054945054945,415.7939453125,417.6072692871094,20.0,33,0.06014052778482437,0.0931104764342308,0.12087912087912088,38,0.10217452049255371,0.13969267606735233,0.1391941391941392,38,0.2268088161945343,0.2688315182924271,0.1391941391941392
9.1,100.0,supported,True,0.8095238095238095,12.0,9.035067398910465,9.415,0.0,0,92,267,251,3.1161048689138577,415.0224304199219,416.6389465332031,20.0,53,0.06502982974052429,0.09630646705627445,0.19850187265917604,58,0.09135960042476654,0.15144299119710924,0.21722846441947566,58,0.1880595088005066,0.23633701205253602,0.21722846441947566
9.2,100.0,supported,True,0.9523809523809523,12.0,4.070417688854726,9.515,12.0,1,93,529,482,3.0699432892249527,414.3642578125,416.123779296875,20.0,110,0.05807825177907944,0.08572050184011462,0.20793950850661624,119,0.08424535393714905,0.122756165266037,0.22495274102079396,119,0.1489820033311844,0.20477658808231353,0.22495274102079396
9.3,100.0,sparse_water_returns,False,0.8095238095238095,12.649110640673518,3.7083503599692564,9.615,0.0,0,94,377,324,2.6710875331564985,413.1042785644531,415.7701416015625,20.0,50,0.06723251938819885,0.08860095664858818,0.13262599469496023,61,0.08763221651315689,0.1397044062614441,0.16180371352785147,61,0.1777559071779251,0.2555428743362427,0.16180371352785147
9.4,100.0,supported,True,1.0,0.0,21.27893297337288,9.71,12.0,1,95,912,858,3.9210526315789473,412.8740539550781,414.92852783203125,20.0,347,0.055572591722011566,0.08321626931428913,0.38048245614035087,360,0.08176615089178085,0.12516359984874725,0.39473684210526316,360,0.14239314198493958,0.18895622342824936,0.39473684210526316
9.5,100.0,supported,True,1.0,4.0,28.92944575468389,9.78,12.0,1,96,800,697,3.79125,413.1792297363281,414.76849365234375,20.0,301,0.07303475588560104,0.09891600906848907,0.37625,319,0.09428500384092331,0.13461989164352417,0.39875,319,0.13594813644886017,0.18355452716350554,0.39875
9.6,100.0,supported,True,1.0,4.0,24.36829721186275,9.88,0.0,0,97,535,479,3.6598130841121495,411.5708923339844,414.27203369140625,20.0,172,0.07128508388996124,0.0956401251256466,0.32149532710280376,182,0.10170233249664307,0.13395291268825532,0.3401869158878505,182,0.15672674775123596,0.22129015624523163,0.3401869158878505
9.7,100.0,supported,True,1.0,0.0,23.237633985696938,9.97,12.0,1,98,789,732,3.7718631178707223,411.35394287109375,413.51910400390625,20.0,281,0.06426525861024857,0.10485461354255676,0.3561470215462611,291,0.09982357174158096,0.15393303334712982,0.3688212927756654,291,0.18609967827796936,0.22668220102787018,0.3688212927756654
9.8,100.0,supported,True,1.0,0.0,14.160216275474449,10.065,20.0,1,99,1147,1074,3.2807323452484742,410.7514343261719,412.6430969238281,22.0,278,0.042731307446956635,0.07699764221906663,0.24237140366172624,299,0.06729227304458618,0.11553396433591842,0.26068003487358327,299,0.14426957070827484,0.20685549974441528,0.26068003487358327
9.9,100.0,supported,True,1.0,0.0,5.20275915120625,10.165,0.0,0,100,945,893,3.7111111111111112,410.22357177734375,413.041015625,20.0,305,0.044460225850343704,0.06927679777145386,0.32275132275132273,314,0.06801366806030273,0.12507841959595678,0.3322751322751323,314,0.11678708344697952,0.2115015432238578,0.3322751322751323
10.0,100.0,supported,True,1.0,4.0,5.252767901867067,10.26,24.0,1,101,851,795,4.8848413631022325,410.2253112792969,412.7843322753906,24.0,404,0.06859414279460907,0.09199228063225745,0.47473560517038776,414,0.08814972639083862,0.12393343672156333,0.4864864864864865,414,0.14591771364212036,0.2065791442990303,0.4864864864864865
10.1,100.0,sparse_water_returns,False,0.7619047619047619,16.492422502470642,7.39580903190923,10.355,0.0,1,102,384,357,3.8020833333333335,410.7970886230469,412.46240234375,20.0,137,0.06390612572431564,0.08300822377204897,0.3567708333333333,145,0.0907229483127594,0.12333979457616806,0.3776041666666667,145,0.1507435292005539,0.17889823615550993,0.3776041666666667
10.2,100.0,multiple_channels,False,1.0,4.0,12.16960983044174,10.455,12.0,2,103,676,619,5.483727810650888,409.04730224609375,411.2445068359375,20.0,417,0.06302390247583389,0.09045495837926866,0.6168639053254438,420,0.09004466235637665,0.12446826547384263,0.621301775147929,420,0.1569671481847763,0.22627765238285066,0.621301775147929
10.3,100.0,supported,True,1.0,0.0,11.64116441468365,10.555,24.0,1,104,1292,1238,5.493808049535604,409.0536193847656,410.3552551269531,24.0,847,0.050482239574193954,0.0745818167924881,0.6555727554179567,854,0.07735703885555267,0.10327333435416222,0.6609907120743034,854,0.12642961740493774,0.1579436868429184,0.6609907120743034
10.4,100.0,supported,True,1.0,0.0,14.070205559080083,10.655,28.0,1,105,1971,1934,6.109589041095891,408.9468688964844,410.5345764160156,26.0,1496,0.04691147059202194,0.06493161246180534,0.7590055809233891,1503,0.06434715539216995,0.09290508031845092,0.7625570776255708,1503,0.09640037268400192,0.14066277146339415,0.7625570776255708
10.5,100.0,supported,True,1.0,4.0,9.413060037898035,10.755,24.0,1,106,1307,1275,5.786534047436878,408.6695556640625,410.2740478515625,24.0,898,0.03496062755584717,0.05117986500263214,0.6870696250956388,910,0.04690171405673027,0.06893515661358833,0.6962509563886764,910,0.06977663189172745,0.09790114387869835,0.6962509563886764
10.6,100.0,sparse_water_returns;multiple_channels,False,0.7619047619047619,11.313708498984761,4.714491728867103,10.845,16.0,2,107,980,941,5.330612244897959,406.45794677734375,408.9508056640625,20.0,564,0.05420944094657898,0.07659545913338661,0.5755102040816327,573,0.07626000046730042,0.11740275621414187,0.5846938775510204,573,0.1741091012954712,0.24784605205059065,0.5846938775510204
10.7,100.0,multiple_channels,False,1.0,4.0,5.552987781365397,10.945,32.0,2,108,1334,1237,4.718140929535233,407.2298889160156,409.49554443359375,28.0,696,0.04585114121437073,0.06754513084888458,0.5217391304347826,712,0.06492756307125092,0.0963358648121357,0.5337331334332833,712,0.10426685214042664,0.15088601857423783,0.5337331334332833
10.8,100.0,sparse_water_returns,False,0.5714285714285714,12.649110640673518,5.493766959899935,11.045,0.0,0,109,262,231,4.038167938931298,405.1632080078125,408.1537170410156,20.0,103,0.07094568759202957,0.12096908539533614,0.3931297709923664,111,0.1206209734082222,0.1843591183423996,0.42366412213740456,111,0.24783200025558472,0.33459824323654175,0.42366412213740456
10.9,100.0,supported,True,0.8571428571428571,11.313708498984761,3.6650197191750378,11.14,0.0,0,110,748,687,4.125668449197861,403.8645324707031,406.92681884765625,20.0,291,0.05213558301329613,0.07939295470714569,0.3890374331550802,307,0.07790747284889221,0.1227946594357491,0.410427807486631,307,0.1410551518201828,0.2236768275499344,0.410427807486631
11.0,100.0,supported,True,0.9523809523809523,8.0,6.169300713051155,11.235,12.0,1,111,660,587,3.7075757575757575,402.82855224609375,406.5450439453125,20.0,224,0.07552894949913025,0.10825097486376767,0.3393939393939394,229,0.1121126040816307,0.15605943202972414,0.346969696969697,229,0.21905821561813354,0.3113648593425751,0.346969696969697
11.1,100.0,supported,True,1.0,4.0,1.841383801299572,11.34,24.0,1,112,1396,1319,4.310171919770774,402.16717529296875,405.3534240722656,24.0,649,0.05689626559615135,0.08306400179862976,0.4648997134670487,667,0.0800665095448494,0.11050399988889693,0.4777936962750716,667,0.13120079040527344,0.19920624196529388,0.4777936962750716
11.2,100.0,supported,True,1.0,4.0,1.9711533135373038,11.44,12.0,1,113,854,797,4.446135831381733,400.5606384277344,404.29193115234375,20.0,408,0.066677525639534,0.1007736749947071,0.477751756440281,413,0.09702412784099579,0.1519963085651398,0.48360655737704916,413,0.17549876868724823,0.2677402138710022,0.48360655737704916
11.3,100.0,supported,True,1.0,0.0,3.5275551426188607,11.54,16.0,1,114,674,602,3.1824925816023737,400.6918640136719,403.695556640625,20.0,170,0.06521238386631012,0.11956161484122275,0.2522255192878338,183,0.09674612432718277,0.20087220668792727,0.271513353115727,183,0.1773267537355423,0.31993674039840697,0.271513353115727
11.4,100.0,supported,True,1.0,4.0,9.882219306085233,11.64,28.0,1,115,1250,1176,3.928,400.171630859375,403.1114807128906,26.0,501,0.05994154140353203,0.101237952709198,0.4008,518,0.08608554303646088,0.14743741303682328,0.4144,518,0.17427223920822144,0.24700019657611846,0.4144
11.5,100.0,supported,True,0.8571428571428571,5.656854249492381,5.320006686388668,11.74,24.0,1,116,649,603,3.9691833590138677,400.3443603515625,403.37969970703125,24.0,252,0.052586451172828674,0.08868275880813599,0.3882896764252696,258,0.0712684839963913,0.13126804679632187,0.3975346687211094,258,0.12499086558818817,0.21313865184783937,0.3975346687211094
11.6,100.0,supported,True,1.0,4.0,4.805463090102608,11.84,12.0,1,117,725,646,3.343448275862069,400.2607421875,402.1051330566406,20.0,198,0.0524970181286335,0.07754837200045586,0.2731034482758621,212,0.0820179432630539,0.12464939057826997,0.2924137931034483,212,0.14090551435947418,0.22498285323381426,0.2924137931034483
11.7,100.0,supported,True,1.0,4.0,20.86765861496546,11.935,20.0,1,118,1010,889,3.271287128712871,399.83612060546875,402.1107177734375,22.0,279,0.04515516385436058,0.07820623964071274,0.27623762376237626,296,0.07234259694814682,0.12039018049836159,0.29306930693069305,296,0.11798723042011261,0.1912359669804573,0.29306930693069305
11.8,100.0,sparse_water_returns,False,0.7619047619047619,5.656854249492381,14.836927387227279,12.035,28.0,1,119,561,507,3.483065953654189,400.5671691894531,402.0494689941406,26.0,163,0.04122987762093544,0.07984443455934527,0.2905525846702317,182,0.061365507543087006,0.12166645675897599,0.3244206773618538,182,0.1030670776963234,0.2182394921779633,0.3244206773618538
11.9,100.0,supported,True,1.0,0.0,5.176659078307229,12.135,24.0,1,120,1528,1490,7.0785340314136125,399.58367919921875,401.7059631347656,24.0,1187,0.04957224801182747,0.06689834296703338,0.7768324607329843,1194,0.06198208034038544,0.09119709804654123,0.7814136125654451,1194,0.09256458282470703,0.15849640518426897,0.7814136125654451
12.0,100.0,supported,True,1.0,4.0,9.693344043140964,12.235,24.0,1,121,1345,1298,4.965799256505576,398.4346008300781,401.51318359375,24.0,668,0.06949858367443085,0.10624504536390307,0.4966542750929368,683,0.08422024548053741,0.14533299505710603,0.5078066914498142,683,0.13988429307937622,0.22647743523120895,0.5078066914498142
12.1,100.0,sparse_water_returns,False,0.7142857142857143,11.313708498984761,8.469106278646281,12.34,0.0,1,122,640,584,4.1625,398.5993347167969,401.1159362792969,20.0,271,0.06946262717247009,0.10117330402135849,0.4234375,282,0.08509188890457153,0.12000035718083382,0.440625,282,0.10890946537256241,0.17409538328647614,0.440625
12.2,100.0,sparse_water_returns,False,0.7619047619047619,16.492422502470642,36.251723833226336,12.455,0.0,0,123,378,343,3.497354497354497,398.75909423828125,399.91552734375,20.0,121,0.05116390436887741,0.06920662522315979,0.3201058201058201,131,0.06838496029376984,0.0918542817234993,0.34656084656084657,131,0.10379300266504288,0.13098213076591492,0.34656084656084657
12.3,100.0,sparse_water_returns,False,0.7619047619047619,12.649110640673518,12.286485463091093,12.55,0.0,0,124,365,332,2.926027397260274,397.8782958984375,399.2473449707031,20.0,62,0.052689582109451294,0.07551948502659797,0.16986301369863013,72,0.0785159021615982,0.10295872166752815,0.19726027397260273,72,0.13374847173690796,0.16521765887737272,0.19726027397260273
12.4,100.0,sparse_water_returns,False,0.6666666666666666,14.422205101855956,3.2463865142316863,12.65,0.0,0,125,224,203,3.0714285714285716,395.9800109863281,399.0840148925781,20.0,51,0.05691477656364441,0.07200887054204941,0.22767857142857142,57,0.0877891555428505,0.11325764656066895,0.2544642857142857,57,0.13579435646533966,0.1937168687582016,0.2544642857142857
12.5,100.0,sparse_water_returns,False,0.7142857142857143,21.540659228538015,17.323804483530523,12.745,12.0,1,126,573,513,2.81151832460733,395.623291015625,397.529296875,20.0,97,0.06265798956155777,0.08205681592226029,0.16928446771378708,107,0.09229966253042221,0.1257839307188988,0.18673647469458987,107,0.14624658226966858,0.22035329937934875,0.18673647469458987
12.6,100.0,supported,True,1.0,4.0,7.56687091026546,12.85,16.0,1,127,949,904,3.9789251844046363,395.8940124511719,397.46722412109375,20.0,361,0.06844275444746017,0.10704172402620316,0.3804004214963119,375,0.08505619317293167,0.11886365115642547,0.3951527924130664,375,0.1139541044831276,0.16995477676391602,0.3951527924130664
12.7,100.0,supported,True,0.9523809523809523,5.656854249492381,11.3103516619989,12.94,12.0,1,128,843,804,4.655990510083037,394.2018127441406,397.209716796875,20.0,441,0.05095167085528374,0.07394108176231384,0.5231316725978647,452,0.06981582939624786,0.1108588419854641,0.5361803084223014,452,0.12130405008792877,0.15727115422487262,0.5361803084223014
12.8,100.0,supported,True,1.0,0.0,8.617425783970429,13.04,16.0,1,129,768,716,4.486979166666667,394.4042663574219,397.1138610839844,20.0,390,0.05942272022366524,0.08349420949816704,0.5078125,403,0.08403511345386505,0.11732489913702011,0.5247395833333334,403,0.14528611302375793,0.21150562763214112,0.5247395833333334
12.9,100.0,supported,True,1.0,0.0,12.990669265266181,13.145,20.0,1,130,1276,1220,3.239028213166144,394.7003479003906,396.0622253417969,22.0,273,0.05314965918660164,0.06795936971902847,0.2139498432601881,314,0.06875115633010864,0.09290888085961341,0.24608150470219436,314,0.10550583153963089,0.15657643228769302,0.24608150470219436
13.0,100.0,supported,True,1.0,0.0,7.457966880175998,13.24,16.0,1,131,1293,1252,3.4895591647331785,395.0163879394531,395.9022521972656,20.0,329,0.04483469948172569,0.05858933329582214,0.25444702242846096,361,0.05650196224451065,0.07238677889108658,0.2791956689868523,361,0.07718299329280853,0.10702668875455856,0.2791956689868523
13.1,100.0,supported,True,1.0,4.0,6.896114857651079,13.34,16.0,1,132,847,791,3.17827626918536,393.4634094238281,396.04925537109375,20.0,184,0.052383698523044586,0.06930994316935539,0.21723730814639905,207,0.06592962145805359,0.08809190392494201,0.24439197166469895,207,0.09776021540164948,0.1645542234182358,0.24439197166469895
13.2,100.0,sparse_water_returns,False,0.7619047619047619,12.649110640673518,7.684718183994166,13.44,0.0,0,133,238,221,4.1722689075630255,392.9296569824219,395.697998046875,20.0,98,0.0576309897005558,0.07624563723802566,0.4117647058823529,101,0.08635623008012772,0.13965962827205658,0.42436974789915966,102,0.13737595081329346,0.2865546762943268,0.42857142857142855
13.3,100.0,supported,True,0.8571428571428571,8.94427190999916,12.216368911787319,13.53,0.0,0,134,635,603,3.8897637795275593,393.14447021484375,395.35223388671875,20.0,243,0.04406384378671646,0.07838958203792575,0.3826771653543307,250,0.0653754472732544,0.17788740843534467,0.3937007874015748,250,0.1517985314130783,0.31884487867355343,0.3937007874015748
13.4,100.0,supported,True,1.0,0.0,8.971245303820773,13.635,20.0,1,135,984,922,4.3983739837398375,392.2363586425781,394.41357421875,22.0,446,0.04836978018283844,0.08159049600362778,0.4532520325203252,462,0.06715987622737885,0.10220349803566936,0.4695121951219512,462,0.10037633776664734,0.15435224175453188,0.4695121951219512
13.5,100.0,supported,True,1.0,0.0,13.161653537711127,13.72,12.0,1,136,999,909,4.245245245245245,391.943359375,395.12274169921875,20.0,422,0.08163460344076157,0.11395449936389926,0.42242242242242245,435,0.10300607979297638,0.14249756038188935,0.43543543543543545,435,0.15865758061408997,0.24456362128257753,0.43543543543543545
13.6,100.0,supported,True,1.0,0.0,3.766429242492797,13.82,16.0,1,137,1075,995,4.408372093023256,392.275146484375,394.33441162109375,20.0,512,0.06829923391342163,0.09070474132895472,0.4762790697674419,525,0.07947041839361191,0.10826511681079865,0.4883720930232558,525,0.10420969128608704,0.13999294638633727,0.4883720930232558
13.7,100.0,supported,True,1.0,4.0,9.47193466918656,13.915,16.0,1,138,816,756,4.323529411764706,392.04058837890625,394.7021789550781,20.0,359,0.06612181663513184,0.0890058770775795,0.43995098039215685,367,0.07999397069215775,0.14663897454738628,0.4497549019607843,367,0.13924014568328857,0.21901842653751377,0.4497549019607843
13.8,100.0,supported,True,1.0,4.0,49.19231952992984,13.99,0.0,1,139,519,473,3.485549132947977,391.5106506347656,394.11444091796875,20.0,151,0.061377961188554764,0.0883326306939125,0.2909441233140655,161,0.08547468483448029,0.141266867518425,0.31021194605009633,161,0.15980757772922516,0.26133590936660767,0.31021194605009633
13.9,100.0,sparse_water_returns,False,0.6666666666666666,12.649110640673518,58.12321479588707,14.125,0.0,0,140,169,148,2.396449704142012,390.531982421875,392.2059020996094,20.0,8,0.050519950687885284,0.06957302242517471,0.047337278106508875,12,0.09796219319105148,0.12311869934201242,0.07100591715976332,12,0.1306076943874359,0.1639942482113838,0.07100591715976332
14.0,100.0,sparse_water_returns,False,0.8571428571428571,12.649110640673518,16.92909137022147,14.205,20.0,1,141,716,615,3.276536312849162,389.9629821777344,391.8220520019531,22.0,202,0.05684597045183182,0.07677037864923478,0.28212290502793297,212,0.0758943259716034,0.09675549566745759,0.29608938547486036,212,0.11075858771800995,0.1471341982483864,0.29608938547486036
14.1,100.0,supported,True,1.0,0.0,4.447713577195941,14.295,16.0,1,142,887,834,5.056369785794814,389.21478271484375,391.3591003417969,20.0,479,0.0645139217376709,0.08785853683948516,0.5400225479143179,487,0.08092008531093597,0.10853606313467026,0.5490417136414881,487,0.11578614264726639,0.1592553585767746,0.5490417136414881
14.2,100.0,supported,True,1.0,0.0,5.930636578931784,14.395,12.0,1,143,1009,967,5.826560951437067,388.89581298828125,391.1396179199219,20.0,664,0.06177535653114319,0.07739781215786934,0.6580773042616452,671,0.072808638215065,0.09241940081119537,0.6650148662041625,671,0.0949096605181694,0.12462515383958817,0.6650148662041625
14.3,100.0,supported,True,0.9523809523809523,5.656854249492381,11.926921327781566,14.5,16.0,1,144,817,741,4.004895960832314,388.9468994140625,390.5713195800781,20.0,332,0.0543699748814106,0.07642421796917916,0.40636474908200737,344,0.06987173110246658,0.09258019179105759,0.42105263157894735,344,0.0918245017528534,0.1280055284500122,0.42105263157894735
14.4,100.0,sparse_water_returns,False,0.7619047619047619,12.649110640673518,14.35911933401653,14.61,0.0,0,145,364,340,3.7225274725274726,388.0109558105469,389.80078125,20.0,125,0.047549739480018616,0.0718268483877182,0.3434065934065934,135,0.0771336704492569,0.10386358797550202,0.3708791208791209,135,0.14311741292476654,0.18520991504192355,0.3708791208791209
14.5,100.0,supported,True,1.0,0.0,7.823373430082401,14.715,24.0,1,146,1404,1380,5.14031339031339,386.6208190917969,388.6867980957031,24.0,836,0.05353527516126633,0.08688205108046532,0.5954415954415955,848,0.07164077460765839,0.11087361648678783,0.603988603988604,848,0.10741358250379562,0.1596915364265442,0.603988603988604
14.6,100.0,supported,True,1.0,0.0,6.267395502530617,14.815,12.0,1,147,960,884,4.140625,386.4853210449219,388.84771728515625,20.0,397,0.05168456956744194,0.07478049099445344,0.41354166666666664,412,0.060448866337537766,0.0793715849518776,0.42916666666666664,412,0.07457184046506882,0.09439265951514245,0.42916666666666664
14.7,100.0,supported,True,0.9523809523809523,8.0,10.213759817937861,14.925,0.0,0,148,1046,999,4.086998087954111,385.2471618652344,388.0574951171875,20.0,436,0.06772880256175995,0.09554523602128029,0.4168260038240918,447,0.078481525182724,0.1123656451702118,0.4273422562141491,447,0.11684015393257141,0.1810173600912095,0.4273422562141491
14.8,100.0,supported,True,1.0,0.0,9.11437671974961,15.02,20.0,1,149,1250,1217,5.052,386.41900634765625,387.4898376464844,22.0,778,0.045618049800395966,0.07320943847298622,0.6224,789,0.05502839758992195,0.09335630536079409,0.6312,789,0.08738373219966888,0.14703995883464815,0.6312
14.9,100.0,multiple_channels,False,1.0,0.0,11.664858815015009,15.12,24.0,2,150,1636,1607,5.507334963325183,386.39630126953125,388.0571594238281,24.0,1132,0.04013751447200775,0.05972973965108394,0.6919315403422983,1136,0.05099020153284073,0.0929650105535984,0.6943765281173594,1136,0.08860336244106293,0.13443221896886826,0.6943765281173594
15.0,100.0,multiple_channels,False,1.0,4.0,12.37853348744165,15.225,16.0,3,151,793,770,5.108448928121059,385.36322021484375,387.4580993652344,20.0,479,0.043500207364559174,0.06345307528972625,0.6040353089533418,490,0.053760185837745667,0.08146120980381966,0.617906683480454,490,0.08224711567163467,0.1103148676455021,0.617906683480454
15.1,100.0,multiple_channels,False,1.0,0.0,17.25014407569806,15.31,16.0,2,152,1055,949,3.5886255924170616,385.5650634765625,387.6787414550781,20.0,364,0.06383975595235825,0.09690948352217674,0.34502369668246446,374,0.08522886037826538,0.12314953655004501,0.35450236966824644,374,0.1304764598608017,0.21902155876159665,0.35450236966824644
15.2,100.0,sparse_water_returns,False,0.6190476190476191,24.0,8.560941907961704,15.4,0.0,1,153,243,210,2.662551440329218,385.3479309082031,387.42974853515625,20.0,38,0.052438318729400635,0.0975367583334446,0.15637860082304528,45,0.09278014302253723,0.12534598708152772,0.18518518518518517,45,0.14868833124637604,0.18817493915557862,0.18518518518518517
15.3,100.0,supported,True,1.0,4.0,8.717748571456818,15.5,20.0,1,154,814,720,3.461916461916462,383.6761169433594,385.9512939453125,22.0,262,0.04941718280315399,0.08509800508618356,0.32186732186732187,276,0.08023347705602646,0.13136707246303558,0.33906633906633904,276,0.14988666772842407,0.21718500554561615,0.33906633906633904
15.4,100.0,supported,True,0.8571428571428571,11.313708498984761,11.563137706152109,15.615,0.0,0,155,647,593,6.068006182380216,381.7591247558594,384.975830078125,20.0,339,0.06491194665431976,0.21922770142555228,0.5239567233384853,348,0.10078440606594086,0.29260334074497224,0.5378670788253478,348,0.16993671655654907,0.33928274512290957,0.5378670788253478
15.5,100.0,supported,True,0.9523809523809523,5.656854249492381,9.584574438109021,15.715,12.0,1,156,642,587,6.258566978193146,380.7101745605469,384.0351867675781,20.0,367,0.044034622609615326,0.07730775624513628,0.5716510903426791,371,0.06667863577604294,0.10606343299150467,0.5778816199376947,371,0.1141263023018837,0.1883423626422882,0.5778816199376947
15.6,100.0,supported,True,1.0,4.0,4.535821065989049,15.815,24.0,1,157,1525,1445,5.529836065573771,380.2914123535156,384.0467529296875,24.0,864,0.06526067107915878,0.10802583992481232,0.5665573770491803,876,0.0866304337978363,0.16556664556264877,0.5744262295081968,877,0.14849896728992462,0.2615917086601257,0.5750819672131148
15.7,100.0,supported,True,1.0,0.0,17.485270806706918,15.91,16.0,1,158,781,747,4.669654289372599,380.5945739746094,382.6891174316406,20.0,384,0.07549287378787994,0.10945209860801697,0.49167733674775926,396,0.1015433520078659,0.16404615342617035,0.5070422535211268,396,0.15649351477622986,0.2700107991695404,0.5070422535211268
15.8,100.0,sparse_water_returns;multiple_channels,False,0.7142857142857143,16.0,15.130863922671875,16.0,0.0,2,159,587,541,4.054514480408859,380.0280456542969,382.421875,20.0,228,0.07225342094898224,0.10143260136246683,0.38841567291311757,233,0.10538333654403687,0.1560079425573349,0.3969335604770017,233,0.1820434182882309,0.23664796948432926,0.3969335604770017
15.9,100.0,sparse_water_returns,False,0.38095238095238093,33.94112549695428,6.465480511417795,16.1,0.0,0,160,82,77,4.0,379.5495300292969,381.2792663574219,20.0,30,0.048617612570524216,0.06483656093478203,0.36585365853658536,32,0.05446485057473183,0.18520420938730242,0.3902439024390244,32,0.10755211859941483,0.14283191412687302,0.3902439024390244
16.0,100.0,supported,True,0.9047619047619048,8.0,5.319811942306855,16.205,0.0,0,161,937,881,5.344717182497332,379.0851135253906,381.6238708496094,20.0,555,0.05952330678701401,0.08698344975709921,0.5923159018143009,560,0.07131542265415192,0.11605862006545069,0.5976520811099253,560,0.10030689835548401,0.151620751619339,0.5976520811099253
16.1,100.0,supported,True,0.8571428571428571,8.94427190999916,2.841596113758577,16.31,0.0,0,162,315,267,2.187301587301587,378.862060546875,380.308837890625,20.0,27,0.05194978788495064,0.08193262219429018,0.08571428571428572,35,0.08395514637231827,0.1207139641046524,0.1111111111111111,35,0.14152629673480988,0.18613488972187042,0.1111111111111111
16.2,100.0,supported,True,0.9523809523809523,5.656854249492381,2.930813219876557,16.41,0.0,0,163,892,749,2.1748878923766815,377.8236999511719,379.5068359375,20.0,36,0.05269136652350426,0.07131871208548546,0.04035874439461883,66,0.0801452249288559,0.1035720556974411,0.07399103139013453,66,0.1179606020450592,0.16175449639558792,0.07399103139013453
16.3,100.0,sparse_water_returns,False,0.3333333333333333,34.40930106817051,13.471633694709942,16.51,0.0,0,164,42,39,2.6666666666666665,376.60888671875,379.1927185058594,20.0,6,0.049199506640434265,0.05884004756808281,0.14285714285714285,6,0.07702864706516266,0.08686964586377144,0.14285714285714285,6,0.08770240843296051,0.17619474232196808,0.14285714285714285
16.4,100.0,supported,True,1.0,4.0,12.433112975531671,16.61,16.0,1,165,685,596,2.2715328467153286,376.5025939941406,377.94427490234375,20.0,44,0.05825760215520859,0.09431474134325982,0.06423357664233577,67,0.08633964508771896,0.11587663143873214,0.09781021897810219,67,0.13122084736824036,0.1660078227519989,0.09781021897810219
16.5,100.0,supported,True,1.0,4.0,2.953048590374907,16.71,16.0,1,166,1046,975,4.869980879541109,375.8089599609375,377.5851745605469,20.0,566,0.045265160501003265,0.06343347579240799,0.5411089866156787,582,0.0569576770067215,0.08020302206277846,0.5564053537284895,582,0.07973362505435944,0.11361494064331054,0.5564053537284895
16.6,100.0,supported,True,1.0,0.0,9.94018754204633,16.81,24.0,1,167,1764,1698,4.97108843537415,375.385009765625,377.4891662597656,24.0,925,0.04928771033883095,0.06508568525314332,0.5243764172335601,948,0.05645320564508438,0.07573948428034784,0.5374149659863946,948,0.07414698600769043,0.11367497295141221,0.5374149659863946
16.7,100.0,supported,True,1.0,4.0,20.657581045983466,16.905,28.0,1,168,1484,1381,4.743935309973046,375.53961181640625,377.4123229980469,26.0,759,0.047791045159101486,0.06526073068380356,0.511455525606469,774,0.06722752004861832,0.1011792801320553,0.5215633423180593,774,0.1196984201669693,0.15699175298213963,0.5215633423180593
16.8,100.0,sparse_water_returns;multiple_channels,False,0.38095238095238093,17.88854381999832,21.033854143293535,16.965,0.0,2,169,79,67,2.4177215189873418,375.1580505371094,376.216064453125,20.0,7,0.0634441152215004,0.09315031319856645,0.08860759493670886,12,0.09662775695323944,0.14918509125709534,0.1518987341772152,12,0.13559088110923767,0.21390058249235153,0.1518987341772152
16.9,100.0,sparse_water_returns,False,0.6190476190476191,21.540659228538015,21.823928807135008,17.07,0.0,0,170,349,289,2.3982808022922635,372.0174255371094,374.6799011230469,20.0,36,0.06006590276956558,0.08290083706378937,0.10315186246418338,45,0.10110229253768921,0.15948706567287446,0.12893982808022922,45,0.1866605430841446,0.2433884859085083,0.12893982808022922
17.0,100.0,supported,True,0.9047619047619048,11.313708498984761,23.81392874680384,17.19,16.0,1,171,832,689,2.4939903846153846,371.97314453125,373.9423828125,20.0,122,0.06582479178905487,0.09466033503413201,0.1466346153846154,142,0.10910989344120026,0.14501900225877762,0.17067307692307693,142,0.1793375313282013,0.2146830514073372,0.17067307692307693
17.1,100.0,multiple_channels,False,0.9047619047619048,11.313708498984761,8.474521883744291,17.305,20.0,3,172,417,355,2.594724220623501,367.142578125,371.8982849121094,22.0,60,0.07838745415210724,0.11932329535484314,0.14388489208633093,66,0.11951322853565216,0.1817120984196663,0.15827338129496402,66,0.2020113170146942,0.2766488641500473,0.15827338129496402
17.2,100.0,supported,True,1.0,0.0,2.653238643277521,17.405,24.0,1,173,1371,1130,2.863603209336251,366.8397521972656,369.6434631347656,24.0,277,0.06957042217254639,0.10591635257005691,0.20204230488694383,306,0.10945814847946167,0.15265537798404694,0.22319474835886213,306,0.17044758796691895,0.2310147061944008,0.22319474835886213
17.3,100.0,supported,True,1.0,0.0,19.333465542407453,17.495,12.0,1,174,820,657,3.0646341463414632,364.77947998046875,369.0926208496094,20.0,195,0.07507497817277908,0.11028880029916763,0.23780487804878048,225,0.10482244193553925,0.1625504493713379,0.27439024390243905,225,0.17265519499778748,0.2485376566648483,0.27439024390243905
17.4,100.0,supported,True,1.0,0.0,19.24260728037244,17.585,24.0,1,175,879,754,3.70193401592719,363.1576843261719,369.3175048828125,24.0,267,0.08679697662591934,0.1309878408908844,0.3037542662116041,282,0.134934201836586,0.19228381961584093,0.32081911262798635,282,0.2339126467704773,0.3870234310626984,0.32081911262798635
17.5,100.0,supported,True,1.0,0.0,17.4740071489691,17.68,16.0,1,176,985,840,3.671065989847716,362.5208740234375,364.36077880859375,20.0,342,0.07314081490039825,0.10856637880206112,0.3472081218274112,363,0.10944562405347824,0.15328585505485537,0.36852791878172586,364,0.18686741590499878,0.26212278604507444,0.3695431472081218
17.6,100.0,supported,True,1.0,0.0,12.450573050447717,17.775,24.0,1,177,1327,1165,4.0180859080633,361.2705383300781,364.246337890625,24.0,555,0.0804845467209816,0.11140123754739763,0.41823662396382816,566,0.11318519711494446,0.15384416282176971,0.426525998492841,567,0.19399914145469666,0.27729647755622866,0.4272795779954785
17.7,100.0,supported,True,1.0,0.0,26.050234245885886,17.875,20.0,1,178,796,660,3.64321608040201,357.0942077636719,362.7267150878906,22.0,278,0.08188409358263016,0.1263817071914673,0.3492462311557789,294,0.11894075572490692,0.16965744495391843,0.3693467336683417,294,0.19195574522018433,0.2992505609989166,0.3693467336683417
17.8,100.0,supported,True,1.0,0.0,10.569442823718713,17.96,12.0,1,179,944,802,3.4427966101694913,357.03125,359.8240661621094,20.0,299,0.08742628991603851,0.14110936224460602,0.3167372881355932,315,0.13264881074428558,0.19184763431549073,0.3336864406779661,315,0.2398386299610138,0.3509109199047089,0.3336864406779661
17.9,100.0,multiple_channels,False,1.0,4.0,23.81039817088559,18.105,28.0,2,180,1072,983,5.163246268656716,355.1927490234375,359.0558776855469,26.0,556,0.07738044112920761,0.1200251616537571,0.5186567164179104,565,0.11135324835777283,0.16098640561103822,0.5270522388059702,565,0.22691328823566437,0.31844365000724795,0.5270522388059702
18.0,100.0,supported,True,1.0,0.0,7.24013360526432,18.205,28.0,1,181,1631,1526,5.542611894543225,355.2468566894531,358.58087158203125,26.0,981,0.07658200711011887,0.1120607778429985,0.6014714898835071,994,0.10760395228862762,0.17267136573791506,0.6094420600858369,994,0.1863313615322113,0.32062884569168093,0.6094420600858369
18.1,100.0,supported,True,1.0,0.0,16.695819870131952,18.3,20.0,1,182,1415,1242,4.250883392226148,356.2691955566406,358.5096130371094,22.0,610,0.07000039517879486,0.09958795979619027,0.43109540636042404,628,0.09860657155513763,0.13471592962741855,0.44381625441696115,629,0.15439391136169434,0.1965154618024826,0.44452296819787984
18.2,100.0,supported,True,1.0,0.0,17.876663030229604,18.4,28.0,1,183,1578,1379,4.23574144486692,354.208740234375,357.680908203125,26.0,672,0.06912529468536377,0.09877271503210068,0.42585551330798477,684,0.09706403315067291,0.13436085283756255,0.43346007604562736,684,0.14780370891094208,0.2312085062265397,0.43346007604562736
18.3,100.0,supported,True,1.0,0.0,15.190786090804613,18.5,20.0,1,184,1403,1211,4.116179615110478,352.6315002441406,355.9399719238281,22.0,587,0.07308683544397354,0.1045219376683235,0.4183891660727014,607,0.10561160743236542,0.15245012044906614,0.43264433357091947,607,0.17478108406066895,0.22730479538440704,0.43264433357091947
18.4,100.0,supported,True,1.0,0.0,3.163647041504168,18.6,20.0,1,185,1607,1414,4.095208462974487,351.04949951171875,354.4209899902344,22.0,684,0.07129950821399689,0.105060812830925,0.42563783447417547,704,0.10316067934036255,0.1468979611992836,0.43808338518979467,704,0.18031153082847595,0.2613824635744095,0.43808338518979467
18.5,100.0,supported,True,1.0,0.0,13.904913518877997,18.7,20.0,1,186,1429,1263,4.323303009097271,349.6251525878906,353.0632629394531,22.0,659,0.0754307359457016,0.11199797242879869,0.46116165150454863,672,0.11072130501270294,0.15911689102649687,0.470258922323303,672,0.19467982649803162,0.29617524743080137,0.470258922323303
18.6,100.0,supported,True,1.0,4.0,12.657710571267717,18.795,20.0,1,187,1489,1304,3.826729348556078,350.3557434082031,352.9442443847656,22.0,590,0.06703481078147888,0.09629288911819459,0.3962390866353257,613,0.10184498131275177,0.14448854029178623,0.4116856950973808,613,0.18121714890003204,0.24264194667339326,0.4116856950973808
18.7,100.0,supported,True,1.0,4.0,10.905024048040412,18.89,16.0,1,188,992,801,3.3276209677419355,348.7066345214844,351.49884033203125,20.0,310,0.06751935184001923,0.1099064737558365,0.3125,325,0.10326322168111801,0.15852999389171601,0.3276209677419355,326,0.17380741238594055,0.26568397879600525,0.3286290322580645
18.8,100.0,supported,True,1.0,0.0,3.684809787334705,18.99,20.0,1,189,1134,1003,4.058201058201059,347.3241271972656,349.82366943359375,22.0,489,0.06249293312430382,0.09872811883687972,0.4312169312169312,503,0.10066503286361694,0.14080289900302886,0.4435626102292769,503,0.17129038274288177,0.24801010787487032,0.4435626102292769
18.9,100.0,supported,True,1.0,0.0,12.145679817287308,19.09,16.0,1,190,1390,1168,3.048201438848921,345.929443359375,348.9416809082031,20.0,334,0.0661306381225586,0.09413463398814201,0.24028776978417266,370,0.09950250387191772,0.13276938796043397,0.26618705035971224,370,0.14514796435832977,0.1787620320916176,0.26618705035971224
19.0,100.0,supported,True,1.0,4.0,15.067763272482727,19.195,28.0,1,191,1501,1365,3.403064623584277,345.1042175292969,353.7018737792969,26.0,436,0.05686354637145996,0.0934990867972374,0.290473017988008,467,0.08834914118051529,0.12717510163784027,0.3111259160559627,467,0.14274564385414124,0.22714971601963044,0.3111259160559627
19.1,100.0,supported,True,1.0,0.0,18.14294995819729,19.295,32.0,1,192,2613,2431,3.5419058553386913,345.1585388183594,347.79351806640625,28.0,789,0.06708444654941559,0.09768062978982928,0.3019517795637199,835,0.10114005208015442,0.13836947977542877,0.31955606582472257,835,0.17354917526245117,0.23511964976787567,0.31955606582472257
19.2,100.0,supported,True,1.0,4.0,3.6065034323984317,19.395,36.0,1,193,2181,1986,3.7638697845025217,344.7709045410156,348.3939208984375,30.0,778,0.07396778464317322,0.11135568022727967,0.35671710224667585,817,0.10786037892103195,0.16114494502544402,0.3745988078862907,817,0.18856962025165558,0.27123796939849854,0.3745988078862907
19.3,100.0,supported,True,1.0,4.0,7.459694432224965,19.495,44.0,1,194,1685,1528,4.925816023738872,344.49395751953125,347.7005615234375,34.0,875,0.07316312193870544,0.11002247333526612,0.5192878338278932,888,0.10596807301044464,0.15554011762142184,0.5270029673590505,888,0.16563916206359863,0.23794766068458564,0.5270029673590505
19.4,100.0,sparse_water_returns,False,0.6190476190476191,23.323807579381203,22.271017365702015,19.58,16.0,1,195,309,253,3.01294498381877,342.8569030761719,345.9144287109375,20.0,75,0.08625780045986176,0.13200979530811313,0.24271844660194175,86,0.12351749837398529,0.18313731253147125,0.2783171521035599,86,0.1913711577653885,0.30690689384937286,0.2783171521035599
19.5,100.0,supported,True,0.8571428571428571,11.313708498984761,3.7176351672948496,19.675,32.0,1,196,1402,1257,3.828102710413695,342.259765625,344.13623046875,28.0,519,0.06400187313556671,0.09094236344099044,0.3701854493580599,549,0.09089919924736023,0.1255111128091812,0.39158345221112695,549,0.14356115460395813,0.2117309331893921,0.39158345221112695
19.6,100.0,supported,True,0.8571428571428571,5.656854249492381,3.9460598682032595,19.775,32.0,1,197,947,795,3.1045406546990497,339.2630310058594,344.0961608886719,28.0,234,0.06261232495307922,0.10070383325219155,0.2470960929250264,248,0.09284171462059021,0.15270315855741504,0.26187961985216474,248,0.13886776566505432,0.26871430277824404,0.26187961985216474
19.7,100.0,multiple_channels,False,1.0,4.0,12.986636791764022,19.865,12.0,2,198,847,772,3.756788665879575,338.53448486328125,341.82177734375,20.0,299,0.06020098179578781,0.10099553763866423,0.3530106257378985,316,0.08086639642715454,0.14948811382055283,0.3730814639905549,316,0.13885925710201263,0.23911511152982712,0.3730814639905549
19.8,100.0,supported,True,1.0,4.0,6.244391221121424,19.985,20.0,1,199,1104,1010,4.01268115942029,337.7603454589844,342.0525817871094,22.0,444,0.0652826726436615,0.12054304853081702,0.40217391304347827,463,0.10404447466135025,0.18085258305072785,0.41938405797101447,463,0.17833518981933594,0.3063516438007355,0.41938405797101447
19.9,100.0,supported,True,1.0,0.0,11.07258906016727,20.085,24.0,1,200,1657,1511,3.3596861798430897,337.2455139160156,340.5164489746094,24.0,458,0.06634071469306946,0.13463208079338074,0.2764031382015691,491,0.1060558557510376,0.1884644776582718,0.29631864815932407,491,0.18364177644252777,0.2523108124732971,0.29631864815932407
20.0,100.0,supported,True,1.0,0.0,5.693908472051027,20.185,12.0,1,201,1247,1095,3.486768243785084,335.8359680175781,340.1142578125,20.0,386,0.060254693031311035,0.09530317410826683,0.3095429029671211,411,0.09476807713508606,0.15041615068912506,0.32959101844426625,411,0.16356267035007477,0.24291157722473145,0.32959101844426625
20.1,100.0,supported,True,0.9523809523809523,5.656854249492381,8.524665250661895,20.28,16.0,1,202,726,593,3.242424242424242,333.2783203125,338.0024719238281,20.0,207,0.07455582171678543,0.12937789857387544,0.28512396694214875,220,0.11007300019264221,0.17865679413080213,0.30303030303030304,220,0.18581323325634003,0.32086042165756207,0.30303030303030304
20.2,100.0,supported,True,1.0,4.0,1.754694081601173,20.38,20.0,1,203,821,755,5.059683313032886,333.25244140625,336.1854553222656,22.0,457,0.06366568058729172,0.12390999197959901,0.5566382460414129,465,0.10252867639064789,0.21761483252048494,0.5663824604141291,465,0.1934482902288437,0.312268739938736,0.5663824604141291
20.3,100.0,supported,True,0.8095238095238095,12.0,8.750648886626172,20.48,24.0,1,204,669,593,4.159940209267564,333.1228332519531,340.39373779296875,24.0,278,0.07794977724552155,0.12603478282690048,0.4155455904334828,287,0.11834375560283661,0.18751137554645553,0.4289985052316891,288,0.2108875811100006,0.3088949710130692,0.4304932735426009
20.4,100.0,sparse_water_returns;multiple_channels,False,0.7142857142857143,16.492422502470642,15.627892714747428,20.575,32.0,2,205,492,428,3.8577235772357725,332.8993225097656,335.4888610839844,28.0,193,0.07203184813261032,0.11852481663227085,0.39227642276422764,204,0.10548124462366104,0.2034154415130616,0.4146341463414634,204,0.19347050786018372,0.35781818926334386,0.4146341463414634
20.5,100.0,supported,True,1.0,4.0,30.760685606438212,20.655,28.0,1,206,1363,1175,3.6346294937637564,332.74041748046875,335.513427734375,26.0,454,0.07084812223911285,0.11192499101161957,0.3330887747615554,472,0.11765120923519135,0.17630425095558167,0.3462949376375642,472,0.21350964903831482,0.2933003693819046,0.3462949376375642
20.6,100.0,supported,True,0.9523809523809523,5.656854249492381,26.736348091707992,20.73,16.0,1,207,1039,827,2.834456207892204,331.461181640625,335.3995361328125,20.0,224,0.08158908784389496,0.12396758794784549,0.21559191530317612,255,0.1254207044839859,0.19086247980594634,0.24542829643888353,255,0.21984006464481354,0.2844648599624634,0.24542829643888353
20.7,100.0,supported,True,1.0,4.0,5.723113233055032,20.815,40.0,1,208,1257,1069,3.8949880668257757,330.6282043457031,333.270751953125,32.0,485,0.06984702497720718,0.11599373370409014,0.3858392999204455,513,0.10172338038682938,0.15495526194572448,0.4081145584725537,513,0.15376216173171997,0.22901639938354493,0.4081145584725537
20.8,100.0,supported,True,0.9523809523809523,5.656854249492381,4.495979487402857,20.92,16.0,1,209,1019,891,3.056918547595682,327.53582763671875,331.8440246582031,20.0,237,0.0760243833065033,0.12005495876073838,0.2325809617271835,257,0.11059208959341049,0.174600487947464,0.2522080471050049,257,0.2126372754573822,0.2851713538169861,0.2522080471050049
20.9,100.0,supported,True,0.9523809523809523,5.656854249492381,12.131581575867681,21.02,20.0,1,210,1042,931,3.3205374280230324,327.6113586425781,330.01708984375,22.0,292,0.07416609674692154,0.11789168789982796,0.2802303262955854,317,0.1187385693192482,0.1596846997737885,0.30422264875239924,317,0.1867884248495102,0.2795351505279541,0.30422264875239924
21.0,100.0,supported,True,1.0,0.0,4.999717293827163,21.12,24.0,1,211,1665,1481,3.6342342342342344,327.80712890625,329.8746337890625,24.0,564,0.07412894070148468,0.10960189029574394,0.3387387387387387,584,0.10775093734264374,0.15229892432689668,0.35075075075075074,584,0.16207057237625122,0.25290639102458956,0.35075075075075074
21.1,100.0,supported,True,1.0,4.0,6.149193084700193,21.22,32.0,1,212,1391,1252,4.452911574406902,327.413818359375,334.7735595703125,28.0,654,0.07165469974279404,0.10133113190531733,0.4701653486700216,682,0.10092398524284363,0.14679471254348755,0.49029475197699496,682,0.16337034106254578,0.24925324767827983,0.49029475197699496
21.2,100.0,supported,True,1.0,4.0,9.297327336234938,21.335,20.0,1,213,1087,955,3.747930082796688,326.0159606933594,329.5957946777344,22.0,406,0.07238898426294327,0.1061297282576561,0.3735050597976081,429,0.09823949635028839,0.13927839696407318,0.39466421343146274,429,0.1515616476535797,0.2689029693603516,0.39466421343146274
21.3,100.0,supported,True,1.0,4.0,7.794399169410053,21.435,16.0,1,214,1109,975,3.8025247971145175,323.7644348144531,327.4869384765625,20.0,358,0.07693612575531006,0.11773743629455567,0.32281334535617673,371,0.10909783840179443,0.16357174515724182,0.3345356176735798,371,0.17657315731048584,0.2920965850353241,0.3345356176735798
21.4,100.0,supported,True,1.0,0.0,2.430037280301714,21.535,12.0,1,215,868,790,3.9815668202764978,323.9947204589844,326.5604553222656,20.0,357,0.0649992972612381,0.10700361579656603,0.4112903225806452,371,0.0981864258646965,0.15756386518478394,0.4274193548387097,371,0.158759206533432,0.2510739862918854,0.4274193548387097
21.5,100.0,supported,True,1.0,4.0,4.891638213017881,21.63,20.0,1,216,861,769,3.077816492450639,322.32342529296875,325.71514892578125,22.0,193,0.10891471058130264,0.21258502304553986,0.22415795586527293,213,0.16120706498622894,0.3081030309200287,0.24738675958188153,213,0.26096493005752563,0.4499111950397492,0.24738675958188153
21.6,100.0,supported,True,1.0,4.0,5.465455277152565,21.73,28.0,1,217,1291,1187,3.525948876839659,322.5971984863281,324.9647521972656,26.0,390,0.07186375558376312,0.11204536706209184,0.3020914020139427,419,0.10403750836849213,0.1640048086643219,0.3245546088303641,419,0.17761600017547607,0.29062266349792476,0.3245546088303641
21.7,100.0,supported,True,1.0,4.0,4.793103874181291,21.835,28.0,1,218,1031,947,3.6246362754607175,322.50323486328125,325.0546875,26.0,347,0.06697826087474823,0.10103401541709903,0.33656644034917554,365,0.09353361278772354,0.14186988174915313,0.35402521823472355,365,0.15452840924263,0.2285532265901566,0.35402521823472355
21.8,100.0,supported,True,0.9523809523809523,5.656854249492381,3.616241903099328,21.935,20.0,1,219,838,735,4.368735083532219,322.33026123046875,324.4048156738281,22.0,399,0.06833681464195251,0.10382848381996154,0.47613365155131265,408,0.09744282066822052,0.15476017743349077,0.48687350835322196,408,0.15545937418937683,0.22422973811626434,0.48687350835322196
21.9,100.0,supported,True,1.0,4.0,13.970848381031926,22.03,16.0,1,220,833,727,3.6206482593037217,319.9095153808594,323.5101623535156,20.0,282,0.07081019878387451,0.111425668746233,0.3385354141656663,294,0.11289660632610321,0.16650029122829435,0.35294117647058826,296,0.22055137157440186,0.2920173108577728,0.3553421368547419
22.0,100.0,supported,True,1.0,4.0,16.961852926159064,22.13,32.0,1,221,1412,1264,4.75,319.0668640136719,322.0361328125,28.0,702,0.07369261234998703,0.12045269757509232,0.4971671388101983,722,0.10762182623147964,0.19958059191703795,0.5113314447592068,722,0.22595420479774475,0.31533314585685723,0.5113314447592068
22.1,100.0,supported,True,1.0,4.0,21.4669093043592,22.225,24.0,1,222,1264,1170,5.6669303797468356,319.40826416015625,322.7903747558594,24.0,829,0.06961854547262192,0.11171592772006993,0.6558544303797469,838,0.10478523373603821,0.15693286508321763,0.6629746835443038,838,0.18930484354496002,0.25730122029781344,0.6629746835443038
22.2,100.0,supported,True,1.0,4.0,17.174823253226872,22.325,0.0,0,223,483,431,3.6563146997929605,319.1246643066406,323.09368896484375,20.0,152,0.09885090589523315,0.15906889885663986,0.3146997929606625,162,0.13589566946029663,0.21930353492498397,0.33540372670807456,163,0.23605862259864807,0.3879348039627075,0.33747412008281574
22.3,100.0,multiple_channels,False,0.9523809523809523,5.656854249492381,4.1945909728307935,22.4,16.0,2,224,702,623,4.065527065527066,319.0717468261719,321.545654296875,20.0,281,0.06127534434199333,0.10769251734018326,0.40028490028490027,291,0.1033717468380928,0.15239326655864716,0.41452991452991456,291,0.18106397986412048,0.2753273844718933,0.41452991452991456
22.4,100.0,supported,True,1.0,0.0,12.081899121184325,22.495,16.0,1,225,793,681,3.701134930643127,316.74395751953125,320.17010498046875,20.0,269,0.06935074925422668,0.10694515556097033,0.33921815889029006,288,0.11098076403141022,0.16203564703464507,0.36317780580075665,288,0.19913846254348755,0.2582426190376282,0.36317780580075665
22.5,100.0,supported,True,1.0,0.0,4.820774727114892,22.605,16.0,1,226,1194,1033,3.669179229480737,316.6338806152344,318.391845703125,20.0,419,0.05357832834124565,0.08984303176403045,0.3509212730318258,438,0.08250585198402405,0.12679923325777054,0.36683417085427134,438,0.14620375633239746,0.19806350022554398,0.36683417085427134
22.6,100.0,supported,True,1.0,0.0,20.889986208963553,22.705,20.0,1,227,1281,1137,3.7743950039032006,315.3931884765625,317.2399597167969,22.0,459,0.06033983454108238,0.09359481930732726,0.3583138173302108,481,0.09412726014852524,0.139432892203331,0.375487900078064,481,0.157764732837677,0.2251063734292984,0.375487900078064
22.7,100.0,supported,True,1.0,4.0,23.036315917928444,22.8,24.0,1,228,1496,1336,3.7018716577540105,315.08624267578125,317.73699951171875,24.0,554,0.06032719835639,0.09469434097409249,0.37032085561497324,579,0.09791690856218338,0.14717881083488468,0.3870320855614973,579,0.1755838245153427,0.2460403770208359,0.3870320855614973
22.8,100.0,supported,True,1.0,0.0,33.015704875650414,22.885,12.0,1,229,1197,1063,4.811194653299917,314.445556640625,316.8854675292969,20.0,569,0.05419206991791725,0.08023896813392639,0.4753550543024227,587,0.08317866176366806,0.11700232774019241,0.4903926482873851,587,0.1438421905040741,0.19063329398632048,0.4903926482873851
22.9,100.0,supported,True,0.9047619047619048,8.0,34.37547151302234,22.985,28.0,1,230,886,818,4.690744920993228,311.81597900390625,315.3454284667969,26.0,428,0.06533467769622803,0.1032581351697445,0.48306997742663654,443,0.09526628255844116,0.14904901385307312,0.5,443,0.17265373468399048,0.25312707424163816,0.5
23.0,100.0,supported,True,0.9523809523809523,5.656854249492381,26.052914622341106,23.075,16.0,1,231,916,778,4.5174672489082965,310.2904052734375,316.6946716308594,20.0,413,0.05705801397562027,0.09284308999776841,0.45087336244541487,430,0.09091155230998993,0.1425170674920082,0.46943231441048033,430,0.17119577527046204,0.2679633885622025,0.46943231441048033
23.1,100.0,supported,True,0.9523809523809523,5.656854249492381,7.809011855072015,23.17,32.0,1,232,735,659,4.821768707482994,309.6934814453125,319.97259521484375,28.0,355,0.08151423186063766,0.14046238362789154,0.48299319727891155,362,0.1328267604112625,0.23948907852172857,0.4925170068027211,362,0.2550448179244995,0.45831355154514314,0.4925170068027211
23.2,100.0,multiple_channels,False,1.0,4.0,8.165043556324722,23.275,16.0,2,233,975,816,3.8348717948717947,309.24981689453125,313.06982421875,20.0,370,0.0724693164229393,0.11621030420064928,0.37948717948717947,390,0.11037733405828476,0.16130458265542985,0.4,391,0.18858057260513306,0.284687340259552,0.40102564102564103
23.3,100.0,supported,True,0.9047619047619048,8.0,8.568198333168807,23.375,12.0,1,234,756,642,3.742063492063492,308.2586669921875,311.51251220703125,20.0,267,0.08503146469593048,0.15049872100353243,0.3531746031746032,280,0.13545666635036469,0.21705045998096464,0.37037037037037035,280,0.25202998518943787,0.37107194066047666,0.37037037037037035
23.4,100.0,supported,True,1.0,4.0,16.562014943829062,23.465,20.0,1,235,1172,1053,5.574232081911263,307.5282287597656,311.2240295410156,22.0,662,0.058171939104795456,0.11950360387563705,0.5648464163822525,674,0.08328639715909958,0.18657478094100957,0.5750853242320819,674,0.1463625431060791,0.2821080088615419,0.5750853242320819
23.5,100.0,supported,True,1.0,4.0,24.343974688931077,23.585,16.0,1,236,975,853,3.624615384615385,306.7087097167969,310.0980529785156,20.0,312,0.09277684986591339,0.14198085367679603,0.32,330,0.1329001784324646,0.21905460208654404,0.3384615384615385,331,0.23951317369937897,0.3577442467212677,0.3394871794871795
23.6,100.0,supported,True,1.0,4.0,5.262895712529554,23.69,0.0,0,237,1268,1137,3.7610410094637223,306.4397277832031,309.29107666015625,20.0,435,0.07080325484275818,0.12749925255775452,0.3430599369085173,463,0.09374538064002991,0.15847298800945284,0.36514195583596215,463,0.14099308848381042,0.2682238578796387,0.36514195583596215
23.7,100.0,supported,True,1.0,4.0,2.949048848762295,23.785,16.0,1,238,1178,988,3.654499151103565,305.2697448730469,309.8243408203125,20.0,381,0.0677959993481636,0.12314368039369583,0.3234295415959253,405,0.10829360038042068,0.19279422760009768,0.3438030560271647,405,0.1948353797197342,0.35104127526283274,0.3438030560271647
23.8,100.0,supported,True,1.0,4.0,5.228658920988573,23.885,16.0,1,239,962,856,3.922037422037422,303.1538391113281,308.000732421875,20.0,352,0.06841643899679184,0.11295798197388662,0.3659043659043659,373,0.10700448602437973,0.17842489778995518,0.3877338877338877,373,0.17471347749233246,0.2851741671562195,0.3877338877338877
23.9,100.0,supported,True,1.0,0.0,4.158730380352405,23.985,12.0,1,240,1023,905,4.192570869990225,301.30938720703125,306.2023620605469,20.0,458,0.06257646530866623,0.10434499233961107,0.447702834799609,470,0.10034948587417603,0.16078750193119049,0.45943304007820135,470,0.18533092737197876,0.23485189825296404,0.45943304007820135
24.0,100.0,supported,True,1.0,0.0,13.737514315023317,24.085,16.0,1,241,958,871,4.978079331941545,300.7508544921875,304.0386657714844,20.0,525,0.0697718933224678,0.1107388406991959,0.5480167014613778,531,0.11227032542228699,0.17966672778129578,0.5542797494780793,531,0.22435824573040009,0.2993089258670807,0.5542797494780793
24.1,100.0,supported,True,1.0,0.0,27.013711978471424,24.185,20.0,1,242,1060,920,4.158490566037736,299.845458984375,303.6436767578125,22.0,435,0.07317475974559784,0.12453982532024391,0.41037735849056606,447,0.1206725686788559,0.1915590763092041,0.4216981132075472,448,0.2353469431400299,0.3834591686725617,0.4226415094339623
24.2,100.0,supported,True,1.0,0.0,21.85376524509449,24.3,20.0,1,243,818,696,3.6136919315403424,297.55316162109375,301.8980712890625,22.0,269,0.08373852074146271,0.1526494950056076,0.32885085574572126,296,0.14848408102989197,0.29911966621875763,0.36185819070904646,297,0.3315163850784302,0.46235917806625376,0.363080684596577
24.3,100.0,supported,True,1.0,4.0,24.26591337669346,24.39,20.0,1,244,1210,1095,4.473553719008264,296.5537109375,302.1438293457031,22.0,556,0.07346108555793762,0.11671733483672142,0.45950413223140496,569,0.12174776941537857,0.21306058764457703,0.47024793388429753,569,0.24128445982933044,0.37525153160095215,0.47024793388429753
24.4,100.0,supported,True,1.0,0.0,17.03631317584231,24.49,24.0,1,245,1284,1122,3.8940809968847354,297.0120544433594,300.5013732910156,24.0,482,0.06850084662437439,0.11497674882411965,0.37538940809968846,501,0.11094609647989273,0.17568065226078033,0.3901869158878505,501,0.18828974664211273,0.3220193684101105,0.3901869158878505
24.5,100.0,supported,True,1.0,0.0,15.405327045780547,24.585,0.0,2,246,914,782,3.235229759299781,295.51422119140625,298.9896545410156,20.0,258,0.07482166588306427,0.13219030052423483,0.28227571115973743,274,0.12303116917610168,0.24023496210575107,0.29978118161925604,274,0.2449672520160675,0.4060045301914215,0.29978118161925604
24.6,100.0,supported,True,1.0,4.0,4.785366411120104,24.7,16.0,1,247,1159,980,2.9396031061259706,295.51763916015625,298.4599914550781,20.0,253,0.07683668285608292,0.12522985339164733,0.2182916307161346,278,0.12141846865415573,0.21297060847282412,0.23986194995685936,278,0.2348325252532959,0.355297714471817,0.23986194995685936
24.7,100.0,multiple_channels,False,0.8571428571428571,8.0,2.574390185442325,24.805,36.0,3,248,1073,979,3.8014911463187326,295.4527893066406,311.6498718261719,30.0,375,0.08296860009431839,0.15373595654964456,0.3494874184529357,389,0.1392444521188736,0.20993479490280148,0.3625349487418453,389,0.2608088254928589,0.3767631947994232,0.3625349487418453
24.8,100.0,supported,True,1.0,4.0,11.397708949975069,24.905,24.0,1,249,1484,1321,3.784366576819407,295.334716796875,298.9983825683594,24.0,484,0.08094986528158188,0.1313765838742256,0.3261455525606469,502,0.10693703591823578,0.1968106254935265,0.33827493261455527,503,0.18978123366832733,0.3887111485004425,0.3389487870619946
24.9,100.0,supported,True,1.0,4.0,14.133540170797165,25.015,52.0,1,250,2393,2196,5.6514834935227745,295.33026123046875,299.2957763671875,38.0,1408,0.07521077245473862,0.1153367556631565,0.5883827831174259,1430,0.10080549120903015,0.16691890805959705,0.5975762641036356,1430,0.16517826914787292,0.28545240461826343,0.5975762641036356
25.0,100.0,supported,True,1.0,4.0,14.970658472838435,25.12,20.0,1,251,1297,1145,5.037008481110254,295.1842041015625,297.2546691894531,22.0,694,0.0544576421380043,0.0756282925605774,0.5350809560524287,715,0.07239418476819992,0.1052888721227646,0.551272166538165,715,0.10206139832735062,0.15813840925693512,0.551272166538165
25.1,100.0,supported,True,1.0,4.0,32.747749193440356,25.225,16.0,1,252,897,825,5.695652173913044,293.2377624511719,296.0658874511719,20.0,531,0.052848488092422485,0.07743280380964279,0.5919732441471572,544,0.07218113541603088,0.10747306644916534,0.6064659977703456,544,0.10490288585424423,0.15945827215909958,0.6064659977703456
25.2,100.0,supported,True,1.0,0.0,24.8813693806723,25.305,16.0,1,253,1125,1013,4.765333333333333,289.8714294433594,294.9839172363281,20.0,555,0.0698903501033783,0.1365799367427826,0.49333333333333335,567,0.10817418247461319,0.21999576985836036,0.504,567,0.2197059541940689,0.3819499731063844,0.504
25.3,100.0,supported,True,1.0,4.0,17.41413113012301,25.385,24.0,1,254,1007,906,4.901688182720953,289.0718994140625,293.1478576660156,24.0,521,0.08198555558919907,0.14190877974033356,0.5173783515392254,530,0.1281260848045349,0.22299417555332188,0.5263157894736842,530,0.24450355768203735,0.36456689834594724,0.5263157894736842
25.4,100.0,supported,True,1.0,0.0,21.24814156316729,25.49,20.0,1,255,1213,1123,5.0593569661995055,290.0745544433594,292.23236083984375,22.0,680,0.07250266522169113,0.11842011436820031,0.560593569661995,699,0.10314089059829712,0.15204690694808962,0.5762572135201979,699,0.1625315099954605,0.2588669300079346,0.5762572135201979
25.5,100.0,supported,True,1.0,4.0,20.81698308651257,25.595,16.0,1,256,617,563,4.4424635332252835,288.6086120605469,291.7710266113281,20.0,290,0.07836472988128662,0.1364152327179909,0.4700162074554295,296,0.11391381919384003,0.20003730803728104,0.47974068071312803,297,0.18829725682735443,0.32780838012695324,0.4813614262560778
25.6,100.0,supported,True,1.0,0.0,15.778571312933174,25.7,24.0,1,257,1155,1034,3.604329004329004,288.1575622558594,291.31964111328125,24.0,385,0.06736486405134201,0.10683871060609819,0.3333333333333333,415,0.09674107283353806,0.15658438801765445,0.3593073593073593,415,0.18154628574848175,0.31221034526824953,0.3593073593073593
25.7,100.0,supported,True,1.0,4.0,18.053658419400474,25.795,16.0,1,258,1023,836,2.3548387096774195,287.25146484375,290.1502380371094,20.0,121,0.09579195827245712,0.14225155115127563,0.11827956989247312,137,0.13754937052726746,0.20497612357139589,0.13391984359726294,137,0.23737603425979614,0.30293819308280945,0.13391984359726294
25.8,100.0,supported,True,1.0,4.0,9.817053853567232,25.905,16.0,1,259,942,763,2.7505307855626326,286.2633361816406,291.1239318847656,20.0,177,0.07111388444900513,0.10561361610889435,0.18789808917197454,196,0.1136251762509346,0.18115078657865524,0.208067940552017,196,0.2428026646375656,0.32936112582683563,0.208067940552017
25.9,100.0,supported,True,1.0,4.0,12.81539928388334,26.005,44.0,1,260,1841,1680,3.2884302009777295,286.0581359863281,299.28936767578125,34.0,443,0.06542182713747025,0.10556323230266573,0.24063009234111896,489,0.10898222774267197,0.18328128457069398,0.26561651276480175,489,0.20439106225967407,0.40496677756309507,0.26561651276480175
26.0,100.0,multiple_channels,False,0.8571428571428571,12.0,2.510707780480197,26.125,20.0,2,261,1086,876,2.458563535911602,285.2929992675781,291.5724792480469,22.0,156,0.08036576956510544,0.1235167533159256,0.143646408839779,184,0.12350062280893326,0.18149005174636842,0.1694290976058932,184,0.24792766571044922,0.3876518070697786,0.1694290976058932
26.1,100.0,supported,True,0.9523809523809523,8.0,10.48377403496683,26.22,20.0,1,262,1512,1384,3.996693121693122,284.9700012207031,290.1847229003906,22.0,610,0.06445413827896118,0.10556645765900612,0.40343915343915343,632,0.08921568095684052,0.15995008349418638,0.41798941798941797,632,0.15127325057983398,0.2939810127019882,0.41798941798941797
26.2,100.0,supported,True,1.0,0.0,13.186388540740491,26.32,28.0,1,263,1887,1756,4.2729199788023315,284.9588928222656,287.1478271484375,26.0,840,0.07515355199575424,0.11092034727334978,0.4451510333863275,872,0.09489840269088745,0.15345605611801147,0.4621091679915209,872,0.1754569709300995,0.26151670813560485,0.4621091679915209
26.3,100.0,supported,True,1.0,0.0,5.890497957645327,26.42,16.0,1,264,1116,1007,3.986559139784946,284.0079040527344,287.03448486328125,20.0,438,0.06866897642612457,0.10618705227971077,0.3924731182795699,458,0.09660197049379349,0.1470182791352272,0.4103942652329749,458,0.16409996151924133,0.26337106227874757,0.4103942652329749
26.4,100.0,supported,True,1.0,4.0,6.781978537470415,26.52,16.0,1,265,1181,1081,3.8094834885690094,283.3472595214844,286.1827697753906,20.0,423,0.08128395676612854,0.1251839891076088,0.35817104149026247,443,0.12063246220350266,0.19543419778347018,0.37510584250635054,443,0.2109576165676117,0.31696268916130066,0.37510584250635054
26.5,100.0,multiple_channels,False,0.9523809523809523,5.656854249492381,6.350242257025583,26.62,16.0,2,266,1443,1350,4.911295911295912,283.035400390625,286.7167663574219,20.0,787,0.06672879308462143,0.111744387447834,0.5453915453915454,793,0.09331706911325455,0.1550100862979889,0.5495495495495496,793,0.17668147385120392,0.26154205203056335,0.5495495495495496
26.6,100.0,supported,True,1.0,0.0,3.1980704917572322,26.72,44.0,1,267,2451,2293,5.807425540595675,283.1759948730469,287.5269470214844,34.0,1485,0.06193777173757553,0.11511395126581193,0.605875152998776,1499,0.08188368380069733,0.17694111168384552,0.6115871073031416,1499,0.1463700532913208,0.3078499853610993,0.6115871073031416
26.7,100.0,supported,True,1.0,4.0,15.063947533600016,26.805,0.0,0,268,871,768,5.715269804822044,282.7071838378906,286.6153564453125,20.0,516,0.06975334882736206,0.10710356011986732,0.5924225028702641,523,0.10413812845945358,0.1590292900800705,0.600459242250287,524,0.18897494673728943,0.26740851700305934,0.6016073478760046
26.8,100.0,supported,True,0.9523809523809523,5.656854249492381,13.890622709145905,26.895,32.0,1,269,1474,1366,4.956580732700136,282.4798889160156,285.5125732421875,28.0,855,0.06427120417356491,0.09990087747573853,0.5800542740841248,866,0.09149222820997238,0.14311251789331436,0.587516960651289,866,0.1642226278781891,0.25610439479351044,0.587516960651289
26.9,100.0,supported,True,1.0,4.0,12.518748496729605,27.0,40.0,1,270,1540,1342,4.388311688311688,281.3856201171875,285.3922119140625,32.0,700,0.057131100445985794,0.09021825566887856,0.45454545454545453,714,0.08391010761260986,0.12650732249021532,0.4636363636363636,715,0.14603011310100555,0.21385087966918945,0.4642857142857143
27.0,100.0,supported,True,1.0,0.0,2.5841634543423417,27.1,24.0,1,271,1317,1195,4.613515565679575,279.2659912109375,282.2576599121094,24.0,642,0.0741456151008606,0.11052202433347702,0.4874715261958998,659,0.11183252930641174,0.15460092425346378,0.5003796507213364,659,0.18939517438411713,0.2416805535554886,0.5003796507213364
27.1,100.0,supported,True,1.0,0.0,12.759966271307913,27.195,24.0,1,272,1296,1114,4.548611111111111,277.490234375,281.88140869140625,24.0,578,0.07169654965400696,0.11808091849088677,0.44598765432098764,596,0.1032792329788208,0.16602575033903122,0.45987654320987653,596,0.16907912492752075,0.25240957736968994,0.45987654320987653
27.2,100.0,supported,True,1.0,4.0,9.70379006268099,27.295,24.0,1,273,1051,928,4.7783063748810655,276.84197998046875,280.8243103027344,24.0,506,0.08085484802722931,0.13384009897708893,0.4814462416745956,517,0.1255343109369278,0.1879907786846161,0.49191246431969554,517,0.23611027002334595,0.31653947830200196,0.49191246431969554
27.3,100.0,supported,True,1.0,0.0,13.536077161040424,27.395,16.0,1,274,1084,923,4.476014760147602,275.951904296875,279.55499267578125,20.0,482,0.07012023031711578,0.11709781140089036,0.4446494464944649,502,0.10422706604003906,0.17355484664440154,0.46309963099630996,502,0.1868230104446411,0.2989038109779358,0.46309963099630996
27.4,100.0,supported,True,0.8571428571428571,11.313708498984761,13.007284156907502,27.5,0.0,1,275,500,435,3.374,274.037353515625,277.6505432128906,20.0,138,0.0920981615781784,0.1566126227378845,0.276,146,0.1456742286682129,0.25194720178842545,0.292,146,0.27180832624435425,0.417067289352417,0.292
27.5,100.0,supported,True,1.0,4.0,8.776797534218701,27.58,24.0,1,276,1238,1111,4.726171243941842,273.5389404296875,277.487060546875,24.0,605,0.07779067754745483,0.13047235310077668,0.4886914378029079,626,0.12108496576547623,0.20154917985200882,0.505654281098546,626,0.23188000917434692,0.3462486118078232,0.505654281098546
27.6,100.0,multiple_channels,False,1.0,4.0,3.2628777218356384,27.675,24.0,2,277,1048,951,4.6183206106870225,273.3692932128906,276.99334716796875,24.0,530,0.07759952545166016,0.11926772370934487,0.5057251908396947,544,0.11079278588294983,0.17479824423789977,0.5190839694656488,545,0.21881018579006195,0.2952884674072266,0.5200381679389313
27.7,100.0,supported,True,1.0,0.0,8.420362995756118,27.77,20.0,1,278,1090,974,4.8119266055045875,273.7073974609375,276.548095703125,22.0,587,0.0628216564655304,0.10478723049163814,0.5385321100917431,596,0.09769229590892792,0.16674131900072098,0.5467889908256881,596,0.17813080549240112,0.2809355556964874,0.5467889908256881
27.8,100.0,supported,True,1.0,4.0,10.8011028580461,27.87,32.0,1,279,2073,1889,4.60154365653642,272.51190185546875,275.8284606933594,28.0,1062,0.07285214960575104,0.11165504455566407,0.5123010130246021,1080,0.10791563987731934,0.15121846944093706,0.5209840810419681,1081,0.18189752101898193,0.2658507525920868,0.5214664737095996
27.9,100.0,supported,True,1.0,4.0,8.970105386307562,27.97,16.0,1,280,1285,1153,4.439688715953308,273.446533203125,275.6288757324219,20.0,614,0.06393146514892578,0.09278715476393701,0.4778210116731518,632,0.09019196033477783,0.13595162779092787,0.49182879377431904,632,0.14570260047912598,0.27117608487606043,0.49182879377431904
28.0,100.0,supported,True,1.0,0.0,6.627875484306351,28.065,20.0,1,281,1098,958,3.726775956284153,271.75531005859375,274.70733642578125,22.0,420,0.06948143243789673,0.11185802668333054,0.3825136612021858,436,0.10916715860366821,0.1590268611907959,0.3970856102003643,436,0.19854314625263214,0.27591510117053986,0.3970856102003643
28.1,100.0,supported,True,1.0,0.0,6.513599575062196,28.17,20.0,1,282,1107,1015,4.065040650406504,268.37335205078125,273.4679870605469,22.0,464,0.06353802978992462,0.11243193745613098,0.41915085817524844,480,0.10622802376747131,0.15980733633041388,0.43360433604336046,480,0.19339165091514587,0.26439414024353025,0.43360433604336046
28.2,100.0,supported,True,1.0,0.0,2.1617286525454795,28.27,12.0,1,283,1386,1233,4.3852813852813854,269.7325134277344,271.4415588378906,20.0,682,0.052457571029663086,0.08286055475473403,0.49206349206349204,706,0.08327670395374298,0.12443710118532181,0.5093795093795094,706,0.15237542986869812,0.20410530269145966,0.5093795093795094
28.3,100.0,supported,True,1.0,0.0,11.076071091057857,28.365,12.0,1,284,867,803,4.9988465974625145,269.0467224121094,270.93743896484375,20.0,493,0.048758890479803085,0.06986510455608368,0.5686274509803921,502,0.06761316955089569,0.09180014505982399,0.5790080738177624,502,0.10062722116708755,0.13251693546772003,0.5790080738177624
28.4,100.0,supported,True,1.0,0.0,22.25117828009726,28.465,24.0,1,285,1693,1603,5.26520968694625,267.0372619628906,270.1577453613281,24.0,1012,0.05627879872918129,0.0850611113011837,0.5977554636739516,1027,0.08273205161094666,0.12335902750492096,0.6066154754873007,1027,0.13789112865924835,0.19935699403285978,0.6066154754873007
28.5,100.0,supported,True,1.0,4.0,19.527789178039537,28.575,24.0,1,286,1441,1278,4.694656488549619,268.0883483886719,270.1578369140625,24.0,731,0.06294521689414978,0.09469103068113327,0.5072866065232478,746,0.09235750883817673,0.13045071810483932,0.5176960444136016,746,0.14393511414527893,0.1905154287815094,0.5176960444136016
28.6,100.0,supported,True,1.0,0.0,6.664509062430542,28.675,20.0,1,287,1078,933,4.0,264.9360656738281,269.1250305175781,22.0,431,0.07395576685667038,0.11888960748910904,0.39981447124304265,446,0.11013539135456085,0.16648166626691818,0.4137291280148423,446,0.19583430886268616,0.3065893203020096,0.4137291280148423
28.7,100.0,supported,True,1.0,0.0,3.365705310158374,28.77,16.0,1,288,1028,906,5.006809338521401,265.47076416015625,268.2049255371094,20.0,541,0.06922081112861633,0.10760331153869629,0.5262645914396887,551,0.09846030920743942,0.14724300801753998,0.5359922178988327,552,0.1971406787633896,0.2643727272748947,0.5369649805447471
28.8,100.0,supported,True,1.0,0.0,1.922325855918831,28.87,24.0,1,289,1507,1354,4.7126741871267415,263.81103515625,266.66766357421875,24.0,695,0.0716468095779419,0.10776436924934389,0.46118115461181153,717,0.09984881430864334,0.14910261034965513,0.47577969475779697,717,0.16202504932880402,0.2364446610212326,0.47577969475779697
28.9,100.0,supported,True,1.0,0.0,5.684675858236192,28.97,20.0,1,290,1578,1441,5.550063371356147,263.7242431640625,266.22222900390625,22.0,958,0.06938271224498749,0.09755696654319768,0.6070975918884665,968,0.09742660820484161,0.1319758012890816,0.6134347275031685,969,0.15925386548042297,0.21218583285808562,0.6140684410646388
29.0,100.0,supported,True,1.0,0.0,10.412526854983422,29.065,16.0,1,291,1157,1006,4.181503889369058,262.691162109375,265.4902648925781,20.0,489,0.06560419499874115,0.10186381787061691,0.4226447709593777,507,0.08902870118618011,0.14354006350040438,0.43820224719101125,507,0.14375914633274078,0.2389994025230408,0.43820224719101125
29.1,100.0,sparse_water_returns,False,0.8095238095238095,16.97056274847714,39.20908400666352,29.155,0.0,1,292,488,465,5.434426229508197,262.911376953125,264.7176513671875,20.0,277,0.0549602285027504,0.07717195004224778,0.5676229508196722,283,0.07306908071041107,0.11252436935901643,0.5799180327868853,283,0.12846975028514862,0.2194463312625885,0.5799180327868853
29.2,100.0,sparse_water_returns;multiple_channels,False,0.8571428571428571,16.97056274847714,27.470822174438556,29.28,12.0,2,293,447,386,3.6778523489932886,260.3149719238281,263.1911926269531,20.0,144,0.0641089528799057,0.10150189623236658,0.3221476510067114,153,0.09952998161315918,0.13240986764431,0.3422818791946309,153,0.14722220599651337,0.19625103473663336,0.3422818791946309
29.3,100.0,supported,True,0.9523809523809523,5.656854249492381,6.481116134557106,29.375,28.0,1,294,1279,1092,4.847537138389367,259.1803283691406,261.8293762207031,26.0,607,0.06392165273427963,0.09476318955421448,0.47458952306489444,619,0.08982403576374054,0.12656143605709075,0.4839718530101642,619,0.13234171271324158,0.16574831306934357,0.4839718530101642
29.4,100.0,supported,True,1.0,0.0,26.23224168790338,29.48,16.0,1,295,1062,917,5.098870056497175,257.048828125,261.10711669921875,20.0,525,0.060956958681344986,0.0924051895737648,0.4943502824858757,533,0.08981119096279144,0.13116327822208407,0.5018832391713748,533,0.14405931532382965,0.23194462656974793,0.5018832391713748
29.5,100.0,supported,True,1.0,0.0,26.24314698542786,29.59,20.0,1,296,1134,1056,6.3236331569664905,256.1065979003906,260.2521057128906,22.0,708,0.06571093946695328,0.09803832396864895,0.6243386243386243,715,0.0972224622964859,0.14949193298816682,0.6305114638447972,715,0.1523571014404297,0.237343567609787,0.6305114638447972
29.6,100.0,supported,True,1.0,0.0,22.67772463709988,29.69,16.0,1,297,1320,1239,6.668181818181818,253.9758758544922,258.4755859375,20.0,836,0.06861339509487152,0.1007729023694992,0.6333333333333333,846,0.09767746925354004,0.14337041974067688,0.6409090909090909,847,0.1721285879611969,0.2511642754077911,0.6416666666666667
29.7,100.0,supported,True,1.0,0.0,11.487311272796552,29.795,20.0,1,298,1416,1335,7.463983050847458,255.08843994140625,257.33770751953125,22.0,1024,0.06660778820514679,0.09634660929441453,0.7231638418079096,1027,0.09405086934566498,0.1340649664402008,0.7252824858757062,1027,0.15938781201839447,0.2152988314628601,0.7252824858757062
29.8,100.0,supported,True,1.0,0.0,9.350762863047867,29.89,32.0,1,299,2414,2303,6.930405965202983,254.7481231689453,258.6604919433594,28.0,1737,0.07068293541669846,0.0988355502486229,0.7195526097763049,1742,0.09950587898492813,0.1379820480942726,0.7216238608119304,1743,0.16680489480495453,0.2221985340118408,0.7220381110190555
29.9,100.0,supported,True,1.0,0.0,1.1883107790324026,29.99,32.0,1,300,2668,2558,5.718515742128935,254.382568359375,257.37322998046875,28.0,1614,0.0715111568570137,0.10183380469679833,0.6049475262368815,1635,0.08981189131736755,0.14922301173210145,0.6128185907046477,1635,0.14247533679008484,0.23218818604946137,0.6128185907046477
30.0,100.0,supported,True,1.0,0.0,3.5071759691589572,30.09,40.0,1,301,3498,3290,6.269296740994855,254.25875854492188,257.6548156738281,32.0,2353,0.06544078886508942,0.09667191207408908,0.6726700971983991,2383,0.08550753444433212,0.1328091382980347,0.6812464265294454,2383,0.13476824760437012,0.22199946343898777,0.6812464265294454
30.1,100.0,supported,True,1.0,0.0,17.334164161375714,30.185,20.0,1,302,1664,1525,4.884014423076923,255.10989379882812,257.29913330078125,22.0,907,0.06288158148527145,0.09776273965835572,0.5450721153846154,926,0.09131735563278198,0.1408420130610466,0.5564903846153846,926,0.13890358805656433,0.24627726525068283,0.5564903846153846
30.2,100.0,supported,True,1.0,4.0,16.855877795762982,30.27,20.0,1,303,746,621,2.804289544235925,250.2905731201172,256.7835388183594,22.0,146,0.07720471918582916,0.11516979709267616,0.19571045576407506,167,0.11602573096752167,0.15944370329380037,0.22386058981233245,167,0.2015918642282486,0.2839020013809204,0.22386058981233245
30.3,100.0,supported,True,1.0,0.0,33.57655274224834,30.375,32.0,1,304,1542,1465,4.647859922178989,250.22543334960938,254.2706298828125,28.0,777,0.06577783077955246,0.09629224985837935,0.5038910505836576,804,0.08982327580451965,0.12334350720047953,0.5214007782101168,804,0.1485060453414917,0.20547894537448883,0.5214007782101168
30.4,100.0,supported,True,1.0,0.0,31.809463781847295,30.485,24.0,1,305,1985,1938,4.3057934508816125,250.0951690673828,252.9993438720703,24.0,859,0.06779085099697113,0.09636791050434114,0.4327455919395466,873,0.08817616105079651,0.13050601184368135,0.4397984886649874,873,0.12803930044174194,0.22667481899261485,0.4397984886649874
30.5,100.0,supported,True,1.0,0.0,12.33315031429177,30.575,24.0,1,306,1915,1811,3.8046997389033943,250.22418212890625,252.94105529785156,24.0,685,0.0642775371670723,0.09757945239543915,0.3577023498694517,723,0.09079653024673462,0.140109059214592,0.37754569190600523,723,0.1381637305021286,0.23243987858295445,0.37754569190600523
30.6,100.0,supported,True,1.0,4.0,28.57137134622018,30.69,32.0,1,307,1704,1447,2.932511737089202,247.82032775878906,253.01730346679688,28.0,380,0.06288047134876251,0.1059928372502327,0.22300469483568075,419,0.09858229756355286,0.15853053033351897,0.24589201877934272,420,0.1702539026737213,0.2786613494157792,0.24647887323943662
30.7,100.0,supported,True,0.8571428571428571,8.0,12.723196487245465,30.8,32.0,1,308,1856,1677,3.849676724137931,247.8822021484375,251.47598266601562,28.0,728,0.05598178505897522,0.08846009373664859,0.3922413793103448,749,0.08034456521272659,0.11914629489183427,0.4035560344827586,749,0.13258324563503265,0.23328560292720796,0.4035560344827586
30.8,100.0,supported,True,0.9523809523809523,5.656854249492381,6.566082037274387,30.9,20.0,1,309,1777,1669,5.60945413618458,246.45184326171875,250.70639038085938,22.0,1120,0.07062499225139618,0.10326194316148758,0.6302757456387169,1128,0.09404610842466354,0.1384437158703804,0.634777715250422,1128,0.15901198983192444,0.2422937855124474,0.634777715250422
30.9,100.0,supported,True,1.0,4.0,17.700156964214678,30.985,20.0,1,310,1303,1196,4.920184190330008,245.1212921142578,257.47265625,22.0,680,0.07579371333122253,0.1355210319161415,0.5218726016884113,700,0.10762303322553635,0.17330481112003326,0.5372217958557176,700,0.16678810119628906,0.23003676980733873,0.5372217958557176
31.0,100.0,supported,True,1.0,0.0,7.841568389372099,31.08,20.0,1,311,1628,1488,5.807739557739557,244.91842651367188,248.5760498046875,22.0,995,0.06940213590860367,0.14453605115413667,0.6111793611793612,1014,0.0972050130367279,0.2067035093903542,0.6228501228501229,1014,0.1799076795578003,0.3159223824739458,0.6228501228501229
31.1,100.0,supported,True,1.0,0.0,6.369077379937363,31.185,16.0,1,312,1296,1234,6.081018518518518,244.70114135742188,247.52218627929688,20.0,822,0.05648355931043625,0.1014810800552368,0.6342592592592593,826,0.09017550945281982,0.14342010766267776,0.6373456790123457,827,0.17630638182163239,0.2531475186347961,0.6381172839506173
31.2,100.0,multiple_channels,False,1.0,4.0,16.78370051371471,31.305,40.0,2,313,2023,1938,5.415719228868018,244.56199645996094,249.2019805908203,32.0,1261,0.06495216488838196,0.10885639488697052,0.6233316856154226,1274,0.07883702218532562,0.15930344462394713,0.629757785467128,1274,0.14938879013061523,0.3288050889968872,0.629757785467128
31.3,100.0,supported,True,0.9523809523809523,8.0,5.751345317869033,31.405,24.0,1,314,1621,1532,5.97655768044417,244.7997589111328,252.94187927246094,24.0,1086,0.07132485508918762,0.13947083801031113,0.6699568167797656,1091,0.10622581839561462,0.18277452886104584,0.6730413325107958,1091,0.17970265448093414,0.2932971715927124,0.6730413325107958
31.4,100.0,supported,True,0.8571428571428571,12.0,8.921706386253737,31.5,40.0,1,315,1293,1251,6.111368909512761,244.66806030273438,247.47181701660156,32.0,896,0.05361410975456238,0.09768107533454895,0.6929621036349575,902,0.07191088795661926,0.13314270079135895,0.6976024748646559,902,0.14382392168045044,0.2814881533384323,0.6976024748646559
31.5,100.0,supported,True,1.0,4.0,22.60449645857729,31.605,28.0,1,316,875,803,4.561142857142857,245.78256225585938,247.375244140625,26.0,450,0.051547639071941376,0.09307169988751414,0.5142857142857142,460,0.07382778078317642,0.12011980041861534,0.5257142857142857,460,0.12458758056163788,0.17158359289169312,0.5257142857142857
31.6,100.0,supported,True,1.0,0.0,28.172234606401865,31.705,28.0,1,317,1951,1811,4.849820604818042,245.57102966308594,247.4235076904297,26.0,1128,0.04057864099740982,0.06448671147227289,0.5781650435674013,1150,0.05028776824474335,0.08222834467887884,0.5894413121476166,1151,0.07033801823854446,0.12378989160060883,0.5899538698103537
31.7,100.0,supported,True,1.0,0.0,26.639167752025276,31.8,20.0,1,318,1049,1008,6.053384175405148,245.4502716064453,247.37718200683594,22.0,734,0.043297119438648224,0.05953516438603402,0.6997140133460439,741,0.05870003253221512,0.08778969943523407,0.7063870352716873,741,0.08878076821565628,0.1474488079547882,0.7063870352716873
31.8,100.0,supported,True,1.0,0.0,23.538917451909338,31.895,20.0,1,319,1341,1273,4.250559284116331,245.1735076904297,247.17373657226562,22.0,571,0.037878528237342834,0.05546592175960541,0.42580164056674125,582,0.056034401059150696,0.0797852024435997,0.43400447427293065,582,0.08591841906309128,0.1336561143398285,0.43400447427293065
31.9,100.0,supported,True,1.0,0.0,22.803108722783247,31.99,36.0,1,320,2532,2477,6.262243285939968,244.0712127685547,247.65829467773438,30.0,1898,0.03721604868769646,0.055991438031196585,0.7496050552922591,1910,0.044827453792095184,0.06959689855575563,0.7543443917851501,1910,0.07751771807670593,0.15322711765766145,0.7543443917851501
32.0,100.0,sparse_water_returns,False,0.7142857142857143,8.0,44.662508022670714,32.085,36.0,1,321,1548,1493,5.666666666666667,244.28414916992188,246.86875915527344,30.0,1046,0.038101330399513245,0.058073364198207855,0.6757105943152455,1058,0.041535649448633194,0.07002353221178055,0.6834625322997416,1058,0.05567958205938339,0.1290676414966584,0.6834625322997416
32.1,100.0,supported,True,1.0,0.0,27.103356325528175,32.19,16.0,1,322,956,866,3.6673640167364017,245.05348205566406,245.93484497070312,20.0,330,0.0386991910636425,0.057983613759279254,0.34518828451882844,350,0.046659160405397415,0.06168125681579113,0.36610878661087864,350,0.058533791452646255,0.1134584113955498,0.36610878661087864
32.2,100.0,supported,True,1.0,4.0,6.464635188299378,32.285,0.0,1,323,532,489,3.387218045112782,243.98741149902344,246.92526245117188,20.0,155,0.03792990744113922,0.06190823167562484,0.29135338345864664,166,0.0590144619345665,0.10586970299482346,0.31203007518796994,166,0.11113299429416656,0.21371570974588394,0.31203007518796994
32.3,100.0,multiple_channels,False,1.0,0.0,6.071660366165832,32.385,16.0,2,324,1162,1039,3.608433734939759,243.94500732421875,245.44100952148438,20.0,393,0.04801291599869728,0.06804973632097244,0.33820998278829606,412,0.073951855301857,0.10197392702102662,0.35456110154905335,412,0.11885808408260345,0.1727878659963608,0.35456110154905335
32.4,100.0,supported,True,1.0,0.0,11.16513312381117,32.49,16.0,1,325,1080,1013,4.046296296296297,241.54640197753906,245.91683959960938,20.0,428,0.05817210674285889,0.08867891803383827,0.3962962962962963,444,0.08059164136648178,0.14627966284751892,0.4111111111111111,444,0.17659291625022888,0.35904167294502254,0.4111111111111111
32.5,100.0,supported,True,1.0,0.0,21.091647762111563,32.615,0.0,1,326,901,859,4.802441731409545,241.97679138183594,244.7141876220703,20.0,492,0.05119708180427551,0.0833100326359272,0.5460599334073252,501,0.07172368466854095,0.12873362004756927,0.5560488346281909,501,0.13172613084316254,0.279934287071228,0.5560488346281909
32.6,100.0,supported,True,1.0,4.0,3.244224575833813,32.715,12.0,1,327,988,950,4.227732793522267,240.4428253173828,243.91456604003906,20.0,437,0.042309392243623734,0.06785628646612167,0.4423076923076923,443,0.06394113600254059,0.09492016583681107,0.4483805668016194,443,0.1204114705324173,0.17412261962890624,0.4483805668016194
32.7,100.0,supported,True,0.9523809523809523,5.656854249492381,9.832308324949734,32.815,24.0,1,328,1746,1683,3.9369988545246275,240.28143310546875,244.97238159179688,24.0,657,0.04515980929136276,0.08566865026950835,0.37628865979381443,676,0.06808842718601227,0.14336229115724564,0.38717067583046966,676,0.14450204372406006,0.3041219860315323,0.38717067583046966
32.8,100.0,multiple_channels,False,1.0,4.0,8.737159548752265,32.91,16.0,2,329,1509,1457,4.966865473823725,240.5032196044922,243.6786651611328,20.0,902,0.0468876026570797,0.07253862768411637,0.5977468522200132,917,0.05804955214262009,0.09679623544216155,0.607687210072896,917,0.09325562417507172,0.2265553891658782,0.607687210072896
32.9,100.0,multiple_channels,False,1.0,4.0,4.96311465875036,33.015,12.0,2,330,964,929,5.203319502074689,239.1868133544922,243.7081298828125,20.0,605,0.07150138914585114,0.11721678525209428,0.6275933609958506,612,0.10012616217136383,0.17140957713127133,0.6348547717842323,612,0.20987755060195923,0.37816280126571655,0.6348547717842323
33.0,100.0,supported,True,1.0,4.0,3.7639715930024757,33.115,24.0,1,331,2032,1974,7.755413385826771,238.98500061035156,243.61253356933594,24.0,1622,0.05357934534549713,0.09791316390037541,0.7982283464566929,1633,0.0693613737821579,0.15505669116973878,0.8036417322834646,1633,0.1287514716386795,0.32025095820426935,0.8036417322834646
33.1,100.0,supported,True,0.9047619047619048,8.0,2.6975587407361377,33.215,36.0,1,332,1301,1231,6.282859338970023,238.9212188720703,242.82083129882812,30.0,878,0.05519097298383713,0.10007470026612285,0.6748654880860876,883,0.07447400689125061,0.12270406931638723,0.6787086856264412,883,0.13361410796642303,0.2623885154724124,0.6787086856264412
33.2,100.0,supported,True,1.0,0.0,2.1649537809896935,33.315,12.0,1,333,727,668,4.822558459422283,238.9219512939453,242.4234619140625,20.0,400,0.056248605251312256,0.08183855488896372,0.5502063273727648,409,0.08148832619190216,0.11634494066238403,0.562585969738652,409,0.13957937061786652,0.2203974217176437,0.562585969738652
33.3,100.0,supported,True,1.0,0.0,14.594917010298351,33.415,24.0,1,334,1561,1494,6.201793721973094,238.0913543701172,240.9470672607422,24.0,1090,0.05811125785112381,0.08104617819190026,0.6982703395259449,1099,0.08034530282020569,0.12092876136302948,0.7040358744394619,1099,0.13520751893520355,0.2080296576023102,0.7040358744394619
33.4,100.0,supported,True,1.0,0.0,2.993751275361143,33.51,32.0,1,335,1898,1804,5.787671232876712,237.28123474121094,241.00550842285156,28.0,1269,0.058507971465587616,0.08693945854902269,0.6685985247629084,1282,0.08016154170036316,0.11698142141103746,0.6754478398314014,1282,0.13309267163276672,0.2584816485643388,0.6754478398314014
33.5,100.0,supported,True,1.0,0.0,12.929182997751274,33.61,32.0,1,336,2646,2564,7.6281179138322,237.07958984375,240.73452758789062,28.0,2027,0.061521515250205994,0.10914418846368801,0.7660619803476947,2038,0.08011023700237274,0.1568012371659279,0.7702191987906274,2038,0.14229793846607208,0.31707235574722287,0.7702191987906274
33.6,100.0,supported,True,1.0,0.0,20.696325498709907,33.715,12.0,1,337,1738,1645,6.0402761795166855,236.3840789794922,240.6878204345703,20.0,1057,0.04651447385549545,0.07023988664150237,0.6081703107019563,1072,0.06148713827133179,0.10751494467258452,0.616800920598389,1072,0.09830883145332336,0.2231503888964653,0.616800920598389
33.7,100.0,supported,True,1.0,0.0,2.080886397234806,33.805,20.0,1,338,1823,1775,6.194733955019199,236.16546630859375,239.836181640625,22.0,1182,0.05130935460329056,0.14073906242847453,0.648381788261108,1191,0.07535447180271149,0.24075329303741455,0.6533187054306089,1191,0.16842204332351685,0.3671134114265442,0.6533187054306089
33.8,100.0,supported,True,0.9523809523809523,5.656854249492381,18.530989423671294,33.905,36.0,1,339,1878,1776,6.828541001064963,236.36660766601562,239.7198944091797,30.0,1365,0.04431074485182762,0.06437776088714602,0.7268370607028753,1377,0.055895719677209854,0.08842953592538834,0.7332268370607029,1377,0.09913025051355362,0.14971770942211154,0.7332268370607029
33.9,100.0,supported,True,1.0,0.0,32.758509764103,34.01,20.0,1,340,1502,1422,6.7017310252996,235.85098266601562,238.94842529296875,22.0,1102,0.05154907703399658,0.07553681582212447,0.7336884154460719,1108,0.06500712037086487,0.0988560177385807,0.7376830892143809,1108,0.11055494844913483,0.20884124338626878,0.7376830892143809
34.0,100.0,supported,True,1.0,0.0,29.903290492494314,34.105,20.0,1,341,1542,1504,6.3981841763942935,234.52711486816406,238.99722290039062,22.0,1132,0.06344069540500641,0.09697175398468971,0.7341115434500648,1136,0.08128439635038376,0.16199295222759247,0.7367055771725033,1136,0.13606011867523193,0.25787316262722015,0.7367055771725033
34.1,100.0,supported,True,1.0,0.0,25.182951408241056,34.205,32.0,1,342,2354,2263,7.389549702633815,235.08917236328125,238.79322814941406,28.0,1857,0.06333709508180618,0.0999421134591103,0.7888700084961767,1865,0.07949095964431763,0.14938715100288394,0.792268479184367,1865,0.11989668011665344,0.23559219241142276,0.792268479184367
34.2,100.0,supported,True,1.0,0.0,10.365502756156758,34.3,32.0,1,343,2833,2787,7.094246381927285,235.19432067871094,238.93785095214844,28.0,2277,0.056349072605371475,0.09709673821926121,0.8037416166607836,2286,0.06752626597881317,0.1556946188211441,0.8069184609954112,2287,0.11243116110563278,0.26764437556266785,0.8072714436992587
34.3,100.0,supported,True,1.0,0.0,3.9141358089597773,34.4,20.0,1,344,1714,1670,6.2561260210035,236.13809204101562,238.5918731689453,22.0,1250,0.051363226026296616,0.0827849589288235,0.7292882147024504,1258,0.06032669544219971,0.13719223290681837,0.733955659276546,1258,0.08603321015834808,0.22136306166648864,0.733955659276546
34.4,100.0,supported,True,1.0,0.0,10.085102600838416,34.495,20.0,1,345,1647,1611,5.539769277474195,235.2311248779297,238.69276428222656,22.0,1092,0.059925563633441925,0.08747049272060395,0.663023679417122,1103,0.08410942554473877,0.11599014848470689,0.6697024893746205,1104,0.1412411630153656,0.22938696891069413,0.6703096539162113
34.5,100.0,supported,True,1.0,0.0,21.207681255340088,34.595,20.0,1,346,2085,2030,5.9002398081534775,235.89768981933594,237.9393310546875,22.0,1508,0.05946490913629532,0.07738772630691529,0.7232613908872901,1513,0.0767192542552948,0.09807332903146744,0.7256594724220623,1513,0.11047187447547913,0.1606711596250534,0.7256594724220623
34.6,100.0,supported,True,1.0,0.0,15.292815761495973,34.695,16.0,1,347,1042,958,4.529750479846449,236.6945343017578,238.18641662597656,20.0,491,0.05429422855377197,0.07269493490457535,0.4712092130518234,509,0.06763342767953873,0.09431829303503035,0.4884836852207294,509,0.09732844680547714,0.1366584539413452,0.4884836852207294
34.7,100.0,supported,True,0.8571428571428571,8.0,4.7583756423052845,34.8,28.0,1,348,802,761,3.9226932668329177,233.25192260742188,237.87294006347656,26.0,285,0.07882896810770035,0.11941032111644745,0.3553615960099751,303,0.10648058354854584,0.17099076211452485,0.3778054862842893,303,0.17272326350212097,0.272676420211792,0.3778054862842893
34.8,100.0,supported,True,0.9523809523809523,8.0,6.31641580456086,34.895,48.0,1,349,1636,1543,4.20721271393643,233.2554168701172,273.4731140136719,36.0,739,0.0591815821826458,0.13095698356628419,0.4517114914425428,754,0.08175994455814362,0.20185927897691752,0.460880195599022,754,0.1551671028137207,0.36317342221736915,0.460880195599022
34.9,100.0,supported,True,1.0,4.0,15.372282781771537,34.995,24.0,1,350,1398,1318,4.935622317596566,233.2357635498047,236.04901123046875,24.0,785,0.06262647360563278,0.0838721051812172,0.5615164520743919,804,0.07840980589389801,0.11480895429849627,0.575107296137339,804,0.1118430495262146,0.21862172484397902,0.575107296137339
35.0,100.0,supported,True,1.0,0.0,4.611671244666103,35.085,32.0,1,351,1976,1831,3.749493927125506,231.7762908935547,235.66014099121094,28.0,728,0.07600796222686768,0.13448427021503448,0.3684210526315789,755,0.09777885675430298,0.18799566924571995,0.38208502024291496,755,0.1777534931898117,0.30622596740722663,0.38208502024291496
35.1,100.0,supported,True,1.0,0.0,9.286149202204927,35.19,28.0,1,352,1653,1619,5.4464609800362975,231.92471313476562,235.01882934570312,26.0,1138,0.06580835580825806,0.09538625478744507,0.6884452510586812,1145,0.07943424582481384,0.12345898449420936,0.6926799758015729,1145,0.12620095908641815,0.2253022313117982,0.6926799758015729
35.2,100.0,supported,True,1.0,0.0,12.99636594978389,35.29,0.0,0,353,1074,1025,6.761638733705773,232.29771423339844,236.08119201660156,20.0,805,0.07460306584835052,0.10295066386461259,0.749534450651769,807,0.09994422644376755,0.13582179248332976,0.7513966480446927,807,0.1705358326435089,0.23840441703796383,0.7513966480446927
35.3,100.0,supported,True,1.0,4.0,16.230511390052392,35.4,24.0,1,354,1163,1119,5.779879621668099,230.83456420898438,234.65431213378906,24.0,790,0.06511525809764862,0.09014226198196414,0.6792777300085985,796,0.08430925011634827,0.12338348478078842,0.6844368013757524,796,0.13900655508041382,0.2357669249176979,0.6844368013757524
35.4,100.0,supported,True,1.0,0.0,13.9978206126422,35.505,20.0,1,355,1749,1713,6.082904516866781,231.64598083496094,234.1224365234375,22.0,1350,0.05265605449676514,0.07366829216480256,0.7718696397941681,1355,0.06262826919555664,0.09946952909231191,0.7747284162378502,1355,0.08746656775474548,0.1939503401517868,0.7747284162378502
35.5,100.0,supported,True,1.0,0.0,13.056758328999825,35.605,28.0,1,356,1906,1851,5.806925498426023,230.9993133544922,234.36163330078125,26.0,1344,0.051108893007040024,0.07610500678420068,0.7051416579223505,1355,0.06409517675638199,0.09477872103452684,0.710912906610703,1355,0.09526805579662323,0.18724975287914278,0.710912906610703
35.6,100.0,supported,True,1.0,0.0,14.59538022803794,35.71,28.0,1,357,1602,1571,6.451310861423221,231.6388397216797,234.91213989257812,26.0,1186,0.04745058715343475,0.085126843303442,0.7403245942571786,1197,0.05907834693789482,0.1013023689389229,0.7471910112359551,1197,0.0923101082444191,0.17725527584552767,0.7471910112359551
35.7,100.0,supported,True,1.0,0.0,11.785913300690533,35.8,20.0,1,358,1361,1345,7.639970609845702,230.52194213867188,235.15277099609375,22.0,1136,0.04627423733472824,0.07149757444858551,0.8346803820720059,1140,0.05948643013834953,0.11292030885815624,0.8376193975018369,1140,0.11710651218891144,0.24607217460870742,0.8376193975018369
35.8,100.0,supported,True,1.0,4.0,2.634078885700246,35.9,32.0,1,359,1673,1550,5.915720263000598,231.02407836914062,234.1812744140625,28.0,1011,0.05804196372628212,0.1269826889038086,0.6043036461446504,1024,0.07951922714710236,0.2287162244319917,0.6120741183502689,1024,0.1866888701915741,0.35026697814464586,0.6120741183502689
35.9,100.0,supported,True,1.0,0.0,13.859344010567167,36.015,104.0,1,360,1877,1854,9.183803942461374,231.5782012939453,235.106689453125,64.0,1715,0.04538116976618767,0.08583451956510545,0.9136920618007459,1716,0.05696365237236023,0.10811546444892883,0.9142248268513585,1716,0.08939272165298462,0.21238011866807938,0.9142248268513585
36.0,100.0,supported,True,1.0,0.0,17.179231637018574,36.12,16.0,1,361,1081,1064,8.388529139685476,231.8942413330078,233.64764404296875,20.0,972,0.0398801751434803,0.06214829422533512,0.8991674375578168,973,0.057047247886657715,0.08848748654127121,0.9000925069380203,973,0.12028046697378159,0.17980781495571138,0.9000925069380203
36.1,100.0,supported,True,1.0,0.0,22.08251848137102,36.22,16.0,1,362,1305,1264,6.868199233716475,232.07386779785156,233.2584686279297,20.0,1026,0.04625970125198364,0.06362573802471161,0.7862068965517242,1030,0.06366198509931564,0.08434649929404259,0.789272030651341,1031,0.09863268584012985,0.1470651924610138,0.7900383141762453
36.2,100.0,supported,True,1.0,0.0,16.938371060878044,36.32,28.0,1,363,2389,2352,6.616575973210549,229.7410125732422,233.12010192871094,26.0,1899,0.04791757091879845,0.07871160209178925,0.7948932607785685,1904,0.0619952455163002,0.10312895774841309,0.7969861866889912,1904,0.09694042801856995,0.2289123684167862,0.7969861866889912
36.3,100.0,supported,True,1.0,0.0,6.256794136572783,36.415,12.0,1,364,1096,975,4.66970802919708,231.24610900878906,233.2328338623047,20.0,565,0.04222847521305084,0.062456977367401134,0.5155109489051095,579,0.05287805199623108,0.08173408955335618,0.5282846715328468,579,0.07640517503023148,0.1325898200273514,0.5282846715328468
36.4,100.0,supported,True,1.0,0.0,3.1968782480617923,36.515,20.0,1,365,1366,1325,6.865300146412884,230.02955627441406,231.64996337890625,22.0,1086,0.0491822250187397,0.06568456441164017,0.7950219619326501,1089,0.06611739099025726,0.08774719685316086,0.7972181551976574,1090,0.10543002933263779,0.1630330428481102,0.7979502196193266
36.5,100.0,supported,True,1.0,0.0,14.68229220428851,36.615,16.0,1,366,1113,1084,5.830188679245283,229.3987274169922,232.14755249023438,20.0,824,0.045445434749126434,0.08236609622836115,0.7403414195867026,830,0.059898026287555695,0.13961457908153538,0.7457322551662174,830,0.10181234031915665,0.3120846480131149,0.7457322551662174
36.6,100.0,supported,True,1.0,4.0,31.82365375712688,36.735,44.0,1,367,1293,1177,4.995359628770301,228.9458770751953,232.2853546142578,34.0,729,0.04707210138440132,0.0759184405207634,0.5638051044083526,740,0.06600765138864517,0.09841746166348457,0.5723124516627996,740,0.0963825136423111,0.1498952940106392,0.5723124516627996
36.7,100.0,supported,True,1.0,0.0,19.012676405090936,36.84,12.0,1,368,1381,1332,5.631426502534396,227.37086486816406,230.3603973388672,20.0,954,0.045326750725507736,0.07110672295093537,0.6908037653874004,957,0.06375015527009964,0.10109623074531554,0.6929761042722665,957,0.11415957659482956,0.2228768527507782,0.6929761042722665
36.8,100.0,supported,True,1.0,0.0,21.006686346034606,36.93,24.0,1,369,1623,1570,6.040665434380776,228.14901733398438,231.6728057861328,24.0,1166,0.03907174989581108,0.07043906673789024,0.718422674060382,1174,0.05322037637233734,0.10877511948347093,0.7233518176216882,1174,0.09276914596557617,0.2252733409404755,0.7233518176216882
36.9,100.0,supported,True,1.0,0.0,29.52261951359103,37.045,20.0,1,370,1021,966,5.824681684622918,228.25,229.92822265625,22.0,685,0.04840368032455444,0.07885928303003312,0.6709108716944172,688,0.07506109774112701,0.10466101244091988,0.67384916748286,688,0.1277484893798828,0.1846682265400887,0.67384916748286
37.0,100.0,supported,True,1.0,4.0,17.90309671336834,37.15,24.0,1,371,1213,1156,5.4154987633965375,224.3350830078125,229.62535095214844,24.0,771,0.06355654448270798,0.10618705302476883,0.6356141797197032,781,0.085663340985775,0.13724569976329803,0.6438582028029678,781,0.15035896003246307,0.27921897172927856,0.6438582028029678
37.1,100.0,supported,True,1.0,4.0,28.095710029069657,37.235,12.0,1,372,1045,1010,5.411483253588517,224.47366333007812,228.9502716064453,20.0,685,0.0700041651725769,0.12627855837345123,0.6555023923444976,692,0.10241077840328217,0.17947252690792082,0.662200956937799,692,0.19713088870048523,0.359502437710762,0.662200956937799
37.2,100.0,supported,True,1.0,0.0,28.098451630846075,37.32,24.0,1,373,1702,1627,6.015276145710929,224.31443786621094,229.23741149902344,24.0,1156,0.07159272581338882,0.12396852672100067,0.6792009400705052,1160,0.09663549810647964,0.1769260585308075,0.681551116333725,1160,0.17861899733543396,0.3761887758970261,0.681551116333725
37.3,100.0,multiple_channels,False,1.0,0.0,16.374382773119024,37.42,48.0,3,374,2073,2017,5.991316931982634,224.48696899414062,228.53713989257812,36.0,1516,0.051405176520347595,0.10414621978998184,0.7313072841292813,1525,0.06730448454618454,0.14920829534530644,0.7356488181379643,1525,0.15170694887638092,0.27112179398536684,0.7356488181379643
37.4,100.0,multiple_channels,False,0.9523809523809523,5.656854249492381,11.112055158609367,37.565,28.0,2,375,1931,1864,5.8037286380113935,223.48623657226562,228.28250122070312,26.0,1270,0.06784515827894211,0.12897567152976994,0.6576903158984981,1281,0.09232290834188461,0.16079436242580414,0.663386846193682,1281,0.18528170883655548,0.34720486402511597,0.663386846193682
37.5,100.0,supported,True,1.0,0.0,20.72280599687547,37.65,40.0,1,376,2771,2706,7.061349693251533,223.75794982910156,228.60191345214844,32.0,2149,0.05389104038476944,0.08927994221448898,0.7755322988090942,2158,0.0682927817106247,0.12755757272243498,0.7787802237459401,2158,0.1399565488100052,0.22979624718427658,0.7787802237459401
37.6,100.0,supported,True,0.9523809523809523,5.656854249492381,12.751769566741148,37.735,44.0,1,377,1671,1610,7.7486535008976665,223.2769012451172,229.2549591064453,34.0,1255,0.051721177995204926,0.10039844959974291,0.7510472770795931,1263,0.06743042916059494,0.11777719706296919,0.755834829443447,1264,0.12967205047607422,0.20091443508863452,0.7564332734889287
37.7,100.0,supported,True,1.0,0.0,20.63442567837093,37.83,16.0,1,378,1114,1080,7.600538599640934,224.52549743652344,227.34593200683594,20.0,872,0.0506073534488678,0.07560898214578629,0.7827648114901257,876,0.07200857251882553,0.10806223750114441,0.7863554757630161,876,0.13484475016593933,0.19136608392000198,0.7863554757630161
37.8,100.0,supported,True,1.0,0.0,26.333423396337775,37.93,32.0,1,379,1812,1769,7.951986754966887,224.77615356445312,227.29269409179688,28.0,1565,0.04843221232295036,0.0653836190700531,0.8636865342163356,1567,0.058790773153305054,0.08466220647096635,0.8647902869757175,1567,0.08243034780025482,0.14293394386768343,0.8647902869757175
37.9,100.0,supported,True,1.0,4.0,20.04758684654896,38.05,16.0,1,380,834,795,5.806954436450839,222.16493225097656,227.29364013671875,20.0,554,0.06696659326553345,0.13054977357387543,0.6642685851318945,558,0.1003463864326477,0.15645434111356737,0.6690647482014388,559,0.16787338256835938,0.2774271845817566,0.670263788968825
38.0,100.0,supported,True,1.0,4.0,15.385575743217773,38.145,44.0,1,381,1648,1631,6.214199029126213,222.0189208984375,229.95578002929688,34.0,1232,0.053735777735710144,0.10279459059238434,0.7475728155339806,1245,0.06593611091375351,0.12342687696218498,0.7554611650485437,1245,0.119412861764431,0.22698515057563795,0.7554611650485437
38.1,100.0,supported,True,1.0,0.0,24.862077928537783,38.24,16.0,1,382,1062,1003,4.287193973634651,224.5757293701172,226.1628875732422,20.0,471,0.03768686577677727,0.049171146005392075,0.4435028248587571,487,0.049631860107183456,0.07154258042573929,0.4585687382297552,487,0.08147909492254257,0.11467058807611466,0.4585687382297552
38.2,100.0,supported,True,1.0,0.0,26.018402655464577,38.355,28.0,1,383,1884,1822,5.296709129511678,222.13961791992188,226.13648986816406,26.0,1137,0.0502256378531456,0.0782634675502777,0.6035031847133758,1153,0.06325901299715042,0.08885326385498046,0.611995753715499,1153,0.1048070415854454,0.17953659594058988,0.611995753715499
38.3,100.0,supported,True,1.0,0.0,21.781938590158923,38.46,36.0,1,384,2111,2053,6.68356229275225,222.036376953125,225.2504425048828,30.0,1643,0.04720946401357651,0.07311921864748,0.7783041212695405,1649,0.05647362023591995,0.09127544760704041,0.7811463761250592,1649,0.09635627269744873,0.17435038089752203,0.7811463761250592
38.4,100.0,supported,True,1.0,0.0,23.095852278665024,38.545,32.0,1,385,1763,1695,6.255813953488372,223.20811462402344,225.35720825195312,28.0,1279,0.03909469023346901,0.05675005093216896,0.7254679523539421,1286,0.04697027802467346,0.0788973867893219,0.7294384571752695,1286,0.06951801478862762,0.16696229577064514,0.7294384571752695
38.5,100.0,supported,True,1.0,0.0,25.88268736562825,38.65,28.0,1,386,2125,2088,6.05035294117647,222.02809143066406,225.21807861328125,26.0,1703,0.026157895103096962,0.0494921900331974,0.8014117647058824,1708,0.03438472002744675,0.06727046370506286,0.8037647058823529,1708,0.057808779180049896,0.13123169988393782,0.8037647058823529
38.6,100.0,supported,True,1.0,0.0,9.145739702589832,38.77,28.0,1,387,1145,1107,5.148471615720524,220.7489471435547,224.6743927001953,26.0,725,0.037441350519657135,0.09209792166948319,0.6331877729257642,730,0.053581930696964264,0.10383651927113534,0.6375545851528385,730,0.09041738510131836,0.19376046508550643,0.6375545851528385
38.7,100.0,supported,True,1.0,0.0,14.777039758797141,38.865,48.0,1,388,2298,2267,6.590513489991297,220.9817352294922,228.412353515625,36.0,1766,0.04457753896713257,0.0883808583021164,0.7684943429068756,1776,0.056171417236328125,0.13965550810098648,0.7728459530026109,1776,0.10356572270393372,0.2708641290664673,0.7728459530026109
38.8,100.0,supported,True,1.0,0.0,11.221175886763874,38.95,24.0,1,389,1523,1511,7.632961260669731,221.1367950439453,224.21690368652344,24.0,1337,0.04026779532432556,0.08519161343574526,0.8778726198292843,1339,0.051966965198516846,0.14619819521903996,0.8791858174655286,1339,0.13664713501930237,0.35499094128608705,0.8791858174655286
38.9,100.0,supported,True,1.0,0.0,9.275914796964747,39.05,32.0,1,390,2006,1981,6.464107676969093,220.67330932617188,224.6502685546875,28.0,1573,0.03145088627934456,0.05336491242051124,0.784147557328016,1583,0.03966863453388214,0.07305217534303664,0.7891326021934197,1583,0.06731026619672775,0.1253945916891098,0.7891326021934197
39.0,100.0,supported,True,1.0,0.0,10.60201830303265,39.145,24.0,1,391,1419,1354,4.7272727272727275,222.7135009765625,224.23486328125,24.0,789,0.034960027784109116,0.04741533622145653,0.5560253699788583,800,0.04717947542667389,0.06792727559804917,0.5637773079633545,800,0.07863673567771912,0.11668389588594437,0.5637773079633545
39.1,100.0,supported,True,1.0,4.0,12.976069356126708,39.245,32.0,1,392,1561,1487,3.775144138372838,219.97474670410156,224.07740783691406,28.0,534,0.0459011048078537,0.0822864092886448,0.3420884048686739,560,0.07031005620956421,0.12349185943603519,0.35874439461883406,560,0.1590556800365448,0.2924035876989365,0.35874439461883406
39.2,100.0,supported,True,1.0,0.0,12.61646431350354,39.365,44.0,1,393,2074,1992,5.449855351976856,219.9296112060547,229.29782104492188,34.0,1354,0.044710710644721985,0.0777182936668396,0.6528447444551592,1366,0.05670950934290886,0.10258832573890686,0.6586306653809064,1366,0.11546793580055237,0.18847034126520157,0.6586306653809064
39.3,100.0,supported,True,1.0,0.0,12.151223940669732,39.455,20.0,1,394,951,922,4.996845425867508,220.61105346679688,222.79568481445312,22.0,543,0.04435337707400322,0.06705222427845002,0.5709779179810726,550,0.06388188153505325,0.09830950722098351,0.5783385909568874,550,0.13598115742206573,0.21384193897247314,0.5783385909568874
39.4,100.0,supported,True,1.0,0.0,30.193406989853045,39.55,20.0,1,395,1448,1424,5.9088397790055245,220.95228576660156,222.54351806640625,22.0,1028,0.03454245626926422,0.04577782303094864,0.7099447513812155,1039,0.04354260489344597,0.06067649647593498,0.7175414364640884,1039,0.06747175008058548,0.10691851079463958,0.7175414364640884
39.5,100.0,supported,True,1.0,0.0,39.26660765236772,39.665,24.0,1,396,1956,1928,7.41359918200409,220.94776916503906,223.5096893310547,24.0,1630,0.03239927813410759,0.04436504617333413,0.8333333333333334,1634,0.042974673211574554,0.0648237131536007,0.8353783231083844,1634,0.07641951739788055,0.1280870571732521,0.8353783231083844
39.6,100.0,supported,True,1.0,0.0,47.49075523630021,39.765,20.0,1,397,1348,1312,7.51186943620178,221.19845581054688,222.7338104248047,22.0,1106,0.02857029065489769,0.040914999321103096,0.8204747774480712,1108,0.03895512968301773,0.055301868543028834,0.8219584569732937,1108,0.057924240827560425,0.09634191542863847,0.8219584569732937
39.7,100.0,supported,True,1.0,0.0,20.507565420569627,39.915,24.0,1,398,1680,1629,6.952976190476191,219.14012145996094,222.54566955566406,24.0,1298,0.035160958766937256,0.05814254842698574,0.7726190476190476,1304,0.04536881297826767,0.08360821008682254,0.7761904761904762,1304,0.06450052559375763,0.19826476126909257,0.7761904761904762
39.8,100.0,supported,True,1.0,0.0,4.829696071057091,40.01,32.0,1,399,2082,2031,6.338616714697406,218.0768280029297,222.0980987548828,28.0,1526,0.048864565789699554,0.0744309350848198,0.7329490874159462,1534,0.05680828541517258,0.08404644727706909,0.7367915465898175,1534,0.09291088581085205,0.16544062942266466,0.7367915465898175
39.9,100.0,supported,True,1.0,0.0,12.207961712028247,40.11,28.0,1,400,1568,1530,6.114158163265306,219.69253540039062,221.6319122314453,26.0,1200,0.03491395711898804,0.05002025030553341,0.7653061224489796,1208,0.04319535940885544,0.06233711056411266,0.7704081632653061,1208,0.05863044783473015,0.08439547643065452,0.7704081632653061
40.0,100.0,supported,True,1.0,0.0,19.33993501119453,40.22,28.0,1,401,1815,1786,6.141597796143251,218.9287567138672,220.88165283203125,26.0,1323,0.03554435074329376,0.056647188216447826,0.7289256198347107,1332,0.053046852350234985,0.08213522657752038,0.7338842975206612,1332,0.1120421290397644,0.16569125652313232,0.7338842975206612
40.1,100.0,supported,True,1.0,0.0,27.323938020166437,40.315,40.0,1,402,2709,2634,5.855666297526763,218.72206115722656,221.572021484375,32.0,1913,0.029579024761915207,0.045531798899173734,0.7061646363971945,1927,0.03902227431535721,0.06647313833236695,0.7113325950535253,1927,0.06021866574883461,0.1319077342748642,0.7113325950535253
40.2,100.0,supported,True,1.0,0.0,68.66844943808714,40.385,24.0,1,403,1431,1339,4.564640111809923,216.16848754882812,220.4454345703125,24.0,702,0.03317748010158539,0.07317691668868062,0.49056603773584906,727,0.04631246626377106,0.10179235190153121,0.5080363382250175,727,0.10161949694156647,0.25174244046211236,0.5080363382250175
40.3,100.0,supported,True,1.0,0.0,36.39765605791087,40.46,32.0,1,404,2414,2346,6.745236122618062,216.15286254882812,220.3639373779297,28.0,1821,0.033939290791749954,0.06987887620925903,0.7543496271748136,1835,0.049203209578990936,0.1112110242247582,0.7601491300745651,1835,0.11757893115282059,0.29907891154289257,0.7601491300745651
40.4,100.0,supported,True,1.0,0.0,10.328774874643667,40.545,32.0,1,405,2286,2261,7.636045494313211,216.27821350097656,219.73081970214844,28.0,1953,0.03684964030981064,0.06554036438465119,0.8543307086614174,1959,0.04654764384031296,0.0933041036128998,0.8569553805774278,1959,0.09625725448131561,0.1737423360347748,0.8569553805774278
40.5,100.0,supported,True,1.0,0.0,12.231285240731582,40.64,44.0,1,406,1663,1604,5.942874323511726,216.26979064941406,219.5600128173828,34.0,1060,0.037683725357055664,0.08985050842165947,0.6374022850270595,1076,0.04841126874089241,0.11498204618692398,0.6470234515935057,1076,0.0896371454000473,0.18933659046888351,0.6470234515935057
40.6,100.0,supported,True,1.0,0.0,33.86501842489489,40.74,24.0,1,407,1517,1468,8.2636783124588,217.7537078857422,220.36019897460938,24.0,1232,0.03413188084959984,0.04910895228385925,0.8121292023731048,1238,0.043358560651540756,0.06833938658237457,0.8160843770599868,1238,0.07366262376308441,0.13507946282625194,0.8160843770599868
40.7,100.0,supported,True,1.0,0.0,21.152820265612228,40.84,40.0,1,408,2358,2310,8.025869380831212,217.52162170410156,219.8230438232422,32.0,2013,0.03863077610731125,0.04844095632433891,0.8536895674300254,2017,0.04368976503610611,0.058184572309255604,0.8553859202714165,2018,0.05807621404528618,0.12374503165483473,0.8558100084817643
40.8,100.0,supported,True,1.0,0.0,19.322082829581436,40.94,24.0,1,409,1940,1900,6.797938144329897,217.05154418945312,221.124755859375,24.0,1560,0.03859918192028999,0.04984824024140836,0.8041237113402062,1571,0.045127756893634796,0.08413258194923401,0.8097938144329897,1571,0.0635826364159584,0.22271238267421722,0.8097938144329897
40.9,100.0,supported,True,1.0,0.0,11.082837799895229,41.045,44.0,1,410,2259,2138,5.698981850376272,217.49172973632812,219.2527618408203,34.0,1471,0.039223797619342804,0.04815880209207535,0.6511730854360337,1485,0.044429607689380646,0.05288985520601273,0.6573705179282868,1485,0.05200833082199097,0.08768723607063293,0.6573705179282868
41.0,100.0,supported,True,1.0,0.0,13.228685543048243,41.14,28.0,1,411,1953,1918,6.332309267793139,216.22940063476562,218.37010192871094,26.0,1426,0.03160883113741875,0.052862875163555145,0.7301587301587301,1441,0.03635629266500473,0.06816653907299042,0.7378392217101895,1441,0.05709686875343323,0.14512011408805847,0.7378392217101895
41.1,100.0,supported,True,1.0,0.0,18.504231862234704,41.235,24.0,1,412,1875,1835,5.915733333333334,216.2545623779297,218.89083862304688,24.0,1369,0.0264402125030756,0.03601920232176781,0.7301333333333333,1377,0.03274185582995415,0.04581036195158959,0.7344,1377,0.05138713866472244,0.09592077583074574,0.7344
41.2,100.0,supported,True,1.0,4.0,19.499707301794974,41.335,32.0,1,413,1849,1796,5.302866414277988,215.13235473632812,218.3456268310547,28.0,1184,0.031541503965854645,0.05176598280668259,0.6403461330448891,1201,0.03872649371623993,0.07257493585348129,0.6495402920497566,1202,0.07595919817686081,0.14910490214824693,0.6500811249323959
41.3,100.0,supported,True,0.8571428571428571,11.313708498984761,35.45641944980922,41.425,12.0,1,414,612,589,4.606209150326797,214.5260467529297,217.62060546875,20.0,321,0.03959465026855469,0.08274957537651062,0.5245098039215687,329,0.05912245810031891,0.13696041703224182,0.5375816993464052,329,0.15729914605617523,0.2761165797710418,0.5375816993464052
41.4,100.0,multiple_channels,False,1.0,0.0,23.243098049633804,41.505,12.0,2,415,1145,1096,5.117903930131004,213.20899963378906,217.3249969482422,20.0,665,0.03836413100361824,0.07057490646839142,0.5807860262008734,670,0.05632977932691574,0.13804617673158645,0.5851528384279476,670,0.12307845056056976,0.3298648506402971,0.5851528384279476
41.5,100.0,supported,True,1.0,0.0,14.430883854254226,41.61,24.0,1,416,1571,1532,3.9083386378103118,213.3672637939453,216.28050231933594,24.0,568,0.0299917571246624,0.04812824092805386,0.36155315085932527,596,0.041113968938589096,0.0625754501670599,0.37937619350732016,596,0.0744708776473999,0.13757417351007462,0.37937619350732016
41.6,100.0,supported,True,1.0,0.0,3.9986300800489025,41.715,20.0,1,417,1424,1384,4.627808988764045,213.4564666748047,226.5135040283203,22.0,733,0.03433748334646225,0.07173125892877581,0.514747191011236,749,0.04985314980149269,0.10666383653879175,0.5259831460674157,749,0.10892270505428314,0.21217125952243804,0.5259831460674157
41.7,100.0,supported,True,1.0,0.0,22.76320818661305,41.805,28.0,1,418,1994,1950,7.191574724172518,213.29246520996094,222.73248291015625,26.0,1560,0.0412057489156723,0.06907853931188589,0.7823470411233701,1570,0.04845733195543289,0.107300288975239,0.7873620862587764,1570,0.08345876634120941,0.24282177090644838,0.7873620862587764
41.8,100.0,supported,True,1.0,0.0,55.398305664302384,41.895,28.0,1,419,2228,2199,6.381956912028725,214.1709442138672,219.43678283691406,26.0,1786,0.04069088399410248,0.05752384290099144,0.8016157989228008,1790,0.04772843420505524,0.08266357481479646,0.803411131059246,1790,0.07642678171396255,0.16553777605295186,0.803411131059246
41.9,100.0,supported,True,1.0,0.0,37.67791065592249,42.015,24.0,1,420,1923,1910,6.99739989599584,213.9574737548828,216.287353515625,24.0,1662,0.03748253732919693,0.05372284427285194,0.8642745709828393,1665,0.042151473462581635,0.0731712430715561,0.8658346333853354,1665,0.06974169611930847,0.13318505585193638,0.8658346333853354
42.0,100.0,supported,True,1.0,0.0,5.653064736582595,42.115,24.0,1,421,1261,1221,5.444885011895321,213.87710571289062,218.37892150878906,24.0,776,0.055578432977199554,0.08643805235624313,0.6153846153846154,791,0.07576020061969757,0.12124688923358917,0.6272799365582871,791,0.14638672769069672,0.28638559579849243,0.6272799365582871
42.1,100.0,supported,True,1.0,0.0,5.608499480152452,42.215,28.0,1,422,1616,1575,6.219059405940594,212.9163360595703,221.14373779296875,26.0,1135,0.05956849083304405,0.09164598733186723,0.7023514851485149,1145,0.07143744081258774,0.10977339446544655,0.7085396039603961,1145,0.11003491282463074,0.22061586081981674,0.7085396039603961
42.2,100.0,supported,True,1.0,0.0,15.43453426642299,42.305,20.0,1,423,1252,1226,5.701277955271565,213.3910369873047,216.06077575683594,22.0,830,0.08511288464069366,0.12117986232042313,0.6629392971246006,846,0.09757470339536667,0.14231711626052856,0.6757188498402555,846,0.14118871092796326,0.2714662402868271,0.6757188498402555
42.3,100.0,supported,True,1.0,0.0,11.482003833146877,42.405,20.0,1,424,1156,1131,7.10121107266436,212.6305694580078,221.4906005859375,22.0,911,0.0640437975525856,0.0913311243057251,0.7880622837370242,915,0.0705079510807991,0.12497428953647616,0.7915224913494809,915,0.09366123378276825,0.2139934837818146,0.7915224913494809
42.4,100.0,supported,True,1.0,0.0,6.423466137362864,42.5,28.0,1,425,1486,1440,4.22678331090175,211.8327178955078,215.63641357421875,26.0,616,0.07167668640613556,0.10066153854131699,0.414535666218035,647,0.08232337236404419,0.1166956290602684,0.4353970390309556,647,0.10920915752649307,0.18435867130756375,0.4353970390309556
42.5,100.0,supported,True,1.0,4.0,16.87104832181309,42.605,16.0,1,426,709,681,4.348377997179125,213.49440002441406,214.95098876953125,20.0,332,0.051154278218746185,0.07174842208623887,0.4682651622002821,345,0.05952318385243416,0.08702292889356614,0.48660084626234135,345,0.08840317279100418,0.1186636045575142,0.48660084626234135
42.6,100.0,supported,True,1.0,0.0,14.56701196743743,42.705,24.0,1,427,1202,1120,4.349417637271214,212.07899475097656,214.2706298828125,24.0,537,0.06618087738752365,0.1017889142036438,0.44675540765391014,550,0.09107761085033417,0.13268759399652483,0.45757071547420963,550,0.150514155626297,0.22482966482639316,0.45757071547420963
42.7,100.0,supported,True,1.0,0.0,34.495356698630836,42.81,36.0,1,428,2336,2258,5.219606164383562,211.01031494140625,213.3088836669922,30.0,1411,0.06669844686985016,0.09845411777496338,0.6040239726027398,1430,0.08098872005939484,0.11349995732307436,0.6121575342465754,1430,0.12873977422714233,0.18369359672069552,0.6121575342465754
42.8,100.0,supported,True,1.0,0.0,32.05915474123341,42.92,12.0,1,429,1389,1358,5.407487401007919,211.55355834960938,213.4574737548828,20.0,896,0.061780452728271484,0.08517064154148102,0.6450683945284377,904,0.07226455956697464,0.10065837576985359,0.6508279337652988,904,0.09025505185127258,0.14356567859649658,0.6508279337652988
42.9,100.0,supported,True,1.0,0.0,18.825815633157454,42.995,40.0,1,430,1997,1925,3.8097145718577865,209.66969299316406,213.13623046875,32.0,686,0.05203624069690704,0.08183152228593826,0.34351527290936407,731,0.06693989783525467,0.1194218322634697,0.3660490736104156,732,0.13514333963394165,0.26911230981349943,0.3665498247371057
43.0,100.0,multiple_channels,False,1.0,0.0,17.44948757544335,43.08,16.0,2,431,1673,1621,5.068141063956964,209.2654571533203,212.97142028808594,20.0,939,0.05582840368151665,0.09205667525529862,0.5612671846981471,954,0.06891694664955139,0.1091415099799633,0.5702331141661685,954,0.11430300772190094,0.20686177313327792,0.5702331141661685
43.1,100.0,supported,True,1.0,0.0,8.303882043631186,43.185,20.0,1,432,987,927,4.707193515704154,209.6463623046875,212.6636962890625,22.0,475,0.03931454196572304,0.07062176614999771,0.48125633232016213,489,0.05213584005832672,0.0941235452890396,0.49544072948328266,489,0.08205931633710861,0.1542863190174102,0.49544072948328266
43.2,100.0,supported,True,1.0,0.0,22.118467989017176,43.29,24.0,1,433,2046,2005,4.743401759530792,209.1245574951172,213.180419921875,24.0,1103,0.03241362050175667,0.05046004131436349,0.5391006842619745,1124,0.04478882998228073,0.07418284267187118,0.5493646138807429,1124,0.08009009063243866,0.15782209783792497,0.5493646138807429
43.3,100.0,supported,True,1.0,0.0,12.429909560716675,43.405,40.0,1,434,2907,2870,6.091847265221878,208.66842651367188,212.21127319335938,32.0,2230,0.04366926848888397,0.07862279340624813,0.7671138630890952,2244,0.04918178170919418,0.1045122116804123,0.7719298245614035,2244,0.07758064568042755,0.20402882099151615,0.7719298245614035
43.4,100.0,supported,True,1.0,0.0,4.223892952863402,43.505,28.0,1,435,1904,1878,7.336659663865547,208.7222137451172,212.69227600097656,26.0,1605,0.05366930365562439,0.11925446689128878,0.8429621848739496,1606,0.07260555028915405,0.14118611067533493,0.8434873949579832,1606,0.11643517762422562,0.24836810678243637,0.8434873949579832
43.5,100.0,supported,True,1.0,0.0,15.892891679428397,43.6,32.0,1,436,1838,1787,6.056039173014145,208.55255126953125,212.54322814941406,28.0,1355,0.03972046822309494,0.06434310376644135,0.7372143634385201,1363,0.05100627243518829,0.08036491870880126,0.7415669205658324,1363,0.08312030881643295,0.17661276459693906,0.7415669205658324
43.6,100.0,supported,True,1.0,0.0,5.231331975114364,43.69,24.0,1,437,1754,1729,6.818700114025085,209.3914337158203,211.6257781982422,24.0,1420,0.041249826550483704,0.06425879448652268,0.8095781071835804,1426,0.055178575217723846,0.08502672240138054,0.8129988597491448,1426,0.10064296424388885,0.17039932310581207,0.8129988597491448
43.7,100.0,supported,True,1.0,0.0,7.886109887109509,43.795,32.0,1,438,1849,1820,7.71335857220119,209.2371826171875,211.6249237060547,28.0,1593,0.039188534021377563,0.06802317202091217,0.8615467820443483,1599,0.04909619316458702,0.09083418101072312,0.8647917793401839,1599,0.09805230051279068,0.1551506131887436,0.8647917793401839
43.8,100.0,supported,True,1.0,0.0,42.3938527570203,43.905,44.0,1,439,3110,2966,8.245659163987138,209.6093292236328,211.8166046142578,34.0,2469,0.04402569308876991,0.0666239157319069,0.7938906752411575,2480,0.0598229318857193,0.09073729440569878,0.797427652733119,2480,0.09772127866744995,0.14060061573982235,0.797427652733119
43.9,100.0,supported,True,1.0,4.0,58.14206724243632,44.03,56.0,1,440,2579,2475,8.620007754943776,209.68408203125,211.96046447753906,40.0,2045,0.03966094180941582,0.056886623799800876,0.7929430011632416,2054,0.0534556545317173,0.07560447454452515,0.7964327258627375,2054,0.08491618186235428,0.12210164815187455,0.7964327258627375
44.0,100.0,supported,True,1.0,0.0,25.801007574936047,44.115,48.0,1,441,1404,1339,7.910256410256411,208.76266479492188,211.2716522216797,36.0,1076,0.03972280025482178,0.05776921659708023,0.7663817663817664,1081,0.056548867374658585,0.07551898062229156,0.76994301994302,1082,0.08535875380039215,0.12149796634912491,0.7706552706552706
44.1,100.0,supported,True,1.0,0.0,28.09474469215772,44.21,28.0,1,442,1530,1501,7.75359477124183,207.0083465576172,209.74371337890625,26.0,1257,0.045401301234960556,0.06662663072347642,0.8215686274509804,1263,0.06385216116905212,0.09538697898387909,0.8254901960784313,1263,0.1178799420595169,0.20712499916553495,0.8254901960784313
44.2,100.0,supported,True,1.0,0.0,26.32133001933614,44.3,28.0,1,443,2179,2145,7.677833868747132,206.6166534423828,210.01156616210938,26.0,1820,0.045512404292821884,0.06620166450738908,0.8352455254703993,1824,0.0623113177716732,0.09556142538785938,0.8370812299219825,1824,0.10627006739377975,0.18123846650123596,0.8370812299219825
44.3,100.0,supported,True,1.0,0.0,27.604712277957073,44.39,36.0,1,444,2641,2580,7.228322605073836,205.17913818359375,210.49423217773438,30.0,2113,0.035105787217617035,0.07455382496118544,0.8000757288905718,2130,0.04864802211523056,0.10040133818984032,0.8065126845891708,2130,0.08991694450378418,0.1868642330169678,0.8065126845891708
44.4,100.0,supported,True,1.0,0.0,23.043649015962824,44.475,48.0,1,445,3878,3799,5.438370293965962,206.7426300048828,209.5391082763672,36.0,2453,0.02637341432273388,0.05032441690564157,0.6325425477050026,2492,0.03544352203607559,0.06954749152064325,0.6425992779783394,2492,0.06109913811087608,0.125374211370945,0.6425992779783394
44.5,100.0,supported,True,1.0,4.0,23.941839034803387,44.575,28.0,1,446,1920,1773,4.028125,206.46409606933594,209.3605499267578,26.0,750,0.02920774556696415,0.045090521126985555,0.390625,779,0.041077446192502975,0.07154093682765962,0.40572916666666664,779,0.07140826433897018,0.1420680582523346,0.40572916666666664
44.6,100.0,supported,True,1.0,0.0,8.779551565031378,44.675,24.0,1,447,1615,1574,5.544272445820433,205.59036254882812,209.3458251953125,24.0,1095,0.03226853907108307,0.048934605717659,0.6780185758513931,1102,0.040511101484298706,0.06662402004003525,0.6823529411764706,1102,0.08623397350311279,0.13488649278879164,0.6823529411764706
44.7,100.0,supported,True,1.0,0.0,3.09923168339343,44.775,20.0,1,448,1433,1382,5.6294487090020935,205.7505340576172,207.68478393554688,22.0,955,0.0466223806142807,0.059160418808460236,0.6664340544312631,964,0.05260767787694931,0.07719000428915024,0.6727145847871598,964,0.0749502182006836,0.15238273292779925,0.6727145847871598
44.8,100.0,supported,True,1.0,0.0,8.043990793577091,44.875,28.0,1,449,1745,1694,5.784527220630372,205.20799255371094,207.57757568359375,26.0,1259,0.049974408000707626,0.06739815920591355,0.7214899713467049,1265,0.059691064059734344,0.0847790613770485,0.7249283667621776,1265,0.09117671847343445,0.155814266204834,0.7249283667621776
44.9,100.0,supported,True,1.0,0.0,8.780076923980731,44.97,16.0,1,450,1205,1156,5.195850622406639,205.2678680419922,206.98497009277344,20.0,764,0.0460057258605957,0.06886873990297318,0.6340248962655601,773,0.06409884244203568,0.09559701681137085,0.64149377593361,773,0.11195511370897293,0.17750816345214848,0.64149377593361
45.0,100.0,supported,True,1.0,0.0,4.277134132839771,45.08,20.0,1,451,1503,1394,4.6380572188955425,205.1724090576172,206.4164581298828,22.0,801,0.04562143608927727,0.06449674814939499,0.5329341317365269,817,0.0633508488535881,0.08113711178302764,0.543579507651364,817,0.09626694023609161,0.12583713233470917,0.543579507651364
45.1,100.0,multiple_channels,False,1.0,0.0,8.586013532299933,45.175,24.0,2,452,1913,1838,4.1683220073183485,201.83181762695312,206.0225372314453,24.0,786,0.044981688261032104,0.08193622902035713,0.4108729743857815,810,0.058796096593141556,0.1062787689268589,0.42341871406168324,810,0.12248437851667404,0.2165590837597847,0.42341871406168324
45.2,100.0,supported,True,1.0,0.0,32.308460432130424,45.38,28.0,1,453,1773,1718,5.828539199097575,200.92510986328125,204.99998474121094,26.0,1201,0.047038428485393524,0.0813121348619461,0.6773829667230682,1216,0.0651317909359932,0.11014280840754509,0.6858432036097011,1216,0.12035626173019409,0.23804444819688797,0.6858432036097011
45.3,100.0,multiple_channels,False,1.0,4.0,19.437167575902667,45.435,32.0,2,454,2029,1969,6.745687530803352,201.03042602539062,206.23680114746094,28.0,1547,0.036267321556806564,0.07684762626886373,0.7624445539674717,1556,0.04846010357141495,0.11405682936310768,0.7668802365697388,1556,0.09920929372310638,0.2386161908507347,0.7668802365697388
45.4,100.0,supported,True,1.0,4.0,6.487552642729685,45.525,24.0,1,455,1188,1143,6.872895622895623,201.83607482910156,205.26922607421875,24.0,937,0.048971693962812424,0.10480983704328534,0.7887205387205387,942,0.07293573021888733,0.15934624075889586,0.7929292929292929,942,0.1453448235988617,0.25013887137174606,0.7929292929292929
45.5,100.0,supported,True,1.0,0.0,9.403712363055037,45.625,28.0,1,456,1765,1733,7.3167138810198304,202.30848693847656,204.06271362304688,26.0,1447,0.029135510325431824,0.044900519400835046,0.8198300283286118,1451,0.03680998831987381,0.0616835355758667,0.8220963172804533,1451,0.061975669115781784,0.11358486860990524,0.8220963172804533
45.6,100.0,supported,True,1.0,0.0,7.346216771538221,45.72,20.0,1,457,1288,1245,7.677795031055901,200.20913696289062,204.11749267578125,22.0,1038,0.03922620415687561,0.07712861225008966,0.8059006211180124,1041,0.05209856107831001,0.11345528811216354,0.8082298136645962,1041,0.10510484874248505,0.2118794471025467,0.8082298136645962
45.7,100.0,supported,True,1.0,0.0,4.368093981801584,45.825,20.0,1,458,1299,1283,7.744418783679754,201.2388153076172,202.98048400878906,22.0,1124,0.03357994556427002,0.06444040015339851,0.8652809853733642,1132,0.049145907163619995,0.09659956395626067,0.8714395688991532,1132,0.09091612696647644,0.17253742665052413,0.8714395688991532
45.8,100.0,supported,True,1.0,0.0,18.218438079054334,45.92,24.0,1,459,1541,1497,7.204412719013628,200.86898803710938,202.49169921875,24.0,1297,0.025462869554758072,0.043851847201585775,0.8416612589227774,1300,0.03519903123378754,0.07289362922310831,0.8436080467229072,1300,0.06140929460525513,0.1560805827379227,0.8436080467229072
45.9,100.0,supported,True,1.0,0.0,41.63452984079871,46.01,24.0,1,460,1766,1676,7.809173272933182,201.04150390625,202.39801025390625,24.0,1436,0.03176848590373993,0.05973328836262226,0.8131370328425821,1440,0.05185896158218384,0.09061102718114854,0.8154020385050963,1440,0.09622517228126526,0.15289899557828907,0.8154020385050963
46.0,100.0,supported,True,1.0,4.0,72.16852880451509,46.13,24.0,1,461,1895,1836,6.631662269129287,199.3058624267578,202.36825561523438,24.0,1475,0.0306337159126997,0.05948118120431901,0.7783641160949868,1485,0.048246510326862335,0.09315867125988007,0.783641160949868,1485,0.09045914560556412,0.17060836553573613,0.783641160949868
46.1,100.0,supported,True,1.0,0.0,40.62892524049421,46.285,40.0,1,462,1578,1533,5.585551330798479,199.42185974121094,202.43312072753906,32.0,1120,0.03250626474618912,0.05337257497012615,0.7097591888466414,1128,0.04572227597236633,0.0834976427257061,0.714828897338403,1128,0.10465121269226074,0.1852145567536354,0.714828897338403
46.2,100.0,supported,True,1.0,0.0,12.364390877566752,46.36,24.0,1,463,1449,1416,5.886128364389234,199.27781677246094,202.05918884277344,24.0,1029,0.02903141640126705,0.06195857599377633,0.7101449275362319,1039,0.03694083169102669,0.08112679570913316,0.7170462387853692,1039,0.0803726390004158,0.16160873770713813,0.7170462387853692
46.3,100.0,supported,True,1.0,0.0,21.63662755089509,46.455,12.0,1,464,790,756,4.169620253164557,200.34197998046875,201.5754852294922,20.0,329,0.027193501591682434,0.06141971200704573,0.41645569620253164,336,0.039864253252744675,0.09077479690313339,0.4253164556962025,336,0.08256854116916656,0.12527816742658615,0.4253164556962025
46.4,100.0,supported,True,1.0,0.0,31.25195748923629,46.55,16.0,1,465,1153,1129,5.022549869904597,199.47047424316406,201.53173828125,20.0,681,0.029064884409308434,0.04845307022333145,0.590633130962706,690,0.04376760870218277,0.07734935358166696,0.598438855160451,690,0.09501934051513672,0.19629202932119372,0.598438855160451
46.5,100.0,supported,True,1.0,0.0,13.421192409080112,46.62,32.0,1,466,2363,2275,4.839610664409649,197.92913818359375,201.68577575683594,28.0,1359,0.04928354173898697,0.147140172123909,0.5751163774862463,1381,0.07202333956956863,0.17403626441955566,0.5844265763859501,1381,0.1317545622587204,0.2377348095178604,0.5844265763859501
46.6,100.0,supported,True,1.0,0.0,73.84093797162892,46.725,28.0,1,467,2220,2147,5.538288288288288,198.14584350585938,205.80474853515625,26.0,1524,0.03179221600294113,0.07282563373446466,0.6864864864864865,1542,0.04346634820103645,0.09364899918437004,0.6945945945945946,1542,0.0722273588180542,0.2007191389799118,0.6945945945945946
46.7,100.0,supported,True,1.0,0.0,37.29359995524734,46.81,40.0,1,468,2301,2233,4.915688830943068,198.0848846435547,201.68695068359375,32.0,1387,0.032635703682899475,0.05902848616242409,0.6027813993915688,1410,0.04369881749153137,0.07373678311705589,0.6127770534550195,1410,0.08621317148208618,0.12033731862902644,0.6127770534550195
46.8,100.0,supported,True,1.0,0.0,2.3843002540788283,46.895,24.0,1,469,1530,1465,6.073202614379085,198.2158660888672,203.42227172851562,24.0,1058,0.04742943495512009,0.08051030859351158,0.6915032679738562,1064,0.06321325153112411,0.11566995680332186,0.6954248366013072,1064,0.1196017786860466,0.25279664099216465,0.6954248366013072
46.9,100.0,supported,True,1.0,0.0,12.082805329455459,46.995,44.0,1,470,3669,3609,6.993458708094849,199.51947021484375,202.54200744628906,34.0,3121,0.03608507663011551,0.05800992250442505,0.850640501499046,3136,0.04168456792831421,0.06553833186626434,0.8547288089397655,3136,0.05096633732318878,0.11656739935278893,0.8547288089397655
47.0,100.0,supported,True,1.0,0.0,45.149968008508374,47.095,16.0,1,471,1869,1801,6.78330658105939,199.40960693359375,200.73382568359375,20.0,1396,0.028259916231036186,0.04113428294658661,0.7469234884965222,1405,0.031070975586771965,0.052782591432333034,0.7517388978063135,1405,0.038441307842731476,0.07502632290124907,0.7517388978063135
47.1,100.0,supported,True,1.0,0.0,29.00170195843802,47.215,40.0,1,472,1581,1556,7.840607210626186,198.76495361328125,200.6018524169922,32.0,1352,0.033131781965494156,0.04801655896008015,0.8551549652118912,1357,0.04442431405186653,0.07122133523225785,0.8583175205566097,1357,0.07417791336774826,0.14381679594516755,0.8583175205566097
47.2,100.0,supported,True,1.0,0.0,1.968582287521442,47.31,20.0,1,473,1851,1826,6.033495407887628,198.11822509765625,200.55751037597656,22.0,1344,0.02732689678668976,0.05545594990253449,0.7260940032414911,1349,0.036372892558574677,0.06277345418930055,0.728795245813074,1349,0.06725481897592545,0.10281648784875871,0.728795245813074
47.3,100.0,supported,True,0.9047619047619048,5.656854249492381,11.651726664932161,47.415,28.0,1,474,1865,1826,4.9029490616621985,197.2056427001953,199.95201110839844,26.0,1032,0.03266257792711258,0.06401347294449805,0.5533512064343163,1053,0.046631984412670135,0.09065152108669282,0.5646112600536193,1053,0.09844280034303665,0.22074863314628618,0.5646112600536193
47.4,100.0,supported,True,0.9523809523809523,5.656854249492381,10.616503800619503,47.51,48.0,1,475,2326,2287,6.64402407566638,197.87576293945312,200.24038696289062,36.0,1753,0.027585605159401894,0.04307901263236999,0.7536543422184007,1765,0.035584013909101486,0.07150230705738068,0.7588134135855547,1765,0.07046187669038773,0.15575642585754396,0.7588134135855547
47.5,100.0,supported,True,1.0,0.0,21.81899013293062,47.625,12.0,1,476,1316,1277,6.7006079027355625,196.20346069335938,199.98410034179688,20.0,950,0.032829105854034424,0.06560498550534248,0.7218844984802432,955,0.0408751517534256,0.09242060482501983,0.7256838905775076,955,0.07156172394752502,0.2252639055252076,0.7256838905775076
47.6,100.0,supported,True,1.0,0.0,3.8176153549515903,47.735,20.0,1,477,1262,1168,5.3415213946117275,196.08883666992188,199.43446350097656,22.0,750,0.044112417846918106,0.07607104703783989,0.5942947702060222,756,0.0643443912267685,0.1157120019197464,0.5990491283676703,756,0.13062772154808044,0.26015782356262207,0.5990491283676703
47.7,100.0,supported,True,1.0,0.0,14.726565224189452,47.83,24.0,1,478,1779,1723,5.369308600337268,196.15333557128906,198.69424438476562,24.0,1171,0.04666271433234215,0.06740821152925491,0.6582349634626194,1182,0.05708041042089462,0.09450111612677575,0.6644182124789207,1182,0.10878854990005493,0.18281350433826446,0.6644182124789207
47.8,100.0,supported,True,1.0,0.0,11.35140480068508,47.93,40.0,1,479,2429,2373,4.68176204199259,195.36378479003906,198.67408752441406,32.0,1321,0.035443421453237534,0.0634060949087143,0.543845203787567,1344,0.04610329121351242,0.08175935372710229,0.553314121037464,1344,0.08247540891170502,0.1430315390229225,0.553314121037464
47.9,100.0,supported,True,1.0,0.0,26.848805634542007,48.005,32.0,1,480,1900,1821,5.515789473684211,195.5174560546875,200.3144073486328,28.0,1214,0.045431070029735565,0.08233566954731944,0.6389473684210526,1227,0.05993829667568207,0.10538765490055087,0.6457894736842106,1227,0.10221391171216965,0.17461535632610334,0.6457894736842106
48.0,100.0,supported,True,0.8571428571428571,8.0,48.98122305799894,48.1,40.0,1,481,1788,1668,4.2712527964205815,194.24757385253906,198.69009399414062,32.0,814,0.04573769122362137,0.10613724365830439,0.4552572706935123,838,0.06695261597633362,0.2144967734813693,0.46868008948545864,838,0.11048752069473267,0.3409262597560883,0.46868008948545864
48.1,100.0,supported,True,1.0,4.0,34.079012819141504,48.21,28.0,1,482,1476,1397,4.815040650406504,193.9583740234375,199.05160522460938,26.0,745,0.049778204411268234,0.08675414621829988,0.5047425474254743,761,0.0720110759139061,0.1177077442407608,0.5155826558265583,761,0.12116184085607529,0.20831875503063202,0.5155826558265583
48.2,100.0,supported,True,1.0,4.0,5.393756738417861,48.305,28.0,1,483,1712,1610,4.940420560747664,193.37168884277344,196.93264770507812,26.0,982,0.04529844969511032,0.07962258234620094,0.5735981308411215,996,0.06270383298397064,0.11913060024380684,0.5817757009345794,996,0.12781773507595062,0.29613344371318817,0.5817757009345794
48.3,100.0,supported,True,1.0,0.0,7.452741848949765,48.405,28.0,1,484,2420,2362,6.885537190082645,193.09629821777344,196.62814331054688,26.0,1789,0.03975977376103401,0.06919355243444444,0.7392561983471074,1798,0.04912847280502319,0.11164406314492224,0.7429752066115702,1798,0.08506127446889877,0.22890399396419522,0.7429752066115702
48.4,100.0,supported,True,1.0,0.0,3.347240875870164,48.51,28.0,1,485,2294,2207,6.935047951176983,193.6770782470703,197.28822326660156,26.0,1750,0.05204497277736664,0.07592867761850358,0.7628596338273758,1757,0.06834875792264938,0.10069930255413057,0.7659110723626853,1757,0.11538635194301605,0.1856514394283295,0.7659110723626853
48.5,100.0,supported,True,1.0,0.0,4.04383724912664,48.61,28.0,1,486,1906,1822,6.407660020986359,193.9879608154297,196.85760498046875,26.0,1387,0.05345386266708374,0.08297754377126695,0.7277019937040924,1399,0.07051295042037964,0.10689205527305604,0.7339979013641134,1399,0.11116739362478256,0.19090076386928562,0.7339979013641134
48.6,100.0,supported,True,1.0,4.0,9.490715035591029,48.705,24.0,1,487,1252,1204,5.946485623003195,192.2184295654297,195.45718383789062,24.0,845,0.055174220353364944,0.08883429020643234,0.6749201277955271,852,0.07101359963417053,0.1261477991938591,0.6805111821086262,852,0.10326015204191208,0.2472890019416809,0.6805111821086262
48.7,100.0,supported,True,1.0,0.0,6.450397808961591,48.805,32.0,1,488,2069,2026,7.08313194780087,192.3157958984375,197.44149780273438,28.0,1721,0.04557961970567703,0.0733887329697609,0.8318028032866119,1722,0.061109066009521484,0.09121838808059694,0.8322861285645239,1722,0.09957100450992584,0.17470514178276064,0.8322861285645239
48.8,100.0,supported,True,1.0,0.0,4.386167094466729,48.905,32.0,1,489,2931,2848,5.998976458546571,191.9568328857422,195.16673278808594,28.0,2103,0.03630124405026436,0.06050990670919418,0.7175025588536336,2118,0.045191600918769836,0.08768297061324119,0.7226202661207779,2118,0.07297784090042114,0.1863805264234543,0.7226202661207779
48.9,100.0,supported,True,1.0,0.0,3.2863396417676953,49.005,20.0,1,490,1902,1856,7.191377497371188,193.3569793701172,195.48995971679688,22.0,1532,0.034246668219566345,0.05703891478478909,0.8054679284963197,1535,0.040625449270009995,0.07576389759778977,0.8070452155625657,1536,0.0634719729423523,0.1295965313911438,0.807570977917981
49.0,100.0,supported,True,1.0,0.0,3.0263606805970094,49.105,20.0,1,491,1527,1485,7.582842174197774,192.93161010742188,194.75729370117188,22.0,1247,0.033487897366285324,0.05145300924777985,0.816633922724296,1251,0.04160822182893753,0.07237575948238373,0.8192534381139489,1251,0.0669899582862854,0.15411624312400818,0.8192534381139489
49.1,100.0,supported,True,1.0,0.0,12.03595490304083,49.205,20.0,1,492,1457,1421,6.297185998627317,192.6465606689453,194.6488037109375,22.0,1071,0.03926108032464981,0.05959858000278473,0.7350720658888126,1081,0.052280303090810776,0.0792088508605957,0.7419354838709677,1081,0.07817568629980087,0.12179674208164215,0.7419354838709677
49.2,100.0,supported,True,1.0,0.0,11.854202193668785,49.31,28.0,1,493,2187,2118,5.186556927297668,191.33143615722656,194.82611083984375,26.0,1375,0.04224047437310219,0.06799501776695253,0.6287151348879744,1393,0.05937495082616806,0.08901776224374772,0.6369455875628716,1393,0.10878058522939682,0.1582659989595413,0.6369455875628716
49.3,100.0,supported,True,0.9523809523809523,5.656854249492381,4.185396062123377,49.415,36.0,1,494,2039,1929,4.546346248160863,191.32797241210938,193.84048461914062,30.0,1040,0.03338728845119476,0.06201380677521229,0.5100539480137323,1066,0.04654480516910553,0.09473223611712456,0.5228052967140755,1066,0.11475035548210144,0.21436990052461624,0.5228052967140755
49.4,100.0,supported,True,1.0,0.0,11.541116021049843,49.51,16.0,1,495,1021,979,6.7835455435847205,191.11270141601562,195.03811645507812,20.0,785,0.03605572134256363,0.056441595405340196,0.7688540646425074,792,0.051024243235588074,0.08641258850693702,0.7757100881488737,792,0.0829126238822937,0.1959388643503189,0.7757100881488737
49.5,100.0,supported,True,1.0,0.0,10.507499711028942,49.615,28.0,1,496,2056,2022,7.210603112840467,191.63088989257812,192.6455535888672,26.0,1684,0.029314789921045303,0.03938665539026261,0.8190661478599222,1689,0.037644270807504654,0.05593489110469818,0.8214980544747081,1689,0.05624883994460106,0.10545857846736909,0.8214980544747081
49.6,100.0,supported,True,1.0,0.0,15.406981533325027,49.715,40.0,1,497,2470,2402,6.129554655870446,190.13099670410156,192.7054443359375,32.0,1829,0.036357294768095016,0.16864348351955416,0.7404858299595142,1839,0.06317131221294403,0.17327196300029757,0.7445344129554656,1839,0.11623631417751312,0.23189614117145543,0.7445344129554656
49.7,100.0,supported,True,1.0,0.0,8.319576225434119,49.82,36.0,1,498,1980,1940,6.119191919191919,190.16908264160156,193.32354736328125,30.0,1480,0.03291216492652893,0.06724564135074619,0.7474747474747475,1494,0.04665432125329971,0.10352360978722575,0.7545454545454545,1494,0.08883451670408249,0.17857589423656464,0.7545454545454545
49.8,100.0,multiple_channels,False,1.0,4.0,7.470845088631696,49.92,32.0,2,499,1571,1503,7.152132399745385,189.90260314941406,198.1015167236328,28.0,1205,0.033791229128837585,0.07114398032426837,0.7670273711012094,1215,0.04998753219842911,0.10483819842338575,0.7733927434754934,1215,0.09119504690170288,0.2591229617595673,0.7733927434754934
49.9,100.0,multiple_channels,False,1.0,0.0,2.6340876730252383,50.015,20.0,2,500,1024,990,5.529296875,187.91856384277344,191.45635986328125,22.0,682,0.03578183054924011,0.06434361711144447,0.666015625,686,0.0519874207675457,0.08093437552452087,0.669921875,686,0.08466202020645142,0.1725466251373291,0.669921875
50.0,100.0,supported,True,1.0,0.0,18.43294726962053,50.11,16.0,1,501,1513,1487,6.715796430931923,188.11904907226562,191.6162567138672,20.0,1218,0.04005719721317291,0.07280486077070235,0.8050231328486451,1221,0.05052475258708,0.09535031020641327,0.8070059484467944,1221,0.0890246257185936,0.21243120729923248,0.8070059484467944
50.1,100.0,supported,True,1.0,0.0,13.061552090751949,50.21,20.0,1,502,1734,1663,5.591695501730104,187.93307495117188,191.0374298095703,22.0,1123,0.0386100709438324,0.062971068918705,0.6476355247981546,1135,0.05282667651772499,0.09260926246643067,0.654555940023068,1135,0.09231914579868317,0.1650752156972885,0.654555940023068
50.2,100.0,supported,True,1.0,0.0,9.46019724921022,50.305,24.0,1,503,1951,1906,4.767811378780113,187.85614013671875,191.02700805664062,24.0,1044,0.02566959522664547,0.0573707263916731,0.5351101998974884,1056,0.03631912171840668,0.08414607495069504,0.5412608918503332,1056,0.07528918981552124,0.15540703386068344,0.5412608918503332
50.3,100.0,supported,True,1.0,0.0,5.874090481710408,50.4,28.0,1,504,2059,1997,5.7965031568722685,189.4827423095703,190.76063537597656,26.0,1479,0.026704993098974228,0.04869012981653215,0.7183098591549296,1489,0.0348019041121006,0.07403313666582108,0.7231665857212239,1489,0.0630020946264267,0.12296518981456757,0.7231665857212239
50.4,100.0,supported,True,1.0,0.0,17.559806164409803,50.5,24.0,1,505,1699,1644,4.893466745144202,188.9916229248047,190.4918975830078,24.0,1014,0.04073801636695862,0.05773564130067826,0.5968216597998823,1035,0.04907263070344925,0.07736434191465379,0.609181871689229,1035,0.06575099378824234,0.12342998832464218,0.609181871689229
50.5,100.0,supported,True,1.0,0.0,20.382623950087893,50.585,24.0,1,506,1912,1803,3.907949790794979,189.01853942871094,190.71359252929688,24.0,715,0.0399525910615921,0.055382088571786885,0.3739539748953975,753,0.053906671702861786,0.07724158614873888,0.3938284518828452,753,0.08434702455997467,0.1324051767587662,0.3938284518828452
50.6,100.0,supported,True,1.0,0.0,22.724194864598147,50.68,24.0,1,507,1539,1428,3.801169590643275,187.7427520751953,190.15345764160156,24.0,564,0.035337939858436584,0.051712647452950476,0.3664717348927875,597,0.052978985011577606,0.07713868021965026,0.38791423001949316,597,0.0858464241027832,0.13150240182876585,0.38791423001949316
50.7,100.0,supported,True,1.0,4.0,12.076461592110924,50.765,24.0,1,508,1443,1423,6.842688842688843,187.31350708007812,189.71829223632812,24.0,1156,0.04729150980710983,0.06439346447587013,0.8011088011088011,1162,0.054936591535806656,0.08361001014709474,0.8052668052668053,1162,0.08454453200101852,0.1494799479842186,0.8052668052668053
50.8,100.0,supported,True,1.0,0.0,8.069236447662586,50.855,20.0,1,509,1128,1085,6.178191489361702,186.5519256591797,189.4899139404297,22.0,834,0.03975415974855423,0.061499213799834265,0.7393617021276596,839,0.052636537700891495,0.08981965184211733,0.7437943262411347,839,0.09367912262678146,0.19503517150878907,0.7437943262411347
50.9,100.0,supported,True,1.0,0.0,15.53515339053291,50.955,24.0,1,510,1553,1482,4.922086284610431,185.4810028076172,188.19529724121094,24.0,857,0.044900890439748764,0.07437240183353423,0.5518351577591758,877,0.06435204297304153,0.10790940225124357,0.5647134578235673,877,0.12803389132022858,0.18949964046478268,0.5647134578235673
51.0,100.0,supported,True,1.0,0.0,18.106970431581335,51.06,28.0,1,511,1615,1492,4.237770897832817,185.69647216796875,188.25086975097656,26.0,716,0.03364073485136032,0.058778323233127594,0.443343653250774,742,0.052140623331069946,0.08426785320043563,0.45944272445820433,742,0.10252415388822556,0.1610288470983505,0.45944272445820433
51.1,100.0,supported,True,1.0,0.0,8.141416602105107,51.165,44.0,1,512,2196,2075,4.641621129326047,185.7492218017578,187.89224243164062,34.0,1130,0.04159509390592575,0.0689544215798378,0.5145719489981785,1149,0.05833742767572403,0.10543798655271532,0.523224043715847,1149,0.12455415725708008,0.2003785431385041,0.523224043715847
51.2,100.0,supported,True,1.0,0.0,26.470113312782452,51.275,28.0,1,513,1864,1799,5.969420600858369,186.1936798095703,188.59417724609375,26.0,1418,0.032308489084243774,0.05857495628297328,0.7607296137339056,1425,0.04092685878276825,0.0830019444227219,0.7644849785407726,1425,0.07093361765146255,0.18270662426948553,0.7644849785407726
51.3,100.0,multiple_channels,False,1.0,0.0,21.535294877508953,51.39,36.0,2,514,2399,2269,6.233847436431847,185.51358032226562,188.02394104003906,30.0,1723,0.029729213565587997,0.05877432972192763,0.7182159233013756,1736,0.037529997527599335,0.07935959845781326,0.7236348478532721,1736,0.08022067695856094,0.16718631982803345,0.7236348478532721
51.4,100.0,multiple_channels,False,1.0,0.0,2.2522742317277755,51.485,52.0,2,515,3465,3406,7.326984126984127,185.40892028808594,189.80795288085938,38.0,2937,0.028454750776290894,0.04248776063323021,0.8476190476190476,2948,0.03198070079088211,0.06450477093458176,0.8507936507936508,2948,0.046659886837005615,0.13748141527175906,0.8507936507936508
51.5,100.0,supported,True,1.0,0.0,7.712229591871843,51.59,16.0,1,516,1577,1533,6.1376030437539635,186.90696716308594,187.9849853515625,20.0,1113,0.029170595109462738,0.042215432971715934,0.7057704502219404,1122,0.03569188341498375,0.055382874235510825,0.7114774889029803,1122,0.06267321109771729,0.10903464257717133,0.7114774889029803
51.6,100.0,supported,True,1.0,0.0,9.399045722356176,51.7,16.0,1,517,990,945,5.995959595959596,186.94708251953125,187.8296356201172,20.0,655,0.03162221610546112,0.04360647797584534,0.6616161616161617,666,0.039960961788892746,0.059026772156357765,0.6727272727272727,666,0.06421223282814026,0.09684277698397636,0.6727272727272727
51.7,100.0,supported,True,1.0,4.0,8.456020938854655,51.8,16.0,1,518,1001,966,3.94005994005994,184.9964141845703,187.1651611328125,20.0,411,0.04082620143890381,0.06952473521232605,0.41058941058941056,418,0.06007559597492218,0.09566188752651214,0.4175824175824176,418,0.09984947741031647,0.13888554871082306,0.4175824175824176
51.8,100.0,supported,True,1.0,4.0,10.009475860803846,51.91,12.0,1,519,1230,1159,4.221138211382113,184.57254028320312,187.04251098632812,20.0,542,0.046794719994068146,0.0837619036436081,0.44065040650406506,555,0.0628180056810379,0.11514926701784135,0.45121951219512196,555,0.13050512969493866,0.19384670853614808,0.45121951219512196
51.9,100.0,supported,True,1.0,0.0,9.122400847268059,52.005,56.0,1,520,4939,4753,5.566916379833975,185.139404296875,187.21481323242188,40.0,3397,0.03042103350162506,0.07915289849042893,0.687791050820004,3425,0.04191846400499344,0.10451881438493728,0.6934602146183438,3425,0.07274790108203888,0.16191601753234863,0.6934602146183438
52.0,100.0,supported,True,1.0,4.0,26.628534624712465,52.115,68.0,1,521,3511,3376,5.970093990316149,185.06227111816406,187.4407958984375,46.0,2540,0.030440371483564377,0.05778586603701114,0.7234406152093421,2563,0.040927790105342865,0.08146930187940597,0.7299914554258046,2563,0.06416138261556625,0.1511045724153519,0.7299914554258046
52.1,100.0,multiple_channels,False,1.0,0.0,51.08514111392905,52.225,28.0,2,522,1537,1476,5.355888093689004,184.75375366210938,186.83863830566406,26.0,967,0.03161228820681572,0.05122133567929267,0.6291476903057905,981,0.045314472168684006,0.07603917270898819,0.6382563435263501,981,0.07630118727684021,0.1191752701997757,0.6382563435263501
52.2,100.0,supported,True,1.0,4.0,28.757042037286013,52.335,64.0,1,523,2740,2523,6.153649635036496,182.51885986328125,187.3184356689453,44.0,1797,0.04033120721578598,0.07200947254896164,0.6558394160583941,1809,0.05931989848613739,0.10448371171951294,0.6602189781021898,1809,0.1038038581609726,0.20311594009399414,0.6602189781021898
52.3,100.0,supported,True,1.0,0.0,23.929251975457326,52.435,28.0,1,524,2349,2254,6.9753086419753085,181.9867401123047,184.64027404785156,26.0,1857,0.042954929172992706,0.0686868891119957,0.7905491698595147,1867,0.060958895832300186,0.09496646076440812,0.7948063005534269,1867,0.11378249526023865,0.175465726852417,0.7948063005534269
52.4,100.0,supported,True,1.0,0.0,4.568644358605145,52.53,40.0,1,525,2818,2736,5.933995741660753,182.56655883789062,184.1154327392578,32.0,2113,0.042403850704431534,0.07334518134593963,0.7498225691980128,2121,0.05814559757709503,0.10634512454271317,0.7526614620298083,2121,0.09258801490068436,0.18006612360477448,0.7526614620298083
52.5,100.0,supported,True,1.0,0.0,3.3191698905750617,52.63,48.0,1,526,4072,3947,5.823182711198428,182.09669494628906,184.8048095703125,36.0,2851,0.040655527263879776,0.06523669511079788,0.700147347740668,2879,0.04832428693771362,0.08821643143892292,0.7070235756385069,2879,0.06390329450368881,0.17677214145660414,0.7070235756385069
52.6,100.0,supported,True,1.0,0.0,8.110185909114058,52.73,40.0,1,527,3763,3585,5.021525378687218,183.21144104003906,184.3972625732422,32.0,2377,0.03264894336462021,0.04125870540738106,0.6316768535742758,2402,0.03746213763952255,0.04792041815817357,0.6383204889715652,2403,0.043869633227586746,0.07400702089071275,0.6385862343874568
52.7,100.0,supported,True,1.0,0.0,7.29521746027882,52.825,20.0,1,528,1871,1741,4.799572421165152,181.1038818359375,183.74847412109375,22.0,1047,0.027481459081172943,0.05884677171707153,0.5595938001068947,1062,0.035433050245046616,0.0797006256878376,0.5676109032602886,1062,0.06850500404834747,0.1674691155552864,0.5676109032602886
52.8,100.0,supported,True,1.0,0.0,15.301762902624102,52.92,24.0,1,529,1632,1586,6.661151960784314,181.31614685058594,183.29736328125,24.0,1245,0.03024042397737503,0.04868488684296608,0.7628676470588235,1249,0.040267232805490494,0.06938044130802154,0.7653186274509803,1249,0.0647430419921875,0.13596917688846594,0.7653186274509803
52.9,100.0,supported,True,1.0,0.0,19.771906866899105,53.01,16.0,1,530,1731,1691,6.421721548238013,180.3404998779297,184.0060577392578,20.0,1259,0.03140048682689667,0.06704195290803909,0.7273252455228192,1271,0.043428149074316025,0.0897776335477829,0.7342576545349508,1271,0.08374099433422089,0.17210878431797028,0.7342576545349508
53.0,100.0,supported,True,1.0,0.0,26.34101889870111,53.11,40.0,1,531,3130,3068,4.505750798722045,180.47129821777344,183.4958038330078,32.0,1433,0.036279890686273575,0.057410152256488794,0.4578274760383387,1473,0.04318132996559143,0.08727886825799941,0.47060702875399363,1473,0.06366543471813202,0.1456497848033905,0.47060702875399363
53.1,100.0,supported,True,1.0,0.0,23.9484203592854,53.22,36.0,1,532,2773,2721,6.413270825820411,181.0191192626953,187.492431640625,30.0,2108,0.03218231722712517,0.04888046383857727,0.7601875225387666,2117,0.03668414056301117,0.073216512799263,0.7634331049404977,2117,0.05500714108347893,0.18066053092479706,0.7634331049404977
53.2,100.0,supported,True,1.0,0.0,16.66127887035702,53.315,36.0,1,533,2293,2178,6.013955516790231,181.73321533203125,183.06893920898438,30.0,1661,0.023545056581497192,0.033996179699897766,0.7243785433929351,1678,0.027541927993297577,0.03648269400000572,0.7317924116877453,1678,0.03410271555185318,0.044605160132050514,0.7317924116877453
53.3,100.0,supported,True,1.0,0.0,5.102741022851931,53.41,24.0,1,534,1635,1601,7.281345565749236,180.9397430419922,182.38331604003906,24.0,1415,0.038950514048337936,0.055238634347915656,0.8654434250764526,1420,0.051220349967479706,0.07195221260190011,0.8685015290519877,1420,0.07863425463438034,0.12435837835073489,0.8685015290519877
53.4,100.0,supported,True,1.0,0.0,5.818428727295319,53.51,28.0,1,535,2033,1974,6.362518445646828,179.2954559326172,182.2903289794922,26.0,1574,0.045496221631765366,0.07008069977164269,0.7742252828332513,1580,0.06008464843034744,0.08908311650156976,0.7771765863256271,1580,0.09719839692115784,0.16083859354257585,0.7771765863256271
53.5,100.0,supported,True,1.0,0.0,13.784637506226805,53.61,44.0,1,536,2090,1943,6.474162679425837,179.7134552001953,182.2583770751953,34.0,1433,0.03968313708901405,0.059118781983852384,0.6856459330143541,1447,0.05291040614247322,0.07896092087030411,0.6923444976076555,1447,0.07771987468004227,0.16983080804347994,0.6923444976076555
53.6,100.0,supported,True,1.0,0.0,10.02332416797506,53.71,16.0,1,537,1359,1327,7.209713024282561,178.6315155029297,180.86956787109375,20.0,1140,0.0360841304063797,0.060500640422105886,0.8388520971302428,1143,0.04429798945784569,0.08504217416048047,0.8410596026490066,1143,0.07369823008775711,0.18844271600246423,0.8410596026490066
53.7,100.0,supported,True,1.0,0.0,23.490840772072495,53.815,28.0,1,538,2272,2230,6.703785211267606,178.5341033935547,181.6145782470703,26.0,1814,0.04105707257986069,0.08135493621230126,0.7984154929577465,1817,0.058136843144893646,0.11474396437406541,0.7997359154929577,1817,0.10677534341812134,0.21787172853946687,0.7997359154929577
53.8,100.0,supported,True,1.0,0.0,11.005653614174292,53.92,40.0,1,539,3139,3056,5.658489964956993,177.921142578125,182.4322052001953,32.0,2139,0.037786561995744705,0.07167237102985383,0.6814272061165977,2155,0.04913942143321037,0.10157407373189932,0.6865243708187321,2155,0.09397362917661667,0.18044897913932803,0.6865243708187321
53.9,100.0,supported,True,1.0,0.0,6.149741816989446,54.02,48.0,1,540,2801,2758,6.313816494109247,178.38206481933594,181.6478729248047,36.0,2140,0.03355039283633232,0.08429219797253609,0.7640128525526597,2148,0.03855764865875244,0.12105740308761596,0.7668689753659408,2148,0.050096817314624786,0.17995153814554216,0.7668689753659408
54.0,100.0,supported,True,1.0,0.0,7.58129008056094,54.115,44.0,1,541,3467,3403,6.510239400057687,179.04925537109375,180.82254028320312,34.0,2734,0.02642032876610756,0.06430447846651094,0.7885780213441015,2740,0.030951233580708504,0.09404058009386063,0.7903086241707528,2740,0.04232241213321686,0.122737917304039,0.7903086241707528
54.1,100.0,supported,True,1.0,0.0,19.694562281236735,54.215,36.0,1,542,3181,3164,6.310908519333543,178.68692016601562,180.9157257080078,30.0,2629,0.024569084867835045,0.03369524851441384,0.82646966362779,2631,0.028744889423251152,0.04442143440246582,0.8270983967305878,2631,0.040452294051647186,0.10396209359169006,0.8270983967305878
54.2,100.0,supported,True,1.0,0.0,14.256405053328342,54.32,24.0,1,543,1597,1557,5.339386349405134,178.86135864257812,181.61373901367188,24.0,1034,0.02582046389579773,0.03903762623667717,0.6474639949906074,1043,0.03179342672228813,0.06920469403266909,0.6530995616781465,1043,0.04590447619557381,0.13624259829521185,0.6530995616781465
54.3,100.0,supported,True,1.0,0.0,8.6222680424597,54.43,28.0,1,544,1756,1677,4.755694760820045,178.55218505859375,181.13238525390625,26.0,951,0.033237963914871216,0.05303888022899628,0.5415717539863326,966,0.048709504306316376,0.08534379675984383,0.5501138952164009,966,0.08728373050689697,0.18292661011219025,0.5501138952164009
54.4,100.0,supported,True,1.0,0.0,10.747008272723592,54.525,20.0,1,545,1525,1458,4.744262295081967,176.60186767578125,179.2245330810547,22.0,812,0.044602688401937485,0.08534970730543137,0.5324590163934426,825,0.06066015735268593,0.1092021316289902,0.5409836065573771,825,0.11457919329404831,0.22133768796920777,0.5409836065573771
54.5,100.0,supported,True,1.0,0.0,4.162440975631587,54.62,28.0,1,546,2079,2006,5.486291486291487,176.59896850585938,179.45266723632812,26.0,1345,0.037010982632637024,0.06673647016286852,0.6469456469456469,1365,0.04485497251152992,0.09444932192564014,0.6565656565656566,1365,0.07647509127855301,0.16620352268218996,0.6565656565656566
54.6,100.0,supported,True,1.0,0.0,2.6596145808637934,54.72,28.0,1,547,1701,1633,5.985890652557319,177.50827026367188,179.2575225830078,26.0,1209,0.045425668358802795,0.05671458095312119,0.7107583774250441,1216,0.05347239971160889,0.07602136209607124,0.7148736037624926,1216,0.08389092981815338,0.14303066581487656,0.7148736037624926
54.7,100.0,supported,True,1.0,0.0,4.249287427886683,54.815,12.0,1,548,1112,1091,4.651978417266187,176.10992431640625,179.60714721679688,20.0,513,0.0378999225795269,0.06768751293420792,0.4613309352517986,525,0.050388164818286896,0.12170130759477617,0.4721223021582734,525,0.11652852594852448,0.2577675521373749,0.4721223021582734
54.8,100.0,supported,True,1.0,0.0,3.744852940544128,54.915,32.0,1,549,1844,1806,7.0,176.57000732421875,178.61111450195312,28.0,1486,0.040215734392404556,0.05254010669887066,0.8058568329718004,1492,0.04932418465614319,0.062109388038516046,0.8091106290672451,1493,0.0660398006439209,0.11231902539730071,0.809652928416486
54.9,100.0,supported,True,1.0,0.0,35.16887675166661,55.005,24.0,1,550,2120,2019,5.863679245283019,175.17715454101562,178.71444702148438,24.0,1378,0.05137445777654648,0.1980816319584846,0.65,1387,0.07091788947582245,0.2435596734285356,0.654245283018868,1387,0.12099643796682358,0.3901801466941833,0.654245283018868
55.0,100.0,supported,True,1.0,0.0,23.951507435364018,55.1,24.0,1,551,1615,1551,6.707120743034055,176.48011779785156,178.0914306640625,24.0,1217,0.03380506485700607,0.06153819486498836,0.7535603715170278,1223,0.041248172521591187,0.07562317699193953,0.7572755417956656,1223,0.05679488182067871,0.10113816857337951,0.7572755417956656
55.1,100.0,supported,True,1.0,0.0,16.46225606576673,55.21,20.0,1,552,1337,1303,4.863874345549738,174.71141052246094,178.254150390625,22.0,757,0.0323810912668705,0.05049429982900619,0.5661929693343306,770,0.04261036589741707,0.06485773250460625,0.5759162303664922,770,0.07887928932905197,0.11375704333186151,0.5759162303664922
55.2,100.0,supported,True,1.0,0.0,7.856801379380701,55.31,32.0,1,553,2259,2223,7.280212483399734,174.6739044189453,178.87298583984375,28.0,1783,0.045811064541339874,0.060113954544067386,0.7892872952633909,1792,0.04985432326793671,0.06436801925301552,0.7932713590084108,1792,0.058579713106155396,0.11152379512786866,0.7932713590084108
55.3,100.0,supported,True,1.0,0.0,7.577305173797729,55.405,32.0,1,554,2427,2372,4.710341985990936,174.51856994628906,177.51226806640625,28.0,1233,0.06471188366413116,0.09066867679357529,0.5080346106304079,1248,0.07233390212059021,0.10194892585277557,0.5142150803461063,1248,0.09619874507188797,0.1524024561047554,0.5142150803461063
55.4,100.0,supported,True,1.0,0.0,24.32357844989515,55.505,20.0,1,555,1199,1153,6.097581317764804,175.5398712158203,176.71778869628906,22.0,851,0.04665059223771095,0.05798504129052162,0.7097581317764804,862,0.05280238389968872,0.07143623158335685,0.718932443703086,862,0.0727984830737114,0.11038099378347395,0.718932443703086
55.5,100.0,supported,True,1.0,4.0,10.464756471591503,55.6,32.0,1,556,1444,1404,5.6890581717451525,173.04689025878906,176.0657196044922,28.0,971,0.05859038606286049,0.08654118329286575,0.6724376731301939,984,0.07509277760982513,0.11320748925209047,0.6814404432132964,984,0.14081284403800964,0.2222193107008934,0.6814404432132964
55.6,100.0,supported,True,1.0,0.0,7.170244359094781,55.7,32.0,1,557,2098,2009,5.847473784556721,174.17335510253906,175.79922485351562,28.0,1457,0.048410527408123016,0.06906714588403702,0.6944709246901811,1465,0.06653779000043869,0.08975743800401688,0.6982840800762631,1465,0.10752856731414795,0.14465969800949097,0.6982840800762631
55.7,100.0,supported,True,1.0,0.0,24.689280722986034,55.79,12.0,1,558,1318,1256,5.697268588770865,172.77798461914062,181.49781799316406,20.0,863,0.04973095655441284,0.07428200244903566,0.6547799696509864,875,0.06490346044301987,0.11186752617359162,0.6638846737481032,875,0.10843846201896667,0.2361958622932434,0.6638846737481032
55.8,100.0,supported,True,1.0,0.0,19.841080739054572,55.9,12.0,1,559,1199,1142,5.537948290241868,172.88388061523438,174.84791564941406,20.0,798,0.04134034365415573,0.05885407067835331,0.6655546288573811,807,0.052433453500270844,0.08015475422143936,0.6730608840700584,807,0.07574885338544846,0.14529104232788087,0.6730608840700584
55.9,100.0,supported,True,1.0,0.0,21.492524105745364,56.0,24.0,1,560,2058,1992,6.1569484936831875,171.9949951171875,175.49176025390625,24.0,1541,0.05387229099869728,0.07444117218255997,0.7487852283770651,1553,0.06818073242902756,0.09882796555757523,0.7546161321671526,1553,0.11196570098400116,0.1765980452299118,0.7546161321671526
56.0,100.0,supported,True,1.0,4.0,25.15729850722625,56.095,40.0,1,561,2073,1993,6.246502653159672,173.15016174316406,174.65017700195312,32.0,1530,0.04862514138221741,0.0675726518034935,0.7380607814761215,1537,0.05969858169555664,0.09074159115552903,0.7414375301495417,1537,0.09083482623100281,0.153253573179245,0.7414375301495417
56.1,100.0,supported,True,1.0,0.0,34.71681372918972,56.17,16.0,1,562,1423,1336,5.804638088545326,171.7725372314453,175.45892333984375,20.0,964,0.047217391431331635,0.0825010657310486,0.6774420238931834,970,0.06372550129890442,0.12111671715974807,0.6816584680252986,970,0.12087038159370422,0.2298167020082474,0.6816584680252986
56.2,100.0,multiple_channels,False,1.0,4.0,15.511326470625173,56.25,36.0,2,563,1458,1405,5.2818930041152266,171.43360900878906,174.747314453125,30.0,848,0.05072436109185219,0.08384581580758096,0.5816186556927297,863,0.06203051656484604,0.12667316496372233,0.5919067215363512,863,0.12672728300094604,0.22599281668663027,0.5919067215363512
56.3,100.0,supported,True,1.0,4.0,12.636662519828942,56.35,40.0,1,564,1978,1890,4.387259858442872,171.4771270751953,174.47674560546875,32.0,925,0.04584601894021034,0.07183156907558441,0.46764408493427706,956,0.055379852652549744,0.11864357069134712,0.4833164812942366,956,0.11247901618480682,0.2494550496339798,0.4833164812942366
56.4,100.0,supported,True,1.0,0.0,27.504305302649623,56.46,44.0,1,565,2295,2207,4.867538126361656,171.66705322265625,174.5082244873047,34.0,1315,0.05119258537888527,0.08586794883012772,0.5729847494553377,1333,0.061909452080726624,0.12776632606983182,0.5808278867102397,1333,0.1055426225066185,0.26291857957839965,0.5808278867102397
56.5,100.0,supported,True,1.0,0.0,16.176470818435035,56.56,44.0,1,566,3055,2986,4.67430441898527,172.41183471679688,173.99232482910156,34.0,1622,0.044742681086063385,0.12060553357005134,0.5309328968903437,1658,0.053947772830724716,0.14175889939069747,0.5427168576104746,1658,0.08497055619955063,0.19513483196496959,0.5427168576104746
56.6,100.0,supported,True,1.0,0.0,5.6065210514614705,56.655,32.0,1,567,1298,1165,3.8651771956856704,170.58099365234375,174.81471252441406,28.0,488,0.03936683386564255,0.08246140852570534,0.37596302003081666,506,0.06692682206630707,0.14749735593795776,0.3898305084745763,506,0.16345632076263428,0.3717625141143799,0.3898305084745763
56.7,100.0,supported,True,1.0,0.0,19.499234431484645,56.775,60.0,1,568,2112,2041,5.662878787878788,170.48812866210938,173.63758850097656,42.0,1385,0.039171189069747925,0.07019527405500414,0.6557765151515151,1405,0.055292364209890366,0.08849186897277833,0.6652462121212122,1405,0.09303043782711029,0.20388535261154195,0.6652462121212122
56.8,100.0,supported,True,1.0,0.0,23.98260597312182,56.875,20.0,1,569,1016,970,4.520669291338582,170.64540100097656,173.4615020751953,22.0,511,0.033462464809417725,0.0484953373670578,0.5029527559055118,523,0.04627702385187149,0.06605816632509232,0.514763779527559,523,0.07113053649663925,0.10785799622535708,0.514763779527559
56.9,100.0,supported,True,1.0,0.0,25.499911781640364,56.975,32.0,1,570,2139,2034,5.965404394576905,169.652587890625,172.51475524902344,28.0,1486,0.045198023319244385,0.06466282159090042,0.6947171575502571,1495,0.05846322700381279,0.08520860522985459,0.6989247311827957,1495,0.08678591251373291,0.1603017807006836,0.6989247311827957
57.0,100.0,supported,True,1.0,0.0,18.57893804641711,57.06,24.0,1,571,1638,1540,5.794871794871795,169.13218688964844,171.42236328125,24.0,1062,0.04289126396179199,0.06171604543924331,0.6483516483516484,1077,0.056182485073804855,0.08257467597723007,0.6575091575091575,1078,0.08542847633361816,0.13377771377563477,0.6581196581196581
57.1,100.0,supported,True,1.0,0.0,14.681891569600419,57.155,20.0,1,572,1349,1295,6.453669384729429,168.94871520996094,171.87826538085938,22.0,989,0.04132454842329025,0.06994198858737947,0.7331356560415122,993,0.05791739001870155,0.10894663035869603,0.7361008154188288,993,0.1052674651145935,0.19793219566345216,0.7361008154188288
57.2,100.0,supported,True,1.0,0.0,9.771431676626296,57.26,28.0,1,573,1681,1559,4.738251041046996,167.6104278564453,170.6022186279297,26.0,915,0.03634960204362869,0.06794063001871109,0.5443188578227246,935,0.05500306934118271,0.09254891276359559,0.5562165377751338,936,0.08529022336006165,0.17391326278448105,0.5568114217727543
57.3,100.0,supported,True,1.0,4.0,10.410282501062285,57.36,32.0,1,574,2405,2247,4.777962577962578,167.24111938476562,170.3373260498047,28.0,1243,0.03887603431940079,0.06630053967237472,0.5168399168399168,1271,0.056116171181201935,0.11271887272596359,0.5284823284823285,1271,0.13463036715984344,0.2630363702774048,0.5284823284823285
57.4,100.0,supported,True,1.0,0.0,20.743283283717055,57.465,28.0,1,575,2441,2282,4.143793527242933,167.31454467773438,170.25497436523438,26.0,931,0.043845728039741516,0.06973777711391449,0.3814010651372388,967,0.06411699205636978,0.12219329774379727,0.3961491192134371,967,0.14938239753246307,0.2592493653297424,0.3961491192134371
57.5,100.0,supported,True,1.0,0.0,11.95973847886496,57.57,36.0,1,576,3106,2976,5.369285254346426,167.29769897460938,170.29542541503906,30.0,1742,0.038863521069288254,0.06460522189736369,0.5608499678042499,1777,0.05630055442452431,0.09450919032096866,0.5721184803605924,1777,0.09436148405075073,0.15858216881752016,0.5721184803605924
57.6,100.0,supported,True,1.0,0.0,11.72667222869455,57.67,36.0,1,577,3005,2881,5.276539101497504,167.62496948242188,170.2592010498047,30.0,1815,0.0410081148147583,0.0733775794506073,0.6039933444259568,1839,0.06047111004590988,0.1056329354643822,0.6119800332778702,1839,0.09724801778793335,0.1592180073261261,0.6119800332778702
57.7,100.0,supported,True,1.0,0.0,15.919293079428764,57.78,28.0,1,578,2179,2083,5.596603946764571,166.30284118652344,170.22804260253906,26.0,1430,0.035187073051929474,0.05598047673702241,0.656264341441028,1441,0.04934393987059593,0.08158651739358902,0.661312528682882,1441,0.06965717673301697,0.1828504204750061,0.661312528682882
57.8,100.0,supported,True,1.0,0.0,27.771943432729532,57.87,20.0,1,579,1614,1573,6.719950433705081,165.8505096435547,169.20018005371094,22.0,1237,0.04718560352921486,0.06624839454889297,0.7664188351920694,1241,0.06408966332674026,0.08995714038610458,0.7688971499380421,1241,0.10090840607881546,0.16465257108211517,0.7688971499380421
57.9,100.0,supported,True,1.0,0.0,9.529243456175665,57.965,32.0,1,580,2447,2387,7.68410298324479,165.01490783691406,168.29046630859375,28.0,1996,0.03658052161335945,0.0667574405670166,0.8156926849203106,2006,0.04437778890132904,0.09578290581703186,0.8197793216183081,2006,0.090408556163311,0.18596627563238144,0.8197793216183081
58.0,100.0,supported,True,1.0,0.0,4.559295874695755,58.065,44.0,1,581,3156,3036,8.375792141951838,164.87171936035156,169.4825439453125,34.0,2577,0.03796947002410889,0.059670194238424304,0.8165399239543726,2580,0.043687283992767334,0.08252356871962548,0.8174904942965779,2580,0.07242956757545471,0.15861029028892515,0.8174904942965779
58.1,100.0,supported,True,1.0,0.0,8.221048616599115,58.165,20.0,1,582,1136,1106,8.648767605633802,166.31141662597656,167.6471710205078,22.0,933,0.034343790262937546,0.054166276007890715,0.8213028169014085,939,0.046668749302625656,0.07508285939693451,0.8265845070422535,939,0.07530447095632553,0.12548496425151826,0.8265845070422535
58.2,100.0,supported,True,1.0,0.0,8.221048616599115,58.26,24.0,1,583,1410,1348,7.025531914893617,164.64999389648438,166.7376708984375,24.0,1064,0.046926748007535934,0.07381691411137582,0.7546099290780142,1075,0.06226711720228195,0.10758025497198105,0.7624113475177305,1076,0.12783032655715942,0.22503624856472015,0.7631205673758865
58.3,100.0,supported,True,1.0,0.0,5.291482775416887,58.355,24.0,1,584,1228,1194,8.010586319218241,165.3216552734375,167.02767944335938,24.0,1004,0.03483821824193001,0.049937622621655464,0.8175895765472313,1006,0.04379057139158249,0.06850319355726242,0.8192182410423453,1006,0.07068315148353577,0.10894683003425598,0.8192182410423453
58.4,100.0,supported,True,1.0,0.0,3.5230675304789236,58.45,20.0,1,585,1696,1636,6.303655660377358,163.76783752441406,166.84999084472656,22.0,1275,0.0428050272166729,0.06345515698194505,0.7517688679245284,1282,0.05726093053817749,0.09019703045487404,0.7558962264150944,1282,0.09538634866476059,0.15381636172533036,0.7558962264150944
58.5,100.0,supported,True,1.0,0.0,5.437556604044531,58.55,36.0,1,586,2401,2367,6.904623073719284,163.738037109375,166.94236755371094,30.0,2016,0.037487443536520004,0.05075651593506336,0.8396501457725948,2022,0.0466153547167778,0.06715965345501901,0.8421491045397751,2022,0.07702019065618515,0.13055263161659242,0.8421491045397751
58.6,100.0,supported,True,1.0,0.0,6.571923270068258,58.65,24.0,1,587,1992,1951,5.647088353413655,162.5276336669922,165.7820281982422,24.0,1334,0.0344732291996479,0.051768870651721956,0.6696787148594378,1343,0.04741668328642845,0.0703939750790596,0.6741967871485943,1343,0.07798779010772705,0.12478148788213729,0.6741967871485943
58.7,100.0,supported,True,1.0,0.0,11.389076052151498,58.76,24.0,1,588,1808,1736,5.230088495575221,162.22918701171875,166.51914978027344,24.0,1057,0.03321434557437897,0.06401136368513108,0.5846238938053098,1076,0.044829219579696655,0.08425336703658104,0.5951327433628318,1076,0.08500836789608002,0.16526002436876297,0.5951327433628318
58.8,100.0,supported,True,1.0,0.0,34.84408337163939,58.865,32.0,1,589,2148,2023,5.47951582867784,161.34349060058594,164.44862365722656,28.0,1382,0.04597273841500282,0.07920829206705093,0.6433891992551211,1412,0.06350711733102798,0.1035954050719738,0.6573556797020484,1412,0.12460501492023468,0.2201142117381097,0.6573556797020484
58.9,100.0,supported,True,1.0,4.0,10.675443448551473,59.0,36.0,1,590,2295,2213,6.705446623093682,160.59474182128906,164.3270721435547,30.0,1732,0.04420239478349686,0.08128900676965717,0.7546840958605664,1747,0.05987006798386574,0.1019144743680954,0.7612200435729848,1747,0.1060267984867096,0.19206264019012456,0.7612200435729848
59.0,100.0,supported,True,1.0,4.0,9.942151171780038,59.095,40.0,1,591,2097,2062,7.221745350500715,160.90866088867188,163.7482147216797,32.0,1761,0.04401636868715286,0.0701185092329979,0.8397711015736766,1772,0.05688779428601265,0.09351970478892327,0.8450166905102527,1772,0.09844183921813965,0.20157168060541156,0.8450166905102527
59.1,100.0,supported,True,1.0,0.0,6.170495544378918,59.19,32.0,1,592,2036,1967,7.131630648330059,161.5410614013672,163.69384765625,28.0,1670,0.04392555356025696,0.071958726644516,0.8202357563850687,1680,0.05898885428905487,0.09669537916779518,0.825147347740668,1680,0.10363702476024628,0.18845475018024446,0.825147347740668
59.2,100.0,supported,True,1.0,0.0,8.544184278193768,59.29,28.0,1,593,2542,2493,8.555468135326514,161.2419891357422,163.8942108154297,26.0,2288,0.04446768760681152,0.06996893808245659,0.9000786782061369,2291,0.05521818622946739,0.0980168804526329,0.9012588512981904,2291,0.09010130912065506,0.19816789031028748,0.9012588512981904
59.3,100.0,supported,True,1.0,0.0,24.139800305750274,59.39,32.0,1,594,2928,2878,8.005806010928962,161.69802856445312,163.9285430908203,28.0,2495,0.03766190633177757,0.055847428739070885,0.8521174863387978,2507,0.041809625923633575,0.06639689207077026,0.8562158469945356,2507,0.05150717869400978,0.11927886158227922,0.8562158469945356
59.4,100.0,supported,True,1.0,0.0,18.07401682064603,59.5,24.0,1,595,2061,2013,7.120815138282387,162.60780334472656,164.22007751464844,24.0,1655,0.04084697738289833,0.05331478863954545,0.8030082484230956,1663,0.046124428510665894,0.06308963745832441,0.8068898592916061,1663,0.05513047054409981,0.1165447324514389,0.8068898592916061
59.5,100.0,supported,True,1.0,0.0,23.90004126787565,59.6,56.0,1,596,3039,2978,8.703191839420862,162.0467987060547,163.89076232910156,40.0,2638,0.039259783923625946,0.05165008753538132,0.868048700230339,2644,0.04461647942662239,0.058891016244888315,0.8700230338927278,2644,0.051876530051231384,0.11480274572968527,0.8700230338927278
59.6,100.0,supported,True,1.0,0.0,11.64147458339982,59.705,56.0,1,597,4538,4403,8.677170559717938,162.85951232910156,164.79306030273438,40.0,3994,0.03741564229130745,0.0447781540453434,0.880123402379903,4002,0.0411672480404377,0.04713621437549591,0.881886293521375,4002,0.045315321534872055,0.05636077038943768,0.881886293521375
59.7,100.0,supported,True,1.0,0.0,4.260416265047718,59.8,60.0,1,598,3120,2978,6.1551282051282055,162.32606506347656,163.68368530273438,42.0,2210,0.02851390466094017,0.03926554583013058,0.7083333333333334,2233,0.032929178327322006,0.04807576686143875,0.7157051282051282,2233,0.03762134164571762,0.08195898234844205,0.7157051282051282
59.8,100.0,supported,True,0.9523809523809523,5.656854249492381,8.928548068480277,59.9,40.0,1,599,2006,1915,6.835992023928215,161.83929443359375,163.48121643066406,32.0,1486,0.03313371539115906,0.04604680836200714,0.7407776669990029,1494,0.03841331601142883,0.06681115552783012,0.744765702891326,1494,0.04941140115261078,0.10990107357501985,0.744765702891326
59.9,100.0,supported,True,1.0,0.0,5.3107642022619395,60.005,24.0,1,600,1874,1822,7.815368196371398,161.8523712158203,163.3769989013672,24.0,1631,0.030568577349185944,0.04607812315225601,0.8703308431163287,1632,0.03565032035112381,0.06442085206508637,0.8708644610458911,1632,0.05500498041510582,0.12324448451399807,0.8708644610458911
60.0,100.0,supported,True,1.0,0.0,5.189169167272136,60.1,28.0,1,601,2001,1941,6.903548225887056,159.9888458251953,163.1833953857422,26.0,1483,0.05074744671583176,0.08382346034049987,0.7411294352823589,1495,0.060875725001096725,0.1188177973031998,0.7471264367816092,1495,0.1075749471783638,0.26511695981025707,0.7471264367816092
60.1,100.0,multiple_channels,False,1.0,0.0,5.922942392195261,60.2,24.0,2,602,1947,1898,6.82794042116076,161.10592651367188,162.4625244140625,24.0,1492,0.031235653907060623,0.04893554896116258,0.7663071391884951,1501,0.038275346159935,0.05837687477469444,0.770929635336415,1501,0.05832459777593613,0.10137756913900375,0.770929635336415
60.2,100.0,supported,True,1.0,0.0,11.12547444555909,60.295,20.0,1,603,1262,1240,5.058637083993661,158.9562530517578,161.3460693359375,22.0,768,0.03137780353426933,0.05570743046700955,0.6085578446909667,772,0.04308273643255234,0.06946025267243384,0.6117274167987322,772,0.0850902795791626,0.17125257998704907,0.6117274167987322
60.3,100.0,supported,True,1.0,0.0,2.9383188873103308,60.395,24.0,1,604,1557,1522,7.4393063583815024,158.77066040039062,161.744873046875,24.0,1170,0.036409199237823486,0.05735708400607111,0.7514450867052023,1184,0.04723307117819786,0.08493016958236696,0.76043673731535,1184,0.0904185026884079,0.1661454141139984,0.76043673731535
60.4,100.0,supported,True,1.0,0.0,18.97035874265608,60.485,36.0,1,605,2038,2033,7.70117762512267,158.83740234375,162.51846313476562,30.0,1676,0.03448563069105148,0.05011960305273533,0.8223748773307163,1684,0.04119564965367317,0.06381940245628358,0.8263002944062807,1684,0.06127588450908661,0.13706977367401124,0.8263002944062807
60.5,100.0,supported,True,1.0,0.0,38.66756425885462,60.59,36.0,1,606,3121,3082,7.74783723165652,158.18150329589844,161.79393005371094,30.0,2589,0.04048612713813782,0.07048229575157171,0.8295418135213073,2595,0.05208048224449158,0.09857373535633086,0.831464274271067,2595,0.10701954364776611,0.19591463804244993,0.831464274271067
60.6,100.0,supported,True,1.0,0.0,12.073700488606468,60.71,24.0,1,607,2341,2293,6.104656129859035,158.44061279296875,161.50115966796875,24.0,1684,0.031239129602909088,0.0473094966262579,0.719350704826997,1697,0.03686004877090454,0.05825253501534462,0.7249038872276805,1697,0.06593149155378342,0.12802776396274568,0.7249038872276805
60.7,100.0,supported,True,1.0,0.0,4.442248397480401,60.81,40.0,1,608,2506,2424,5.07462090981644,158.4801483154297,161.8153533935547,32.0,1535,0.033836279064416885,0.051923816651105896,0.6125299281723863,1561,0.041787344962358475,0.06087491288781166,0.6229050279329609,1561,0.06536205112934113,0.09954101592302322,0.6229050279329609
60.8,100.0,multiple_channels,False,1.0,0.0,10.360235344224524,60.905,24.0,2,609,1090,969,3.1495412844036696,159.06546020507812,161.05194091796875,24.0,278,0.03411109745502472,0.049937427043914795,0.25504587155963304,301,0.04833948239684105,0.06855284422636032,0.2761467889908257,301,0.07415460795164108,0.1056956946849823,0.2761467889908257
60.9,100.0,multiple_channels,False,1.0,0.0,13.639216106734915,61.005,36.0,2,610,2189,2150,6.537231612608497,158.57723999023438,160.66378784179688,30.0,1804,0.030825229361653328,0.07702356204390527,0.8241206030150754,1809,0.04263722524046898,0.0998569801449776,0.8264047510278666,1809,0.07819295674562454,0.13488387167453766,0.8264047510278666
61.0,100.0,supported,True,1.0,0.0,10.936713936591305,61.115,16.0,1,611,1576,1560,6.398477157360406,158.59259033203125,160.00428771972656,20.0,1288,0.02653694339096546,0.037992839887738224,0.817258883248731,1293,0.03522901237010956,0.048622921854257574,0.8204314720812182,1293,0.05835643410682678,0.10820749551057815,0.8204314720812182
61.1,100.0,multiple_channels,False,1.0,4.0,35.55342580193155,61.205,20.0,2,612,1722,1680,4.216608594657375,156.8930206298828,159.83984375,22.0,669,0.022892039269208908,0.03656989485025408,0.3885017421602787,701,0.02809528261423111,0.06729938089847565,0.4070847851335656,701,0.05926872417330742,0.13157272338867188,0.4070847851335656
61.2,100.0,multiple_channels,False,1.0,4.0,30.95340325242789,61.305,36.0,2,613,1608,1546,4.653606965174129,157.1289825439453,159.98391723632812,30.0,861,0.02846047654747963,0.03972802311182022,0.5354477611940298,877,0.038118086755275726,0.05971346646547317,0.5453980099502488,877,0.0761985182762146,0.12872952818870545,0.5453980099502488
61.3,100.0,multiple_channels,False,1.0,4.0,5.353832410122788,61.39,48.0,2,614,2141,2065,4.082204577300327,156.7174072265625,159.5284423828125,36.0,860,0.047772593796253204,0.07046190351247789,0.40168145726296123,898,0.05844144523143768,0.08492707684636117,0.4194301728164409,898,0.09393971413373947,0.20676061511039737,0.4194301728164409
61.4,100.0,multiple_channels,False,1.0,0.0,22.02876185149619,61.49,28.0,2,615,1768,1704,4.798642533936651,156.43716430664062,158.66770935058594,26.0,964,0.04093146324157715,0.057501134648919115,0.5452488687782805,975,0.05025145411491394,0.06946749985218048,0.5514705882352942,975,0.08457812666893005,0.1380192667245865,0.5514705882352942
61.5,100.0,supported,True,1.0,0.0,6.706561428364969,61.575,24.0,1,616,2305,2236,5.184381778741866,155.9811248779297,159.27598571777344,24.0,1434,0.03902373090386391,0.06383871361613275,0.6221258134490238,1447,0.04674209654331207,0.09520119577646256,0.627765726681128,1447,0.0937320813536644,0.24831760227680208,0.627765726681128
61.6,100.0,multiple_channels,False,1.0,0.0,3.5982835006173737,61.675,16.0,2,617,1675,1621,5.142686567164179,156.01820373535156,158.7194366455078,20.0,1027,0.0451497882604599,0.06849241256713867,0.6131343283582089,1035,0.054220154881477356,0.08196787089109421,0.6179104477611941,1035,0.08241648226976395,0.149648055434227,0.6179104477611941
61.7,100.0,multiple_channels,False,1.0,0.0,3.071468580626804,61.775,52.0,2,618,3688,3625,6.478036876355748,155.76895141601562,162.17803955078125,38.0,2862,0.037451550364494324,0.05826788246631623,0.7760303687635575,2875,0.042360737919807434,0.07945862114429472,0.7795553145336226,2875,0.06637516617774963,0.16255398392677306,0.7795553145336226
61.8,100.0,multiple_channels,False,1.0,4.0,57.115890194463674,61.84,0.0,2,619,1033,1011,6.208131655372701,157.1668701171875,159.20074462890625,20.0,736,0.03642786666750908,0.048327021300792694,0.712487899322362,738,0.040038153529167175,0.07230087816715242,0.7144240077444337,738,0.052742451429367065,0.1456760421395302,0.7144240077444337
61.9,100.0,multiple_channels,False,1.0,0.0,76.51063025295439,61.94,20.0,2,620,1340,1295,4.899253731343284,156.7401580810547,158.72146606445312,22.0,706,0.06048530340194702,0.10298953577876091,0.5268656716417911,721,0.07328438758850098,0.11294198036193848,0.5380597014925373,721,0.09565304219722748,0.1494944542646408,0.5380597014925373
62.0,100.0,multiple_channels,False,1.0,0.0,63.962434832399225,62.1,24.0,2,621,2131,2043,5.601595495072736,157.42701721191406,158.0230712890625,24.0,1441,0.02838873863220215,0.04283353313803673,0.676208352885969,1455,0.03687276318669319,0.05005572959780695,0.6827780384795871,1455,0.04805124178528786,0.06416793465614319,0.6827780384795871
62.1,100.0,multiple_channels,False,1.0,0.0,8.323611122450563,62.165,24.0,2,622,1915,1704,4.4845953002610965,156.20120239257812,158.29405212402344,24.0,963,0.03178219497203827,0.04979353994131089,0.5028720626631854,980,0.04386226832866669,0.06578725725412368,0.5117493472584856,980,0.06381802260875702,0.10225720033049583,0.5117493472584856
62.2,100.0,supported,True,1.0,0.0,14.80700721676582,62.26,32.0,1,623,1466,1397,5.253069577080491,155.2617950439453,156.7730255126953,28.0,888,0.02970563992857933,0.0418494563549757,0.6057298772169167,903,0.038703467696905136,0.0556304953992367,0.6159618008185539,903,0.054222024977207184,0.10206105560064316,0.6159618008185539
62.3,100.0,supported,True,1.0,0.0,17.121064114192812,62.35,16.0,1,624,1324,1298,5.599697885196375,154.16207885742188,156.29248046875,20.0,926,0.0247037410736084,0.04954265058040619,0.6993957703927492,937,0.03192849084734917,0.08979913294315336,0.7077039274924471,937,0.07507704198360443,0.2318848580121994,0.7077039274924471
62.4,100.0,supported,True,1.0,0.0,2.928458152962178,62.445,36.0,1,625,1769,1723,6.506500847936687,152.95071411132812,155.92774963378906,30.0,1383,0.03982244059443474,0.07931624501943586,0.7817976257772753,1390,0.05789416283369064,0.13242254704236994,0.7857546636517807,1390,0.14083662629127502,0.2984158515930176,0.7857546636517807
62.5,100.0,supported,True,1.0,0.0,18.46071146399635,62.55,20.0,1,626,1012,987,5.675889328063241,154.599365234375,156.27915954589844,22.0,690,0.0343308188021183,0.05073367469012738,0.6818181818181818,693,0.04730304703116417,0.07926851511001588,0.6847826086956522,693,0.09343306720256805,0.16997502744197848,0.6847826086956522
62.6,100.0,supported,True,1.0,0.0,11.575696228450456,62.64,24.0,1,627,1850,1823,6.568108108108108,153.5167999267578,156.97467041015625,24.0,1448,0.0343128964304924,0.055521098524332034,0.7827027027027027,1451,0.04439617693424225,0.08748028427362442,0.7843243243243243,1451,0.08388439565896988,0.20471163094043732,0.7843243243243243
62.7,100.0,supported,True,1.0,0.0,8.02086680531337,62.735,20.0,1,628,2271,2250,6.948040510788199,152.50143432617188,156.29556274414062,22.0,1875,0.03315649926662445,0.05451917424798012,0.8256274768824307,1879,0.04100533574819565,0.08491328209638596,0.8273888154997798,1879,0.08836270868778229,0.16870265007019042,0.8273888154997798
62.8,100.0,supported,True,1.0,0.0,2.1039904949295916,62.835,32.0,1,629,3082,3075,7.787151200519143,153.95387268066406,155.88027954101562,28.0,2881,0.02981533110141754,0.039722051471471786,0.9347826086956522,2885,0.03363892808556557,0.06310439258813857,0.936080467229072,2885,0.049888722598552704,0.18592034578323355,0.936080467229072
62.9,100.0,supported,True,1.0,0.0,13.262889406239552,62.935,40.0,1,630,2964,2925,8.067139001349528,154.02706909179688,155.61807250976562,32.0,2653,0.02999088726937771,0.03993306308984758,0.8950742240215924,2658,0.0340401865541935,0.04743844345211983,0.8967611336032388,2658,0.0411534458398819,0.07225446477532387,0.8967611336032388
63.0,100.0,supported,True,1.0,0.0,50.9117201722389,63.025,36.0,1,631,2320,2164,5.682758620689655,152.6822509765625,156.43344116210938,30.0,1478,0.02841324172914028,0.05024280548095703,0.6370689655172413,1493,0.03693093731999397,0.07290895581245423,0.6435344827586207,1493,0.058654990047216415,0.1685614705085754,0.6435344827586207
63.1,100.0,supported,True,1.0,0.0,35.19195079679821,63.135,24.0,1,632,1910,1888,6.710471204188481,152.6448974609375,155.5539093017578,24.0,1550,0.026179950684309006,0.0440521851181984,0.8115183246073299,1554,0.03135225176811218,0.06502553895115853,0.8136125654450261,1554,0.04795093461871147,0.17483018189668656,0.8136125654450261
63.2,100.0,supported,True,1.0,0.0,11.42101257797135,63.225,24.0,1,633,1476,1444,6.7289972899729,153.2956085205078,154.4258270263672,24.0,1171,0.030661849305033684,0.04450610652565956,0.7933604336043361,1180,0.040110714733600616,0.05815303511917591,0.7994579945799458,1180,0.05445398390293121,0.09063758179545404,0.7994579945799458
63.3,100.0,supported,True,1.0,0.0,14.313795130556855,63.33,16.0,1,634,1464,1450,6.864754098360656,152.79296875,154.1105499267578,20.0,1195,0.027353888377547264,0.04147546663880349,0.8162568306010929,1200,0.03715638816356659,0.05165096372365952,0.819672131147541,1200,0.0536133348941803,0.08082359954714777,0.819672131147541
63.4,100.0,supported,True,1.0,0.0,4.07878718590268,63.425,24.0,1,635,1793,1753,7.026213050752928,152.84359741210938,153.44895935058594,24.0,1499,0.026050029322504997,0.03826462402939797,0.8360290016731734,1503,0.03148544952273369,0.04621447920799255,0.8382598996095929,1503,0.04011116176843643,0.05867011472582817,0.8382598996095929
63.5,100.0,supported,True,1.0,0.0,3.4402278487962903,63.525,24.0,1,636,1716,1672,7.071095571095571,152.43289184570312,153.36561584472656,24.0,1420,0.033125799149274826,0.04419282488524914,0.8275058275058275,1425,0.03989456593990326,0.059166308492422125,0.8304195804195804,1425,0.055736418813467026,0.0936157986521721,0.8304195804195804
63.6,100.0,supported,True,1.0,0.0,17.631834349655627,63.625,20.0,1,637,1718,1683,5.4406286379511055,152.2735137939453,153.6978759765625,22.0,1131,0.027038877829909325,0.037924040108919144,0.6583236321303841,1137,0.03194206580519676,0.0650064244866371,0.6618160651920838,1137,0.04925347492098808,0.10107313692569732,0.6618160651920838
63.7,100.0,supported,True,1.0,4.0,25.56041738458136,63.715,20.0,1,638,1411,1358,4.5584691708008505,149.84532165527344,153.05743408203125,22.0,714,0.03631895035505295,0.07658770382404329,0.5060240963855421,729,0.057699814438819885,0.1124747693538666,0.5166548547129696,729,0.12457611411809921,0.2481033504009247,0.5166548547129696
63.8,100.0,supported,True,1.0,4.0,25.707858474377524,63.8,20.0,1,639,990,959,4.207070707070707,151.37649536132812,152.89784240722656,22.0,437,0.03150925785303116,0.054574965685606006,0.4414141414141414,448,0.04494074732065201,0.08173549324274064,0.45252525252525255,448,0.09157046675682068,0.15841725170612336,0.45252525252525255
63.9,100.0,supported,True,1.0,0.0,6.197863962027095,63.89,20.0,1,640,1562,1517,5.293854033290653,151.31219482421875,152.39146423339844,22.0,939,0.032058894634246826,0.04427233785390854,0.6011523687580026,946,0.04037542641162872,0.06059440039098263,0.6056338028169014,946,0.05474929139018059,0.10197538882493973,0.6056338028169014
64.0,100.0,supported,True,1.0,0.0,3.2839091327608143,63.99,20.0,1,641,2258,2188,5.631975199291408,149.0847625732422,152.6167449951172,22.0,1490,0.03957855701446533,0.07389930188655854,0.6598759964570416,1503,0.048670828342437744,0.09763857275247574,0.6656333038086802,1503,0.0965021550655365,0.19413581490516663,0.6656333038086802
64.1,100.0,supported,True,1.0,0.0,27.5131825668388,64.085,48.0,1,642,2707,2559,3.5075729589951976,149.87718200683594,152.84613037109375,36.0,764,0.03316102921962738,0.06462529748678209,0.28223125230882895,814,0.03876765817403793,0.08630229830741885,0.30070188400443293,814,0.06619709730148315,0.1636244267225266,0.30070188400443293
64.2,100.0,supported,True,1.0,0.0,29.488068571014082,64.215,36.0,1,643,2545,2422,3.7650294695481334,151.5543670654297,152.3119354248047,30.0,870,0.02241351082921028,0.03088140357285738,0.3418467583497053,903,0.027905099093914032,0.035653258115053175,0.35481335952848725,903,0.037727586925029755,0.048559314012527485,0.35481335952848725
64.3,100.0,supported,True,1.0,0.0,14.425618225263424,64.305,20.0,1,644,1280,1230,4.02265625,150.32244873046875,151.89683532714844,22.0,492,0.029766704887151718,0.05202449001371861,0.384375,511,0.04111255332827568,0.06651277095079422,0.39921875,511,0.06274889409542084,0.09991876035928726,0.39921875
64.4,100.0,supported,True,1.0,0.0,22.293634895172566,64.41,32.0,1,645,1777,1722,4.491277433877321,150.35264587402344,151.595703125,28.0,851,0.028965728357434273,0.043334778398275375,0.47889701744513224,871,0.03546074032783508,0.05763145163655281,0.49015194147439506,871,0.046147409826517105,0.10496553778648376,0.49015194147439506
64.5,100.0,supported,True,1.0,0.0,25.913176516414946,64.515,32.0,1,646,1857,1715,4.1739364566505115,150.30233764648438,151.8255157470703,28.0,775,0.03032595105469227,0.041372216492891314,0.41733979536887456,790,0.037212174385786057,0.05027380622923375,0.4254173397953689,790,0.05089738219976425,0.07095069736242295,0.4254173397953689
64.6,100.0,supported,True,1.0,0.0,26.168634961151135,64.62,20.0,1,647,1313,1264,5.662604722010663,149.4462890625,150.81666564941406,22.0,919,0.02860955335199833,0.040819168090820326,0.6999238385376999,925,0.0348060317337513,0.05705328956246376,0.7044935262757045,925,0.05639718472957611,0.11164519786834717,0.7044935262757045
64.7,100.0,supported,True,1.0,0.0,19.335894047258193,64.72,24.0,1,648,1842,1771,5.551031487513572,149.30958557128906,151.4027099609375,24.0,1218,0.03284730017185211,0.04368734695017337,0.6612377850162866,1226,0.037832483649253845,0.051014166325330734,0.6655808903365906,1226,0.05098020285367966,0.08818142116069794,0.6655808903365906
64.8,100.0,supported,True,1.0,0.0,21.213752252852306,64.815,24.0,1,649,2071,2045,8.239497827136649,149.08424377441406,152.1182861328125,24.0,1832,0.02983584627509117,0.04753514267504216,0.8845968131337518,1840,0.03497803211212158,0.06658717542886737,0.8884596813133752,1840,0.05528043210506439,0.11449225321412097,0.8884596813133752
64.9,100.0,supported,True,1.0,0.0,26.649537900000976,64.92,24.0,1,650,1985,1963,9.015617128463475,148.5908966064453,150.4743194580078,24.0,1745,0.02950773946940899,0.04692672416567805,0.8790931989924433,1751,0.033886510878801346,0.0574539415538311,0.8821158690176323,1751,0.05046514421701431,0.11258487403392792,0.8821158690176323
65.0,100.0,supported,True,1.0,0.0,36.28918758217221,65.02,32.0,1,651,2687,2658,8.365091179754373,147.45065307617188,151.48284912109375,28.0,2419,0.033352214843034744,0.05056167170405389,0.9002605135839226,2422,0.042134616523981094,0.07708345577120783,0.9013770003721623,2422,0.059777919203042984,0.1410188391804695,0.9013770003721623
65.1,100.0,supported,True,1.0,0.0,23.27836758365282,65.115,32.0,1,652,2259,2169,5.688357680389553,147.29721069335938,150.64581298828125,28.0,1428,0.02982044219970703,0.04380400665104389,0.6321381142098274,1439,0.034644000232219696,0.060847829282283786,0.6370075254537406,1439,0.054208289831876755,0.09776318818330765,0.6370075254537406
65.2,100.0,supported,True,1.0,0.0,12.0923048027678,65.215,16.0,1,653,1699,1624,8.301942319011182,149.17501831054688,150.50779724121094,20.0,1291,0.02697310969233513,0.034569431096315384,0.7598587404355504,1298,0.03230126574635506,0.042899143695831296,0.7639788110653325,1298,0.04188963770866394,0.07650734409689901,0.7639788110653325
65.3,100.0,supported,True,1.0,0.0,27.733229796479804,65.31,32.0,1,654,2333,2247,8.508786969567081,147.271484375,150.46437072753906,28.0,1849,0.02941509708762169,0.04086823463439942,0.7925417916845263,1859,0.032896362245082855,0.05743310227990152,0.7968281183026147,1859,0.04148973152041435,0.13369133174419406,0.7968281183026147
65.4,100.0,supported,True,1.0,0.0,24.930276503971662,65.4,16.0,1,655,1122,1101,6.267379679144385,147.05435180664062,149.2938232421875,20.0,756,0.031616292893886566,0.04571263864636421,0.6737967914438503,762,0.040617384016513824,0.06877461373806,0.679144385026738,762,0.08507843315601349,0.12101731076836585,0.679144385026738
65.5,100.0,supported,True,1.0,0.0,16.839334557401262,65.49,28.0,1,656,2392,2378,7.835702341137123,147.3599395751953,149.60255432128906,26.0,2055,0.047755446285009384,0.07131923735141754,0.8591137123745819,2061,0.05381491780281067,0.07975784689188004,0.8616220735785953,2061,0.06942583620548248,0.12543034553527832,0.8616220735785953
65.6,100.0,multiple_channels,False,1.0,4.0,21.01429380952693,65.585,16.0,2,657,1056,969,6.205492424242424,148.22174072265625,149.4382781982422,20.0,636,0.03196808695793152,0.04914328269660473,0.6022727272727273,645,0.03800909221172333,0.07461211234331132,0.6107954545454546,645,0.05044611915946007,0.11445183753967285,0.6107954545454546
65.7,100.0,supported,True,1.0,0.0,40.105507477197655,65.675,20.0,1,658,1320,1304,9.082575757575757,147.4608917236328,149.7740020751953,22.0,1173,0.038554999977350235,0.05151176080107689,0.8886363636363637,1177,0.04692358151078224,0.07487629801034928,0.8916666666666667,1177,0.08183198422193527,0.14726429581642156,0.8916666666666667
65.8,100.0,supported,True,1.0,0.0,47.147759812692414,65.79,28.0,1,659,2276,2233,6.904217926186292,147.2697296142578,150.47576904296875,26.0,1855,0.04820900037884712,0.06902693212032321,0.8150263620386643,1857,0.05553020164370537,0.0741138368844986,0.8159050966608085,1857,0.07550562173128128,0.12605806291103366,0.8159050966608085
65.9,100.0,supported,True,1.0,0.0,25.8637503565686,65.895,12.0,1,660,1112,1081,6.614208633093525,146.6997528076172,149.72589111328125,20.0,831,0.04010302945971489,0.05298079922795296,0.7473021582733813,837,0.04385454207658768,0.06881358474493025,0.7526978417266187,837,0.057336460798978806,0.15369434654712674,0.7526978417266187
66.0,100.0,multiple_channels,False,1.0,0.0,18.08135371085104,65.98,16.0,2,661,988,950,5.8451417004048585,146.98983764648438,150.33534240722656,20.0,630,0.04930087924003601,0.06471233665943146,0.6376518218623481,641,0.058267511427402496,0.0860181599855423,0.6487854251012146,641,0.08840614557266235,0.12822410464286804,0.6487854251012146
66.1,100.0,multiple_channels,False,1.0,0.0,13.041008669855408,66.065,40.0,2,662,1465,1387,4.171331058020478,145.5452880859375,148.6803741455078,32.0,649,0.04835018888115883,0.07036665081977844,0.44300341296928325,661,0.05973532795906067,0.09194367378950119,0.45119453924914676,661,0.09562378376722336,0.17451903223991394,0.45119453924914676
66.2,100.0,supported,True,1.0,0.0,23.895858061201256,66.17,28.0,1,663,1811,1742,4.975151849806736,143.9241485595703,147.30316162109375,26.0,1073,0.05073438957333565,0.078801266849041,0.5924903368304804,1089,0.06061824783682823,0.09529619365930557,0.6013252346769741,1089,0.11049716174602509,0.19205442070960999,0.6013252346769741
66.3,100.0,supported,True,1.0,0.0,14.103951627731508,66.285,16.0,1,664,1087,1046,4.4875804967801285,145.5784149169922,147.072509765625,20.0,567,0.041835274547338486,0.058631534129381185,0.5216191352345906,576,0.050078216940164566,0.0638364851474762,0.5298988040478381,576,0.06582516431808472,0.08534665405750275,0.5298988040478381
66.4,100.0,supported,True,1.0,0.0,54.18121522157268,66.365,24.0,1,665,1726,1703,7.538818076477404,144.3143310546875,146.69241333007812,24.0,1462,0.044949404895305634,0.07078893929719926,0.847045191193511,1463,0.05464348569512367,0.09038372337818146,0.8476245654692932,1463,0.08389551937580109,0.19888084828853606,0.8476245654692932
66.5,100.0,supported,True,1.0,4.0,48.97703571060091,66.47,32.0,1,666,1733,1672,6.60530871321408,144.83168029785156,147.95388793945312,28.0,1348,0.04044317826628685,0.05577192567288875,0.7778418926716676,1357,0.046417225152254105,0.06070320755243301,0.7830351990767456,1357,0.06175639480352402,0.11275845766067508,0.7830351990767456
66.6,100.0,supported,True,1.0,4.0,46.19324275838305,66.57,32.0,1,667,1447,1394,5.742916378714582,143.4893341064453,146.25830078125,28.0,1035,0.0315021350979805,0.07580018043518066,0.7152729785763648,1044,0.041237667202949524,0.11030875742435456,0.7214927436074637,1044,0.09658759832382202,0.19922859072685248,0.7214927436074637
66.7,100.0,supported,True,1.0,0.0,43.226145286656255,66.69,32.0,1,668,2101,2030,5.226082817705854,142.7808380126953,149.860107421875,28.0,1424,0.029186800122261047,0.0638018362224102,0.6777724892908139,1430,0.035849105566740036,0.09474893063306813,0.680628272251309,1430,0.07823395729064941,0.20662344694137574,0.680628272251309
66.8,100.0,supported,True,1.0,0.0,38.86364779998317,66.79,20.0,1,669,2299,2235,6.350152240104393,143.49684143066406,146.53744506835938,22.0,1797,0.02824866585433483,0.04366525188088417,0.7816441931274467,1800,0.033462993800640106,0.063860047608614,0.7829491083079599,1800,0.049727119505405426,0.13275582492351534,0.7829491083079599
66.9,100.0,supported,True,1.0,0.0,12.350845420577038,66.89,28.0,1,670,2555,2480,5.8540117416829744,144.49569702148438,146.27223205566406,26.0,1859,0.039817918092012405,0.05162784159183502,0.7275929549902153,1871,0.05088352784514427,0.06758692115545273,0.7322896281800392,1871,0.074648417532444,0.10102615505456924,0.7322896281800392
67.0,100.0,supported,True,1.0,0.0,16.71981745594157,66.985,48.0,1,671,4056,3979,5.0441321499013805,144.3702392578125,146.40048217773438,36.0,2418,0.03140261769294739,0.0603895518928767,0.5961538461538461,2430,0.04053622484207153,0.0761830136179924,0.599112426035503,2430,0.07715363055467606,0.1409188702702522,0.599112426035503
67.1,100.0,supported,True,1.0,0.0,9.8888711244472,67.095,44.0,1,672,2833,2753,4.348746911401341,143.0073699951172,147.2239227294922,34.0,1288,0.029415693134069443,0.040611314773559566,0.45464172255559476,1306,0.035349056124687195,0.0547578651458025,0.46099541122485,1306,0.04880768060684204,0.1394723728299141,0.46099541122485
67.2,100.0,supported,True,1.0,0.0,13.722451459857764,67.195,40.0,1,673,2880,2739,2.8847222222222224,142.0646514892578,145.67584228515625,32.0,453,0.03293963149189949,0.05726772323250771,0.15729166666666666,478,0.054265838116407394,0.0884613297879696,0.16597222222222222,478,0.10872326046228409,0.15368557125329974,0.16597222222222222
67.3,100.0,supported,True,1.0,0.0,42.77214218279206,67.34,68.0,1,674,4282,3930,4.327417094815507,143.9745330810547,147.83958435058594,46.0,1949,0.04286901280283928,0.06538770794868469,0.4551611396543671,2010,0.06362463533878326,0.09032276421785355,0.4694068192433442,2010,0.10487554967403412,0.16337322145700456,0.4694068192433442
67.4,100.0,supported,True,0.9523809523809523,5.656854249492381,12.964179942260023,67.425,60.0,1,675,2819,2516,3.908123448031217,141.40818786621094,145.77549743652344,42.0,1158,0.05094759911298752,0.08325242027640342,0.4107839659453707,1198,0.07450836896896362,0.11914981305599212,0.42497339482085844,1199,0.12405319511890411,0.23177866637706757,0.42532813054274565
67.5,100.0,supported,True,1.0,0.0,34.19637446870454,67.515,28.0,1,676,2298,2149,4.713664055700609,141.13731384277344,143.85267639160156,26.0,1223,0.05191734433174133,0.10029808580875396,0.5322019147084421,1239,0.07443637400865555,0.14257189631462097,0.5391644908616188,1239,0.1278589367866516,0.2370718210935593,0.5391644908616188
67.6,100.0,supported,True,1.0,0.0,37.42761459235079,67.615,28.0,1,677,2300,2167,3.856086956521739,140.58738708496094,143.4078826904297,26.0,820,0.0545831024646759,0.1823790699243546,0.3565217391304348,857,0.08192885667085648,0.21083499789237972,0.3726086956521739,857,0.12939850986003876,0.2752773344516754,0.3726086956521739
67.7,100.0,sparse_water_returns,False,0.7142857142857143,5.656854249492381,30.19692715272843,67.71,40.0,1,678,1733,1692,4.51933064050779,141.75804138183594,144.7368621826172,32.0,764,0.022666819393634796,0.05835160948336125,0.4408540103866128,790,0.03316369280219078,0.08412680700421335,0.45585689555683784,790,0.05808059871196747,0.13838620185852052,0.45585689555683784
67.8,100.0,supported,True,1.0,0.0,26.55217119089099,67.805,16.0,1,679,1438,1363,5.076495132127955,141.01319885253906,143.26992797851562,20.0,727,0.040182653814554214,0.0681976094841957,0.5055632823365785,746,0.058406293392181396,0.10887204110622406,0.5187760778859527,746,0.10246285796165466,0.19589518755674362,0.5187760778859527
67.9,100.0,supported,True,1.0,0.0,43.785024935506755,67.9,20.0,1,680,1598,1538,7.635794743429287,140.96177673339844,142.88671875,22.0,1221,0.04783916100859642,0.06845784187316895,0.7640801001251565,1228,0.0657513290643692,0.09525295644998549,0.7684605757196495,1228,0.10228663682937622,0.15478339344263076,0.7684605757196495
68.0,100.0,supported,True,1.0,0.0,30.025197658837453,68.015,16.0,1,681,1748,1650,7.51487414187643,140.1730499267578,143.9449462890625,20.0,1327,0.04636676609516144,0.0677839607000351,0.7591533180778032,1335,0.0629878044128418,0.08549807965755465,0.7637299771167048,1335,0.09924563020467758,0.12850466668605806,0.7637299771167048
68.1,100.0,supported,True,1.0,0.0,7.3513981316698835,68.11,24.0,1,682,1422,1404,6.736990154711673,139.54833984375,141.2996368408203,24.0,1188,0.04065389186143875,0.052423511818051334,0.8354430379746836,1189,0.05064855143427849,0.06225502043962479,0.8361462728551337,1189,0.06792538613080978,0.09206997603178026,0.8361462728551337
68.2,100.0,supported,True,1.0,0.0,6.84175846604875,68.215,24.0,1,683,2266,2204,6.358781994704325,138.2276611328125,141.57327270507812,24.0,1725,0.05724704638123512,0.22393075525760694,0.7612533097969991,1736,0.06816932559013367,0.2594341039657593,0.766107678729038,1736,0.10014887899160385,0.2837481200695038,0.766107678729038
68.3,100.0,supported,True,1.0,0.0,23.266386378851724,68.325,44.0,1,684,3673,3634,8.28777566022325,138.18142700195312,141.96237182617188,34.0,3357,0.09137286245822906,0.1973963648080826,0.9139667846447046,3364,0.10463859885931015,0.2109193623065949,0.9158725837190308,3364,0.12913042306900024,0.26809920966625217,0.9158725837190308
68.4,100.0,supported,True,1.0,0.0,13.013514121605574,68.42,24.0,1,685,2165,2127,10.214780600461895,139.41940307617188,143.0308837890625,24.0,1982,0.04384993389248848,0.1110513269901276,0.915473441108545,1983,0.05294543132185936,0.11606017649173736,0.9159353348729792,1983,0.07327960431575775,0.17135621309280394,0.9159353348729792
68.5,100.0,supported,True,1.0,0.0,47.26785655472538,68.49,20.0,1,686,1290,1226,5.3496124031007755,137.80029296875,144.7469482421875,22.0,736,0.043622978031635284,0.08785844966769218,0.5705426356589147,747,0.054259348660707474,0.12059132605791091,0.5790697674418605,747,0.10657642781734467,0.22385339140892022,0.5790697674418605
68.6,100.0,supported,True,1.0,0.0,60.01147020450416,68.575,32.0,1,687,2272,2216,6.939700704225352,137.90248107910156,140.9498291015625,28.0,1692,0.0387541800737381,0.07584150359034539,0.7447183098591549,1703,0.04929344356060028,0.10579263567924498,0.7495598591549296,1703,0.09036360681056976,0.17796249985694884,0.7495598591549296
68.7,100.0,supported,True,1.0,0.0,50.724422150052185,68.665,28.0,1,688,2309,2256,6.671719359029883,137.68690490722656,140.31048583984375,26.0,1726,0.036474719643592834,0.059093110263347626,0.747509744478129,1734,0.044047921895980835,0.08020818680524827,0.750974447812906,1734,0.07131893932819366,0.13686080276966098,0.750974447812906
68.8,100.0,supported,True,1.0,0.0,37.01173334059756,68.725,32.0,1,689,2212,2105,6.262206148282098,137.01881408691406,141.14456176757812,28.0,1621,0.03524932637810707,0.0580984503030777,0.7328209764918626,1632,0.04682163521647453,0.07774680182337762,0.7377938517179023,1633,0.08635520190000534,0.1579639822244644,0.7382459312839059
68.9,100.0,supported,True,1.0,0.0,3.3624843190798934,68.815,68.0,1,690,3747,3642,6.026688017080331,137.00428771972656,145.01844787597656,46.0,2795,0.04236611723899841,0.11829269528388973,0.7459300773952495,2809,0.052858635783195496,0.1550920069217683,0.7496663997864959,2810,0.11276044696569443,0.2703822284936905,0.7499332799572992
69.0,100.0,supported,True,1.0,4.0,16.16712517984777,68.92,44.0,1,691,3257,3191,5.937058642922935,137.0277099609375,143.9526824951172,34.0,2288,0.03773587569594383,0.06641358658671379,0.7024869511820694,2299,0.043338801711797714,0.09258250147104266,0.7058642922935217,2299,0.07011956721544266,0.20738402009010323,0.7058642922935217
69.1,100.0,supported,True,1.0,0.0,26.36929756468773,69.02,40.0,1,692,2949,2905,5.640895218718209,137.06982421875,145.32891845703125,32.0,2060,0.03259211406111717,0.04842274375259877,0.6985418786029163,2065,0.035568516701459885,0.053931528329849245,0.7002373685995252,2065,0.04559922590851784,0.08331976085901262,0.7002373685995252
69.2,100.0,supported,True,1.0,0.0,28.46487690322929,69.14,64.0,1,693,4694,4653,5.691521090754154,137.1916046142578,140.50563049316406,44.0,3604,0.033486757427453995,0.056880100816488276,0.7677886663826161,3614,0.03878498077392578,0.06123316548764706,0.769919045590115,3614,0.04962073266506195,0.07245185971260071,0.769919045590115
69.3,100.0,supported,True,1.0,0.0,18.383055241243476,69.235,76.0,1,694,4587,4419,5.147809025506867,137.75881958007812,140.07049560546875,50.0,2944,0.054274678230285645,0.07704185247421265,0.6418138216699367,2965,0.06025288626551628,0.07806544750928879,0.6463919773272291,2965,0.06509154289960861,0.07870870530605316,0.6463919773272291
69.4,100.0,supported,True,1.0,0.0,18.65588310008613,69.335,12.0,1,695,639,593,3.5179968701095463,137.9709014892578,139.02963256835938,20.0,203,0.029109880328178406,0.04714566171169282,0.31768388106416273,215,0.044836778193712234,0.06910722851753234,0.3364632237871675,215,0.08380219340324402,0.12437815964221953,0.3364632237871675
69.5,100.0,supported,True,1.0,0.0,12.235718886576214,69.44,36.0,1,696,2436,2367,5.928981937602627,137.1253204345703,141.5780029296875,30.0,1857,0.027458904311060905,0.044138299673795706,0.7623152709359606,1868,0.040687039494514465,0.07374474704265595,0.7668308702791461,1868,0.07876421511173248,0.1524833485484123,0.7668308702791461
69.6,100.0,supported,True,1.0,0.0,3.7273028554479946,69.54,36.0,1,697,2344,2165,4.385665529010239,137.20704650878906,138.3753662109375,30.0,1143,0.028894102200865746,0.04223924800753593,0.4876279863481229,1170,0.03828999400138855,0.053157913684844994,0.4991467576791809,1170,0.05904589593410492,0.09033603221178056,0.4991467576791809
69.7,100.0,supported,True,1.0,0.0,16.094577331761595,69.64,36.0,1,698,2691,2623,4.5373467112597545,136.21461486816406,137.8608856201172,30.0,1354,0.03526902571320534,0.06676545813679696,0.5031586770717206,1376,0.05158492550253868,0.08191392198204994,0.5113340765514679,1376,0.08638359606266022,0.12907925248146057,0.5113340765514679
69.8,100.0,supported,True,1.0,0.0,20.56578260554553,69.745,40.0,1,699,2852,2721,4.243338008415147,136.46710205078125,138.63075256347656,32.0,1237,0.02288469858467579,0.03703211769461632,0.43373071528751755,1263,0.029894592240452766,0.049223692715168,0.4428471248246844,1263,0.044164109975099564,0.08518356978893278,0.4428471248246844
69.9,100.0,supported,True,1.0,4.0,30.81511231152731,69.825,24.0,1,700,1558,1493,4.169448010269576,135.330078125,137.889892578125,24.0,705,0.025798356160521507,0.05018122866749765,0.4525032092426187,716,0.03835414722561836,0.07136986404657364,0.4595635430038511,716,0.07881936430931091,0.17589356750249863,0.4595635430038511
70.0,100.0,supported,True,1.0,4.0,18.100914874842104,69.915,48.0,1,701,2103,2033,4.632429862101759,134.80067443847656,137.63621520996094,36.0,1247,0.022688977420330048,0.04485249295830728,0.5929624346172135,1262,0.02951858751475811,0.07103356346487999,0.6000951022349025,1262,0.0642213374376297,0.18627914488315586,0.6000951022349025
70.1,100.0,supported,True,1.0,4.0,16.265805530527807,70.005,76.0,1,702,2691,2635,5.4908955778521,134.70037841796875,139.2574462890625,50.0,1830,0.029336117208003998,0.04273838214576245,0.6800445930880713,1844,0.03475286811590195,0.0599957887083292,0.6852471200297288,1844,0.06456253677606583,0.13943176269531252,0.6852471200297288
70.2,100.0,supported,True,1.0,0.0,42.40768003453387,70.095,40.0,1,703,3036,3000,7.898880105401845,136.1378173828125,138.56982421875,32.0,2754,0.03212825953960419,0.04961697272956374,0.9071146245059288,2759,0.03748353570699692,0.06172970011830333,0.9087615283267457,2759,0.0530259944498539,0.09270393997430802,0.9087615283267457
70.3,100.0,supported,True,1.0,0.0,75.65922181827864,70.19,24.0,1,704,1387,1291,4.869502523431867,135.5724334716797,138.4404754638672,24.0,796,0.030567113310098648,0.06403584405779839,0.5739005046863734,807,0.04036357253789902,0.07842200994491577,0.581831290555155,807,0.06677208095788956,0.11296669393777847,0.581831290555155
70.4,100.0,supported,True,1.0,0.0,87.551090497671,70.295,20.0,1,705,1489,1437,4.77770315648086,134.91903686523438,136.6955108642578,22.0,863,0.035003118216991425,0.07408000379800801,0.5795836131631967,874,0.0458211787045002,0.08817271366715432,0.5869711215580927,874,0.07508213818073273,0.1280986487865448,0.5869711215580927
70.5,100.0,supported,True,1.0,4.0,40.769233681492935,70.46,20.0,1,706,1125,1051,3.8986666666666667,133.63929748535156,137.45361328125,22.0,461,0.03265891596674919,0.0536886528134346,0.4097777777777778,478,0.04897170513868332,0.09536816775798798,0.42488888888888887,478,0.11213354766368866,0.19290829002857207,0.42488888888888887
70.6,100.0,supported,True,1.0,0.0,22.026512709899187,70.545,20.0,1,707,1641,1610,6.35588056063376,134.68405151367188,137.80345153808594,22.0,1251,0.031397901475429535,0.04707348346710205,0.7623400365630713,1256,0.04135998338460922,0.06471546739339828,0.765386959171237,1257,0.07253728061914444,0.12958277165889745,0.7659963436928702
70.7,100.0,supported,True,1.0,0.0,6.604777403943964,70.635,32.0,1,708,2898,2877,7.243961352657005,134.39309692382812,136.8004150390625,28.0,2596,0.03122675232589245,0.049418503418564796,0.8957902001380262,2600,0.04025188833475113,0.07182310670614242,0.8971704623878537,2600,0.06738514453172684,0.16122628152370452,0.8971704623878537
70.8,100.0,supported,True,1.0,0.0,24.009447550929043,70.73,40.0,1,709,3273,3216,6.797739077299114,134.1139373779297,137.5101776123047,32.0,2799,0.031196679919958115,0.04497062340378762,0.8551787351054079,2808,0.036887675523757935,0.0541234489530325,0.8579285059578369,2808,0.052884262055158615,0.09211655557155617,0.8579285059578369
70.9,100.0,supported,True,1.0,0.0,56.80623010585947,70.825,24.0,1,710,2182,2076,5.4729605866177815,132.90138244628906,138.08460998535156,24.0,1400,0.037862539291381836,0.0675280250608921,0.6416131989000916,1416,0.047323718667030334,0.07487519830465317,0.6489459211732356,1417,0.06839277595281601,0.11079757660627367,0.6494042163153071
71.0,100.0,supported,True,1.0,0.0,38.367797786950376,70.89,44.0,1,711,2880,2821,5.730902777777778,132.74151611328125,146.7138214111328,34.0,2028,0.03738725557923317,0.0523435965180397,0.7041666666666667,2045,0.04525594785809517,0.07090162634849549,0.7100694444444444,2045,0.08759486675262451,0.17631032466888438,0.7100694444444444
71.1,100.0,supported,True,1.0,0.0,10.210933603076219,70.975,44.0,1,712,3475,3435,6.808345323741007,133.1442413330078,135.2059783935547,34.0,2794,0.037185534834861755,0.05136171132326126,0.8040287769784172,2801,0.04093170538544655,0.05897426977753639,0.8060431654676259,2801,0.0535723976790905,0.09078355133533478,0.8060431654676259
71.2,100.0,supported,True,1.0,0.0,21.065535053744142,71.095,52.0,1,713,4652,4640,8.868443680137576,133.8558807373047,135.5067901611328,38.0,4405,0.0415828600525856,0.06639132797718048,0.9469045571797077,4408,0.045929018408060074,0.0688751220703125,0.9475494411006019,4408,0.054424017667770386,0.07569364830851555,0.9475494411006019
71.3,100.0,multiple_channels,False,1.0,0.0,28.37901091612695,71.185,44.0,2,714,3914,3890,7.164026571282576,134.3892822265625,135.17869567871094,34.0,3466,0.04733932763338089,0.06805324926972389,0.885539090444558,3468,0.05219976231455803,0.06846262440085411,0.8860500766479305,3468,0.05715291202068329,0.0728017345070839,0.8860500766479305
71.4,100.0,multiple_channels,False,1.0,0.0,26.737993481018997,71.305,40.0,2,715,2784,2610,6.226293103448276,134.55709838867188,135.41668701171875,32.0,2011,0.028747614473104477,0.038812730461359024,0.7223419540229885,2034,0.032882850617170334,0.044670925289392475,0.7306034482758621,2034,0.04019952192902565,0.06037612035870552,0.7306034482758621
71.5,100.0,supported,True,1.0,0.0,6.2712898403450446,71.4,80.0,1,716,3307,3084,6.447233141820381,131.51171875,138.5483856201172,52.0,2263,0.03153691068291664,0.05346783772110939,0.6843060175385546,2290,0.0344313308596611,0.06539665311574935,0.6924705170849713,2291,0.038207441568374634,0.11074739694595337,0.6927729059570608
71.6,100.0,supported,True,1.0,0.0,26.340125870888272,71.485,28.0,1,717,2107,1996,7.134788799240627,133.4750518798828,134.6559295654297,26.0,1677,0.0365154966711998,0.04447024613618851,0.7959183673469388,1688,0.04104270786046982,0.049374351650476454,0.8011390602752729,1689,0.051894910633563995,0.06531394124031067,0.8016136687233033
71.7,100.0,supported,True,1.0,0.0,43.36969465553307,71.58,36.0,1,718,2296,2168,5.273954703832753,132.1719512939453,133.932373046875,30.0,1389,0.039374157786369324,0.05246415659785271,0.6049651567944251,1415,0.046417225152254105,0.06027478873729707,0.6162891986062717,1417,0.06060571223497391,0.09858158975839615,0.6171602787456446
71.8,100.0,supported,True,1.0,0.0,25.98233324561525,71.725,32.0,1,719,2049,1965,5.239141044411908,131.04696655273438,134.7335968017578,28.0,1254,0.03764110803604126,0.07700741514563562,0.6120058565153733,1270,0.04369542747735977,0.11273592337965968,0.6198145436798438,1270,0.05849304795265198,0.2157717093825341,0.6198145436798438
71.9,100.0,supported,True,1.0,0.0,18.614500112677145,71.825,40.0,1,720,3092,3039,7.739003880983183,131.9937286376953,133.62008666992188,32.0,2685,0.041773952543735504,0.05664157941937446,0.8683699870633894,2693,0.047480519860982895,0.06501657366752625,0.8709573091849935,2693,0.06649204343557358,0.12569172084331512,0.8709573091849935
72.0,100.0,multiple_channels,False,1.0,0.0,15.82429969908856,71.925,36.0,2,721,2382,2339,6.828715365239295,131.7598114013672,134.05471801757812,30.0,1866,0.037233851850032806,0.04749269038438797,0.783375314861461,1875,0.04056363180279732,0.05332874283194542,0.7871536523929471,1875,0.050369665026664734,0.11754215955734254,0.7871536523929471
72.1,100.0,multiple_channels,False,1.0,0.0,28.485704547350057,72.025,32.0,2,722,2486,2433,6.700321802091714,132.1139373779297,133.3050994873047,28.0,1953,0.03674297034740448,0.04535215646028519,0.7855993563958166,1964,0.04030124098062515,0.05243348553776741,0.7900241351568785,1964,0.04893449321389198,0.08745791018009186,0.7900241351568785
72.2,100.0,supported,True,1.0,0.0,5.480189328877791,72.15,24.0,1,723,1726,1618,5.371958285052144,130.3571319580078,133.42271423339844,24.0,1082,0.04781898111104965,0.06846007108688354,0.626882966396292,1099,0.053865909576416016,0.0827556699514389,0.6367323290845887,1099,0.08090507984161377,0.14552028179168702,0.6367323290845887
72.3,100.0,multiple_channels,False,1.0,4.0,14.463862533814185,72.25,36.0,2,724,1844,1760,5.218546637744034,129.50880432128906,134.93882751464844,30.0,952,0.05353161692619324,0.08984973803162574,0.5162689804772235,971,0.06462172418832779,0.11899466067552567,0.5265726681127982,971,0.12006163597106934,0.23928166925907135,0.5265726681127982
72.4,100.0,multiple_channels,False,1.0,0.0,4.41413994994456,72.425,56.0,2,725,3662,3466,5.378208629164391,129.9666290283203,133.70118713378906,40.0,2294,0.05677653104066849,0.1509711265563966,0.6264336428181322,2317,0.07025156170129776,0.16386916041374208,0.6327143637356636,2317,0.11478914320468903,0.18721065819263458,0.6327143637356636
72.5,100.0,multiple_channels,False,1.0,0.0,29.27911445452513,72.52,16.0,2,726,852,803,4.5,130.05235290527344,134.45632934570312,20.0,429,0.040773700922727585,0.08352042138576507,0.5035211267605634,440,0.060040999203920364,0.11728061363101006,0.5164319248826291,440,0.11321945488452911,0.20309952199459086,0.5164319248826291
72.6,100.0,supported,True,1.0,0.0,23.25203938334947,72.59,16.0,1,727,1456,1387,4.094093406593407,128.27256774902344,132.79434204101562,20.0,649,0.03254704549908638,0.056853173673152964,0.44574175824175827,670,0.05102367699146271,0.1001110948622227,0.46016483516483514,670,0.12753081321716309,0.251600068807602,0.46016483516483514
72.7,100.0,supported,True,1.0,0.0,34.45823979825564,72.685,32.0,1,728,2542,2460,5.0743509047993705,128.21815490722656,132.17361450195312,28.0,1590,0.030488234013319016,0.04940641447901726,0.6254917387883556,1607,0.038284558802843094,0.071694615483284,0.6321793863099922,1607,0.07980036735534668,0.18207269012928018,0.6321793863099922
72.8,100.0,supported,True,1.0,0.0,16.833320650445515,72.79,20.0,1,729,1837,1781,4.866630375612411,130.08758544921875,131.7650146484375,22.0,1094,0.027874434366822243,0.04564379826188088,0.5955362003266195,1105,0.0359153188765049,0.05433453842997551,0.6015242242787153,1105,0.04961022362112999,0.07842041105031967,0.6015242242787153
72.9,100.0,supported,True,1.0,0.0,15.327328199863869,72.895,24.0,1,730,1929,1856,5.995334370139969,129.37600708007812,132.46542358398438,24.0,1442,0.03488139808177948,0.05118222907185555,0.7475375842405392,1451,0.0436764732003212,0.0694306492805481,0.7522032141005702,1451,0.06521128118038177,0.14627760648727417,0.7522032141005702
73.0,100.0,supported,True,1.0,0.0,12.788902238682528,72.99,28.0,1,731,2487,2414,6.312826698833937,128.79981994628906,131.8009490966797,26.0,1973,0.032295916229486465,0.08757204413413996,0.7933252915158826,1984,0.04169049113988876,0.15329558104276658,0.7977482911137918,1984,0.09664012491703033,0.22817098796367646,0.7977482911137918
73.1,100.0,supported,True,1.0,0.0,3.105381454107512,73.08,28.0,1,732,2137,2011,7.2199344875994385,128.18116760253906,131.16009521484375,26.0,1603,0.029014289379119873,0.047389287501573556,0.7501169864295741,1616,0.03408686816692352,0.06442057341337204,0.756200280767431,1616,0.06400622427463531,0.1511920988559723,0.756200280767431
73.2,100.0,supported,True,1.0,4.0,3.0950280593543398,73.185,36.0,1,733,1634,1578,6.3604651162790695,127.65628051757812,135.70147705078125,30.0,1168,0.04327461123466492,0.08341613113880154,0.7148102815177478,1179,0.05277295783162117,0.10944527238607407,0.7215422276621787,1179,0.10476046055555344,0.24694423675537114,0.7215422276621787
73.3,100.0,supported,True,1.0,4.0,7.529510396607387,73.28,52.0,1,734,2184,2124,6.39514652014652,128.33218383789062,131.1774139404297,38.0,1731,0.026456184685230255,0.03989691287279129,0.7925824175824175,1742,0.030421316623687744,0.06056962497532368,0.7976190476190477,1742,0.04159368947148323,0.12915474325418483,0.7976190476190477
73.4,100.0,supported,True,1.0,0.0,19.15356038534513,73.375,20.0,1,735,1100,1066,6.389090909090909,128.31704711914062,131.02285766601562,22.0,785,0.03259710222482681,0.05460096672177315,0.7136363636363636,790,0.04439028352499008,0.07085088565945626,0.7181818181818181,790,0.06852828711271286,0.1397648483514786,0.7181818181818181
73.5,100.0,supported,True,1.0,0.0,34.06975637645185,73.46,24.0,1,736,2016,1956,7.002480158730159,127.17697143554688,130.55763244628906,24.0,1574,0.04148516803979874,0.06669357344508171,0.7807539682539683,1584,0.05311823636293411,0.08848056942224504,0.7857142857142857,1585,0.0974431112408638,0.15918885171413424,0.7862103174603174
73.6,100.0,supported,True,1.0,0.0,73.03538867333116,73.55,28.0,1,737,2033,1950,7.139695031972455,129.0617218017578,130.01524353027344,26.0,1670,0.028769521042704582,0.040888493880629546,0.8214461387112642,1681,0.03735240548849106,0.05201144888997078,0.8268568617806198,1682,0.053404875099658966,0.08039321079850198,0.8273487456960157
73.7,100.0,supported,True,1.0,0.0,58.22246120517321,73.75,36.0,1,738,2458,2348,6.148901545972335,128.1366729736328,129.8994140625,30.0,1841,0.024746835231781006,0.03507935255765915,0.7489829129373474,1854,0.032608047127723694,0.04699587002396584,0.7542717656631408,1854,0.049661241471767426,0.08369607627391816,0.7542717656631408
73.8,100.0,supported,True,1.0,0.0,14.591350401758307,73.83,32.0,1,739,1743,1693,6.057372346528973,126.29765319824219,133.38021850585938,28.0,1319,0.029247507452964783,0.04795205965638161,0.7567412507171544,1329,0.03673196956515312,0.06030630245804787,0.7624784853700516,1329,0.06169750168919563,0.140445539355278,0.7624784853700516
73.9,100.0,supported,True,1.0,0.0,27.535205045442662,73.925,32.0,1,740,2052,2000,6.618421052631579,126.39527893066406,130.0001220703125,28.0,1591,0.03690587729215622,0.07125067710876465,0.7753411306042886,1600,0.04476763308048248,0.11706421151757242,0.7797270955165692,1601,0.086746945977211,0.2837454676628113,0.780214424951267
74.0,100.0,supported,True,1.0,0.0,13.936412930768917,74.025,24.0,1,741,2033,1998,4.729955730447615,125.50448608398438,131.7677459716797,24.0,1165,0.025827374309301376,0.06045488864183431,0.573044761436301,1172,0.03239130228757858,0.083128234744072,0.5764879488440728,1172,0.0716160386800766,0.1851411998271943,0.5764879488440728
74.1,100.0,supported,True,1.0,0.0,42.41732732417575,74.115,24.0,1,742,2088,2004,5.9013409961685825,127.44678497314453,131.70326232910156,24.0,1537,0.0338270366191864,0.04678250551223755,0.7361111111111112,1545,0.04263534024357796,0.060215661674737936,0.7399425287356322,1545,0.06696485728025436,0.13266175389289858,0.7399425287356322
74.2,100.0,supported,True,1.0,0.0,10.320536092089442,74.205,28.0,1,743,2173,2083,6.265991716520939,125.68354797363281,129.59373474121094,26.0,1493,0.039537571370601654,0.07357881665229796,0.6870685687988956,1503,0.052347954362630844,0.09740154296159743,0.6916705016106764,1503,0.10292252153158188,0.2008658170700073,0.6916705016106764
74.3,100.0,supported,True,1.0,0.0,18.957931954582815,74.315,32.0,1,744,2749,2700,8.130956711531466,126.46016693115234,129.1938934326172,28.0,2391,0.038396045565605164,0.07132195681333542,0.8697708257548199,2398,0.04548848420381546,0.08531330004334454,0.8723172062568206,2398,0.0642155110836029,0.15612491071224233,0.8723172062568206
74.4,100.0,supported,True,1.0,0.0,18.407510446903387,74.42,32.0,1,745,2742,2641,7.680525164113786,125.53203582763672,128.7444610595703,28.0,2063,0.05031309276819229,0.10452246963977814,0.7523705324580598,2069,0.054984502494335175,0.12506473660469056,0.7545587162654996,2069,0.09295342117547989,0.16858861148357393,0.7545587162654996
74.5,100.0,supported,True,1.0,0.0,23.397788794209387,74.515,40.0,1,746,2944,2862,8.18648097826087,126.36714172363281,128.76708984375,32.0,2613,0.037360627204179764,0.0657592952251435,0.8875679347826086,2621,0.04237030819058418,0.07922256737947464,0.8902853260869565,2621,0.05153954401612282,0.12283258885145187,0.8902853260869565
74.6,100.0,supported,True,1.0,0.0,36.23606910223451,74.615,20.0,1,747,1160,1124,7.604310344827586,126.74092864990234,128.0269775390625,22.0,973,0.03567247837781906,0.05866216272115709,0.8387931034482758,978,0.043484266847372055,0.06437524855136872,0.843103448275862,978,0.05739811435341835,0.08185355886816979,0.843103448275862
74.7,100.0,supported,True,1.0,0.0,64.12402555163155,74.71,16.0,1,748,1535,1527,6.7485342019543975,126.22007751464844,127.45399475097656,20.0,1340,0.02732224203646183,0.04611459113657475,0.8729641693811075,1344,0.036440666764974594,0.06848476901650431,0.8755700325732899,1344,0.07290472090244293,0.14875805974006653,0.8755700325732899
74.8,100.0,supported,True,1.0,0.0,95.71661360527658,74.83,32.0,1,749,2231,2188,6.508740475123263,126.10391998291016,129.95001220703125,28.0,1777,0.02400032803416252,0.03325870335102082,0.7965038099506948,1786,0.028194542974233627,0.049389224499464035,0.8005378753922008,1786,0.04401320219039917,0.09208593890070915,0.8005378753922008
74.9,100.0,supported,True,1.0,0.0,58.478868346801136,74.94,36.0,1,750,2392,2293,5.670568561872909,123.84090423583984,130.28285217285156,30.0,1712,0.032289110124111176,0.08510364741086959,0.7157190635451505,1728,0.046454597264528275,0.11958737373352048,0.7224080267558528,1728,0.10589408874511719,0.2495968222618103,0.7224080267558528
75.0,100.0,supported,True,1.0,0.0,14.849465213108122,75.01,28.0,1,751,1723,1671,6.7608821822402785,124.97472381591797,129.8301239013672,26.0,1392,0.027740202844142914,0.04570414014160634,0.807893209518282,1397,0.03439530357718468,0.07260068506002432,0.8107951247823564,1397,0.060094691812992096,0.1903183221817017,0.8107951247823564
75.1,100.0,supported,True,1.0,0.0,6.5846771408957325,75.105,24.0,1,752,2037,1993,7.0780559646539025,124.43977355957031,127.65057373046875,24.0,1722,0.02800668403506279,0.04819849841296673,0.845360824742268,1723,0.03766557201743126,0.0729758843779564,0.8458517427589592,1723,0.06994368880987167,0.1564716786146164,0.8458517427589592
75.2,100.0,supported,True,0.9523809523809523,5.656854249492381,4.733492524151673,75.2,48.0,1,753,2588,2492,6.3860123647604325,124.54856872558594,128.93931579589844,36.0,1943,0.025770064443349838,0.042264684289693835,0.750772797527048,1953,0.03343667462468147,0.07121632248163223,0.7546367851622875,1954,0.05570737272500992,0.1520817637443543,0.7550231839258115
75.3,100.0,supported,True,1.0,0.0,5.9999477287630345,75.3,24.0,1,754,1373,1328,8.813546977421705,125.53690338134766,127.1911392211914,24.0,1210,0.03424911946058273,0.04585447236895562,0.8812818645302258,1212,0.03968772664666176,0.054625592008233075,0.8827385287691187,1212,0.05652265250682831,0.08414128124713897,0.8827385287691187
75.4,100.0,supported,True,1.0,0.0,8.364514009162072,75.405,28.0,1,755,1982,1934,7.175580221997982,125.0608901977539,127.15489959716797,26.0,1698,0.04118462651968002,0.05136622674763203,0.856710393541877,1705,0.04787282273173332,0.06227060109376907,0.8602421796165489,1705,0.06584270298480988,0.12293344885110857,0.8602421796165489
75.5,100.0,supported,True,1.0,0.0,19.540437891868983,75.5,20.0,1,756,1733,1682,6.545297172533179,123.2476577758789,127.25238800048828,22.0,1318,0.043318089097738266,0.059348158538341515,0.760530871321408,1328,0.050717927515506744,0.06993634849786758,0.7663012117714946,1328,0.07260127365589142,0.10889271646738052,0.7663012117714946
75.6,100.0,supported,True,1.0,0.0,24.63649076065661,75.62,40.0,1,757,2635,2587,6.218216318785578,122.72740936279297,129.31942749023438,32.0,2010,0.06077960878610611,0.09847538024187089,0.7628083491461101,2019,0.06875552237033844,0.10943296104669573,0.7662239089184061,2019,0.109547458589077,0.18082501590251923,0.7662239089184061
75.7,100.0,supported,True,1.0,0.0,22.134553957503343,75.705,20.0,1,758,1759,1715,6.300739056281978,122.54139709472656,126.47135925292969,22.0,1298,0.04950574412941933,0.08134774491190909,0.7379192723138147,1306,0.05693964287638664,0.0975598432123661,0.7424673109721432,1306,0.07612130790948868,0.1893320232629776,0.7424673109721432
75.8,100.0,supported,True,1.0,0.0,19.790381962629603,75.835,44.0,1,759,2491,2454,7.493376154154958,122.32456970214844,127.57976531982422,34.0,2115,0.06031045690178871,0.10264047831296925,0.8490566037735849,2118,0.07206307351589203,0.11626962497830391,0.8502609393817744,2119,0.1295512616634369,0.22676878571510317,0.8506623845845042
75.9,100.0,supported,True,1.0,0.0,3.716493482837669,75.935,32.0,1,760,1991,1892,6.339025615268709,122.31526947021484,125.62415313720703,28.0,1448,0.04330088570713997,0.06022149585187435,0.7272727272727273,1461,0.05225793272256851,0.07799644768238068,0.7338021094927172,1461,0.07197848707437515,0.16385042667388916,0.7338021094927172
76.0,100.0,supported,True,1.0,4.0,6.368579290845441,76.025,40.0,1,761,1895,1825,5.992084432717678,121.38912200927734,126.64710998535156,32.0,1336,0.040512971580028534,0.07527750730514526,0.7050131926121372,1350,0.05296661704778671,0.11053775399923332,0.712401055408971,1350,0.12959079444408417,0.2529320538043976,0.712401055408971
76.1,100.0,supported,True,1.0,0.0,6.1676265790373295,76.13,40.0,1,762,2063,1947,6.315559864275327,120.96732330322266,127.10980224609375,32.0,1536,0.03821351379156113,0.06994445994496346,0.7445467765390208,1547,0.04523641616106033,0.09902390986680985,0.7498788172564227,1547,0.06853936612606049,0.20143284499645234,0.7498788172564227
76.2,100.0,supported,True,1.0,0.0,8.641899439258484,76.225,32.0,1,763,2493,2433,6.249498596068993,120.55188751220703,128.5261688232422,28.0,1838,0.052043065428733826,0.09457682892680165,0.7372643401524268,1853,0.06563016772270203,0.1250862717628479,0.7432811873245087,1853,0.12344364076852798,0.310681676864624,0.7432811873245087
76.3,100.0,supported,True,1.0,0.0,4.906870664891825,76.33,36.0,1,764,2353,2277,6.2426689332766685,121.74664306640625,129.05020141601562,30.0,1704,0.04243847727775574,0.06959269493818283,0.7241818954526137,1713,0.049891360104084015,0.0916999340057373,0.7280067998300043,1713,0.09035731106996536,0.2258365422487259,0.7280067998300043
76.4,100.0,supported,True,1.0,0.0,11.570481694212514,76.425,24.0,1,765,1907,1874,8.234923964341899,121.93462371826172,125.22437286376953,24.0,1660,0.049956582486629486,0.07997279316186907,0.8704771893025695,1665,0.05608227103948593,0.09727199375629432,0.8730991085474568,1665,0.07363973557949066,0.22279826700687408,0.8730991085474568
76.5,100.0,supported,True,1.0,0.0,29.72866545972831,76.525,36.0,1,766,1913,1881,7.579717720857293,121.2598876953125,124.88613891601562,30.0,1589,0.037177033722400665,0.06704479455947876,0.8306325143753267,1596,0.041474971920251846,0.09773815795779228,0.8342916884474647,1596,0.054921962320804596,0.2238115817308426,0.8342916884474647
76.6,100.0,supported,True,1.0,0.0,4.55351586574562,76.62,32.0,1,767,2144,2093,7.376399253731344,121.32493591308594,123.91156768798828,28.0,1836,0.04543333128094673,0.0749467983841896,0.8563432835820896,1841,0.0531453862786293,0.09926001727581024,0.8586753731343284,1841,0.07580604404211044,0.18490828573703766,0.8586753731343284
76.7,100.0,supported,True,1.0,0.0,8.416268632750915,76.72,20.0,1,768,1755,1719,8.413105413105413,121.3248291015625,123.96284484863281,22.0,1538,0.03971698880195618,0.053234225139021873,0.8763532763532763,1541,0.05272049829363823,0.07636316865682602,0.878062678062678,1541,0.09299734234809875,0.15720075368881226,0.878062678062678
76.8,100.0,supported,True,1.0,0.0,18.92467674429377,76.82,32.0,1,769,2301,2266,8.457627118644067,120.59221649169922,123.55931091308594,28.0,1986,0.03412739560008049,0.05340007320046425,0.863102998696219,1989,0.04393842816352844,0.07374052703380585,0.864406779661017,1989,0.07504715025424957,0.15503960251808166,0.864406779661017
76.9,100.0,supported,True,1.0,0.0,27.920460184484323,76.935,28.0,1,770,1506,1472,8.574369189907038,121.47789764404297,123.08878326416016,26.0,1227,0.03362065181136131,0.045912916213274,0.8147410358565738,1231,0.039492323994636536,0.07193171977996826,0.8173970783532537,1231,0.0654912143945694,0.15004107356071472,0.8173970783532537
77.0,100.0,supported,True,1.0,0.0,28.526733135516444,77.05,20.0,1,771,1954,1895,8.93654042988741,120.5230712890625,123.25819396972656,22.0,1533,0.04614629969000816,0.08570819050073623,0.7845445240532242,1534,0.053251318633556366,0.11884060129523277,0.7850562947799385,1534,0.09163215011358261,0.20998060256242754,0.7850562947799385
77.1,100.0,supported,True,1.0,4.0,34.87240877306144,77.16,52.0,1,772,2777,2664,6.944544472452287,121.00261688232422,125.75791931152344,38.0,1990,0.03482538461685181,0.055301821604371075,0.7166006481814908,2010,0.043965358287096024,0.08464623615145685,0.7238026647461289,2010,0.07364154607057571,0.1882908433675766,0.7238026647461289
77.2,100.0,supported,True,1.0,0.0,23.371744468082547,77.27,28.0,1,773,2353,2234,5.736931576710583,118.64697265625,125.79328918457031,26.0,1476,0.03940105065703392,0.08019918575882912,0.6272843178920527,1487,0.051234181970357895,0.11228867918252952,0.6319592010199745,1487,0.10775704681873322,0.2688779413700104,0.6319592010199745
77.3,100.0,supported,True,1.0,0.0,7.2879592009704375,77.375,40.0,1,774,3468,3387,6.083333333333333,119.28578186035156,123.99378204345703,32.0,2509,0.06678023934364319,0.30853175520896925,0.7234717416378316,2523,0.09687717258930206,0.32628765106201174,0.7275086505190311,2523,0.17348557710647583,0.3345804154872895,0.7275086505190311
77.4,100.0,supported,True,1.0,4.0,17.813198167820865,77.465,48.0,1,775,3326,3194,6.429945880938064,119.29792022705078,123.29278564453125,36.0,2314,0.06326008588075638,0.16807171851396568,0.6957306073361396,2327,0.075984887778759,0.1819805651903153,0.6996392062537583,2327,0.12754379212856293,0.22710185945034028,0.6996392062537583
77.5,100.0,supported,True,1.0,4.0,3.4784866564810843,77.56,28.0,1,776,1469,1398,7.138869979577944,120.58998107910156,125.75745391845703,26.0,1127,0.03928351029753685,0.06162092834711075,0.7671885636487407,1131,0.04648203402757645,0.07029341906309128,0.7699115044247787,1131,0.06401775777339935,0.10984249413013458,0.7699115044247787
77.6,100.0,supported,True,1.0,4.0,8.295726282578594,77.66,44.0,1,777,1919,1816,6.810317873892653,119.6105728149414,123.10628509521484,34.0,1398,0.03857346624135971,0.05619632601737975,0.7285044293903075,1405,0.04891155660152435,0.09068663120269777,0.7321521625846795,1405,0.08473794162273407,0.22657735943794255,0.7321521625846795
77.7,100.0,supported,True,1.0,0.0,17.821611111568586,77.76,32.0,1,778,1674,1591,5.781362007168458,119.79759216308594,123.27130889892578,28.0,1199,0.03280418738722801,0.0526467427611351,0.7162485065710872,1206,0.04132326692342758,0.08021676167845726,0.7204301075268817,1206,0.07438981533050537,0.176791250705719,0.7204301075268817
77.8,100.0,supported,True,1.0,0.0,20.074171488043877,77.855,36.0,1,779,2684,2591,5.776825633383011,119.12860870361328,122.89241027832031,30.0,1748,0.036530543118715286,0.052878998965024945,0.6512667660208644,1761,0.05033519119024277,0.09015178680419922,0.6561102831594635,1761,0.09574767202138901,0.1931978166103363,0.6561102831594635
77.9,100.0,supported,True,1.0,0.0,31.428192728644976,77.94,32.0,1,780,2530,2483,6.640711462450593,119.19815826416016,121.6866683959961,28.0,1995,0.040319737046957016,0.06627933382987979,0.7885375494071146,2003,0.04920327290892601,0.09085197746753693,0.791699604743083,2003,0.08376526832580566,0.1641155570745468,0.791699604743083
78.0,100.0,supported,True,1.0,0.0,36.7317818504654,78.04,40.0,1,781,3024,2919,6.463293650793651,119.67247772216797,123.61226654052734,32.0,2316,0.03178569674491882,0.04760205186903477,0.7658730158730159,2325,0.04042778164148331,0.0707180917263031,0.7688492063492064,2325,0.05982138589024544,0.12773012816905974,0.7688492063492064
78.1,100.0,supported,True,1.0,0.0,27.327073568865522,78.135,24.0,1,782,1538,1449,6.692457737321196,118.72216033935547,121.604736328125,24.0,1131,0.03633283078670502,0.06738889217376709,0.735370611183355,1141,0.05134012550115585,0.09097011387348175,0.7418725617685306,1141,0.09365243464708328,0.17097604274749756,0.7418725617685306
78.2,100.0,supported,True,1.0,0.0,16.356139680977183,78.24,20.0,1,783,1515,1464,6.8343234323432345,117.9087905883789,120.75743865966797,22.0,1139,0.037975698709487915,0.05320512279868126,0.7518151815181519,1141,0.0476873554289341,0.07693399488925934,0.7531353135313531,1141,0.08726803958415985,0.141775980591774,0.7531353135313531
78.3,100.0,supported,True,1.0,0.0,12.070486979049543,78.35,36.0,1,784,2350,2276,6.801702127659574,118.1402816772461,119.92349243164062,30.0,1810,0.047988541424274445,0.06395145356655121,0.7702127659574468,1822,0.055452801287174225,0.08166693374514583,0.7753191489361703,1822,0.08512018620967865,0.16197298020124445,0.7753191489361703
78.4,100.0,supported,True,1.0,4.0,16.794841283687724,78.45,36.0,1,785,1478,1416,5.650879566982408,117.02293395996094,121.6161880493164,30.0,950,0.04031212627887726,0.06193785779178143,0.6427604871447903,966,0.05103307217359543,0.07919082045555115,0.6535859269282814,966,0.09142608195543289,0.15004120767116547,0.6535859269282814
78.5,100.0,supported,True,1.0,0.0,16.020643349849323,78.535,28.0,1,786,2147,2091,4.650675360968794,117.33953094482422,120.56290435791016,26.0,1151,0.03937555477023125,0.0616871640086174,0.536096879366558,1164,0.04466937482357025,0.06569010317325592,0.5421518397764322,1164,0.06102020666003227,0.09797432497143746,0.5421518397764322
78.6,100.0,supported,True,1.0,0.0,17.133903527642545,78.63,16.0,1,787,1341,1309,5.696495152870992,117.84968566894531,119.67015838623047,20.0,860,0.051064662635326385,0.07340251579880715,0.6413124533929903,869,0.05905721336603165,0.08846468329429627,0.6480238627889635,869,0.09196776896715164,0.13059134483337403,0.6480238627889635
78.7,100.0,supported,True,1.0,0.0,11.16148828484506,78.735,24.0,1,788,1287,1210,5.367521367521367,117.3149642944336,122.5811767578125,24.0,769,0.05008931830525398,0.06913806051015854,0.5975135975135976,776,0.06116829067468643,0.0829588882625103,0.602952602952603,776,0.10836121439933777,0.17534179240465164,0.602952602952603
78.8,100.0,supported,True,1.0,0.0,9.277912101041343,78.84,28.0,1,789,1997,1844,3.673009514271407,117.23423767089844,122.30767059326172,26.0,691,0.04682617262005806,0.07257754355669022,0.34601902854281424,718,0.05560396984219551,0.08299496024847032,0.35953930896344516,719,0.08854739367961884,0.1409145146608353,0.3600400600901352
78.9,100.0,supported,True,0.9047619047619048,5.656854249492381,3.589359941611473,78.935,48.0,1,790,2458,2288,3.998779495524817,117.0036849975586,124.12420654296875,36.0,994,0.05473576486110687,0.07434273138642311,0.40439381611065905,1012,0.06460720300674438,0.11022594422101974,0.41171684296175753,1012,0.12045826017856598,0.2364035278558731,0.41171684296175753
79.0,100.0,supported,True,1.0,4.0,4.234616179893628,79.03,44.0,1,791,2783,2721,6.316564858066834,117.24270629882812,128.72279357910156,34.0,2141,0.05276298150420189,0.07299090176820755,0.7693136902623069,2155,0.05978844687342644,0.08981963694095613,0.7743442328422565,2155,0.07904979586601257,0.15738219022750863,0.7743442328422565
79.1,100.0,supported,True,1.0,0.0,8.84422259348718,79.13,32.0,1,792,2800,2743,6.6775,117.72977447509766,119.326904296875,28.0,2276,0.04859896004199982,0.06147223338484764,0.8128571428571428,2286,0.05150988698005676,0.0678551159799099,0.8164285714285714,2286,0.0599738210439682,0.0857260450720787,0.8164285714285714
79.2,100.0,supported,True,1.0,0.0,10.30806520424485,79.23,60.0,1,793,4196,4070,8.093183984747379,117.81005859375,123.22425079345703,42.0,3513,0.04713795706629753,0.07252274006605149,0.8372259294566253,3531,0.0507366769015789,0.08248982578516006,0.8415157292659676,3531,0.06445840001106262,0.10683637857437134,0.8415157292659676
79.3,100.0,supported,True,1.0,0.0,3.51258604289657,79.33,44.0,1,794,3951,3855,7.522146292077955,117.09733581542969,124.49065399169922,34.0,3245,0.055247120559215546,0.18109504282474514,0.821311060491015,3260,0.06358206272125244,0.19311308711767194,0.8251075677043787,3260,0.10044939070940018,0.21528280675411224,0.8251075677043787
79.4,100.0,supported,True,1.0,0.0,8.505899058349588,79.43,48.0,1,795,3892,3795,8.133864337101747,116.7636489868164,122.37999725341797,36.0,3235,0.0530683770775795,0.09507593810558318,0.8311921891058581,3249,0.056422870606184006,0.1033673018217087,0.8347893114080165,3249,0.06544385850429535,0.10883696675300603,0.8347893114080165
79.5,100.0,supported,True,1.0,4.0,10.374669014046217,79.53,0.0,0,796,481,465,5.538461538461538,117.58634185791016,120.04777526855469,20.0,253,0.04337942227721214,0.055907999724149705,0.525987525987526,261,0.04900186508893967,0.09222982823848724,0.5426195426195426,261,0.05585775896906853,0.15829065442085266,0.5426195426195426
79.6,100.0,multiple_channels,False,1.0,0.0,14.162638013853742,79.625,12.0,2,797,645,598,6.116279069767442,117.15595245361328,118.79580688476562,20.0,413,0.034561075270175934,0.05408914163708687,0.6403100775193798,418,0.053096041083335876,0.0743415266275406,0.648062015503876,418,0.0890326201915741,0.13592575937509538,0.648062015503876
79.7,100.0,multiple_channels,False,1.0,0.0,6.565440827064084,79.725,16.0,2,798,1084,1026,6.223247232472325,116.62290954589844,119.43697357177734,20.0,771,0.033738333731889725,0.04908992722630501,0.7112546125461254,780,0.046495471149683,0.07859925329685212,0.7195571955719557,780,0.08209413290023804,0.13105370849370956,0.7195571955719557
79.8,100.0,multiple_channels,False,1.0,0.0,7.991940382617622,79.825,20.0,2,799,1680,1652,6.948214285714286,116.19513702392578,118.15772247314453,22.0,1291,0.0512472540140152,0.08899132907390594,0.768452380952381,1299,0.06302376836538315,0.10019984841346741,0.7732142857142857,1299,0.09947262704372406,0.1315043330192566,0.7732142857142857
79.9,100.0,supported,True,1.0,0.0,8.682466466708211,79.93,48.0,1,800,3766,3735,10.37732342007435,115.97555541992188,118.0533676147461,36.0,3425,0.048370130360126495,0.07130334377288818,0.9094530005310675,3434,0.05358966812491417,0.07937562093138702,0.9118428040361126,3434,0.07206910848617554,0.1417820468544961,0.9118428040361126
80.0,100.0,supported,True,1.0,4.0,5.589778870687667,80.03,64.0,1,801,2683,2580,8.52031308237048,116.71188354492188,118.0011215209961,44.0,2092,0.039943844079971313,0.050670761987566953,0.7797241893402908,2098,0.04374396428465843,0.05506250634789467,0.7819604919865821,2098,0.05269859731197357,0.07392036467790604,0.7819604919865821
80.1,100.0,supported,True,1.0,0.0,9.130653512714845,80.13,24.0,1,802,2227,2187,7.6035024696901665,115.47687530517578,117.6956787109375,24.0,1809,0.04958869889378548,0.0709597036242485,0.8123035473731477,1816,0.05617649480700493,0.09275772795081139,0.815446789402784,1816,0.08811315894126892,0.14754781126976013,0.815446789402784
80.2,100.0,supported,True,1.0,0.0,4.822147960044635,80.225,56.0,1,803,3537,3492,8.818490245971162,114.88846588134766,119.21240234375,40.0,3126,0.04184991121292114,0.061617596074938774,0.8837998303647159,3132,0.046529874205589294,0.06952958703041076,0.8854961832061069,3132,0.06410585343837738,0.12077602967619898,0.8854961832061069
80.3,100.0,supported,True,1.0,0.0,4.394622231103579,80.325,32.0,1,804,2729,2655,5.9050934408208136,114.02555847167969,119.05632019042969,28.0,1961,0.04331602528691292,0.06786251813173294,0.7185782337852693,1971,0.04842882230877876,0.07226381450891495,0.7222425796995237,1971,0.06999647617340088,0.11129233241081238,0.7222425796995237
80.4,100.0,supported,True,1.0,0.0,10.552304638905754,80.425,32.0,1,805,3166,3114,7.269740998104864,115.6849136352539,119.36579132080078,28.0,2736,0.03525620698928833,0.04641140438616276,0.8641819330385344,2746,0.03812292963266373,0.05139492638409138,0.8673404927353127,2746,0.04521499574184418,0.08214351907372475,0.8673404927353127
80.5,100.0,supported,True,1.0,0.0,21.41071368975716,80.525,32.0,1,806,1902,1851,5.974763406940063,115.90491485595703,117.62994384765625,28.0,1359,0.03261127695441246,0.07217591255903245,0.7145110410094637,1365,0.03856278583407402,0.0807925745844841,0.7176656151419558,1365,0.05485638603568077,0.13401261568069459,0.7176656151419558
80.6,100.0,supported,True,1.0,0.0,26.559145025871235,80.625,28.0,1,807,2001,1948,6.766116941529235,115.8634262084961,118.94943237304688,26.0,1599,0.03741053119301796,0.056157175451517105,0.7991004497751124,1606,0.0444459393620491,0.06425678357481956,0.8025987006496752,1606,0.06253670156002045,0.10004884749650955,0.8025987006496752
80.7,100.0,supported,True,1.0,0.0,23.28100923191486,80.725,48.0,1,808,1979,1942,6.65588681152097,115.06036376953125,117.21131134033203,36.0,1489,0.03214624896645546,0.053590954095125216,0.752400202122284,1497,0.03733532503247261,0.07256903797388078,0.7564426478019202,1497,0.05188561975955963,0.1485639482736588,0.7564426478019202
80.8,100.0,supported,True,1.0,0.0,14.714965414576987,80.835,20.0,1,809,1576,1451,3.693527918781726,114.43846130371094,116.02991485595703,22.0,510,0.03096187114715576,0.04588325135409832,0.3236040609137056,545,0.04481327906250954,0.07370664626359939,0.34581218274111675,545,0.08025136590003967,0.13093314468860626,0.34581218274111675
80.9,100.0,supported,True,1.0,0.0,7.691910038115351,80.93,32.0,1,810,2340,2254,4.98974358974359,114.43745422363281,115.927734375,28.0,1401,0.036727387458086014,0.05514858290553093,0.5987179487179487,1422,0.05241437256336212,0.07761995047330857,0.6076923076923076,1422,0.08605995774269104,0.12400277256965642,0.6076923076923076
81.0,100.0,supported,True,1.0,0.0,8.835782701661092,81.03,40.0,1,811,3540,3511,5.118926553672316,113.51351165771484,117.30286407470703,32.0,2184,0.027006030082702637,0.04874141030013562,0.6169491525423729,2199,0.03475407138466835,0.06825938075780869,0.6211864406779661,2199,0.0705595389008522,0.17870926856994632,0.6211864406779661
81.1,100.0,supported,True,1.0,0.0,6.868910085938242,81.125,40.0,1,812,3441,3377,6.365010171461784,112.38954162597656,115.67150115966797,32.0,2585,0.027215147390961647,0.04362885504961013,0.7512351060738157,2605,0.03386031091213226,0.05260120779275894,0.7570473699505957,2605,0.0583355650305748,0.13692789673805236,0.7570473699505957
81.2,100.0,supported,True,1.0,0.0,5.19460159739885,81.225,52.0,1,813,3648,3570,6.703125,113.26241302490234,115.76313781738281,38.0,2931,0.037421565502882004,0.050432976335287094,0.803453947368421,2938,0.041801948100328445,0.0556461863219738,0.8053728070175439,2938,0.04938605800271034,0.08495600298047068,0.8053728070175439
81.3,100.0,supported,True,1.0,0.0,11.814248770362076,81.325,32.0,1,814,2369,2310,5.412410299704517,112.98928833007812,115.52587127685547,28.0,1586,0.02605000138282776,0.035331469029188156,0.6694807935837906,1597,0.030377548187971115,0.03946486487984657,0.6741241029970452,1597,0.04542027413845062,0.06466825753450393,0.6741241029970452
81.4,100.0,supported,True,1.0,0.0,22.9360844157218,81.43,44.0,1,815,3584,3560,6.118303571428571,114.21473693847656,116.94554138183594,34.0,2996,0.023127112537622452,0.02885504812002182,0.8359375,2997,0.02648366428911686,0.03205376565456391,0.8362165178571429,2997,0.03421087935566902,0.046743263304233555,0.8362165178571429
81.5,100.0,supported,True,1.0,0.0,22.194219808670823,81.53,28.0,1,816,1784,1750,6.348654708520179,113.137451171875,115.21210479736328,26.0,1412,0.022525321692228317,0.05040522180497647,0.7914798206278026,1416,0.026819046586751938,0.06677476689219475,0.7937219730941704,1416,0.039964597672224045,0.15571866184473038,0.7937219730941704
81.6,100.0,supported,True,1.0,0.0,9.634424555074968,81.63,28.0,1,817,2314,2243,7.181936041486603,112.04109191894531,115.23712158203125,26.0,1712,0.04898608848452568,0.07798340395092965,0.7398444252376837,1719,0.055106133222579956,0.09825366288423538,0.7428694900605013,1719,0.07138662040233612,0.1770835250616074,0.7428694900605013
81.7,100.0,supported,True,1.0,0.0,19.17429116992675,81.73,40.0,1,818,3576,3539,9.050335570469798,112.97709655761719,115.19763946533203,32.0,3148,0.028624219819903374,0.05901230573654175,0.8803131991051454,3154,0.030792921781539917,0.0854356594383717,0.8819910514541387,3154,0.04123532027006149,0.1389174059033394,0.8819910514541387
81.8,100.0,supported,True,1.0,0.0,13.75216313346643,81.835,44.0,1,819,3148,3087,8.190914866581958,113.88863372802734,115.6199951171875,34.0,2800,0.041781604290008545,0.1401656538248062,0.8894536213468869,2804,0.05123037099838257,0.14635792821645743,0.8907242693773825,2804,0.060807004570961,0.1673027023673058,0.8907242693773825
81.9,100.0,supported,True,1.0,0.0,8.4133869210811,81.93,24.0,1,820,1288,1245,8.923136645962733,113.26210021972656,114.836181640625,24.0,1100,0.03162931278347969,0.0497607734054327,0.8540372670807453,1104,0.04202035069465637,0.07190625965595246,0.8571428571428571,1105,0.06361578404903412,0.108331498503685,0.8579192546583851
82.0,100.0,supported,True,1.0,0.0,12.832643674726716,82.03,20.0,1,821,1498,1411,8.828437917222963,111.884521484375,115.63658905029297,22.0,1179,0.03775223717093468,0.0631436213850975,0.7870493991989319,1181,0.05593467503786087,0.08903324604034424,0.7883845126835781,1181,0.11139008402824402,0.15381623804569244,0.7883845126835781
82.1,100.0,supported,True,1.0,0.0,16.100609214831795,82.13,32.0,1,822,2349,2306,8.401873137505321,111.15348815917969,114.11141204833984,28.0,2054,0.038058917969465256,0.05753376893699169,0.8744146445295871,2057,0.05015095695853233,0.08137673735618592,0.8756917837377608,2057,0.09486854821443558,0.13655503392219542,0.8756917837377608
82.2,100.0,supported,True,1.0,4.0,15.583183167390512,82.235,40.0,1,823,2215,2178,10.531828442437924,111.78087615966797,114.35352325439453,32.0,2015,0.03573569282889366,0.050993750989437106,0.909706546275395,2017,0.04377251863479614,0.07501004785299302,0.910609480812641,2017,0.08486767113208771,0.1544998496770859,0.910609480812641
82.3,100.0,supported,True,1.0,0.0,12.526686792733239,82.35,28.0,1,824,2178,2146,11.379247015610652,111.51560974121094,113.15819549560547,26.0,1960,0.042790837585926056,0.06382294818758964,0.8999081726354453,1964,0.0541696697473526,0.08636561334133148,0.9017447199265382,1964,0.08647759258747101,0.1622228652238846,0.9017447199265382
82.4,100.0,supported,True,1.0,0.0,4.7455633678634275,82.45,32.0,1,825,2192,2100,10.180656934306569,110.61602020263672,114.03087615966797,28.0,1751,0.046761251986026764,0.07320710271596909,0.7988138686131386,1760,0.05637836456298828,0.09844380840659143,0.8029197080291971,1761,0.08583458513021469,0.15212208032608032,0.8033759124087592
82.5,100.0,supported,True,1.0,0.0,20.192182876038682,82.545,20.0,1,826,2129,2044,9.745890089243776,109.89517974853516,115.07282257080078,22.0,1754,0.053294070065021515,0.07422811165452003,0.823860967590418,1755,0.06517459452152252,0.09356045722961427,0.8243306716768436,1755,0.09953572601079941,0.18720260858535767,0.8243306716768436
82.6,100.0,supported,True,1.0,0.0,45.031846436343415,82.65,40.0,1,827,2102,2001,9.028544243577546,109.81471252441406,117.74732208251953,32.0,1682,0.05362682044506073,0.08193672299385073,0.8001902949571836,1688,0.06941789388656616,0.11062839031219478,0.8030447193149381,1689,0.1233619749546051,0.24504408836364747,0.8035204567078973
82.7,100.0,supported,True,1.0,0.0,37.99623606425927,82.78,44.0,1,828,2531,2388,8.972738048202292,110.0577392578125,113.05418395996094,34.0,1964,0.04267957806587219,0.06930609419941902,0.7759778743579613,1976,0.059564702212810516,0.0959077887237072,0.7807190833662584,1977,0.10264841467142105,0.18922641575336457,0.7811141841169498
82.8,100.0,supported,True,1.0,0.0,26.269375232008514,82.875,24.0,1,829,1568,1523,9.050382653061224,109.16926574707031,116.74363708496094,24.0,1221,0.03795783221721649,0.09382937103509903,0.7786989795918368,1227,0.055997125804424286,0.13099552690982832,0.7825255102040817,1227,0.10029866546392441,0.3218244254589081,0.7825255102040817
82.9,100.0,supported,True,1.0,0.0,44.22939615582023,82.97,44.0,1,830,2227,2152,7.970812752581949,108.91517639160156,114.42951202392578,34.0,1790,0.03812284767627716,0.05819618552923204,0.8037718904355635,1794,0.049047842621803284,0.07724146097898484,0.8055680287382129,1795,0.09012135118246078,0.17217723727226258,0.8060170633138751
83.0,100.0,supported,True,1.0,0.0,46.608020860090896,83.045,40.0,1,831,2924,2845,6.3023255813953485,108.43910217285156,114.05447387695312,32.0,2087,0.042568888515233994,0.07671977281570437,0.7137482900136799,2105,0.06059931591153145,0.10768725872039799,0.7199042407660738,2105,0.14647044241428375,0.2501309633255005,0.7199042407660738
83.1,100.0,supported,True,1.0,0.0,34.165151375724435,83.145,56.0,1,832,4281,4202,6.588881102546134,109.40386962890625,111.80711364746094,40.0,3555,0.02283632755279541,0.04512104019522666,0.8304134548002803,3559,0.02685348503291607,0.05895289480686188,0.8313478159308573,3561,0.03956972062587738,0.11814574152231216,0.8318149964961458
83.2,100.0,supported,True,1.0,0.0,47.41205447884903,83.235,48.0,1,833,2865,2746,6.179406631762653,110.06172943115234,112.3204116821289,36.0,2055,0.018846765160560608,0.02638121210038663,0.7172774869109948,2071,0.021805722266435623,0.03138675168156624,0.7228621291448517,2071,0.029965689405798912,0.07835391163825989,0.7228621291448517
83.3,100.0,supported,True,1.0,0.0,43.88933085656198,83.335,24.0,1,834,2164,2133,5.928373382624769,109.75005340576172,111.992431640625,24.0,1654,0.024476945400238037,0.03103643320500851,0.7643253234750462,1660,0.02754688635468483,0.04108510203659538,0.767097966728281,1660,0.03890855237841606,0.09654490277171138,0.767097966728281
83.4,100.0,supported,True,1.0,0.0,22.990417247226905,83.42,16.0,1,835,1609,1583,6.872591671845867,110.13864135742188,111.1537094116211,20.0,1347,0.027728069573640823,0.042412042617797865,0.8371659415786202,1350,0.03374064713716507,0.04802026301622391,0.839030453697949,1350,0.0459614172577858,0.06061599664390087,0.839030453697949
83.5,100.0,supported,True,1.0,0.0,29.92191333852549,83.515,40.0,1,836,2698,2669,6.170867309117865,109.99456787109375,110.95681762695312,32.0,2178,0.024570368230342865,0.032715270295739174,0.8072646404744255,2187,0.0333896242082119,0.04212606921792031,0.8106004447739066,2187,0.04756223410367966,0.06282512098550797,0.8106004447739066
83.6,100.0,multiple_channels,False,1.0,0.0,59.28252211628088,83.605,32.0,2,837,1933,1854,4.655975168132437,108.87000274658203,112.19827270507812,28.0,1065,0.0252591073513031,0.04024737849831581,0.5509570615623384,1079,0.03213182091712952,0.05800535827875145,0.5581996896016554,1079,0.04486379399895668,0.1383305162191392,0.5581996896016554
83.7,100.0,supported,True,1.0,0.0,35.44381019728487,83.695,24.0,1,838,2040,1992,5.159803921568628,107.21874237060547,111.66057586669922,24.0,1365,0.031906165182590485,0.05423366352915764,0.6691176470588235,1372,0.046601057052612305,0.07920852527022362,0.6725490196078432,1372,0.10859428346157074,0.1798409551382065,0.6725490196078432
83.8,100.0,supported,True,1.0,0.0,16.59653452601136,83.765,24.0,1,839,1649,1536,4.067313523347483,107.10735321044922,110.2481460571289,24.0,743,0.04397252947092056,0.08389285653829577,0.45057610673135234,755,0.06103444844484329,0.11239034086465835,0.4578532443905397,755,0.1107880100607872,0.25334428548812865,0.4578532443905397
83.9,100.0,supported,True,1.0,0.0,4.844152880461695,83.855,24.0,1,840,2088,2016,4.505747126436781,107.44963073730469,109.67839813232422,24.0,1154,0.021770499646663666,0.05768162794411183,0.5526819923371648,1170,0.03268148750066757,0.08992555290460588,0.5603448275862069,1170,0.07502562552690506,0.19067514836788194,0.5603448275862069
84.0,100.0,supported,True,1.0,0.0,16.70891969887573,83.955,36.0,1,841,2178,2097,5.548668503213958,107.2687759399414,110.16643524169922,30.0,1502,0.021396856755018234,0.04228618070483208,0.689623507805326,1514,0.028031878173351288,0.0769423544406891,0.6951331496786042,1514,0.05578150600194931,0.16369955241680148,0.6951331496786042
84.1,100.0,supported,True,1.0,4.0,50.253444340190605,84.04,28.0,1,842,1786,1760,4.653415453527436,108.38168334960938,110.01004028320312,26.0,983,0.023496529087424278,0.04467220902442933,0.5503919372900336,994,0.030394773930311203,0.053932237252593045,0.5565509518477044,994,0.049272309988737106,0.08169098049402239,0.5565509518477044
84.2,100.0,supported,True,1.0,4.0,44.54827005418846,84.135,44.0,1,843,3066,2984,5.0834964122635355,107.8853759765625,111.32784271240234,34.0,2053,0.01878213696181774,0.03320146277546883,0.6696020874103066,2068,0.022969894111156464,0.051239538937807076,0.6744944553163731,2068,0.0424291230738163,0.1449958607554435,0.6744944553163731
84.3,100.0,supported,True,1.0,0.0,41.30298955307204,84.23,56.0,1,844,4738,4699,4.432883073026593,107.91272735595703,110.12422943115234,40.0,2245,0.016640739515423775,0.030541109666228302,0.47382861967074713,2259,0.021000798791646957,0.04275345057249069,0.4767834529337273,2259,0.040111832320690155,0.0808542236685753,0.4767834529337273
84.4,100.0,supported,True,1.0,0.0,48.73828098467319,84.33,56.0,1,845,4976,4929,4.246784565916399,107.96470642089844,109.8321533203125,40.0,2037,0.015948254615068436,0.026877018064260485,0.40936495176848875,2056,0.018507376313209534,0.0357318501919508,0.41318327974276525,2056,0.022719040513038635,0.08486736938357353,0.41318327974276525
84.5,100.0,supported,True,1.0,0.0,48.11304376441322,84.43,68.0,1,846,6192,6162,6.471737726098191,108.5090560913086,112.22712707519531,46.0,5273,0.030901970341801643,0.04245924577116966,0.8515826873385013,5283,0.03442997857928276,0.043961235880851754,0.8531976744186046,5283,0.03803938999772072,0.056821686029434215,0.8531976744186046
84.6,100.0,supported,True,1.0,0.0,50.66648820641091,84.53,68.0,1,847,5753,5636,5.885624891361029,108.71129608154297,110.20499420166016,46.0,4366,0.029869545251131058,0.03962725214660168,0.7589083956196767,4388,0.03229933977127075,0.04136261641979218,0.7627324873978794,4388,0.03495872765779495,0.054096197336912163,0.7627324873978794
84.7,100.0,supported,True,1.0,0.0,42.98659823682519,84.63,48.0,1,848,2603,2537,6.109873223203995,108.75689697265625,110.27490997314453,36.0,2076,0.03785743564367294,0.04697250761091709,0.7975412985017287,2080,0.04110276326537132,0.04958151355385781,0.7990779869381482,2080,0.04586424678564072,0.06331659257411958,0.7990779869381482
84.8,100.0,multiple_channels,False,1.0,0.0,2.2174765357966764,84.72,24.0,2,849,2096,2012,5.425572519083969,108.07906341552734,109.23847198486328,24.0,1492,0.03357486426830292,0.04293268844485283,0.7118320610687023,1501,0.037248894572257996,0.04972083866596222,0.7161259541984732,1501,0.04264054074883461,0.07932174205780029,0.7161259541984732
84.9,100.0,multiple_channels,False,1.0,0.0,6.415703889402419,84.82,24.0,2,850,1862,1817,6.128356605800215,107.9255142211914,108.93904113769531,24.0,1461,0.03137063607573509,0.038742583245038986,0.784640171858217,1467,0.035151321440935135,0.04250897243618965,0.7878625134264232,1467,0.04558834806084633,0.05806514993309975,0.7878625134264232
85.0,100.0,supported,True,1.0,0.0,59.45444691841974,84.895,40.0,1,851,1990,1947,6.931658291457286,106.40654754638672,108.54032135009766,32.0,1692,0.02604345604777336,0.04311611801385882,0.8502512562814071,1695,0.03340744227170944,0.055919434130191854,0.8517587939698492,1695,0.0544571653008461,0.12878726422786713,0.8517587939698492
85.1,100.0,supported,True,1.0,0.0,110.82177779440416,85.0,20.0,1,852,1622,1598,5.788532675709002,106.69667053222656,107.6301040649414,22.0,1227,0.021516794338822365,0.032118432223796844,0.7564734895191122,1231,0.027919521555304527,0.037374015897512436,0.7589395807644883,1232,0.03910307586193085,0.06207894049584873,0.7595561035758323
85.2,100.0,supported,True,1.0,0.0,119.8593357320919,85.15,28.0,1,853,2656,2631,6.563253012048193,105.88260650634766,108.38204956054688,26.0,2063,0.03443306311964989,0.07572010606527328,0.7767319277108434,2067,0.044904861599206924,0.09034948647022249,0.7782379518072289,2067,0.06613816320896149,0.1318289041519165,0.7782379518072289
85.3,100.0,supported,True,1.0,0.0,106.87082423172036,85.265,48.0,1,854,3472,3343,6.426555299539171,104.89030456542969,109.5918960571289,36.0,2635,0.03167508915066719,0.05590914785861969,0.7589285714285714,2648,0.039551883935928345,0.06462978795170786,0.7626728110599078,2648,0.0541793629527092,0.08181074708700181,0.7626728110599078
85.4,100.0,supported,True,1.0,0.0,73.56546720708039,85.355,44.0,1,855,2747,2616,6.276301419730615,105.11995697021484,109.1057357788086,34.0,2069,0.03746086731553078,0.05475331097841263,0.7531852930469604,2086,0.04322736710309982,0.06249512732028961,0.7593738623953403,2087,0.05051271989941597,0.10240464955568314,0.7597378958864216
85.5,100.0,supported,True,1.0,0.0,12.06547745986098,85.435,24.0,1,856,1595,1571,7.858307210031348,104.91439056396484,107.53473663330078,24.0,1415,0.02834673412144184,0.042281256616115585,0.8871473354231975,1417,0.03478296101093292,0.054756658524274825,0.8884012539184953,1417,0.04567306116223335,0.08299012780189516,0.8884012539184953
85.6,100.0,supported,True,1.0,0.0,4.987012733585056,85.535,24.0,1,857,1815,1776,10.226446280991736,104.8433837890625,106.2868881225586,24.0,1653,0.041728075593709946,0.055918957293033596,0.9107438016528926,1657,0.04981294646859169,0.07692626416683199,0.9129476584022038,1657,0.0775202289223671,0.1473215222358704,0.9129476584022038
85.7,100.0,supported,True,1.0,0.0,4.084836377491003,85.635,24.0,1,858,1659,1633,12.150693188667873,104.95367431640625,107.26493072509766,24.0,1562,0.038731783628463745,0.046007788926362994,0.9415310427968656,1563,0.0419149287045002,0.04876502454280853,0.9421338155515371,1564,0.05160539597272873,0.07529360353946686,0.9427365883062085
85.8,100.0,supported,True,1.0,0.0,5.92961601070579,85.735,20.0,1,859,951,915,9.511041009463723,103.7139892578125,106.51361846923828,22.0,801,0.04482780396938324,0.07452553510665894,0.8422712933753943,808,0.05872443690896034,0.10115996971726418,0.8496319663512093,808,0.09423055499792099,0.19399242103099823,0.8496319663512093
85.9,100.0,supported,True,1.0,0.0,5.413861427299039,85.83,84.0,1,860,3056,2927,7.530431937172775,102.2982177734375,107.14314270019531,54.0,2130,0.08076180517673492,0.2810978800058367,0.6969895287958116,2144,0.12740260362625122,0.3116307020187378,0.7015706806282722,2144,0.2198708951473236,0.39496965110301974,0.7015706806282722
86.0,100.0,supported,True,1.0,0.0,2.537033468940812,85.93,24.0,1,861,1787,1745,8.184107442641299,102.71412658691406,104.94149780273438,24.0,1403,0.07237960398197174,0.20256714820861815,0.7851147174034695,1412,0.10397219657897949,0.21915296316146854,0.7901510912143257,1412,0.15136349201202393,0.2509344100952149,0.7901510912143257
86.1,100.0,supported,True,1.0,0.0,16.86822407723911,86.03,24.0,1,862,1933,1882,8.22296947749612,102.63970947265625,105.16919708251953,24.0,1584,0.05268603563308716,0.16209629327058794,0.8194516295913088,1589,0.06612309068441391,0.18059506118297577,0.8220382824624936,1589,0.09817303717136383,0.22811468541622162,0.8220382824624936
86.2,100.0,supported,True,1.0,0.0,45.434665307054566,86.125,28.0,1,863,1686,1637,8.766310794780546,102.563720703125,104.80555725097656,26.0,1446,0.02938487008213997,0.05942889489233494,0.8576512455516014,1451,0.03346753865480423,0.0790427178144455,0.8606168446026097,1451,0.04085012525320053,0.1694881021976471,0.8606168446026097
86.3,100.0,supported,True,1.0,0.0,34.255223531206255,86.22,32.0,1,864,2241,2174,7.049977688531905,101.4010238647461,105.3659439086914,28.0,1554,0.06514957547187805,0.15842063128948214,0.6934404283801874,1573,0.07754699140787125,0.2034827500581741,0.7019187862561357,1574,0.10672577470541,0.3138015061616898,0.7023650156180277
86.4,100.0,supported,True,1.0,0.0,33.00086980868046,86.315,40.0,1,865,2945,2900,7.953820033955857,102.95866394042969,104.72001647949219,32.0,2592,0.05707502365112305,0.13706402182579044,0.8801358234295416,2599,0.06803729385137558,0.14394635856151586,0.8825127334465195,2599,0.08650364726781845,0.1549700677394867,0.8825127334465195
86.5,100.0,supported,True,1.0,0.0,17.616920621169008,86.41,32.0,1,866,2903,2882,6.947295900792284,103.14802551269531,104.08607482910156,28.0,2523,0.03261613845825195,0.061563072353601464,0.8691009300723389,2525,0.03876626864075661,0.06964287906885146,0.8697898725456424,2525,0.051581330597400665,0.10811768919229506,0.8697898725456424
86.6,100.0,supported,True,1.0,0.0,13.543904766737112,86.51,24.0,1,867,1469,1444,7.9850238257317905,102.84723663330078,104.0441665649414,24.0,1285,0.03424561768770218,0.042136733233928685,0.8747447243022465,1288,0.037919532507658005,0.04400414600968361,0.876786929884275,1288,0.04460465535521507,0.05709995254874229,0.876786929884275
86.7,100.0,supported,True,1.0,0.0,20.292289372383266,86.61,16.0,1,868,1153,1153,7.498699045967043,103.0373764038086,103.49545288085938,20.0,1062,0.026707444339990616,0.03255345001816749,0.9210754553339116,1064,0.030935870483517647,0.04228623248636723,0.9228100607111882,1064,0.0466398224234581,0.0597986999899149,0.9228100607111882
86.8,100.0,supported,True,1.0,0.0,27.671834819624433,86.69,16.0,1,869,1228,1202,4.833061889250814,101.02483367919922,103.3761215209961,20.0,665,0.03281393274664879,0.053718777000904085,0.5415309446254072,681,0.04582960158586502,0.08351781964302063,0.5545602605863192,681,0.10275708884000778,0.20167088508605957,0.5545602605863192
86.9,100.0,supported,True,1.0,0.0,16.990542356039416,86.775,36.0,1,870,2622,2554,7.224256292906179,101.0068359375,103.73141479492188,30.0,2042,0.04017109423875809,0.06681981906294823,0.778794813119756,2051,0.048650000244379044,0.09354891628026962,0.7822273073989321,2051,0.0956650972366333,0.1938346028327942,0.7822273073989321
87.0,100.0,supported,True,1.0,0.0,19.951809924658303,86.87,44.0,1,871,2726,2684,8.798972853998533,101.8097152709961,103.48750305175781,34.0,2457,0.03788656368851662,0.045488834381103516,0.9013206162876009,2462,0.04065966606140137,0.053319041803479204,0.9031548055759354,2462,0.048367395997047424,0.12870428413152699,0.9031548055759354
87.1,100.0,supported,True,1.0,0.0,15.578451577365287,86.97,32.0,1,872,2360,2280,9.098728813559323,102.36197662353516,103.07489013671875,28.0,2007,0.028813421726226807,0.03394659608602524,0.8504237288135593,2010,0.031927961856126785,0.03668838031589985,0.8516949152542372,2010,0.03726107254624367,0.04562167562544346,0.8516949152542372
87.2,100.0,supported,True,1.0,0.0,10.63458897129335,87.07,20.0,1,873,1668,1609,9.20503597122302,101.12158966064453,102.95054626464844,22.0,1397,0.033757422119379044,0.04994240179657936,0.8375299760191847,1402,0.03840078413486481,0.08302950486540794,0.8405275779376499,1402,0.058101192116737366,0.15606087446212769,0.8405275779376499
87.3,100.0,supported,True,1.0,0.0,19.788452105979776,87.175,32.0,1,874,2324,2303,6.5,101.44666290283203,102.6629409790039,28.0,1936,0.04268334060907364,0.05660281516611576,0.8330464716006885,1937,0.04665185511112213,0.06294445842504502,0.8334767641996558,1937,0.05457448214292526,0.08968362659215928,0.8334767641996558
87.4,100.0,supported,True,1.0,0.0,10.426529976219785,87.27,44.0,1,875,2224,2198,7.149280575539568,101.25688934326172,102.69942474365234,34.0,1963,0.044710416346788406,0.053874827176332477,0.8826438848920863,1971,0.0486055351793766,0.05715237930417061,0.8862410071942446,1971,0.056303299963474274,0.08537094295024872,0.8862410071942446
87.5,100.0,supported,True,1.0,0.0,8.31257648609408,87.37,48.0,1,876,3670,3639,7.550953678474114,101.32547760009766,103.11854553222656,36.0,3271,0.037741921842098236,0.04637845605611801,0.8912806539509537,3276,0.04058711975812912,0.05136433243751526,0.8926430517711171,3276,0.0459112823009491,0.07794161513447762,0.8926430517711171
87.6,100.0,supported,True,1.0,0.0,9.850115376466265,87.47,48.0,1,877,3375,3325,6.653925925925926,100.81513977050781,105.43185424804688,36.0,2758,0.03544389456510544,0.04460250698029995,0.8171851851851852,2769,0.03729063645005226,0.054647810012102165,0.8204444444444444,2769,0.04017817601561546,0.08709288835525521,0.8204444444444444
87.7,100.0,supported,True,1.0,0.0,18.900940298476346,87.57,48.0,1,878,3384,3302,8.413120567375886,101.31034088134766,105.05934143066406,36.0,2843,0.04087061062455177,0.04872403368353844,0.8401300236406619,2857,0.043064966797828674,0.05207750350236893,0.8442671394799054,2857,0.04596364498138428,0.07225514650344848,0.8442671394799054
87.8,100.0,multiple_channels,False,1.0,0.0,34.855937749933084,87.67,28.0,2,879,2428,2374,8.241350906095551,99.85010528564453,102.64401245117188,26.0,2101,0.03931538388133049,0.060371529310941696,0.8653212520593081,2109,0.041638560593128204,0.08595789074897767,0.8686161449752883,2109,0.04633383825421333,0.1871448636054993,0.8686161449752883
87.9,100.0,supported,True,1.0,0.0,33.78034570556055,87.8,28.0,1,880,2291,2246,8.184635530336097,99.45912170410156,102.70402526855469,26.0,1909,0.044328588992357254,0.0777090758085251,0.8332605848974247,1916,0.0490710511803627,0.11176933720707893,0.8363160192055871,1916,0.06996303796768188,0.26809877157211304,0.8363160192055871
88.0,100.0,supported,True,1.0,0.0,41.79267597215384,87.9,40.0,1,881,2602,2537,8.858186010760953,100.03324127197266,102.02066802978516,32.0,2258,0.034619010984897614,0.04412667155265808,0.8677940046118371,2266,0.03651288151741028,0.04806347191333771,0.8708685626441199,2266,0.042235374450683594,0.06276687979698181,0.8708685626441199
88.1,100.0,supported,True,1.0,0.0,44.47064664621918,88.01,24.0,1,882,1200,1176,8.046666666666667,100.13260650634766,102.02223205566406,24.0,1001,0.04272645339369774,0.06554514914751053,0.8341666666666666,1009,0.04681134223937988,0.07598612010478976,0.8408333333333333,1009,0.06153551861643791,0.11203935891389848,0.8408333333333333
88.2,100.0,supported,True,1.0,0.0,14.863903300744129,88.12,20.0,1,883,1387,1364,8.789473684210526,99.32874298095703,101.96818542480469,22.0,1195,0.034127358347177505,0.05451854169368745,0.8615717375630858,1199,0.03862471505999565,0.07309429645538332,0.8644556596971882,1199,0.05570239946246147,0.13355765640735626,0.8644556596971882
88.3,100.0,supported,True,1.0,0.0,19.74805768637534,88.225,32.0,1,884,1487,1468,7.292535305985205,99.24703216552734,101.5436782836914,28.0,1253,0.03518974781036377,0.05386641770601272,0.8426361802286483,1259,0.04010400176048279,0.0823009729385376,0.8466711499663753,1259,0.06421007215976715,0.1281179249286652,0.8466711499663753
88.4,100.0,supported,True,1.0,0.0,39.804459008617535,88.305,20.0,1,885,1091,1043,5.5371219065077915,99.07465362548828,100.6324462890625,22.0,734,0.03424571827054024,0.06693627536296845,0.6727772685609532,740,0.04508993774652481,0.0875045344233513,0.6782768102658112,740,0.06850177049636841,0.14244123697280883,0.6782768102658112
88.5,100.0,supported,True,1.0,0.0,51.18378807435636,88.38,24.0,1,886,1409,1366,5.253371185237757,99.2735366821289,102.01570129394531,24.0,948,0.024584002792835236,0.044333188235759755,0.6728176011355571,956,0.03315766155719757,0.06592853739857674,0.6784953867991483,956,0.07142336666584015,0.16117094457149506,0.6784953867991483
88.6,100.0,supported,True,1.0,0.0,44.924324566216946,88.455,16.0,1,887,1308,1261,4.392966360856269,98.42262268066406,100.76959228515625,20.0,642,0.027698982506990433,0.043933622911572455,0.4908256880733945,653,0.043049659579992294,0.07034831196069724,0.49923547400611623,653,0.10290676355361938,0.17168568372726445,0.49923547400611623
88.7,100.0,supported,True,1.0,0.0,19.643305903238005,88.53,28.0,1,888,1601,1558,4.14053716427233,97.6449203491211,106.07296752929688,26.0,641,0.027511026710271835,0.06159958988428116,0.40037476577139286,667,0.0484602265059948,0.10134378224611282,0.4166146158650843,667,0.09795957803726196,0.2176957756280899,0.4166146158650843
88.8,100.0,supported,True,1.0,0.0,12.54552273761543,88.62,20.0,1,889,1638,1593,3.1636141636141635,97.50688171386719,100.15904235839844,22.0,260,0.043989766389131546,0.07158828154206276,0.15873015873015872,320,0.053119417279958725,0.09091861993074421,0.19536019536019536,320,0.08632224798202515,0.16471664607524872,0.19536019536019536
88.9,100.0,supported,True,1.0,0.0,41.21494624673925,88.715,40.0,1,890,2504,2462,4.771565495207668,98.03240203857422,99.65438079833984,32.0,1380,0.04129932075738907,0.07070415094494821,0.5511182108626198,1401,0.04853082448244095,0.07783205062150955,0.5595047923322684,1401,0.06965000927448273,0.12487158179283142,0.5595047923322684
89.0,100.0,supported,True,1.0,0.0,21.86146668314637,88.82,24.0,1,891,1742,1732,4.803099885189438,97.8470458984375,99.66930389404297,24.0,1019,0.04041838273406029,0.13995000422000886,0.5849598163030999,1029,0.049822259694337845,0.1549340456724167,0.5907003444316877,1029,0.08565496653318405,0.22557379901409155,0.5907003444316877
89.1,100.0,supported,True,1.0,0.0,12.094659769914708,88.915,24.0,1,892,1993,1976,5.397892624184646,98.51898193359375,99.96925354003906,24.0,1336,0.035453565418720245,0.1468762457370758,0.6703462117410939,1340,0.05173172801733017,0.1589788749814034,0.672353236327145,1340,0.08657293021678925,0.19015767574310305,0.672353236327145
89.2,100.0,supported,True,1.0,0.0,6.498561373797435,89.01,16.0,1,893,1430,1419,8.114685314685314,98.7300033569336,100.09674072265625,20.0,1294,0.03285159915685654,0.046073989942669875,0.9048951048951049,1296,0.035866253077983856,0.054345762357115746,0.9062937062937063,1296,0.042193856090307236,0.07548627629876137,0.9062937062937063
89.3,100.0,supported,True,1.0,0.0,35.344091836980105,89.1,16.0,1,894,1165,1162,6.311587982832618,98.28520965576172,98.95907592773438,20.0,928,0.02630477584898472,0.03444294184446335,0.7965665236051502,929,0.029637206345796585,0.041828195005655294,0.7974248927038626,929,0.0415140837430954,0.05196681395173073,0.7974248927038626
89.4,100.0,supported,True,1.0,0.0,68.70157626080992,89.2,16.0,1,895,1351,1329,5.643967431532198,97.73590087890625,99.6162109375,20.0,913,0.038877081125974655,0.06817428767681123,0.6757957068837898,919,0.050157580524683,0.09069034755229952,0.6802368615840119,919,0.0798908919095993,0.15450974106788637,0.6802368615840119
89.5,100.0,supported,True,1.0,0.0,72.84678182009561,89.3,32.0,1,896,1881,1831,5.987240829346092,97.85152435302734,100.65744018554688,28.0,1261,0.02729255147278309,0.05458609759807587,0.670388091440723,1276,0.03594324365258217,0.09883881732821465,0.6783625730994152,1276,0.08445248752832413,0.21251916140317917,0.6783625730994152
89.6,100.0,supported,True,1.0,0.0,53.066452911739304,89.395,28.0,1,897,2388,2359,8.291876046901173,96.88704681396484,100.08839416503906,26.0,2069,0.032694075256586075,0.08695807605981827,0.8664154103852596,2077,0.04895542189478874,0.1005550414323807,0.8697654941373534,2077,0.09654290229082108,0.17329510748386387,0.8697654941373534
89.7,100.0,supported,True,1.0,0.0,20.232486889858315,89.49,40.0,1,898,3428,3410,9.298133022170362,96.76599884033203,99.84042358398438,32.0,3225,0.03578623756766319,0.059085341542959205,0.940781796966161,3227,0.040943682193756104,0.08324410170316696,0.941365227537923,3227,0.0752725899219513,0.18583261668682102,0.941365227537923
89.8,100.0,supported,True,1.0,0.0,11.9095962791681,89.585,56.0,1,899,4670,4650,8.994860813704497,97.81700897216797,99.21607971191406,40.0,4495,0.03124966472387314,0.04721678197383881,0.9625267665952891,4495,0.03531530499458313,0.052916663140058516,0.9625267665952891,4495,0.046161577105522156,0.0684602290391922,0.9625267665952891
89.9,100.0,supported,True,1.0,0.0,38.88289095987824,89.69,68.0,1,900,4673,4568,8.407019045580997,98.22550964355469,99.6199722290039,46.0,4037,0.02524544857442379,0.031216180324554442,0.8638989942221271,4043,0.027090026065707207,0.03466272950172424,0.8651829659747485,4043,0.030278820544481277,0.04450986310839653,0.8651829659747485
90.0,100.0,supported,True,1.0,0.0,60.82646272387142,89.775,20.0,1,901,1371,1337,7.37490882567469,96.8636245727539,98.44400024414062,22.0,1130,0.025830259546637535,0.0438943699002266,0.8242159008023341,1137,0.030314264819025993,0.052877262234687805,0.8293216630196937,1137,0.03667924925684929,0.07216219007968902,0.8293216630196937
90.1,100.0,supported,True,1.0,0.0,72.36158827360465,89.9,28.0,1,902,1982,1963,7.00050454086781,96.53241729736328,97.64374542236328,26.0,1760,0.02900243178009987,0.0401725746691227,0.887991927346115,1761,0.038832832127809525,0.05455836281180382,0.8884964682139254,1761,0.06426480412483215,0.08544217795133591,0.8884964682139254
90.2,100.0,supported,True,1.0,0.0,87.17616227042515,89.98,32.0,1,903,2245,2233,8.165256124721603,96.4059066772461,98.19913482666016,28.0,2132,0.025029022246599197,0.03630981333553792,0.9496659242761692,2134,0.029119502753019333,0.051715252175927165,0.9505567928730512,2134,0.04354853928089142,0.12294801622629167,0.9505567928730512
90.3,100.0,supported,True,1.0,0.0,130.88268562403695,90.105,32.0,1,904,2154,2122,7.761374187558031,96.52994537353516,97.54216766357422,28.0,1930,0.031208090484142303,0.04400034993886948,0.8960074280408542,1932,0.03615579381585121,0.0527157809585333,0.8969359331476323,1932,0.04608693718910217,0.092001099139452,0.8969359331476323
90.4,100.0,supported,True,1.0,0.0,145.02127047890343,90.235,40.0,1,905,2907,2835,5.472308221534227,96.56100463867188,97.95072174072266,32.0,1979,0.032473355531692505,0.042847955226898195,0.6807705538355693,1995,0.03699231892824173,0.049681600928306584,0.6862745098039216,1995,0.048162780702114105,0.07745538651943211,0.6862745098039216
90.5,100.0,supported,True,1.0,0.0,74.68950588265064,90.425,16.0,1,906,1474,1387,3.5834464043419265,95.92925262451172,98.13223266601562,20.0,433,0.03241715952754021,0.049398164451122294,0.2937584803256445,457,0.03970208391547203,0.06738526076078417,0.3100407055630936,457,0.06082871928811073,0.14319700598716747,0.3100407055630936
90.6,100.0,supported,True,1.0,0.0,9.310792708727746,90.51,24.0,1,907,1588,1536,5.508816120906801,94.59111022949219,98.20476531982422,24.0,1068,0.044580284506082535,0.06894469708204269,0.672544080604534,1076,0.05627270042896271,0.08695000410079956,0.6775818639798489,1076,0.101712167263031,0.1763615682721138,0.6775818639798489
90.7,100.0,supported,True,1.0,0.0,22.4328558415113,90.61,44.0,1,908,1960,1910,6.874489795918367,94.08415222167969,98.19425964355469,34.0,1557,0.033481165766716,0.05480494350194931,0.7943877551020408,1564,0.042719826102256775,0.0852484181523323,0.7979591836734694,1564,0.09596765041351318,0.17623006254434587,0.7979591836734694
90.8,100.0,supported,True,1.0,0.0,45.82240091854973,90.705,20.0,1,909,1321,1303,7.1037093111279335,95.21183013916016,98.09609985351562,22.0,1154,0.03627203777432442,0.04932041764259339,0.8735806207418623,1160,0.04453164339065552,0.06621126160025599,0.878122634367903,1160,0.08801765739917755,0.1575243428349495,0.878122634367903
90.9,100.0,supported,True,1.0,0.0,51.483987429276496,90.785,28.0,1,910,2135,2098,7.446370023419203,94.9153060913086,98.39562225341797,26.0,1795,0.03455694392323494,0.04672735929489136,0.8407494145199064,1798,0.038873426616191864,0.05611777678132056,0.8421545667447307,1798,0.053812384605407715,0.11835654601454734,0.8421545667447307
91.0,100.0,supported,True,1.0,0.0,58.934905460630965,90.885,28.0,1,911,2440,2422,9.997131147540983,94.20454406738281,97.93804931640625,26.0,2234,0.04790065437555313,0.06737264171242714,0.9155737704918033,2239,0.0536089725792408,0.07214990705251695,0.9176229508196722,2239,0.0712810531258583,0.12113688588142395,0.9176229508196722
91.1,100.0,supported,True,1.0,0.0,47.94856126194754,90.985,40.0,1,912,3245,3220,8.020647149460709,94.43470001220703,98.9600830078125,32.0,2890,0.041079312562942505,0.0541355300694704,0.8906009244992296,2898,0.04512447118759155,0.06493002846837045,0.8930662557781202,2898,0.054602932184934616,0.13215774595737462,0.8930662557781202
91.2,100.0,supported,True,1.0,0.0,35.451669748666184,91.08,56.0,1,913,3804,3770,9.861461619348054,94.34700012207031,97.03886413574219,40.0,3557,0.04005845636129379,0.049568412452936174,0.935068349106204,3565,0.04240208491683006,0.05279043093323708,0.9371713985278654,3565,0.046757772564888,0.08189114183187485,0.9371713985278654
91.3,100.0,multiple_channels,False,1.0,0.0,30.041255058128264,91.175,28.0,2,914,2648,2621,9.416163141993957,94.17119598388672,96.25514221191406,26.0,2460,0.03568391501903534,0.05007456801831722,0.9290030211480362,2462,0.03848681598901749,0.05529394336044789,0.9297583081570997,2462,0.041506268084049225,0.0640824094414711,0.9297583081570997
91.4,100.0,supported,True,1.0,0.0,50.521829504745895,91.27,20.0,1,915,1791,1756,7.525963149078727,93.74162292480469,96.6418685913086,22.0,1434,0.051395367830991745,0.0908264808356762,0.8006700167504187,1439,0.06437569856643677,0.1403037965297699,0.803461753210497,1439,0.09444931894540787,0.29977353215217595,0.803461753210497
91.5,100.0,supported,True,1.0,0.0,23.949488087466946,91.365,16.0,1,916,1310,1259,6.230534351145038,94.48932647705078,95.66634368896484,20.0,923,0.033584099262952805,0.0461308442056179,0.7045801526717558,928,0.03928881138563156,0.05417497418820858,0.7083969465648855,928,0.050602398812770844,0.08385960012674334,0.7083969465648855
91.6,100.0,supported,True,1.0,0.0,8.263907401480393,91.475,24.0,1,917,1902,1856,7.744479495268139,94.01619720458984,96.16963958740234,24.0,1530,0.040851861238479614,0.08037527054548264,0.804416403785489,1539,0.04571407660841942,0.09269021600484847,0.8091482649842271,1539,0.055340610444545746,0.12631485760211947,0.8091482649842271
91.7,100.0,supported,True,1.0,0.0,38.756800534584514,91.585,24.0,1,918,2219,2209,8.614240648940964,93.9284439086914,95.46597290039062,24.0,2067,0.050069790333509445,0.08490073382854464,0.9315006759801713,2071,0.058661557734012604,0.09384988993406296,0.9333032897701667,2071,0.08050870895385742,0.11275418847799301,0.9333032897701667
91.8,100.0,supported,True,1.0,0.0,31.024341444049067,91.685,40.0,1,919,2681,2659,9.396120850428945,93.5945053100586,96.87060546875,32.0,2467,0.04076419770717621,0.06172373965382577,0.9201790376725103,2469,0.04849766939878464,0.07565840184688576,0.9209250279746364,2469,0.067531518638134,0.119702659547329,0.9209250279746364
91.9,100.0,supported,True,1.0,0.0,28.245452070250423,91.785,40.0,1,920,3294,3265,8.765634486945963,92.927490234375,95.7424545288086,32.0,3053,0.04012957587838173,0.12479391843080521,0.926836672738312,3055,0.05364225059747696,0.13996554315090176,0.9274438372799029,3055,0.09106890112161636,0.2134330093860626,0.9274438372799029
92.0,100.0,supported,True,1.0,0.0,35.56490962665196,91.885,52.0,1,921,3651,3602,9.306217474664475,93.50563049316406,96.72323608398438,38.0,3347,0.03465288504958153,0.053429791331291214,0.9167351410572446,3351,0.03953133150935173,0.06017623841762543,0.9178307313064914,3351,0.05119841545820236,0.12450573593378067,0.9178307313064914
92.1,100.0,supported,True,1.0,0.0,39.156127932866596,91.985,36.0,1,922,2944,2934,11.221467391304348,93.75495147705078,95.73165130615234,30.0,2808,0.03366977721452713,0.06486128345131875,0.9538043478260869,2809,0.037356920540332794,0.08249561041593557,0.9541440217391305,2809,0.048232391476631165,0.11641576588153842,0.9541440217391305
92.2,100.0,supported,True,1.0,0.0,17.220991534389544,92.085,56.0,1,923,4085,4064,10.25263157894737,93.57609558105469,95.8907241821289,40.0,3820,0.04172766953706741,0.1199923425912857,0.9351285189718482,3823,0.047093842178583145,0.1288510262966156,0.9358629130966952,3823,0.056397274136543274,0.14221885800361633,0.9358629130966952
92.3,100.0,supported,True,1.0,0.0,12.132977973486614,92.18,48.0,1,924,4842,4814,7.961999173895085,93.43916320800781,95.60357666015625,36.0,4412,0.04986409842967987,0.15524964183568954,0.9111937216026436,4415,0.061216916888952255,0.16763632893562314,0.9118133002891368,4415,0.07637114822864532,0.1804821789264679,0.9118133002891368
92.4,100.0,supported,True,1.0,0.0,58.55329893404156,92.26,0.0,1,925,702,666,5.581196581196581,93.51919555664062,95.13145446777344,20.0,428,0.02732543647289276,0.04587560035288334,0.6096866096866097,432,0.03629383444786072,0.06872663050889974,0.6153846153846154,432,0.05055568367242813,0.13048533052206043,0.6153846153846154
92.5,100.0,multiple_channels,False,1.0,0.0,84.44944553118322,92.355,20.0,2,926,1080,1031,6.927777777777778,93.359619140625,95.25888061523438,22.0,788,0.02497883141040802,0.046510646119713804,0.7296296296296296,794,0.03568781539797783,0.08282241448760033,0.7351851851851852,794,0.07316504418849945,0.13335279971361164,0.7351851851851852
92.6,100.0,supported,True,1.0,0.0,107.04686135337025,92.45,20.0,1,927,1260,1213,6.7785714285714285,92.84613037109375,94.39737701416016,22.0,959,0.022518614307045937,0.029944891855120667,0.7611111111111111,961,0.028019417077302933,0.047339193522930145,0.7626984126984127,961,0.05191604793071747,0.09987524151802063,0.7626984126984127
92.7,100.0,supported,True,1.0,0.0,103.8947953892666,92.55,20.0,1,928,1317,1281,7.785117691723614,92.89462280273438,94.09069061279297,22.0,1086,0.029797999188303947,0.04349527508020401,0.8246013667425968,1089,0.03749881684780121,0.060484888404607785,0.826879271070615,1089,0.05406322330236435,0.0865105390548706,0.826879271070615
92.8,100.0,supported,True,1.0,0.0,125.95909258917578,92.68,24.0,1,929,1994,1967,6.229187562688065,92.90240478515625,94.28970336914062,24.0,1642,0.021188877522945404,0.02983177658170462,0.8234704112337011,1648,0.027794960886240005,0.04391230084002018,0.8264794383149449,1648,0.05422908067703247,0.0849125288426876,0.8264794383149449
92.9,100.0,supported,True,1.0,0.0,115.12994182774602,92.825,40.0,1,930,2877,2838,7.27076816127911,91.99478149414062,95.2336196899414,32.0,2434,0.023950926959514618,0.03833149373531344,0.846020159888773,2444,0.028934206813573837,0.04973631724715233,0.8494960027806743,2444,0.04860513657331467,0.08949902281165123,0.8494960027806743
93.0,100.0,supported,True,1.0,0.0,85.97109437245409,92.92,48.0,1,931,3420,3373,7.769005847953216,92.4942398071289,94.66027069091797,36.0,3065,0.02872096188366413,0.04524569064378738,0.8961988304093568,3074,0.033836930990219116,0.050931403785944004,0.8988304093567251,3074,0.04523446038365364,0.10780301168560986,0.8988304093567251
93.1,100.0,supported,True,1.0,0.0,63.80765087047749,93.02,64.0,1,932,4734,4669,8.501056189269118,92.49143981933594,96.45143127441406,44.0,4389,0.024632662534713745,0.04540253281593329,0.9271229404309252,4392,0.028050079941749573,0.0596773523837328,0.9277566539923955,4392,0.040632106363773346,0.09049312919378281,0.9277566539923955
93.2,100.0,supported,True,1.0,0.0,27.132073726210756,93.11,24.0,1,933,1958,1866,7.4085801838610825,92.5586929321289,93.79281616210938,24.0,1584,0.020698990672826767,0.036000533029437065,0.8089887640449438,1586,0.02544616535305977,0.04809045046567917,0.8100102145045965,1586,0.03777643293142319,0.08705589175224304,0.8100102145045965
93.3,100.0,supported,True,1.0,0.0,12.766434695452107,93.21,12.0,1,934,906,891,7.954746136865342,90.50700378417969,93.16238403320312,20.0,778,0.031836166977882385,0.05805403739213945,0.8587196467991169,779,0.04854828491806984,0.07783572971820833,0.8598233995584988,779,0.09841302782297134,0.1670167773962021,0.8598233995584988
93.4,100.0,supported,True,1.0,0.0,19.444439462444052,93.31,32.0,1,935,2746,2662,5.285142024763292,89.73385620117188,93.83595275878906,28.0,1731,0.030551685020327568,0.07501628249883652,0.6303714493809177,1743,0.04243025928735733,0.09977635145187377,0.6347414420975965,1743,0.1078847125172615,0.24817526936531067,0.6347414420975965
93.5,100.0,supported,True,1.0,0.0,36.70252764871317,93.42,16.0,1,936,1229,1206,5.75020341741253,92.08570098876953,93.06398010253906,20.0,945,0.021970704197883606,0.034976328164339064,0.7689178193653377,948,0.027599118649959564,0.06499019488692288,0.7713588283157038,948,0.05302325636148453,0.11920701414346695,0.7713588283157038
93.6,100.0,supported,True,1.0,0.0,17.912149905303412,93.505,24.0,1,937,1482,1430,4.753036437246964,91.5191421508789,93.91499328613281,24.0,822,0.026158303022384644,0.0522291000932455,0.5546558704453441,835,0.03774198144674301,0.06521532982587815,0.5634278002699056,835,0.06355655193328857,0.1062111720442772,0.5634278002699056
93.7,100.0,supported,True,1.0,0.0,34.25402686727297,93.605,24.0,1,938,1672,1620,5.793062200956938,91.12183380126953,92.8685531616211,24.0,1227,0.02391679584980011,0.03940771371126175,0.7338516746411483,1238,0.03307356685400009,0.053980323299765584,0.7404306220095693,1239,0.04913696274161339,0.09555158019065857,0.7410287081339713
93.8,100.0,supported,True,1.0,0.0,6.221213979261897,93.73,28.0,1,939,1810,1770,5.985082872928177,89.47100830078125,92.1184310913086,26.0,1329,0.031993843615055084,0.06525833755731583,0.7342541436464088,1338,0.0470016747713089,0.10114554539322852,0.7392265193370166,1338,0.09192444384098053,0.27295340299606324,0.7392265193370166
93.9,100.0,supported,True,1.0,0.0,12.700194001591678,93.83,24.0,1,940,2500,2446,6.7252,88.25408172607422,92.32928466796875,24.0,2017,0.03691025823354721,0.08268246054649354,0.8068,2022,0.05996476113796234,0.11360718756914139,0.8088,2022,0.14506906270980835,0.23010665476322176,0.8088
94.0,100.0,supported,True,1.0,0.0,24.228451939335713,93.94,40.0,1,941,3213,3166,6.012760659819484,89.71383666992188,91.83931732177734,32.0,2652,0.02030275948345661,0.02963009309023619,0.8253968253968254,2659,0.02361447550356388,0.0439785733819008,0.8275754746342981,2659,0.036738716065883636,0.09206920415163042,0.8275754746342981
94.1,100.0,supported,True,1.0,0.0,31.098020243946255,94.03,40.0,1,942,1816,1767,6.823788546255507,90.43523406982422,91.60737609863281,32.0,1481,0.026762908324599266,0.04867927357554436,0.8155286343612335,1485,0.033949583768844604,0.06158670708537102,0.8177312775330396,1485,0.055815305560827255,0.09119228869676592,0.8177312775330396
94.2,100.0,supported,True,1.0,0.0,13.986820798554161,94.14,16.0,1,943,1175,1141,7.243404255319149,88.91793823242188,94.03286743164062,20.0,972,0.0222230926156044,0.04356528893113135,0.8272340425531914,977,0.027443936094641685,0.08492324352264403,0.8314893617021276,977,0.05780521780252457,0.21448932588100433,0.8314893617021276
94.3,100.0,supported,True,1.0,0.0,33.963812928631384,94.26,32.0,1,944,2353,2244,6.045473863153421,88.1308822631836,94.78179168701172,28.0,1770,0.027018839493393898,0.06328312084078788,0.7522311942201445,1781,0.03880004957318306,0.10173877328634262,0.7569060773480663,1781,0.08078523725271225,0.2451281100511551,0.7569060773480663
94.4,100.0,supported,True,1.0,0.0,40.196080361892264,94.355,44.0,1,945,2288,2243,6.347027972027972,89.84046173095703,90.89155578613281,34.0,1873,0.018704699352383614,0.030116065591573715,0.8186188811188811,1878,0.024713043123483658,0.04475710727274417,0.8208041958041958,1879,0.042119260877370834,0.0842251569032669,0.8212412587412588
94.5,100.0,supported,True,1.0,0.0,42.65996791772215,94.455,28.0,1,946,1824,1809,4.8832236842105265,89.1391830444336,91.08354187011719,26.0,1150,0.016462968662381172,0.03197533674538137,0.6304824561403509,1160,0.022211778908967972,0.057121016830205956,0.6359649122807017,1160,0.051911644637584686,0.12589052766561512,0.6359649122807017
94.6,100.0,supported,True,1.0,0.0,29.26009553085506,94.56,36.0,1,947,2679,2514,4.250093318402389,89.79878234863281,91.44287872314453,30.0,1293,0.016980331391096115,0.03383580297231674,0.4826427771556551,1316,0.021847393363714218,0.04211970791220665,0.49122807017543857,1317,0.031111298128962517,0.06910222172737122,0.4916013437849944
94.7,100.0,supported,True,1.0,0.0,11.688966645112707,94.655,20.0,1,948,1607,1559,4.866832607342875,89.40198516845703,90.94656372070312,22.0,1009,0.02399621531367302,0.07406703680753708,0.6278780336029869,1020,0.03630832955241203,0.0784474603831768,0.6347230864965775,1020,0.06304322183132172,0.09078292548656464,0.6347230864965775
94.8,100.0,supported,True,1.0,0.0,56.57288198925693,94.755,16.0,1,949,1669,1640,5.220491312162972,89.09577178955078,91.08783721923828,20.0,1154,0.022963393479585648,0.043329997360706335,0.6914319952067106,1161,0.036705125123262405,0.06487598270177841,0.6956261234272019,1161,0.06892787665128708,0.11109714955091476,0.6956261234272019
94.9,100.0,supported,True,1.0,0.0,63.06525020108799,95.0,32.0,1,950,2222,2144,4.861386138613861,87.66333770751953,89.93072509765625,28.0,1417,0.019191846251487732,0.030373625457286838,0.6377137713771377,1425,0.02798844687640667,0.05620436370372773,0.6413141314131413,1425,0.05740467086434364,0.16131998002529144,0.6413141314131413
95.0,100.0,supported,True,1.0,0.0,18.90915401130891,95.095,40.0,1,951,1989,1903,3.3710407239819005,86.5956802368164,89.59500122070312,32.0,504,0.03008946403861046,0.06330421119928359,0.25339366515837103,519,0.051897309720516205,0.09204714447259903,0.2609351432880845,519,0.13425877690315247,0.21974467039108275,0.2609351432880845
95.1,100.0,supported,True,1.0,0.0,24.892225918847746,95.195,32.0,1,952,2470,2410,4.478947368421053,87.8389892578125,89.53243255615234,28.0,1226,0.01660948619246483,0.03143412247300148,0.49635627530364373,1250,0.021409563720226288,0.06406302377581599,0.5060728744939271,1250,0.04990801960229874,0.1277095198631287,0.5060728744939271
95.2,100.0,supported,True,1.0,0.0,14.579380833880437,95.3,20.0,1,953,1500,1443,3.3566666666666665,85.39673614501953,90.23932647705078,22.0,326,0.025929898023605347,0.07891221717000008,0.21733333333333332,339,0.04690546169877052,0.12183480411767958,0.226,339,0.13235019147396088,0.3143721878528595,0.226
95.3,100.0,supported,True,1.0,0.0,37.93942338563722,95.395,44.0,1,954,2891,2773,4.618471117260463,85.80937194824219,89.88843536376953,34.0,1656,0.029873287305235863,0.057732053101062775,0.5728121757177447,1682,0.04478222131729126,0.08062370643019678,0.5818056035973711,1682,0.08660057187080383,0.1860913023352623,0.5818056035973711
95.4,100.0,supported,True,1.0,0.0,29.53960846830545,95.485,28.0,1,955,2123,2105,6.287329251059821,87.50772857666016,89.96157836914062,26.0,1717,0.03478524088859558,0.06352497041225433,0.8087611869995289,1720,0.0482146181166172,0.08038467988371853,0.8101742816768723,1720,0.08632911741733551,0.15104128569364556,0.8101742816768723
95.5,100.0,supported,True,1.0,0.0,33.46997883872218,95.575,32.0,1,956,2474,2411,5.816895715440582,86.6434097290039,91.69396209716797,28.0,1884,0.02252320945262909,0.03480786085128784,0.761519805982215,1888,0.02920793741941452,0.0463766548782587,0.7631366208569119,1888,0.04544968903064728,0.07709103003144263,0.7631366208569119
95.6,100.0,supported,True,1.0,0.0,28.502073325947716,95.675,40.0,1,957,2857,2829,5.708085404270213,87.26541900634766,90.49946594238281,32.0,2166,0.032340794801712036,0.0737052783370018,0.7581379068953448,2171,0.03949303925037384,0.08517324179410934,0.75988799439972,2171,0.055220309644937515,0.12442551553249359,0.75988799439972
95.7,100.0,supported,True,1.0,0.0,21.93333491407506,95.77,44.0,1,958,3321,3251,6.143932550436616,87.78125,89.47525024414062,34.0,2737,0.033085886389017105,0.08622700721025467,0.8241493526046372,2745,0.037068918347358704,0.09667333811521528,0.8265582655826558,2746,0.04629436135292053,0.11371911317110062,0.8268593797049082
95.8,100.0,supported,True,1.0,0.0,3.4075312755394975,95.865,20.0,1,959,1755,1717,6.001139601139601,87.90923309326172,89.54669189453125,22.0,1402,0.031396303325891495,0.050711673125624655,0.7988603988603988,1409,0.03789007291197777,0.055911760032176974,0.8028490028490028,1409,0.051334720104932785,0.10668492168188096,0.8028490028490028
95.9,100.0,supported,True,1.0,4.0,7.16464117914345,95.965,48.0,1,960,2887,2824,6.091444405957741,87.66200256347656,89.66532897949219,36.0,2286,0.022016823291778564,0.046413252130150795,0.7918254243158989,2301,0.026739010587334633,0.05407969281077385,0.7970211291998615,2301,0.04033972695469856,0.07924319058656693,0.7970211291998615
96.0,100.0,supported,True,1.0,4.0,5.117030159684913,96.06,40.0,1,961,2361,2285,6.085980516730199,87.78234100341797,89.55013275146484,32.0,1863,0.017951631918549538,0.024711303412914276,0.7890724269377383,1869,0.02088509500026703,0.02835698500275612,0.7916137229987293,1869,0.02759871445596218,0.03854411691427231,0.7916137229987293
96.1,100.0,multiple_channels,False,1.0,4.0,8.927654208898065,96.16,32.0,2,962,1195,1153,4.544769874476987,85.71209716796875,89.15885162353516,28.0,566,0.026529330760240555,0.05226126126945019,0.47364016736401676,568,0.03483103588223457,0.09218511432409288,0.47531380753138075,568,0.06243126839399338,0.1498379036784172,0.47531380753138075
96.2,100.0,multiple_channels,False,1.0,0.0,7.676371496884996,96.255,36.0,2,963,1928,1903,4.968879668049793,85.63380432128906,88.71958923339844,30.0,1114,0.026583118364214897,0.06162258535623551,0.5778008298755186,1127,0.038827165961265564,0.07496659904718399,0.5845435684647303,1127,0.06946375221014023,0.23813613057136535,0.5845435684647303
96.3,100.0,supported,True,1.0,0.0,8.554628066692112,96.35,28.0,1,964,1583,1560,5.147820593809223,86.64476013183594,90.77848815917969,26.0,1047,0.026067107915878296,0.0539544902741909,0.6614024005053696,1054,0.035115547478199005,0.07738663703203208,0.6658243840808591,1054,0.05446904897689819,0.16255360692739487,0.6658243840808591
96.4,100.0,supported,True,1.0,0.0,20.67879631935174,96.455,16.0,1,965,1086,1054,4.432780847145488,86.32308197021484,88.14874267578125,20.0,546,0.02120407670736313,0.028627456165850163,0.5027624309392266,555,0.02626384235918522,0.04094371199607849,0.511049723756906,555,0.0442691408097744,0.12268040925264365,0.511049723756906
96.5,100.0,supported,True,1.0,0.0,11.268367701621335,96.555,16.0,1,966,999,988,4.787787787787788,86.71125793457031,87.85832977294922,20.0,583,0.021617384627461433,0.037029328197240856,0.5835835835835835,585,0.028723720461130142,0.046155452728271484,0.5855855855855856,585,0.06361757218837738,0.09533190578222275,0.5855855855855856
96.6,100.0,supported,True,1.0,0.0,6.566321897654468,96.655,20.0,1,967,1608,1582,4.557835820895522,85.47039031982422,87.58018493652344,22.0,890,0.02272879332304001,0.04969821758568288,0.5534825870646766,895,0.03823022171854973,0.07191239893436432,0.556592039800995,895,0.09300573915243149,0.19599631726741792,0.556592039800995
96.7,100.0,supported,True,1.0,0.0,8.326273792022967,96.75,36.0,1,968,2369,2327,4.872520050654285,85.1561508178711,88.0411148071289,30.0,1504,0.028262551873922348,0.059415128827095036,0.6348670325031659,1513,0.038463760167360306,0.0748390033841133,0.6386661038412832,1513,0.06907100975513458,0.14798358082771298,0.6386661038412832
96.8,100.0,supported,True,1.0,0.0,5.596725773852298,96.85,40.0,1,969,2656,2617,4.944653614457831,86.3910140991211,87.97933959960938,32.0,1723,0.020186206325888634,0.028820504248142243,0.6487198795180723,1735,0.022956127300858498,0.033907342702150345,0.6532379518072289,1735,0.026448650285601616,0.05020159184932709,0.6532379518072289
96.9,100.0,supported,True,1.0,0.0,2.720750955651131,96.955,36.0,1,970,2614,2516,4.575363427697016,86.22859954833984,88.10021209716797,30.0,1439,0.020665112882852554,0.03811726272106171,0.5504973221117062,1458,0.0232608150690794,0.061124581098556514,0.5577658760520275,1458,0.02941685914993286,0.15208871662616724,0.5577658760520275
97.0,100.0,supported,True,1.0,0.0,6.9483032426538385,97.05,32.0,1,971,1887,1816,5.386327503974563,84.74088287353516,88.41214752197266,28.0,1315,0.02407306432723999,0.03955606445670128,0.6968733439321675,1323,0.03156347572803497,0.07258965969085693,0.7011128775834659,1323,0.07814183086156845,0.21286956965923304,0.7011128775834659
97.1,100.0,supported,True,1.0,0.0,8.515453840310995,97.16,28.0,1,972,1716,1675,6.1520979020979025,84.65066528320312,87.75439453125,26.0,1271,0.019871264696121216,0.05402105301618576,0.7406759906759907,1278,0.024825235828757286,0.07576922625303267,0.7447552447552448,1278,0.049582719802856445,0.15289488136768337,0.7447552447552448
97.2,100.0,supported,True,1.0,0.0,13.018561615668764,97.265,36.0,1,973,2593,2555,7.483995372155804,84.6902084350586,89.4496078491211,30.0,2234,0.02253357507288456,0.0413898229598999,0.8615503278056306,2238,0.028186973184347153,0.06033857427537441,0.8630929425376013,2238,0.05602424964308739,0.1302603706717491,0.8630929425376013
97.3,100.0,multiple_channels,False,1.0,0.0,16.662536674823983,97.36,28.0,2,974,1247,1198,4.318364073777065,85.64698028564453,88.03084564208984,26.0,620,0.02394862100481987,0.03228657171130181,0.4971932638331997,627,0.02672816440463066,0.04180033877491949,0.5028067361668003,627,0.03604070842266083,0.10310038775205611,0.5028067361668003
97.4,100.0,supported,True,1.0,0.0,22.53528325757198,97.44,20.0,1,975,1357,1326,4.641857037582904,83.9776840209961,86.69329833984375,22.0,725,0.026993395760655403,0.04871031790971757,0.5342667649226235,737,0.04297511279582977,0.07173013538122176,0.5431098010316876,737,0.1051400676369667,0.17211577296257016,0.5431098010316876
97.5,100.0,supported,True,1.0,0.0,13.150293870721613,97.525,32.0,1,976,2238,2137,4.7479892761394105,83.62066650390625,87.27153015136719,28.0,1288,0.024311596527695656,0.044646255671977976,0.5755138516532619,1299,0.03152475133538246,0.06308025568723678,0.5804289544235925,1299,0.061843760311603546,0.12939043045043946,0.5804289544235925
97.6,100.0,supported,True,1.0,0.0,3.456951221283171,97.625,28.0,1,977,2596,2529,4.932973805855162,84.20928192138672,86.90351104736328,26.0,1537,0.0299807321280241,0.04309538900852204,0.5920647149460708,1556,0.034398775547742844,0.053970467299222946,0.5993836671802774,1556,0.045457445085048676,0.12887996435165405,0.5993836671802774
97.7,100.0,supported,True,1.0,0.0,2.991538434855114,97.725,32.0,1,978,2563,2550,5.8759266484588375,85.13999938964844,86.63694763183594,28.0,1997,0.028199881315231323,0.03562430143356323,0.7791650409676161,2000,0.03186431899666786,0.042025843635201454,0.7803355442840422,2000,0.043898969888687134,0.08544886633753777,0.7803355442840422
97.8,100.0,supported,True,1.0,0.0,3.087883393799963,97.825,28.0,1,979,2495,2481,6.643687374749499,84.39236450195312,87.1166000366211,26.0,2155,0.08335121721029282,0.3324027538299561,0.8637274549098196,2155,0.11793006956577301,0.3626046419143678,0.8637274549098196,2155,0.1761844903230667,0.3932202398777009,0.8637274549098196
97.9,100.0,supported,True,1.0,0.0,13.108093750764228,97.92,40.0,1,980,2441,2313,5.654240065546907,85.67262268066406,86.98899841308594,32.0,1790,0.0379299521446228,0.16013966351747516,0.7333060221220811,1812,0.04281364008784294,0.1604660153388978,0.7423187218353134,1812,0.0546078123152256,0.16389098316431047,0.7423187218353134
98.0,100.0,supported,True,1.0,0.0,46.95941292789427,98.04,24.0,1,981,1121,1022,4.145405887600357,85.0867919921875,86.0838623046875,24.0,508,0.028349827975034714,0.04164239466190338,0.45316681534344333,525,0.03859618306159973,0.053486731648445134,0.4683318465655665,526,0.05950162187218666,0.07538052648305893,0.46922390722569135
98.1,100.0,supported,True,1.0,0.0,63.863707460594036,98.15,16.0,1,982,1088,1050,4.801470588235294,84.47016906738281,86.51585388183594,20.0,624,0.02755853906273842,0.04935887828469277,0.5735294117647058,631,0.038200270384550095,0.07141484320163727,0.5799632352941176,631,0.07072653621435165,0.13143809139728546,0.5799632352941176
98.2,100.0,supported,True,1.0,0.0,30.898675447502484,98.255,20.0,1,983,1721,1672,4.410226612434631,84.4842758178711,86.5271224975586,22.0,829,0.020878776907920837,0.032976984977722175,0.48169668797210924,845,0.029300203546881676,0.04696465656161308,0.49099360836722833,845,0.056321028620004654,0.10306791216135026,0.49099360836722833
98.3,100.0,supported,True,1.0,0.0,3.6632388595224117,98.35,24.0,1,984,1617,1571,5.15460729746444,84.6135025024414,86.5488052368164,24.0,1027,0.020403794944286346,0.031111491844058037,0.6351267779839208,1034,0.024193432182073593,0.056026742234826094,0.6394557823129252,1034,0.052994996309280396,0.11435393616557127,0.6394557823129252
98.4,100.0,supported,True,1.0,0.0,3.7190181491014127,98.45,24.0,1,985,1839,1802,5.961935834692768,83.95291900634766,85.61907196044922,24.0,1320,0.023647071793675423,0.03104222230613232,0.7177814029363785,1327,0.0270890761166811,0.04339852258563042,0.7215878194671017,1327,0.042775724083185196,0.08066919744014746,0.7215878194671017
98.5,100.0,supported,True,1.0,0.0,14.477090978252086,98.545,24.0,1,986,2081,2009,4.821720326765978,83.60191345214844,85.73417663574219,24.0,1236,0.015968743711709976,0.026287692598998547,0.5939452186448823,1242,0.020561983808875084,0.04695213548839094,0.596828447861605,1242,0.03927525877952576,0.1365066915750505,0.596828447861605
98.6,100.0,supported,True,1.0,0.0,19.012257489439616,98.645,44.0,1,987,3007,2916,4.394413036248753,83.25688171386719,86.15438079833984,34.0,1513,0.01648477464914322,0.023658262193202967,0.5031592949783837,1530,0.020681602880358696,0.03926352709531784,0.50881277020286,1530,0.043282415717840195,0.09299319237470627,0.50881277020286
98.7,100.0,supported,True,1.0,0.0,14.715215037356348,98.735,28.0,1,988,2257,2228,5.360655737704918,83.1332778930664,93.49771881103516,26.0,1436,0.017506826668977737,0.026521039195358753,0.6362428001772265,1448,0.02207130566239357,0.040127651765942574,0.6415595923792645,1448,0.046269215643405914,0.12218893021345137,0.6415595923792645
98.8,100.0,supported,True,1.0,0.0,7.4334398952670595,98.835,20.0,1,989,1417,1327,3.596330275229358,84.31748962402344,86.0925064086914,22.0,423,0.02481817826628685,0.04071936011314392,0.2985179957657022,434,0.034066006541252136,0.05409611389040947,0.30628087508821455,434,0.04815470799803734,0.10080121904611587,0.30628087508821455
98.9,100.0,supported,True,1.0,0.0,6.916146149814905,98.93,16.0,1,990,1228,1204,5.872964169381108,83.07608032226562,84.91388702392578,20.0,883,0.029327427968382835,0.041018394380807885,0.7190553745928339,886,0.03574347496032715,0.06389619037508965,0.7214983713355049,886,0.0701037347316742,0.11916643008589745,0.7214983713355049
99.0,100.0,supported,True,1.0,0.0,5.078718343994705,99.035,24.0,1,991,1868,1849,6.1011777301927195,83.50987243652344,85.69922637939453,24.0,1426,0.031158816069364548,0.03743572719395161,0.7633832976445396,1431,0.03404708951711655,0.04353175312280655,0.7660599571734475,1431,0.04763852804899216,0.11801371723413467,0.7660599571734475
99.1,100.0,supported,True,1.0,0.0,9.167720630564318,99.135,24.0,1,992,2019,2005,7.070827142149579,82.59466552734375,84.91527557373047,24.0,1756,0.03429093956947327,0.042030494660139084,0.8697374938088163,1759,0.03806491196155548,0.05413438603281977,0.8712233779098564,1759,0.06384336203336716,0.13615981042385103,0.8712233779098564
99.2,100.0,supported,True,1.0,0.0,19.899305103153836,99.235,16.0,1,993,1258,1242,7.223370429252782,83.65660095214844,84.53569793701172,20.0,1068,0.026756243780255318,0.03546491377055645,0.848966613672496,1071,0.0304770078510046,0.03796407952904701,0.8513513513513513,1071,0.03996638208627701,0.05761028826236725,0.8513513513513513
99.3,100.0,supported,True,1.0,0.0,50.07164795038666,99.33,20.0,1,994,1365,1319,7.5597069597069595,83.39968872070312,85.35298919677734,22.0,1098,0.023563042283058167,0.04307611994445324,0.8043956043956044,1102,0.03001551702618599,0.05594579763710498,0.8073260073260073,1103,0.045685116201639175,0.10268732011318209,0.8080586080586081
99.4,100.0,supported,True,1.0,0.0,54.09137553803295,99.43,16.0,1,995,1579,1543,6.932868904369855,83.29344177246094,84.86243438720703,20.0,1181,0.020349327474832535,0.029654022306203842,0.7479417352754908,1185,0.023842275142669678,0.04359477981925014,0.7504749841671944,1185,0.04338932782411575,0.12147772461175924,0.7504749841671944
99.5,100.0,supported,True,1.0,0.0,51.983746680122934,99.53,28.0,1,996,2151,2132,7.554625755462576,82.89655303955078,84.71163940429688,26.0,1787,0.02212454564869404,0.03700067251920701,0.8307763830776383,1794,0.02845616638660431,0.05738319419324398,0.8340306834030683,1794,0.06270170211791992,0.10395257249474527,0.8340306834030683
99.6,100.0,supported,True,1.0,0.0,42.88072413445437,99.635,32.0,1,997,2407,2371,9.933111757374325,83.47056579589844,84.72691345214844,28.0,2199,0.025722546502947807,0.03708831146359444,0.9135853759867054,2200,0.027968131005764008,0.04399864561855794,0.9140008309098463,2200,0.037419795989990234,0.087048327177763,0.9140008309098463
99.7,100.0,supported,True,1.0,0.0,27.85482803971691,99.735,36.0,1,998,2129,2023,7.644903710662283,83.33684539794922,86.29291534423828,30.0,1596,0.0318901464343071,0.042434317991137505,0.7496477219351808,1610,0.03545225411653519,0.046883790567517285,0.7562235791451386,1610,0.043149299919605255,0.06780281662940979,0.7562235791451386
99.8,100.0,supported,True,1.0,0.0,20.063859809853252,99.83,32.0,1,999,2091,2037,8.345767575322812,83.062255859375,86.26172637939453,28.0,1716,0.03179731220006943,0.04054507985711098,0.8206599713055954,1724,0.036923691630363464,0.0514785498380661,0.8244858919177427,1724,0.05311644822359085,0.11223747283220291,0.8244858919177427
99.9,100.0,supported,True,1.0,0.0,23.338403453468207,99.93,24.0,1,1000,1758,1700,10.638225255972696,81.58009338378906,85.53506469726562,24.0,1360,0.033238962292671204,0.05057222098112109,0.7736063708759955,1365,0.037743110209703445,0.06436210274696351,0.7764505119453925,1365,0.060336459428071976,0.1537974089384079,0.7764505119453925
100.0,100.0,supported,True,1.0,0.0,28.97462416382835,100.025,36.0,1,1001,3028,2992,8.720937912813739,81.70927429199219,84.72102355957031,30.0,2570,0.04358446225523949,0.06051780469715595,0.8487450462351387,2576,0.04869704321026802,0.07880770415067673,0.8507265521796565,2576,0.06500809639692307,0.18764150887727737,0.8507265521796565
100.1,100.0,supported,True,1.0,0.0,24.727833906221395,100.12,52.0,1,1002,2588,2496,7.681221020092735,82.27911376953125,91.80008697509766,38.0,2055,0.04214378073811531,0.057163023203611406,0.7940494590417311,2063,0.04607806354761124,0.07223848551511762,0.7971406491499228,2063,0.05431056022644043,0.1617263168096542,0.7971406491499228
100.2,100.0,supported,True,1.0,0.0,14.29939740361816,100.22,28.0,1,1003,2247,2223,8.664886515353805,82.19000244140625,83.76856994628906,26.0,2048,0.045539967715740204,0.060828350484371185,0.9114374721851357,2050,0.04935562610626221,0.07038104310631753,0.9123275478415666,2050,0.05999142676591873,0.11388050168752674,0.9123275478415666
100.3,100.0,supported,True,1.0,0.0,14.870224355798397,100.325,24.0,1,1004,1763,1735,9.9103800340329,82.8354721069336,84.80403900146484,24.0,1475,0.03808148205280304,0.04888730347156525,0.8366420873511061,1481,0.041138164699077606,0.052188433706760406,0.840045377197958,1481,0.052353087812662125,0.08628280460834503,0.840045377197958
100.4,100.0,supported,True,1.0,0.0,5.795619745005687,100.425,20.0,1,1005,1496,1472,9.336898395721924,82.4697036743164,85.61068725585938,22.0,1251,0.038399070501327515,0.05185677856206894,0.8362299465240641,1256,0.04345420375466347,0.05768767185509205,0.839572192513369,1256,0.0582168772816658,0.11041354015469551,0.839572192513369
100.5,100.0,supported,True,1.0,0.0,3.1173592244851864,100.52,24.0,1,1006,1144,1110,6.8924825174825175,82.62963104248047,86.2514877319336,24.0,839,0.031925786286592484,0.041702745109796525,0.7333916083916084,848,0.0380314439535141,0.05505347438156606,0.7412587412587412,848,0.06240377575159073,0.11977568864822388,0.7412587412587412
100.6,100.0,multiple_channels,False,1.0,0.0,21.965463781736215,100.62,20.0,2,1007,1097,1080,5.765724703737466,82.29960632324219,84.48397064208984,22.0,721,0.03610502928495407,0.05039794370532036,0.6572470373746582,728,0.042999301105737686,0.08527640700340279,0.6636280765724704,728,0.08771560341119766,0.16499258279800422,0.6636280765724704
100.7,100.0,multiple_channels,False,1.0,0.0,29.372046195546258,100.72,16.0,2,1008,1308,1242,6.305045871559633,82.36164855957031,86.27428436279297,20.0,884,0.03463093936443329,0.05708929821848872,0.6758409785932722,896,0.04364263266324997,0.10396533086895943,0.6850152905198776,896,0.10863222181797028,0.26802414655685425,0.6850152905198776
100.8,100.0,multiple_channels,False,1.0,0.0,49.08234296863882,100.82,20.0,2,1009,1154,1103,4.412478336221837,82.22113037109375,84.2108154296875,22.0,525,0.033445995301008224,0.0492275707423687,0.45493934142114384,536,0.040692660957574844,0.06443268060684204,0.464471403812825,536,0.07907569408416748,0.14165202528238297,0.464471403812825
100.9,100.0,multiple_channels,False,1.0,0.0,56.73424662110035,100.955,16.0,2,1010,1195,1154,6.459414225941423,81.70321655273438,83.90937805175781,20.0,823,0.036538660526275635,0.0511124573647976,0.6887029288702929,830,0.04202759265899658,0.08868859186768532,0.694560669456067,830,0.07720891386270523,0.13991682976484301,0.694560669456067
101.0,100.0,supported,True,1.0,0.0,14.914347940675949,101.065,0.0,1,1011,879,836,5.441410693970421,81.80484771728516,84.58692932128906,20.0,440,0.043226033449172974,0.07105430513620378,0.5005688282138794,449,0.053336456418037415,0.08741328120231628,0.5108077360637088,449,0.09552522748708725,0.15855036079883575,0.5108077360637088
101.1,100.0,supported,True,1.0,0.0,33.988978874296706,101.16,52.0,1,1012,3459,3373,6.971957213067361,80.46949768066406,107.18983459472656,38.0,2631,0.034690357744693756,0.06697911769151688,0.7606244579358196,2643,0.0473930798470974,0.08792489618062974,0.764093668690373,2643,0.09197238832712173,0.17258867621421814,0.764093668690373
101.2,100.0,supported,True,1.0,0.0,39.149071687552876,101.25,16.0,1,1013,1486,1413,6.719380888290713,80.73800659179688,82.392578125,20.0,1102,0.02595462277531624,0.046853882074356076,0.7415881561238223,1105,0.03150014951825142,0.06680758148431779,0.743606998654105,1105,0.06415828317403793,0.18168644309043885,0.743606998654105
101.3,100.0,supported,True,1.0,0.0,22.030493329455897,101.34,60.0,1,1014,2365,2264,6.3298097251585626,80.91521453857422,83.8141098022461,42.0,1743,0.032262157648801804,0.04583329632878303,0.7369978858350952,1752,0.03812582790851593,0.071754839271307,0.7408033826638478,1752,0.06445345282554626,0.13979776799678803,0.7408033826638478
101.4,100.0,supported,True,1.0,0.0,24.027350810938298,101.44,40.0,1,1015,3107,2956,5.346958480849694,79.29518127441406,84.94003295898438,32.0,1906,0.0292799212038517,0.06340586766600609,0.61345349211458,1929,0.03421957790851593,0.0795534685254097,0.6208561313163824,1929,0.052369650453329086,0.17741765677928925,0.6208561313163824
101.5,100.0,supported,True,1.0,0.0,7.7028563445013525,101.53,32.0,1,1016,3041,2976,6.062808286747781,80.09989929199219,83.54261779785156,28.0,2233,0.03877561539411545,0.049769433587789534,0.734297928313055,2251,0.04200764000415802,0.057389140129089355,0.7402170338704374,2251,0.05127166211605072,0.0930604562163353,0.7402170338704374
101.6,100.0,supported,True,1.0,0.0,12.722185042896573,101.63,48.0,1,1017,2287,2202,5.803235679930039,80.8558578491211,82.72247314453125,36.0,1579,0.03854938596487045,0.049335024505853656,0.690424136423262,1597,0.041078969836235046,0.06971633881330493,0.6982947092260603,1597,0.04356556385755539,0.13276394903659824,0.6982947092260603
101.7,100.0,supported,True,1.0,0.0,21.529960634465986,101.73,16.0,1,1018,984,939,5.030487804878049,80.28922271728516,82.47784423828125,20.0,565,0.03445941209793091,0.04855842664837838,0.5741869918699187,573,0.0468268096446991,0.08301536291837694,0.5823170731707317,573,0.08772767335176468,0.13377777040004735,0.5823170731707317
101.8,100.0,supported,True,1.0,0.0,3.8885919227616745,101.83,28.0,1,1019,1962,1894,5.752293577981652,80.47400665283203,84.78108978271484,26.0,1281,0.024526024237275124,0.03205505758523941,0.6529051987767585,1296,0.027588481083512306,0.046992842108011246,0.6605504587155964,1296,0.04670470207929611,0.11159299314022064,0.6605504587155964
101.9,100.0,supported,True,1.0,0.0,10.036458300056793,101.93,28.0,1,1020,2110,2078,7.057345971563981,80.45101928710938,81.87786865234375,26.0,1686,0.028509028255939484,0.04001769796013832,0.7990521327014218,1697,0.03246164321899414,0.052857766300439854,0.8042654028436019,1697,0.042429614812135696,0.07835400998592378,0.8042654028436019
102.0,100.0,supported,True,1.0,0.0,23.21503514861687,102.025,36.0,1,1021,2308,2180,5.692374350086655,78.37049865722656,81.89481353759766,30.0,1536,0.03678256273269653,0.07159002125263214,0.6655112651646448,1550,0.041319187730550766,0.10731024220585825,0.67157712305026,1550,0.06044469028711319,0.2488904595375062,0.67157712305026
102.1,100.0,supported,True,1.0,0.0,11.39647891962875,102.115,24.0,1,1022,2080,2018,5.977884615384616,78.62872314453125,82.22701263427734,24.0,1522,0.045371927320957184,0.08179773986339571,0.7317307692307692,1527,0.05163789540529251,0.10650252848863606,0.7341346153846153,1527,0.07450391352176666,0.28495827913284305,0.7341346153846153
102.2,100.0,supported,True,1.0,0.0,3.4899040801982912,102.215,44.0,1,1023,3209,3172,5.684325334995326,78.62580108642578,83.00125885009766,34.0,2337,0.03900918364524841,0.059132172167301184,0.7282642567778124,2351,0.04286733269691467,0.07276808470487595,0.732626986600187,2351,0.05762506648898125,0.112961545586586,0.732626986600187
102.3,100.0,supported,True,1.0,0.0,13.870533588311286,102.31,24.0,1,1024,1796,1748,4.176503340757239,80.15754699707031,81.10423278808594,24.0,764,0.03132607415318489,0.038617008551955226,0.42538975501113585,782,0.03514731302857399,0.04067036807537079,0.4354120267260579,782,0.04217585548758507,0.059664341434836385,0.4354120267260579
102.4,100.0,supported,True,1.0,0.0,19.37969571404495,102.415,16.0,1,1025,999,928,2.848848848848849,79.87654876708984,82.14241027832031,20.0,102,0.022640947252511978,0.03320193625986576,0.1021021021021021,144,0.030942406505346298,0.04791349694132805,0.14414414414414414,144,0.06771266460418701,0.18259003758430487,0.14414414414414414
102.5,100.0,supported,True,1.0,0.0,8.566856683952885,102.51,24.0,1,1026,1282,1215,3.285491419656786,78.21906280517578,81.42452239990234,24.0,261,0.022715650498867035,0.04391788691282272,0.20358814352574103,287,0.029055293649435043,0.05494733825325969,0.22386895475819032,287,0.04368111118674278,0.1804161995649341,0.22386895475819032
102.6,100.0,supported,True,1.0,0.0,16.61234406547344,102.605,28.0,1,1027,1816,1748,5.406387665198238,78.0355453491211,86.13842010498047,26.0,1156,0.04199211671948433,0.07294744625687599,0.6365638766519823,1169,0.05096394568681717,0.09887100607156754,0.6437224669603524,1169,0.08839631080627441,0.2816761314868927,0.6437224669603524
102.7,100.0,supported,True,1.0,0.0,14.777069054994907,102.7,32.0,1,1028,2667,2639,8.10761154855643,77.5146713256836,85.81201934814453,28.0,2312,0.04218041151762009,0.07070612236857417,0.8668916385451818,2320,0.04603703320026398,0.08758419826626777,0.869891263592051,2320,0.06696288287639618,0.22791787385940535,0.869891263592051
102.8,100.0,supported,True,1.0,0.0,11.672366897293626,102.8,24.0,1,1029,2215,2170,9.036117381489841,79.54580688476562,83.62109375,24.0,1932,0.033509742468595505,0.04524185173213482,0.8722347629796839,1936,0.03613336384296417,0.047251347452402115,0.874040632054176,1936,0.04078388959169388,0.05428420752286911,0.874040632054176
102.9,100.0,supported,True,1.0,0.0,6.382911080866609,102.9,20.0,1,1030,1455,1429,6.459106529209622,78.29608154296875,81.59979248046875,22.0,1018,0.03128950297832489,0.046552608907222764,0.6996563573883161,1021,0.036788251250982285,0.0758233442902565,0.7017182130584192,1021,0.06863033026456833,0.18544213473796844,0.7017182130584192
103.0,100.0,supported,True,1.0,0.0,2.098402251156448,103.0,32.0,1,1031,2149,2090,6.386226151698464,77.0615005493164,94.92832946777344,28.0,1615,0.03250638395547867,0.06525408029556275,0.7515123313168915,1622,0.03700197488069534,0.09694000110030174,0.7547696603071196,1622,0.07609798014163971,0.2920756131410599,0.7547696603071196
103.1,100.0,supported,True,1.0,0.0,5.70254854028181,103.1,40.0,1,1032,2561,2476,7.073799297149551,78.32333374023438,114.49829864501953,32.0,1994,0.027562547475099564,0.044081765040755276,0.7786021085513471,2006,0.03061295486986637,0.1014423556625843,0.7832877782116361,2006,0.06362630426883698,0.3328607678413391,0.7832877782116361
103.2,100.0,supported,True,1.0,4.0,3.208523925665382,103.2,28.0,1,1033,1551,1527,6.464861379754997,76.72379302978516,99.0885009765625,26.0,1134,0.03532686084508896,0.07211212366819383,0.7311411992263056,1142,0.05061676353216171,0.12101946324110031,0.7362991618310767,1142,0.15402191877365112,0.3386553317308426,0.7362991618310767
103.3,100.0,supported,True,1.0,0.0,18.434338221330894,103.3,24.0,1,1034,1989,1973,9.210658622423328,77.39730834960938,82.6845703125,24.0,1845,0.02477685548365116,0.037544176727533345,0.9276018099547512,1850,0.02840796485543251,0.044348520785570146,0.930115635997989,1850,0.04590059816837311,0.1137978531420231,0.930115635997989
103.4,100.0,supported,True,1.0,0.0,46.46202055974018,103.395,24.0,1,1035,1874,1855,8.916221985058698,78.43406677246094,81.18607330322266,24.0,1717,0.03116750903427601,0.04968440681695938,0.916221985058698,1719,0.039732906967401505,0.06373721361160278,0.9172892209178228,1719,0.06515906006097794,0.10495561361312866,0.9172892209178228
103.5,100.0,supported,True,1.0,0.0,23.92070525765232,103.515,28.0,1,1036,2473,2450,9.432268499797816,78.28726196289062,81.95390319824219,26.0,2207,0.037066005170345306,0.05705779269337655,0.8924383340072786,2211,0.04403552785515785,0.07441743463277817,0.8940558026688233,2211,0.07413846254348755,0.1160081997513771,0.8940558026688233
103.6,100.0,supported,True,1.0,0.0,12.106687506955028,103.61,32.0,1,1037,2790,2749,8.169175627240143,78.65096282958984,80.10060119628906,28.0,2404,0.03628959506750107,0.08768328800797463,0.8616487455197133,2411,0.042486127465963364,0.09026726335287094,0.86415770609319,2411,0.05692886933684349,0.09728337824344635,0.86415770609319
103.7,100.0,supported,True,1.0,0.0,20.41079092798548,103.72,24.0,1,1038,1394,1322,6.522955523672884,78.13739776611328,79.38922119140625,24.0,1061,0.02837313339114189,0.049058783799409866,0.7611190817790531,1071,0.043880779296159744,0.0724962130188942,0.7682926829268293,1072,0.0753193199634552,0.13759584873914718,0.7690100430416069
103.8,100.0,supported,True,1.0,0.0,24.34889208233876,103.805,16.0,1,1039,1540,1523,7.369480519480519,76.75650024414062,80.10199737548828,20.0,1231,0.04233692213892937,0.076998770236969,0.7993506493506494,1235,0.05484587699174881,0.11779491156339666,0.801948051948052,1235,0.11442550271749496,0.2706406176090241,0.801948051948052
103.9,100.0,supported,True,1.0,0.0,13.017209574395814,103.91,16.0,1,1040,1639,1615,7.521049420378279,77.73367309570312,79.92475128173828,20.0,1393,0.038533274084329605,0.057328544557094574,0.849908480780964,1395,0.042975544929504395,0.062216550856828694,0.8511287370347773,1395,0.05487591028213501,0.0809458985924721,0.8511287370347773
104.0,100.0,supported,True,1.0,0.0,14.686848323897904,104.005,20.0,1,1041,1279,1259,6.308053166536356,77.8372802734375,82.59449768066406,22.0,964,0.03222837299108505,0.04498529955744744,0.7537138389366693,971,0.04131002351641655,0.05839301645755768,0.7591868647380766,971,0.07922541350126266,0.11993691325187683,0.7591868647380766
104.1,100.0,supported,True,1.0,0.0,61.89270221011046,104.075,28.0,1,1042,1952,1917,4.970799180327869,76.50939178466797,79.3402328491211,26.0,1086,0.06124667823314667,0.29863469302654266,0.5563524590163934,1097,0.08359883725643158,0.314118093252182,0.5619877049180327,1097,0.12250462919473648,0.31780818700790403,0.5619877049180327
104.2,100.0,supported,True,1.0,0.0,80.45908707106263,104.245,36.0,1,1043,2480,2404,6.588306451612903,77.41019439697266,85.06501770019531,30.0,1861,0.037417542189359665,0.07717664539813995,0.7504032258064516,1875,0.04392962157726288,0.08317015916109087,0.7560483870967742,1875,0.059127576649188995,0.1256249308586121,0.7560483870967742
104.3,100.0,supported,True,1.0,0.0,66.77671338221054,104.36,24.0,1,1044,2002,1949,6.8321678321678325,76.79965209960938,78.95738983154297,24.0,1588,0.041295163333415985,0.08814855739474296,0.7932067932067932,1600,0.04822894558310509,0.09208854883909226,0.7992007992007992,1601,0.07372339814901352,0.1112573966383934,0.7997002997002997
104.4,100.0,supported,True,1.0,0.0,41.87325807811085,104.455,36.0,1,1045,2313,2268,6.498054474708171,76.4481430053711,78.62361907958984,30.0,1755,0.07590339332818985,0.19778665602207188,0.7587548638132295,1762,0.08885300904512405,0.20759732872247702,0.7617812364894077,1762,0.1149158775806427,0.22332607656717302,0.7617812364894077
104.5,100.0,supported,True,1.0,0.0,26.64612817831573,104.525,0.0,0,1046,907,884,7.555678059536935,77.26444244384766,78.07572174072266,20.0,754,0.04150857776403427,0.07086502760648727,0.8313120176405733,756,0.054313775151968,0.07917420193552971,0.8335170893054025,756,0.08724769949913025,0.11350387334823608,0.8335170893054025
104.6,100.0,supported,True,1.0,0.0,59.859418877167236,104.66,12.0,1,1047,1016,1001,5.630905511811024,76.55608367919922,81.89496612548828,20.0,684,0.02965979278087616,0.043585785105824476,0.6732283464566929,693,0.0371282696723938,0.06785555928945543,0.6820866141732284,693,0.07012125104665756,0.15759278535842902,0.6820866141732284
104.7,100.0,supported,True,1.0,0.0,63.08048752111101,104.755,24.0,1,1048,1311,1301,5.553775743707094,76.63961029052734,82.51144409179688,24.0,882,0.03394843637943268,0.04986228980123997,0.6727688787185355,901,0.03946457803249359,0.05484572798013687,0.6872616323417239,901,0.06401132047176361,0.1238248199224472,0.6872616323417239
104.8,100.0,supported,True,1.0,0.0,48.98674189320199,104.87,16.0,1,1049,1144,1117,4.841783216783217,76.70661163330078,78.32184600830078,20.0,634,0.04088331013917923,0.08980904072523117,0.5541958041958042,645,0.05068496987223625,0.09513524025678635,0.5638111888111889,645,0.0980614721775055,0.1479787051677704,0.5638111888111889
104.9,100.0,supported,True,1.0,0.0,33.333916172640485,104.97,20.0,1,1050,1488,1442,4.747311827956989,76.43768310546875,78.27960968017578,22.0,754,0.03396010771393776,0.06029928512871266,0.5067204301075269,781,0.04154420644044876,0.06465437263250351,0.5248655913978495,781,0.05422037094831467,0.08644463121891022,0.5248655913978495
105.0,100.0,supported,True,1.0,0.0,25.957895357699254,105.065,24.0,1,1051,2126,2085,5.750235183443086,76.78794860839844,77.80586242675781,24.0,1558,0.026535041630268097,0.04259252808988094,0.7328316086547507,1565,0.034987468272447586,0.056040947884321235,0.7361241768579492,1565,0.058714937418699265,0.09955532699823381,0.7361241768579492
105.1,100.0,supported,True,1.0,0.0,57.86738964265235,105.155,16.0,1,1052,1207,1192,5.932891466445733,76.55679321289062,78.09927368164062,20.0,931,0.026529381051659584,0.04276194050908089,0.7713338856669428,938,0.031398043036460876,0.05482455007731915,0.7771333885666943,938,0.04642144590616226,0.0785611391067505,0.7771333885666943
105.2,100.0,supported,True,1.0,0.0,54.74775599625094,105.245,28.0,1,1053,1752,1729,5.667808219178082,75.46318054199219,79.05186462402344,26.0,1164,0.027807744219899178,0.0499241977930069,0.6643835616438356,1176,0.03882482275366783,0.07309142127633095,0.6712328767123288,1176,0.08753064274787903,0.1437978819012642,0.6712328767123288
105.3,100.0,supported,True,1.0,4.0,29.457190855720313,105.33,44.0,1,1054,1992,1964,4.4332329317269075,75.95960998535156,79.24208068847656,34.0,945,0.025041325017809868,0.0631703108549118,0.4743975903614458,961,0.03557882085442543,0.06715219467878342,0.482429718875502,961,0.057288650423288345,0.08958131819963455,0.482429718875502
105.4,100.0,supported,True,1.0,0.0,22.41346066695532,105.445,28.0,1,1055,1616,1597,4.97710396039604,75.68234252929688,77.51850128173828,26.0,905,0.02364376373589039,0.04555390775203705,0.5600247524752475,919,0.029886212199926376,0.04925931692123414,0.5686881188118812,919,0.051316361874341965,0.07739947438240051,0.5686881188118812
105.5,100.0,supported,True,1.0,0.0,24.00863876827521,105.535,12.0,1,1056,1397,1377,4.714387974230494,75.0736083984375,78.46326446533203,20.0,683,0.03183745592832565,0.05334970802068713,0.4889047959914102,701,0.04409303516149521,0.0776657983660698,0.5017895490336435,701,0.0811857283115387,0.1629740595817566,0.5017895490336435
105.6,100.0,supported,True,1.0,4.0,17.412418437498864,105.635,40.0,1,1057,2448,2361,4.498774509803922,74.0257339477539,81.45625305175781,32.0,1153,0.05265152081847191,0.13591406047344207,0.4709967320261438,1200,0.07551759481430054,0.15354129374027253,0.49019607843137253,1200,0.15483921766281128,0.27777635157108316,0.49019607843137253
105.7,100.0,supported,True,1.0,0.0,8.899181396159998,105.73,44.0,1,1058,3390,3265,4.622418879056047,74.71315002441406,78.261474609375,34.0,1702,0.06104874610900879,0.12472321093082428,0.5020648967551622,1756,0.07175703346729279,0.1338854357600212,0.5179941002949853,1756,0.09913945943117142,0.1617772951722145,0.5179941002949853
105.8,100.0,supported,True,1.0,0.0,17.74157780887957,105.835,52.0,1,1059,2828,2725,4.6407355021216405,75.17390441894531,77.88233184814453,38.0,1389,0.03408422693610191,0.06532141119241715,0.49115983026874116,1432,0.04131321981549263,0.09055358096957207,0.5063649222065064,1434,0.060003142803907394,0.14181277006864548,0.5070721357850071
105.9,100.0,supported,True,1.0,0.0,11.347831184850856,105.935,32.0,1,1060,1811,1700,4.722805080066261,73.9893798828125,78.57427215576172,28.0,921,0.03604069724678993,0.06282836198806763,0.5085588072887908,953,0.049993354827165604,0.07660596221685412,0.526228602981778,954,0.09477613121271133,0.14885248690843583,0.5267807840971839
106.0,100.0,supported,True,1.0,0.0,10.959755038279301,106.04,32.0,1,1061,2086,1914,3.2435282837967403,74.19343566894531,76.89020538330078,28.0,468,0.04289485514163971,0.13391306400299072,0.22435282837967402,515,0.052657581865787506,0.15616093277931217,0.24688398849472676,515,0.0837695524096489,0.21186616420745852,0.24688398849472676
106.1,100.0,supported,True,1.0,0.0,8.783858152452746,106.14,44.0,1,1062,2792,2726,5.259670487106018,74.35511016845703,85.2401351928711,34.0,1594,0.05278495326638222,0.13752194494009018,0.5709169054441261,1631,0.061647459864616394,0.14199896156787872,0.5841690544412608,1631,0.0853683203458786,0.14819374680519104,0.5841690544412608
106.2,100.0,supported,True,1.0,0.0,23.86511939253136,106.24,44.0,1,1063,2738,2634,5.647918188458729,75.09806060791016,77.66995239257812,34.0,1903,0.03814778849482536,0.06124587208032608,0.6950328707085464,1922,0.04411184787750244,0.06819556802511216,0.701972242512783,1923,0.0566386952996254,0.10742304027080536,0.7023374726077429
106.3,100.0,supported,True,1.0,0.0,20.923811525061573,106.34,32.0,1,1064,2171,2112,5.0336250575771535,74.61209106445312,76.03104400634766,28.0,1344,0.03201323747634888,0.07526585832238197,0.6190695532012898,1356,0.03736037015914917,0.08801285177469254,0.6245969599263013,1356,0.052644360810518265,0.11225312575697899,0.6245969599263013
106.4,100.0,supported,True,1.0,0.0,5.7690575346831405,106.435,56.0,1,1065,2578,2513,6.016679596586501,74.10846710205078,77.00660705566406,40.0,1823,0.031172052025794983,0.04308040365576744,0.7071373157486424,1838,0.0370597317814827,0.05832070782780647,0.712955779674166,1838,0.05294293910264969,0.10889731049537658,0.712955779674166
106.5,100.0,supported,True,1.0,0.0,3.4933293193254666,106.535,32.0,1,1066,2768,2584,5.367052023121388,73.8504867553711,76.88326263427734,28.0,1672,0.02617327868938446,0.04161963202059269,0.6040462427745664,1691,0.03091653250157833,0.07038269191980362,0.6109104046242775,1691,0.042482051998376846,0.15320239961147308,0.6109104046242775
106.6,100.0,supported,True,1.0,0.0,10.012363784239245,106.635,16.0,1,1067,1344,1305,5.215773809523809,73.70663452148438,75.74605560302734,20.0,847,0.025970058515667915,0.04275833517313003,0.6302083333333334,856,0.0351535826921463,0.0672023817896843,0.6369047619047619,856,0.06106686592102051,0.13914276659488678,0.6369047619047619
106.7,100.0,supported,True,1.0,0.0,5.602717692686026,106.735,32.0,1,1068,2193,2123,4.909712722298222,72.39300537109375,75.37052154541016,28.0,1271,0.04022030159831047,0.06936487555503845,0.5795713634290925,1294,0.05807299539446831,0.09514894112944604,0.5900592795257638,1294,0.11219680309295654,0.1884234994649887,0.5900592795257638
106.8,100.0,supported,True,1.0,0.0,4.106350418664112,106.835,36.0,1,1069,2565,2495,5.39766081871345,72.67366027832031,75.10420989990234,30.0,1567,0.07943268865346909,0.18229657709598543,0.610916179337232,1595,0.0914352536201477,0.18341004252433776,0.621832358674464,1596,0.12119562178850174,0.18909065425395966,0.6222222222222222
106.9,100.0,supported,True,1.0,0.0,14.458058177099755,106.93,32.0,1,1070,2330,2241,4.810729613733906,72.92890167236328,76.59954071044922,28.0,1287,0.058026023209095,0.12679949402809143,0.5523605150214592,1315,0.07115766406059265,0.13445218205451967,0.5643776824034334,1315,0.10353977233171463,0.16776360571384433,0.5643776824034334
107.0,100.0,supported,True,1.0,0.0,14.98853835103199,107.03,20.0,1,1071,1092,1025,4.033882783882784,73.33782196044922,74.79708862304688,22.0,458,0.03411230817437172,0.06481756865978242,0.4194139194139194,475,0.04791136085987091,0.10609616339206697,0.434981684981685,476,0.09338568150997162,0.1638173684477806,0.4358974358974359
107.1,100.0,supported,True,1.0,0.0,20.056638181657487,107.125,24.0,1,1072,1679,1544,5.952352590827874,72.30621337890625,78.56248474121094,24.0,1019,0.0420522503554821,0.06682817190885544,0.6069088743299583,1034,0.0629141628742218,0.10610376074910165,0.615842763549732,1036,0.12406493723392487,0.22173801809549332,0.6170339487790352
107.2,100.0,supported,True,1.0,0.0,5.231711422587644,107.22,32.0,1,1073,2441,2321,6.115116755428104,71.39103698730469,79.12279510498047,28.0,1653,0.058032259345054626,0.11525941640138625,0.677181482998771,1667,0.07572980970144272,0.13742260336875917,0.682916837361737,1667,0.1138029545545578,0.18611387312412261,0.682916837361737
107.3,100.0,supported,True,1.0,0.0,6.259368051820164,107.315,32.0,1,1074,2387,2189,5.591956430666108,71.49768829345703,81.21224975585938,28.0,1470,0.054052021354436874,0.12333649620413782,0.6158357771260997,1495,0.07895541191101074,0.1349024653434754,0.6263091746962715,1497,0.13050934672355652,0.21462053060531622,0.6271470465018852
107.4,100.0,supported,True,1.0,0.0,5.281208853230492,107.415,48.0,1,1075,2705,2538,6.782624768946396,72.19161224365234,78.90943145751953,36.0,2076,0.02902638167142868,0.062341487035155296,0.767467652495379,2090,0.04008588194847107,0.08973079100251198,0.7726432532347505,2092,0.07067938148975372,0.16299807131290436,0.7733826247689464
107.5,100.0,supported,True,1.0,0.0,13.091800826469578,107.51,20.0,1,1076,1422,1331,5.532348804500703,70.90327453613281,78.52169036865234,22.0,935,0.04272918775677681,0.06913997232913971,0.6575246132208158,943,0.06642240285873413,0.11331452578306199,0.6631504922644164,943,0.15527905523777008,0.28646550178527835,0.6631504922644164
107.6,100.0,supported,True,1.0,0.0,12.077734571352625,107.605,32.0,1,1077,1958,1841,4.6996935648621045,70.49571228027344,76.716552734375,28.0,1005,0.04578341171145439,0.06843579113483429,0.5132788559754852,1030,0.06083475053310394,0.09809373617172241,0.526046986721144,1031,0.11571896076202393,0.2355290651321411,0.5265577119509703
107.7,100.0,supported,True,1.0,0.0,8.52598000905935,107.71,32.0,1,1078,2214,2082,7.281842818428184,71.23834228515625,73.79273223876953,28.0,1731,0.028593208640813828,0.04607779532670975,0.7818428184281843,1740,0.03504081815481186,0.06452115178108216,0.7859078590785907,1742,0.06294003129005432,0.13299613893032075,0.7868112014453478
107.8,100.0,supported,True,1.0,0.0,11.864231956179665,107.805,24.0,1,1079,2038,1968,7.277232580961727,70.35240936279297,73.9720230102539,24.0,1644,0.03711695969104767,0.06157661303877831,0.8066732090284593,1655,0.04786984249949455,0.09705188572406771,0.8120706575073602,1656,0.09670119732618332,0.23103444278240204,0.8125613346418057
107.9,100.0,supported,True,1.0,0.0,13.774121544095095,107.895,32.0,1,1080,1837,1738,6.634186173108329,69.80087280273438,77.1382064819336,28.0,1377,0.029980678111314774,0.0669402971863747,0.7495917256396298,1389,0.03861566632986069,0.10121011883020405,0.7561241154055526,1390,0.07334135472774506,0.23939133137464536,0.7566684812193795
108.0,100.0,supported,True,1.0,0.0,5.743877373174698,107.99,24.0,1,1081,2064,1974,7.826065891472868,70.23326873779297,75.03947448730469,24.0,1668,0.04655017703771591,0.07206321582198143,0.8081395348837209,1675,0.060352955013513565,0.10169616043567663,0.811531007751938,1677,0.10452815145254135,0.21757374405860908,0.8125
108.1,100.0,supported,True,1.0,0.0,9.169473906931144,108.095,36.0,1,1082,2667,2619,8.770153730783653,70.2496337890625,72.89966583251953,30.0,2411,0.04610539972782135,0.06816381216049194,0.9040119985001874,2418,0.051951151341199875,0.07970970496535301,0.906636670416198,2418,0.06495246291160583,0.14576278477907184,0.906636670416198
108.2,100.0,supported,True,1.0,0.0,4.167001354253123,108.195,32.0,1,1083,2703,2534,7.070292267850537,70.41719818115234,76.17662811279297,28.0,2143,0.044484663754701614,0.09431451857089995,0.7928227894931558,2163,0.054792579263448715,0.11411120444536209,0.8002219755826859,2163,0.0901111513376236,0.1959272265434265,0.8002219755826859
108.3,100.0,supported,True,1.0,0.0,7.529258346520779,108.295,36.0,1,1084,2637,2549,7.0788775123246115,70.71002197265625,77.87648010253906,30.0,2203,0.03185900300741196,0.06656777113676071,0.8354190367842245,2211,0.0367765948176384,0.07503441721200943,0.838452787258248,2212,0.0508938804268837,0.13634513616561897,0.838832006067501
108.4,100.0,supported,True,1.0,0.0,9.43433174573348,108.39,24.0,1,1085,1742,1698,7.904707233065442,70.028076171875,73.129638671875,24.0,1479,0.03009277582168579,0.05684596672654152,0.8490241102181401,1485,0.037757545709609985,0.07594283670186998,0.8524684270952928,1485,0.06204519793391228,0.15277862250804902,0.8524684270952928
108.5,100.0,supported,True,1.0,0.0,15.54023615904051,108.49,32.0,1,1086,2486,2387,7.3266291230893,69.64270782470703,73.67259979248047,28.0,1974,0.04450689256191254,0.06677310317754746,0.7940466613032985,1982,0.05445839464664459,0.08762402310967446,0.7972646822204345,1982,0.07826060056686401,0.16951443403959274,0.7972646822204345
108.6,100.0,supported,True,1.0,0.0,16.98919454602273,108.59,40.0,1,1087,2604,2501,7.610215053763441,70.3528823852539,74.25890350341797,32.0,2140,0.04037295654416084,0.06851858869194985,0.8218125960061444,2150,0.047324053943157196,0.08968794941902161,0.825652841781874,2151,0.06443420797586441,0.1668301224708557,0.826036866359447
108.7,100.0,supported,True,1.0,0.0,11.339126875287796,108.685,28.0,1,1088,2030,1974,7.916256157635468,69.02239227294922,72.90657806396484,26.0,1734,0.055906616151332855,0.11071603745222093,0.8541871921182266,1739,0.07602760195732117,0.1243134468793869,0.8566502463054187,1739,0.12020854651927948,0.24595683813095093,0.8566502463054187
108.8,100.0,supported,True,1.0,0.0,3.8636239597855853,108.78,32.0,1,1089,2531,2388,7.776372975108653,69.46142578125,76.7217025756836,28.0,2054,0.04564239829778671,0.08300853371620179,0.8115369419201897,2071,0.05778459087014198,0.09932734072208405,0.8182536546819439,2071,0.08013081550598145,0.22285735607147217,0.8182536546819439
108.9,100.0,supported,True,1.0,0.0,2.1005867650454375,108.88,36.0,1,1090,2140,2040,8.392523364485982,68.77896118164062,74.18416595458984,30.0,1742,0.04562745243310928,0.08404389247298241,0.814018691588785,1752,0.057898834347724915,0.1090047262609005,0.8186915887850468,1753,0.11185701191425323,0.23992681205272673,0.819158878504673
109.0,100.0,supported,True,1.0,0.0,8.251538708266432,108.98,28.0,1,1091,1475,1426,8.816949152542373,68.44039916992188,72.58991241455078,26.0,1215,0.0409046970307827,0.07920075207948685,0.823728813559322,1220,0.049521300941705704,0.10590830296278006,0.8271186440677966,1220,0.09995115548372269,0.23343308568000803,0.8271186440677966
109.1,100.0,supported,True,1.0,0.0,2.9795323036606662,109.075,36.0,1,1092,2855,2768,9.460945709281962,68.16388702392578,72.03009796142578,30.0,2488,0.0472383014857769,0.07664695233106615,0.8714535901926445,2493,0.061484891921281815,0.10834267735481262,0.8732049036777583,2493,0.12526939809322357,0.23777293562889104,0.8732049036777583
109.2,100.0,supported,True,1.0,0.0,10.02550663275762,109.175,32.0,1,1093,2408,2371,9.130813953488373,68.61381530761719,71.50489807128906,28.0,2141,0.04781235754489899,0.07654500007629395,0.8891196013289037,2148,0.05493215471506119,0.09585851579904556,0.8920265780730897,2148,0.08517435193061829,0.1945812776684761,0.8920265780730897
109.3,100.0,supported,True,1.0,0.0,9.570080891607681,109.27,32.0,1,1094,2540,2483,6.652755905511811,68.39009094238281,72.6949234008789,28.0,1888,0.05392617732286453,0.09547502547502518,0.7433070866141732,1900,0.06799381226301193,0.1176069311797619,0.7480314960629921,1900,0.11983469128608704,0.22624961137771607,0.7480314960629921
109.4,100.0,supported,True,1.0,4.0,10.439243155667167,109.365,16.0,1,1095,1067,1037,8.15182755388941,69.22293090820312,74.89533233642578,20.0,863,0.03773042932152748,0.06814831495285034,0.8088097469540768,870,0.05297992005944252,0.09787707328796387,0.8153701968134958,870,0.10561856627464294,0.2100805625319481,0.8153701968134958
109.5,100.0,supported,True,1.0,0.0,7.572435106706627,109.465,16.0,1,1096,1432,1366,6.9057262569832405,69.54240417480469,73.23101043701172,20.0,1130,0.03661918640136719,0.06313145235180856,0.7891061452513967,1138,0.04864994436502457,0.08235406503081322,0.7946927374301676,1138,0.07362155616283417,0.15659063309431082,0.7946927374301676
109.6,100.0,supported,True,1.0,0.0,4.396626377698479,109.565,24.0,1,1097,1963,1938,8.844625573102395,69.39175415039062,71.25822448730469,24.0,1815,0.07713548839092255,0.19134037494659425,0.9246051961283749,1818,0.09608632326126099,0.2035881206393242,0.9261334691798268,1818,0.14277222752571106,0.2125960797071457,0.9261334691798268
109.7,100.0,supported,True,1.0,0.0,13.230853089020716,109.66,28.0,1,1098,2641,2617,10.192351382052253,68.66203308105469,71.57610321044922,26.0,2458,0.08152870833873749,0.164250659942627,0.9307080651268459,2462,0.09875591099262238,0.16695863008499146,0.9322226429382809,2462,0.1302117258310318,0.19511699676513672,0.9322226429382809
109.8,100.0,supported,True,1.0,0.0,21.73242933986266,109.755,32.0,1,1099,2398,2343,10.216430358632193,68.30016326904297,71.96487426757812,28.0,2065,0.04002124071121216,0.07247711569070817,0.8611342785654712,2075,0.049273181706666946,0.1055724322795868,0.8653044203502919,2075,0.08411751687526703,0.20944582819938662,0.8653044203502919
109.9,100.0,supported,True,1.0,0.0,16.105729626886923,109.85,32.0,1,1100,2631,2611,10.944887875332574,68.6205062866211,70.50167846679688,28.0,2477,0.03693476691842079,0.06550721526145936,0.9414671227670087,2480,0.04395994544029236,0.09168246537446974,0.9426073736221969,2480,0.07256971299648285,0.16564405262470244,0.9426073736221969
110.0,100.0,supported,True,1.0,0.0,11.30953306169438,109.95,36.0,1,1101,2281,2241,11.838667251205612,69.3710708618164,70.93384552001953,30.0,2134,0.032477907836437225,0.04720137789845467,0.9355545813239807,2135,0.035588860511779785,0.053754653036594394,0.9359929855326611,2135,0.04146620258688927,0.09003560692071916,0.9359929855326611
110.1,100.0,supported,True,1.0,0.0,9.489462460474343,110.04,28.0,1,1102,1638,1624,12.089133089133089,68.19090270996094,70.09349060058594,26.0,1562,0.041767627000808716,0.07212848365306856,0.9536019536019537,1563,0.05468398332595825,0.09488022327423096,0.9542124542124543,1563,0.09446889907121658,0.1807896077632904,0.9542124542124543
110.2,100.0,supported,True,1.0,0.0,10.224168005867407,110.14,32.0,1,1103,2430,2405,13.233333333333333,68.19322204589844,70.92840576171875,28.0,2329,0.03954857587814331,0.06766052693128588,0.9584362139917696,2330,0.045052845031023026,0.09430985376238822,0.9588477366255144,2330,0.07665575295686722,0.17158520519733428,0.9588477366255144
110.3,100.0,supported,True,1.0,0.0,8.466541765878372,110.24,32.0,1,1104,3111,3077,11.005143040822887,67.80955505371094,78.13937377929688,28.0,2906,0.050611525774002075,0.11855731531977654,0.9341047894567663,2913,0.06267587095499039,0.12605246603488923,0.9363548698167792,2913,0.10387022793292999,0.17424975037574772,0.9363548698167792
110.4,100.0,supported,True,1.0,0.0,3.7825979302559922,110.34,64.0,1,1105,4567,4484,10.897306765929494,67.75745391845703,75.36968231201172,44.0,4172,0.04584971070289612,0.08522539511322975,0.9135099627764397,4190,0.04999168962240219,0.09544420018792152,0.9174512809283993,4191,0.06702214479446411,0.1435122936964035,0.9176702430479527
110.5,100.0,supported,True,1.0,0.0,11.588055727023342,110.435,36.0,1,1106,2702,2682,11.44818652849741,68.28816986083984,69.95664978027344,30.0,2537,0.03535515442490578,0.05439466461539269,0.9389341228719467,2542,0.03686466068029404,0.06027193777263165,0.9407846039970392,2542,0.04216316342353821,0.08058468997478485,0.9407846039970392
110.6,100.0,supported,True,1.0,0.0,14.31275484558582,110.535,32.0,1,1107,2687,2662,8.960178637886118,68.44949340820312,70.54915618896484,28.0,2425,0.041878558695316315,0.04999005347490311,0.9024934871604019,2432,0.0442507266998291,0.052918949350714686,0.9050986229996278,2432,0.048722878098487854,0.06888279989361763,0.9050986229996278
110.7,100.0,supported,True,1.0,0.0,4.227900358535564,110.635,36.0,1,1108,2470,2380,6.9417004048583,68.1167221069336,71.86641693115234,30.0,1907,0.03275175392627716,0.04160333573818207,0.7720647773279352,1922,0.036342278122901917,0.049759095534682274,0.7781376518218623,1922,0.04320214316248894,0.09021662399172786,0.7781376518218623
110.8,100.0,supported,True,1.0,0.0,18.268494534370294,110.73,28.0,1,1109,1363,1338,6.105649303008071,68.62547302246094,69.84978485107422,26.0,988,0.03226324915885925,0.04575991071760658,0.7248716067498165,995,0.039816964417696,0.0674950659275055,0.7300073367571533,995,0.061206281185150146,0.13492068052291872,0.7300073367571533
110.9,100.0,supported,True,1.0,4.0,11.314913457195809,110.835,48.0,1,1110,1611,1507,5.274984481688392,68.4894790649414,70.81658935546875,36.0,1001,0.026679670438170433,0.04006212204694748,0.6213531967721911,1017,0.032234545797109604,0.06651923656463622,0.6312849162011173,1018,0.05207233130931854,0.1351340293884278,0.6319056486654252
111.0,100.0,supported,True,1.0,0.0,7.587058569404479,110.93,24.0,1,1111,1548,1508,4.691860465116279,67.64994812011719,69.3945083618164,24.0,731,0.03526309132575989,0.05234799534082413,0.4722222222222222,755,0.041191305965185165,0.06387537121772767,0.4877260981912145,755,0.05258526653051376,0.09908424019813537,0.4877260981912145
111.1,100.0,supported,True,1.0,0.0,7.994921515561517,111.03,28.0,1,1112,2095,2041,5.191885441527447,67.13482666015625,70.56139373779297,26.0,1231,0.05457400903105736,0.07792635262012482,0.5875894988066825,1248,0.060386188328266144,0.08495482355356217,0.5957040572792363,1248,0.07884009182453156,0.13102337568998335,0.5957040572792363
111.2,100.0,supported,True,1.0,4.0,6.147133179104583,111.125,28.0,1,1113,1982,1906,4.438446014127145,66.58177185058594,71.8230972290039,26.0,917,0.03723644092679024,0.06184309720993041,0.46266397578203833,937,0.041877325624227524,0.07591015994548797,0.4727547931382442,938,0.052691973745822906,0.11146683692932133,0.47325933400605447
111.3,100.0,supported,True,0.9047619047619048,5.656854249492381,9.795958973198491,111.225,48.0,1,1114,2814,2799,6.066098081023454,66.12727355957031,69.29603576660156,36.0,2037,0.036530621349811554,0.061624636501073846,0.7238805970149254,2049,0.04538130760192871,0.07786733508110047,0.7281449893390192,2049,0.08190717548131943,0.15878222584724427,0.7281449893390192
111.4,100.0,supported,True,1.0,0.0,8.787029014919144,111.32,28.0,1,1115,2196,2183,10.551457194899818,67.65123748779297,71.083984375,26.0,2064,0.038635849952697754,0.04879898279905319,0.9398907103825137,2065,0.041426464915275574,0.053759109228849425,0.9403460837887068,2065,0.04955163970589638,0.09363381117582321,0.9403460837887068
111.5,100.0,supported,True,1.0,0.0,17.92745953845209,111.42,16.0,1,1116,1275,1223,8.315294117647058,67.90618133544922,70.8624038696289,20.0,1037,0.033115360885858536,0.04470656216144561,0.8133333333333334,1040,0.03632514178752899,0.06027861945331098,0.8156862745098039,1041,0.045297589153051376,0.15864504873752594,0.8164705882352942
111.6,100.0,supported,True,1.0,4.0,16.57802136171155,111.515,24.0,1,1117,902,883,6.771618625277162,67.14737701416016,74.8968505859375,24.0,598,0.04182328283786774,0.0731843873858452,0.6629711751662971,607,0.05536551773548126,0.10484365075826645,0.6729490022172949,607,0.10024755448102951,0.22163860499858856,0.6729490022172949
111.7,100.0,supported,True,1.0,0.0,17.273093561062133,111.615,24.0,1,1118,1444,1429,8.170360110803324,67.05098724365234,71.20440673828125,24.0,1210,0.030485397204756737,0.04586020782589917,0.8379501385041551,1214,0.038624994456768036,0.06474468111991884,0.8407202216066482,1214,0.08109524846076965,0.14615350514650347,0.8407202216066482
111.8,100.0,supported,True,1.0,0.0,20.695088927289106,111.705,28.0,1,1119,1670,1636,7.735928143712575,66.16973114013672,76.9154052734375,26.0,1309,0.03621381148695946,0.0563196636736393,0.7838323353293413,1321,0.04470646753907204,0.06497854739427567,0.7910179640718563,1321,0.07848846167325974,0.13612031936645508,0.7910179640718563
111.9,100.0,supported,True,1.0,0.0,7.090117498246381,111.8,44.0,1,1120,3374,3350,6.952874925903972,65.94256591796875,71.27945709228516,34.0,2943,0.033867139369249344,0.06604632437229158,0.8722584469472436,2944,0.041921183466911316,0.07673193365335465,0.8725548310610551,2945,0.069764144718647,0.14904026389122008,0.8728512151748666
112.0,100.0,supported,True,1.0,0.0,6.549564857698779,111.9,68.0,1,1121,4678,4631,7.246259085079093,67.550048828125,72.49725341796875,46.0,4189,0.027507765218615532,0.0436742626130581,0.8954681487815306,4198,0.030421778559684753,0.0529852718114853,0.897392047883711,4198,0.03666030615568161,0.07752409204840663,0.897392047883711
112.1,100.0,supported,True,1.0,0.0,4.10876360898376,112.0,20.0,1,1122,1261,1219,6.543219666931007,67.13739776611328,70.4106674194336,22.0,966,0.029035493731498718,0.05136389099061489,0.7660586835844568,968,0.03862656652927399,0.07643502429127697,0.767644726407613,968,0.05815885215997696,0.1353297621011734,0.767644726407613
112.2,100.0,supported,True,1.0,0.0,12.459276347232743,112.1,16.0,1,1123,1560,1518,6.6551282051282055,65.50516510009766,69.80619049072266,20.0,1297,0.026487374678254128,0.052645532786846166,0.8314102564102565,1303,0.034933775663375854,0.08314729779958722,0.8352564102564103,1303,0.0792783573269844,0.2196221739053726,0.8352564102564103
112.3,100.0,multiple_channels,False,1.0,0.0,12.136706749242784,112.205,24.0,2,1124,1327,1320,6.790504898266767,66.59526062011719,71.29340362548828,24.0,1058,0.026009414345026016,0.03330717869102955,0.7972871137905049,1065,0.030336882919073105,0.040615422278642656,0.8025621703089676,1065,0.04376581683754921,0.09306522309780121,0.8025621703089676
112.4,100.0,supported,True,1.0,0.0,11.905885082802454,112.295,24.0,1,1125,1449,1385,4.946169772256729,65.38908386230469,68.65653991699219,24.0,808,0.037285517901182175,0.05886695757508279,0.5576259489302967,822,0.04473145306110382,0.07521826401352882,0.567287784679089,822,0.07221773266792297,0.14630396813154217,0.567287784679089
112.5,100.0,supported,True,1.0,0.0,2.6370224311860304,112.395,44.0,1,1126,2807,2765,4.682579266120413,65.1268310546875,67.8112564086914,34.0,1456,0.043439384549856186,0.0845417007803917,0.5187032418952618,1486,0.04998715966939926,0.10486354678869247,0.5293908086925543,1486,0.08143828809261322,0.1552165076136589,0.5293908086925543
112.6,100.0,supported,True,1.0,0.0,1.9550455136353702,112.495,24.0,1,1127,1857,1816,5.381798599892299,64.82862854003906,69.55290985107422,24.0,1116,0.04424881935119629,0.0849083960056305,0.6009693053311793,1137,0.052169568836688995,0.10248895585536956,0.6122778675282714,1138,0.09304457902908325,0.18146043717861182,0.6128163704900377
112.7,100.0,supported,True,1.0,0.0,3.5644829904047675,112.595,44.0,1,1128,2879,2826,5.629037860368183,64.78097534179688,73.00611114501953,34.0,2046,0.04810059070587158,0.14436081051826477,0.7106634248002779,2069,0.065580353140831,0.1476036906242371,0.718652309829802,2070,0.09718388319015503,0.15435891598463064,0.7189996526571726
112.8,100.0,supported,True,1.0,0.0,16.35521462926519,112.685,16.0,1,1129,744,716,4.48252688172043,66.31375122070312,67.58504486083984,20.0,356,0.03986979275941849,0.05394413694739342,0.478494623655914,367,0.04617999866604805,0.062225723266601564,0.4932795698924731,367,0.05535384267568588,0.09490994215011599,0.4932795698924731
112.9,100.0,supported,True,1.0,0.0,26.61110202392411,112.785,24.0,1,1130,1443,1375,6.319473319473319,65.29481506347656,70.6301498413086,24.0,992,0.04377914220094681,0.06999530568718909,0.6874566874566874,1004,0.06036052107810974,0.10689069405198098,0.6957726957726957,1007,0.12219906598329544,0.22979562282562255,0.6978516978516979
113.0,100.0,supported,True,1.0,0.0,30.800805222776866,112.89,28.0,1,1131,1818,1790,7.9543454345434546,64.9823989868164,67.37515258789062,26.0,1621,0.04376353323459625,0.061356835067272186,0.8916391639163916,1623,0.05379795655608177,0.08676742315292359,0.8927392739273927,1624,0.09153337776660919,0.15944783091545106,0.8932893289328933
113.1,100.0,supported,True,1.0,0.0,14.383415277596262,113.02,44.0,1,1132,2503,2452,8.081901717938473,64.39507293701172,68.71197509765625,34.0,2129,0.03974005952477455,0.06987214535474778,0.850579304834199,2135,0.05063391849398613,0.09399884194135669,0.8529764282860567,2135,0.09634444862604141,0.1815279483795167,0.8529764282860567
113.2,100.0,supported,True,1.0,0.0,9.031871135940674,113.115,32.0,1,1133,2879,2840,6.652657172629385,64.01380157470703,68.4443359375,28.0,2245,0.048942990601062775,0.14435858130455018,0.7797846474470302,2260,0.06174066662788391,0.1610514223575593,0.7849947898575894,2260,0.09217892587184906,0.21433114260435107,0.7849947898575894
113.3,100.0,supported,True,1.0,0.0,11.872971531997672,113.21,56.0,1,1134,3383,3276,6.374519657109075,65.16363525390625,68.95177459716797,40.0,2484,0.042429111897945404,0.10750966668128975,0.7342595329589122,2503,0.045654553920030594,0.1167030856013298,0.7398758498374224,2505,0.05094202235341072,0.14270737469196318,0.7404670410877919
113.4,100.0,supported,True,1.0,0.0,8.082356426498592,113.31,20.0,1,1135,1618,1578,7.071075401730532,64.46142578125,68.54492950439453,22.0,1286,0.048571594059467316,0.2187999039888382,0.7948084054388134,1290,0.07806596159934998,0.22149749547243122,0.7972805933250927,1290,0.15847247838974,0.22703711688518524,0.7972805933250927
113.5,100.0,supported,True,1.0,0.0,16.801953573921526,113.41,32.0,1,1136,2346,2336,6.738704177323103,65.17284393310547,68.17496490478516,28.0,1913,0.06401273608207703,0.14731318652629852,0.8154305200341005,1917,0.06972406059503555,0.15828548073768617,0.8171355498721228,1917,0.08865786343812943,0.15562718212604526,0.8171355498721228
113.6,100.0,supported,True,1.0,0.0,19.071954377850215,113.505,32.0,1,1137,2568,2559,7.877336448598131,64.46900177001953,68.70481872558594,28.0,2290,0.040320638567209244,0.07667092755436894,0.8917445482866043,2304,0.043738167732954025,0.0871660813689232,0.897196261682243,2304,0.056112583726644516,0.11333517879247677,0.897196261682243
113.7,100.0,supported,True,1.0,0.0,9.749925211726818,113.605,32.0,1,1138,2626,2620,7.675552170601676,64.35371398925781,66.31587219238281,28.0,2367,0.03819368779659271,0.13663613796234134,0.9013709063214014,2372,0.04227546975016594,0.13836158365011217,0.9032749428789033,2372,0.06927195191383362,0.12674628645181657,0.9032749428789033
113.8,100.0,supported,True,1.0,0.0,9.691727666554115,113.7,40.0,1,1139,3229,3212,8.217714462681945,64.58787536621094,66.341552734375,32.0,2953,0.03788049891591072,0.11114050298929215,0.9145246206255807,2957,0.04221007600426674,0.11248044967651367,0.9157633942397027,2958,0.06493407487869263,0.10711073949933056,0.9160730876432333
113.9,100.0,supported,True,1.0,0.0,7.694055868346148,113.8,48.0,1,1140,2822,2753,7.830616583982991,65.60108184814453,66.39854431152344,36.0,2227,0.03258359432220459,0.053581444174051286,0.7891566265060241,2245,0.03518318757414818,0.0551345191895962,0.7955350815024805,2245,0.03760342672467232,0.05784359276294709,0.7955350815024805
114.0,100.0,supported,True,1.0,0.0,28.565310179497793,113.89,24.0,1,1141,1122,1081,4.623885918003565,63.298858642578125,66.76819610595703,24.0,584,0.03592117130756378,0.05957561284303667,0.5204991087344029,596,0.047287702560424805,0.08838314563035965,0.5311942959001783,596,0.08999820053577423,0.21794971823692322,0.5311942959001783
114.1,100.0,supported,True,1.0,0.0,25.52177021253744,113.99,32.0,1,1142,2204,2183,4.729128856624319,63.80479431152344,66.6204605102539,28.0,1208,0.047219447791576385,0.062136949598789216,0.5480943738656987,1224,0.05282779037952423,0.07380932122468949,0.5553539019963702,1224,0.07600155472755432,0.18067943453788757,0.5553539019963702
114.2,100.0,supported,True,1.0,0.0,18.521466744610883,114.09,32.0,1,1143,2853,2820,6.1002453557658605,63.7881965637207,66.14418029785156,28.0,2113,0.04024740308523178,0.09983486533164977,0.7406239046617595,2122,0.04689871519804001,0.10934774130582811,0.7437784787942516,2122,0.06238855421543121,0.1295815572142601,0.7437784787942516
114.3,100.0,supported,True,1.0,0.0,10.676153274094217,114.19,48.0,1,1144,3949,3926,7.62268928842745,64.4617691040039,69.86795806884766,36.0,3513,0.037976253777742386,0.14010072946548463,0.8895923018485693,3523,0.04810335114598274,0.14050375521183014,0.8921245885034186,3523,0.07455598562955856,0.14816033840179443,0.8921245885034186
114.4,100.0,supported,True,1.0,0.0,22.186408625762937,114.285,40.0,1,1145,4163,4096,6.134278164785011,63.15107727050781,66.74076843261719,32.0,3101,0.04018082469701767,0.06397898495197296,0.7448955080470814,3123,0.046581584960222244,0.07369138300418855,0.7501801585395148,3123,0.06360727548599243,0.1367444664239884,0.7501801585395148
114.5,100.0,supported,True,1.0,0.0,22.515113808202788,114.385,56.0,1,1146,4863,4817,8.771334567139625,63.714073181152344,69.71910858154297,40.0,4446,0.03572041541337967,0.06287838146090508,0.9142504626773597,4453,0.03944266960024834,0.06740622222423553,0.9156899033518404,4453,0.048806481063365936,0.07958630323410035,0.9156899033518404
114.6,100.0,supported,True,1.0,0.0,7.399753859014903,114.48,40.0,1,1147,3566,3505,8.556085249579361,65.34638977050781,65.83782958984375,32.0,3220,0.03225845843553543,0.04888941831886768,0.9029725182277061,3225,0.03520665317773819,0.05025257989764213,0.9043746494671902,3225,0.04148099571466446,0.054031253606081,0.9043746494671902
114.7,100.0,multiple_channels,False,1.0,4.0,4.256542819843056,114.58,0.0,2,1148,1079,1005,6.329008341056534,64.63801574707031,68.58519744873047,20.0,732,0.034080781042575836,0.0507528081536293,0.6784059314179796,733,0.04045768827199936,0.06049853786826136,0.6793327154772938,734,0.057619139552116394,0.09624754562973976,0.680259499536608
114.8,100.0,multiple_channels,False,1.0,0.0,6.4955705791434255,114.68,32.0,2,1149,1740,1625,6.977011494252873,64.55949401855469,69.25859069824219,28.0,1271,0.04558316990733147,0.08692865818738937,0.7304597701149426,1286,0.05624300241470337,0.1015024296939373,0.7390804597701149,1287,0.09440957009792328,0.18165233433246616,0.7396551724137931
114.9,100.0,multiple_channels,False,1.0,0.0,7.185484905696791,114.78,28.0,2,1150,1589,1557,7.209565764631844,64.04466247558594,70.89859008789062,26.0,1301,0.046175550669431686,0.10982923954725266,0.8187539332913782,1306,0.06256398558616638,0.12848472595214844,0.8219005663939585,1306,0.10537436604499817,0.19991213828325272,0.8219005663939585
115.0,100.0,multiple_channels,False,1.0,0.0,34.72237315033501,114.875,24.0,2,1151,1297,1252,7.535080956052429,63.26041793823242,66.56163787841797,24.0,1022,0.03971036896109581,0.06131960973143577,0.7879722436391673,1033,0.05191078037023544,0.08754974156618121,0.7964533538936006,1035,0.10512620955705643,0.16524657607078552,0.7979953739398612
115.1,100.0,multiple_channels,False,1.0,0.0,27.421454096612408,114.97,28.0,2,1152,1771,1705,7.807453416149069,63.69662094116211,66.67315673828125,26.0,1398,0.029170827940106392,0.0435423158109188,0.7893845285149633,1408,0.03541123867034912,0.05895905643701553,0.7950310559006211,1409,0.0657588541507721,0.10684380233287812,0.7955957086391869
115.2,100.0,multiple_channels,False,1.0,0.0,9.93886349333737,115.07,24.0,2,1153,1300,1259,7.297692307692308,64.10435485839844,66.58146667480469,24.0,1042,0.027418125420808792,0.03553704246878624,0.8015384615384615,1046,0.030458200722932816,0.05235244706273079,0.8046153846153846,1046,0.04800137132406235,0.11861266940832138,0.8046153846153846
115.3,100.0,supported,True,1.0,4.0,19.06900167833351,115.17,40.0,1,1154,2196,2158,7.932604735883425,63.793212890625,67.0321273803711,32.0,1913,0.02901148982346058,0.04079010635614395,0.8711293260473588,1919,0.034379810094833374,0.04864317402243614,0.8738615664845173,1919,0.05428089573979378,0.09297815561294556,0.8738615664845173
115.4,100.0,supported,True,1.0,0.0,10.523849145207114,115.27,24.0,1,1155,2466,2455,8.27088402270884,63.842933654785156,64.53557586669922,24.0,2201,0.04119722917675972,0.05166054517030716,0.8925385239253852,2205,0.04457511752843857,0.05141972303390503,0.8941605839416058,2205,0.051715999841690063,0.06680564880371094,0.8941605839416058
115.5,100.0,supported,True,1.0,0.0,4.779526845881693,115.365,32.0,1,1156,2503,2466,5.997602876548142,62.71741485595703,64.53768920898438,28.0,1900,0.035354550927877426,0.046332355588674545,0.7590890930882941,1913,0.03908156976103783,0.046755889803171156,0.7642828605673192,1913,0.04771944880485535,0.06614439040422439,0.7642828605673192
115.6,100.0,supported,True,1.0,0.0,12.441947378040435,115.465,24.0,1,1157,2038,2028,6.535328753680078,62.465030670166016,64.5133056640625,24.0,1654,0.04028518870472908,0.057458432763814925,0.8115799803729146,1660,0.044362157583236694,0.059227753430604935,0.8145240431795878,1660,0.0538727305829525,0.07527366653084755,0.8145240431795878
115.7,100.0,supported,True,1.0,0.0,5.424865700318853,115.565,36.0,1,1158,3140,3116,7.026751592356688,62.495452880859375,64.85895538330078,30.0,2656,0.039097271859645844,0.05584865249693394,0.845859872611465,2661,0.04337752237915993,0.057615239173173904,0.847452229299363,2661,0.049666840583086014,0.07885906845331192,0.847452229299363
115.8,100.0,supported,True,1.0,0.0,3.8802912835890337,115.665,40.0,1,1159,3925,3902,7.828789808917198,62.526676177978516,64.55685424804688,32.0,3540,0.03524945303797722,0.050509063154459,0.9019108280254777,3553,0.040477391332387924,0.05090306773781776,0.9052229299363057,3553,0.046961039304733276,0.06528235971927643,0.9052229299363057
115.9,100.0,supported,True,1.0,0.0,5.179252458514685,115.765,48.0,1,1160,4420,4398,10.3210407239819,63.01363754272461,64.53550720214844,36.0,4239,0.02937670238316059,0.0401702769100666,0.9590497737556561,4243,0.03070332482457161,0.043518009781837466,0.9599547511312218,4243,0.034407176077365875,0.06479170769453049,0.9599547511312218
116.0,100.0,supported,True,1.0,0.0,2.889754401171411,115.865,56.0,1,1161,4672,4645,10.446703767123287,63.274078369140625,64.7130126953125,40.0,4502,0.024037891998887062,0.03157053515315056,0.9636130136986302,4506,0.02566572092473507,0.03501206636428833,0.9644691780821918,4506,0.02911408618092537,0.0618815328925848,0.9644691780821918
116.1,100.0,supported,True,1.0,0.0,10.375748740447015,115.965,44.0,2,1162,4041,4025,9.221479831724821,63.32357406616211,64.89002990722656,34.0,3789,0.02684139274060726,0.041213958710432055,0.9376391982182628,3793,0.02888263389468193,0.04337485060095787,0.9386290522147983,3793,0.03439123556017876,0.051396815478801726,0.9386290522147983
116.2,100.0,supported,True,1.0,0.0,34.19015387212914,116.06,40.0,1,1163,4084,4003,7.332517140058766,64.09015655517578,64.95532989501953,32.0,3373,0.02939283475279808,0.03901506289839745,0.8259059745347699,3389,0.031057555228471756,0.04055838659405708,0.8298237022526934,3390,0.0348527729511261,0.043704140931367874,0.8300685602350637
116.3,100.0,supported,True,1.0,0.0,40.82595506227915,116.155,28.0,1,1164,2393,2320,5.620977852068533,63.76759719848633,64.78561401367188,26.0,1573,0.02911261096596718,0.03543267920613289,0.6573338905139992,1597,0.03165098652243614,0.036367067694664,0.6673631424989552,1598,0.035696905106306076,0.04051067307591438,0.6677810279983285
116.4,100.0,supported,True,1.0,0.0,47.53400526210993,116.255,16.0,1,1165,1191,1157,5.827875734676742,62.90283203125,64.65582275390625,20.0,868,0.02711908519268036,0.035608925670385365,0.7287993282955499,875,0.030746130272746086,0.0400053933262825,0.7346767422334173,875,0.04144596308469772,0.05825903043150902,0.7346767422334173
116.5,100.0,supported,True,1.0,0.0,17.950937752480108,116.355,28.0,1,1166,1687,1661,6.400711321873148,62.47201156616211,64.00103759765625,26.0,1374,0.03648243099451065,0.04919801540672779,0.8144635447540012,1377,0.04270965978503227,0.05613320022821427,0.8162418494368702,1377,0.057497069239616394,0.11415784209966663,0.8162418494368702
116.6,100.0,supported,True,1.0,0.0,45.062240001421706,116.45,56.0,1,1167,3631,3574,6.249793445331864,62.33610534667969,64.8479232788086,40.0,2843,0.032189201563596725,0.0449894979596138,0.7829798953456348,2855,0.03863023966550827,0.04949462264776229,0.7862847700358028,2856,0.05106719583272934,0.10812829434871674,0.7865601762599834
116.7,100.0,supported,True,1.0,0.0,79.87736418471586,116.525,52.0,1,1168,3186,3160,6.198681732580038,62.33148956298828,64.08776092529297,38.0,2410,0.026438463479280472,0.03585621789097786,0.7564344005021971,2415,0.028777308762073517,0.04317053854465484,0.7580037664783428,2415,0.03344980254769325,0.09468231946229934,0.7580037664783428
116.8,100.0,supported,True,1.0,0.0,63.440707475579565,116.645,32.0,1,1169,2167,2062,4.904476234425473,62.48777770996094,63.38758850097656,28.0,1238,0.02108999900519848,0.03145467117428779,0.5712967235809875,1253,0.02538902312517166,0.03789739981293678,0.5782187355791417,1254,0.03385787457227707,0.05566339939832688,0.5786802030456852
116.9,100.0,supported,True,1.0,0.0,18.227682931871826,116.725,32.0,1,1170,1842,1747,7.098805646036916,62.079566955566406,65.53742980957031,28.0,1426,0.03382475674152374,0.04478355310857296,0.7741585233441911,1433,0.03723333403468132,0.04906204715371131,0.7779587404994571,1434,0.04523737356066704,0.08848612904548647,0.7785016286644951
117.0,100.0,supported,True,1.0,0.0,66.0847666196746,116.8,28.0,1,1171,2218,2187,7.042831379621281,61.637367248535156,63.75039291381836,26.0,1880,0.049319688230752945,0.06100464314222337,0.8476104598737602,1888,0.05426040664315224,0.06595635637640954,0.8512173128944995,1888,0.06766465306282043,0.10177887082099915,0.8512173128944995
117.1,100.0,supported,True,1.0,0.0,106.51660414351355,116.865,40.0,1,1172,2338,2280,5.7352437981180495,61.65473175048828,66.26637268066406,32.0,1592,0.044924817979335785,0.05881893821060659,0.6809238665526091,1606,0.04987639933824539,0.06449171155691147,0.6869118905047049,1606,0.06314298510551453,0.1207076907157898,0.6869118905047049
117.2,100.0,supported,True,1.0,0.0,128.06483806706257,116.975,12.0,1,1173,1073,1027,4.918918918918919,61.3157958984375,62.98381042480469,20.0,603,0.04463035613298416,0.07233547568321229,0.5619757688723206,618,0.0496528297662735,0.0890016831457615,0.575955265610438,618,0.06441174447536469,0.14662880152463914,0.575955265610438
117.3,100.0,supported,True,1.0,0.0,137.94693075698265,117.035,24.0,1,1174,1377,1287,4.955700798838054,61.26511764526367,64.2789535522461,24.0,800,0.037802934646606445,0.05623971521854401,0.5809731299927379,815,0.04711168631911278,0.07062002867460251,0.5918663761801016,815,0.06825008988380432,0.10257966220378875,0.5918663761801016
117.4,100.0,sparse_water_returns,False,0.7142857142857143,8.0,121.55105109572752,117.095,60.0,1,1175,1832,1770,5.529475982532751,59.715599060058594,64.88862609863281,42.0,1198,0.040364690124988556,0.0740397959947586,0.6539301310043668,1218,0.04933968931436539,0.10781618803739546,0.6648471615720524,1218,0.09981241822242737,0.26117763519287107,0.6648471615720524
117.5,100.0,supported,True,1.0,0.0,67.11278748484527,117.14,20.0,1,1176,1421,1399,6.229415904292751,59.873626708984375,62.489986419677734,22.0,1067,0.035662781447172165,0.06561420410871506,0.7508796622097115,1071,0.04133802279829979,0.09990277141332626,0.7536945812807881,1071,0.07009853422641754,0.2157709002494812,0.7536945812807881
117.6,100.0,multiple_channels,False,1.0,0.0,13.345017869604817,117.21,24.0,2,1177,2169,2119,6.33840479483633,59.316864013671875,62.49811553955078,24.0,1549,0.05096668004989624,0.07795898616313934,0.7141539880129092,1558,0.06206604465842247,0.10898091495037078,0.7183033656062702,1558,0.10093539953231812,0.23772644698619844,0.7183033656062702
117.7,100.0,supported,True,1.0,0.0,36.33714827915728,117.3,28.0,1,1178,2698,2674,7.318013343217198,59.6854362487793,61.95399475097656,26.0,2280,0.0460159033536911,0.06749770566821098,0.8450704225352113,2283,0.05443150922656059,0.08304884135723115,0.846182357301705,2283,0.09443461149930954,0.1912100493907929,0.846182357301705
117.8,100.0,supported,True,1.0,0.0,86.13293809166127,117.375,40.0,1,1179,2083,2013,6.109457513202113,60.2464485168457,64.92890930175781,32.0,1534,0.03064655512571335,0.07002888768911363,0.7364378300528085,1546,0.034685876220464706,0.07705352082848549,0.742198751800288,1546,0.04463740065693855,0.09671076759696007,0.742198751800288
117.9,100.0,supported,True,1.0,0.0,130.21055348997774,117.45,28.0,1,1180,2440,2395,6.107377049180328,59.758697509765625,64.79681396484375,26.0,1807,0.04845841974020004,0.0912642925977707,0.7405737704918033,1820,0.05806563049554825,0.10170046165585532,0.7459016393442623,1820,0.07313643395900726,0.17221550643444064,0.7459016393442623
118.0,100.0,supported,True,1.0,0.0,139.48312381219284,117.57,36.0,1,1181,2260,2198,5.06858407079646,59.0576286315918,63.857994079589844,30.0,1386,0.023918747901916504,0.045726729556918144,0.6132743362831858,1411,0.02744300663471222,0.05347442999482155,0.6243362831858407,1413,0.03886430710554123,0.09033467322587967,0.6252212389380531
118.1,100.0,supported,True,1.0,0.0,92.84844732710818,117.665,56.0,1,1182,2812,2747,5.379089615931721,58.61100387573242,70.41861724853516,40.0,1809,0.047478657215833664,0.06833610236644745,0.6433143669985776,1831,0.05450652167201042,0.08003557473421097,0.6511379800853485,1832,0.0712200403213501,0.1713716208934784,0.65149359886202
118.2,100.0,supported,True,1.0,0.0,45.58007434953998,117.73,28.0,1,1183,2327,2282,6.206703910614525,59.643497467041016,62.97437286376953,26.0,1842,0.04221542179584503,0.05659703426063061,0.791577137945853,1853,0.04701917618513107,0.06518163233995437,0.7963042544048131,1854,0.06441483646631241,0.15297776460647583,0.7967339922647185
118.3,100.0,supported,True,1.0,0.0,31.799064254823882,117.825,24.0,1,1184,1742,1724,5.440298507462686,59.72774887084961,64.0033950805664,24.0,1191,0.036429643630981445,0.06924641877412796,0.6836969001148105,1205,0.041550762951374054,0.07454382479190828,0.6917336394948336,1205,0.0590570829808712,0.08732651621103288,0.6917336394948336
118.4,100.0,supported,True,1.0,0.0,9.87092391566184,117.915,48.0,1,1185,2466,2345,4.608678021086781,60.04716110229492,61.4364128112793,36.0,1259,0.03131355345249176,0.04149547889828682,0.5105433901054339,1286,0.03516637533903122,0.045838918536901474,0.5214922952149229,1286,0.04317457973957062,0.07319325953722,0.5214922952149229
118.5,100.0,supported,True,1.0,0.0,29.858852265346048,118.005,20.0,1,1186,1644,1553,6.093673965936739,59.57594299316406,63.2274169921875,22.0,923,0.04166815057396889,0.05843080952763559,0.5614355231143552,941,0.04745104908943176,0.07535012811422348,0.5723844282238443,941,0.06371595710515976,0.14971403777599335,0.5723844282238443
118.6,100.0,supported,True,1.0,0.0,36.827817734334126,118.095,28.0,1,1187,1505,1448,5.3455149501661126,59.70817947387695,62.56733703613281,26.0,990,0.02757001295685768,0.03849610351026058,0.6578073089700996,1003,0.030631395056843758,0.045929640531539924,0.6664451827242525,1003,0.04248606413602829,0.0836061179637909,0.6664451827242525
118.7,100.0,supported,True,1.0,0.0,20.656332326163156,118.23,20.0,1,1188,1249,1181,5.204963971176942,59.52864456176758,62.61452102661133,22.0,763,0.025463275611400604,0.03727906867861748,0.6108887109687751,777,0.0317198783159256,0.047157476097345344,0.622097678142514,779,0.054291997104883194,0.08919391781091691,0.6236989591673339
118.8,100.0,supported,True,1.0,0.0,6.9455719699885075,118.325,24.0,1,1189,1317,1277,6.499620349278664,58.346927642822266,62.940040588378906,24.0,921,0.03294345736503601,0.05944320559501648,0.6993166287015945,928,0.04592994600534439,0.08553655967116362,0.7046317388003037,929,0.09616047143936157,0.18592826426029208,0.7053910402429765
118.9,100.0,supported,True,1.0,0.0,9.368872966110976,118.42,40.0,1,1190,2545,2496,7.619646365422397,58.103172302246094,72.31217956542969,32.0,2188,0.029256701469421387,0.04327623806893825,0.8597249508840864,2195,0.034689899533987045,0.059558308869600306,0.862475442043222,2197,0.07216910272836685,0.16130654811859133,0.8632612966601179
119.0,100.0,supported,True,1.0,4.0,10.008004827962743,118.515,36.0,1,1191,1905,1864,7.634645669291339,57.86323165893555,63.009300231933594,30.0,1559,0.03181279078125954,0.053057347238063816,0.8183727034120735,1566,0.03649308532476425,0.07568911835551262,0.8220472440944881,1566,0.07178639620542526,0.18319638073444366,0.8220472440944881
119.1,100.0,supported,True,1.0,4.0,20.44568962414506,118.615,72.0,1,1192,3219,3145,6.51506679092886,57.82571792602539,62.1936149597168,48.0,2598,0.039132747799158096,0.054093546047806744,0.8070829450139795,2613,0.045707326382398605,0.06596418470144275,0.8117427772600186,2613,0.07251963764429092,0.1317979753017426,0.8117427772600186
119.2,100.0,supported,True,1.0,0.0,2.0361291863962827,118.715,28.0,1,1193,1720,1697,5.708720930232558,58.21421432495117,60.26145553588867,26.0,1271,0.03857153654098511,0.053153786808252335,0.7389534883720931,1276,0.04217119514942169,0.056054627522826195,0.7418604651162791,1276,0.05363123118877411,0.07944512367248535,0.7418604651162791
119.3,100.0,supported,True,1.0,0.0,5.541994655172789,118.815,28.0,1,1194,2308,2294,5.90207972270364,58.796756744384766,60.26728057861328,26.0,1689,0.020312754437327385,0.02871989943087101,0.7318024263431543,1697,0.024377476423978806,0.034551017731428164,0.7352686308492201,1697,0.03745646774768829,0.06375621110200883,0.7352686308492201
119.4,100.0,supported,True,1.0,0.0,11.000946303878726,118.91,28.0,1,1195,2467,2448,4.683421159302797,59.17564010620117,60.2214469909668,26.0,1278,0.02539891004562378,0.03595685213804245,0.5180381029590596,1298,0.029943333938717842,0.038362193107604976,0.526145115524929,1298,0.039177458733320236,0.05202166214585304,0.526145115524929
119.5,100.0,supported,True,1.0,0.0,2.928547933521589,119.01,20.0,1,1196,2260,2222,5.727433628318584,57.90450668334961,60.898651123046875,22.0,1554,0.032022975385189056,0.050147817283868794,0.6876106194690266,1568,0.03835801035165787,0.05845694653689861,0.6938053097345133,1568,0.054706014692783356,0.13256257921457287,0.6938053097345133
119.6,100.0,supported,True,1.0,0.0,6.882139727018674,119.11,68.0,1,1197,5379,5344,8.339840118981224,58.66617965698242,62.74277877807617,46.0,4912,0.0333109013736248,0.06245863102376461,0.9131808886410113,4920,0.03681834787130356,0.0664483480155468,0.9146681539319577,4920,0.045571111142635345,0.07496138438582421,0.9146681539319577
119.7,100.0,supported,True,1.0,0.0,23.973681705954565,119.21,20.0,1,1198,1490,1446,6.5731543624161075,58.94584655761719,61.241722106933594,22.0,1025,0.030006442219018936,0.044418697059154515,0.6879194630872483,1036,0.033162057399749756,0.05700102262198925,0.6953020134228188,1036,0.039837922900915146,0.09481431916356087,0.6953020134228188
119.8,100.0,supported,True,1.0,0.0,21.70569407600927,119.305,20.0,1,1199,1606,1571,6.068493150684931,59.08182144165039,60.889163970947266,22.0,1193,0.04185229539871216,0.07444305568933487,0.7428393524283935,1202,0.04656946659088135,0.07774521857500077,0.7484433374844334,1202,0.05491693690419197,0.09495818167924881,0.7484433374844334
119.9,100.0,supported,True,1.0,0.0,6.89564574523992,119.41,48.0,1,1200,2303,2230,5.741641337386018,57.81895065307617,60.88331604003906,36.0,1609,0.03914008289575577,0.07336600869894028,0.6986539296569692,1624,0.04939471185207367,0.07895509675145149,0.7051671732522796,1624,0.07347016036510468,0.12445995435118676,0.7051671732522796
120.0,100.0,supported,True,1.0,0.0,12.36739277470288,119.5,24.0,1,1201,1439,1407,7.022932592077832,57.723114013671875,60.047813415527344,24.0,1110,0.029423337429761887,0.03820653632283211,0.7713690062543433,1118,0.032967038452625275,0.04401573613286018,0.7769284225156359,1118,0.04822893440723419,0.07132637947797776,0.7769284225156359
120.1,100.0,supported,True,1.0,0.0,6.530120756286526,119.6,40.0,1,1202,2577,2532,5.376406674427629,56.946964263916016,63.00508117675781,32.0,1710,0.030062085017561913,0.04995384812355042,0.6635622817229336,1719,0.03569753095507622,0.06109849065542221,0.6670547147846333,1719,0.06387680768966675,0.12403478622436524,0.6670547147846333
120.2,100.0,supported,True,1.0,0.0,3.0808171556752453,119.695,32.0,1,1203,2448,2364,5.172794117647059,57.035987854003906,59.52012634277344,28.0,1497,0.02531709522008896,0.03248284384608269,0.6115196078431373,1513,0.029287297278642654,0.04224751368165016,0.6180555555555556,1514,0.04078522324562073,0.09180519878864289,0.6184640522875817
120.3,100.0,supported,True,1.0,0.0,6.450605423645599,119.8,32.0,1,1204,2291,2273,5.085988651243999,57.10085678100586,59.37876510620117,28.0,1309,0.03365365043282509,0.050975687056779864,0.571366215626364,1333,0.04038631543517113,0.056824129074811935,0.5818419903972064,1333,0.05649576708674431,0.09192444831132889,0.5818419903972064
120.4,100.0,supported,True,1.0,4.0,1.9654733190139682,119.9,48.0,1,1205,2311,2288,5.6105581999134575,56.945438385009766,64.60065460205078,36.0,1504,0.037003450095653534,0.0550927646458149,0.6508005192557335,1520,0.043130554258823395,0.0641005612909794,0.6577239290350497,1520,0.060821421444416046,0.10984127372503281,0.6577239290350497
120.5,100.0,supported,True,1.0,0.0,4.4945111121066255,120.0,44.0,1,1206,3753,3743,4.970690114575007,57.564476013183594,59.88432312011719,34.0,2216,0.062151722609996796,0.12074007093906403,0.590460964561684,2232,0.0720146894454956,0.1258731484413147,0.5947242206235012,2232,0.08501005172729492,0.1278302386403084,0.5947242206235012
120.6,100.0,supported,True,1.0,0.0,16.51101392915211,120.095,24.0,1,1207,2018,1966,4.554509415262636,57.74922180175781,59.2523078918457,24.0,1018,0.0235305018723011,0.04149763733148576,0.5044598612487612,1048,0.026549318805336952,0.047261438518762605,0.5193260654112983,1048,0.033361226320266724,0.07188422828912736,0.5193260654112983
120.7,100.0,supported,True,1.0,0.0,7.962620304166771,120.19,20.0,1,1208,1454,1424,3.6726272352132048,57.69729232788086,59.19770431518555,22.0,389,0.06168295815587044,0.18160353302955629,0.26753782668500686,433,0.07275140285491943,0.17772273123264312,0.2977991746905089,433,0.09504810720682144,0.16980836987495423,0.2977991746905089
120.8,100.0,supported,True,1.0,0.0,8.020932113910659,120.29,28.0,1,1209,1918,1864,4.229405630865485,57.24522399902344,59.20427322387695,26.0,718,0.036715827882289886,0.16634576320648198,0.3743482794577685,768,0.05077654868364334,0.17409708946943298,0.40041710114702816,768,0.09378048777580261,0.1658725619316101,0.40041710114702816
120.9,100.0,supported,True,1.0,0.0,5.153731362145517,120.385,48.0,1,1210,4080,3962,3.2034313725490198,57.340457916259766,59.71088790893555,36.0,640,0.04852170869708061,0.19190494716167453,0.1568627450980392,804,0.06470589339733124,0.19114574790000916,0.19705882352941176,804,0.1297851800918579,0.21274940222501756,0.19705882352941176
121.0,100.0,supported,True,1.0,0.0,9.11196763156836,120.49,56.0,1,1211,4595,4510,4.15930359085963,57.28524398803711,64.88020324707031,40.0,1869,0.09315061569213867,0.20464951992034913,0.40674646354733407,1951,0.10231207311153412,0.20872481167316437,0.42459194776931447,1951,0.12379106134176254,0.20141185820102692,0.42459194776931447
121.1,100.0,supported,True,1.0,0.0,9.525446747627816,120.59,44.0,1,1212,4133,4106,4.535930316961045,57.934120178222656,59.320701599121094,34.0,1887,0.049114178866147995,0.1637551486492157,0.4565690781514638,1955,0.05283346027135849,0.17420596480369568,0.47302201790466974,1955,0.06052539125084877,0.17920062541961676,0.47302201790466974
121.2,100.0,supported,True,1.0,0.0,7.664308140086898,120.685,72.0,1,1213,2928,2787,4.398907103825136,58.16363525390625,59.39828109741211,48.0,1421,0.024765318259596825,0.04468562453985214,0.4853142076502732,1449,0.028819087892770767,0.04937772825360299,0.4948770491803279,1451,0.03609665855765343,0.06741472333669662,0.49556010928961747
121.3,100.0,supported,True,1.0,0.0,8.757860505301604,120.785,32.0,1,1214,2299,2246,6.645063070900392,58.02705001831055,59.62887954711914,28.0,1786,0.0327393114566803,0.07018671557307243,0.7768595041322314,1791,0.036527398973703384,0.07407622039318085,0.7790343627664201,1791,0.05147035792469978,0.0938548818230629,0.7790343627664201
121.4,100.0,supported,True,1.0,0.0,4.611323592454319,120.885,16.0,1,1215,1380,1373,7.247826086956522,57.7905158996582,58.40982437133789,20.0,1196,0.03118782490491867,0.050287600606679916,0.8666666666666667,1198,0.0369853638112545,0.05422774851322173,0.8681159420289855,1198,0.050510428845882416,0.06330929696559906,0.8681159420289855
121.5,100.0,supported,True,1.0,0.0,6.511806168096827,120.985,32.0,1,1216,1915,1884,6.2088772845953,56.90852737426758,62.369998931884766,28.0,1489,0.04666401445865631,0.10800646096467972,0.7775456919060052,1493,0.0622573047876358,0.11203277707099914,0.7796344647519582,1494,0.0977797880768776,0.15751775056123735,0.7801566579634465
121.6,100.0,supported,True,1.0,0.0,28.123340177114805,121.085,36.0,1,1217,2170,2127,5.789400921658986,56.11455154418945,62.31403350830078,30.0,1468,0.04203203693032265,0.05567640550434589,0.6764976958525346,1486,0.04817279428243637,0.0619979128241539,0.6847926267281106,1486,0.07438638061285019,0.10312344506382942,0.6847926267281106
121.7,100.0,supported,True,1.0,0.0,11.313697213541,121.17,40.0,1,1218,2391,2280,5.508573818485989,55.90507888793945,60.084407806396484,32.0,1554,0.05030986666679382,0.07079198136925698,0.6499372647427855,1572,0.05739555507898331,0.08685605749487878,0.657465495608532,1572,0.08675678074359894,0.18657953143119813,0.657465495608532
121.8,100.0,supported,True,1.0,0.0,5.4502138318508715,121.27,48.0,1,1219,3819,3789,5.377585755433359,56.25921630859375,59.01365661621094,36.0,2401,0.04561542347073555,0.07290178537368774,0.6286986122021472,2423,0.05302147567272186,0.07913596630096438,0.634459282534695,2423,0.07488905638456345,0.1316325396299362,0.634459282534695
121.9,100.0,supported,True,1.0,0.0,5.4158859240600385,121.37,52.0,1,1220,4390,4366,5.554214123006834,56.69715881347656,59.18781661987305,38.0,3053,0.06328617036342621,0.15707134306430817,0.6954441913439635,3065,0.07211017608642578,0.16283675432205197,0.6981776765375854,3065,0.10362621396780014,0.18030292987823485,0.6981776765375854
122.0,100.0,supported,True,1.0,0.0,13.593847724335422,121.47,60.0,1,1221,5773,5735,6.2970725792482245,56.92108917236328,58.56283187866211,42.0,4054,0.07011012732982635,0.18991475999355328,0.7022345401004677,4086,0.08288773149251938,0.19287558645009995,0.7077775853109302,4086,0.11094167828559875,0.19184481352567673,0.7077775853109302
122.1,100.0,supported,True,1.0,0.0,25.639689500700833,121.565,96.0,1,1222,4929,4828,7.948265368228849,57.405269622802734,58.71095275878906,60.0,4148,0.040540169924497604,0.08342549055814744,0.8415500101440454,4163,0.04272665083408356,0.08910808861255648,0.8445932237776426,4163,0.04915308952331543,0.10061410665512086,0.8445932237776426
122.2,100.0,multiple_channels,False,1.0,0.0,50.16030867763259,121.655,32.0,2,1223,1935,1881,6.52609819121447,57.34779357910156,58.723960876464844,28.0,1438,0.0325317345559597,0.0512288063764572,0.7431524547803617,1445,0.035926125943660736,0.05987348556518562,0.7467700258397932,1445,0.04260214790701866,0.07831553071737292,0.7467700258397932
122.3,100.0,supported,True,1.0,0.0,91.99010672599248,121.745,28.0,1,1224,1935,1882,5.618604651162791,57.625675201416016,60.39026641845703,26.0,1328,0.0358269028365612,0.05487695112824439,0.6863049095607235,1334,0.03873036056756973,0.06008992940187454,0.689405684754522,1334,0.04297054558992386,0.08190523609519008,0.689405684754522
122.4,100.0,supported,True,1.0,0.0,142.34654970896702,121.82,40.0,1,1225,2845,2754,4.694903339191564,56.69600296020508,61.151580810546875,32.0,1508,0.05540195479989052,0.10643497407436367,0.5300527240773286,1530,0.06506077945232391,0.11932182535529139,0.5377855887521968,1530,0.09079039841890335,0.15518848747015,0.5377855887521968
122.5,100.0,supported,True,1.0,0.0,94.49297454307656,122.145,48.0,1,1226,3756,3693,4.958466453674121,56.52941131591797,61.32757568359375,36.0,2142,0.04818120226264,0.08455414995551111,0.5702875399361023,2171,0.05537975952029228,0.10155785083770752,0.5780085197018104,2172,0.07534735649824142,0.16186103820800782,0.5782747603833865
122.6,100.0,multiple_channels,False,1.0,0.0,60.32932393038134,122.235,20.0,2,1227,2064,2013,6.203972868217054,56.58634567260742,58.073333740234375,22.0,1557,0.046933699399232864,0.06499020755290985,0.7543604651162791,1568,0.051714830100536346,0.06724156290292739,0.7596899224806202,1568,0.061493054032325745,0.07820013612508772,0.7596899224806202
122.7,100.0,supported,True,1.0,0.0,57.017827775899995,122.32,28.0,1,1228,1252,1184,4.702875399361022,56.538116455078125,58.03156661987305,26.0,666,0.03454381227493286,0.07290488108992577,0.5319488817891374,679,0.04648217558860779,0.09232175350189212,0.542332268370607,680,0.07487685233354568,0.12070173844695091,0.5431309904153354
122.8,100.0,supported,True,1.0,0.0,19.445792194272013,122.41,32.0,1,1229,2676,2636,5.821375186846039,56.445770263671875,57.40302276611328,28.0,1974,0.03677687793970108,0.07827163636684419,0.7376681614349776,1982,0.04698924347758293,0.08360649272799492,0.7406576980568012,1982,0.07043243944644928,0.1099147655069828,0.7406576980568012
122.9,100.0,supported,True,1.0,0.0,15.069175701485092,122.51,44.0,1,1230,3918,3890,6.24527820316488,56.04243850708008,57.824710845947266,34.0,3166,0.051733531057834625,0.1181878037750721,0.8080653394589076,3170,0.06612791866064072,0.11887182742357252,0.809086268504339,3170,0.09231750667095184,0.1309241712093353,0.809086268504339
123.0,100.0,supported,True,1.0,0.0,48.015359135872444,122.6,56.0,2,1231,5179,5137,6.457617300637189,56.3973274230957,58.26738739013672,40.0,4241,0.05349399149417877,0.08647720515727997,0.8188839544313574,4244,0.058159250766038895,0.08640209138393402,0.8194632168372272,4244,0.06616619229316711,0.09395285248756409,0.8194632168372272
123.1,100.0,supported,True,1.0,0.0,88.7174881129177,122.685,68.0,1,1232,6417,6321,7.963846033972261,56.78519058227539,57.701881408691406,46.0,5681,0.04486055672168732,0.06957084685564041,0.8853046594982079,5692,0.048756662756204605,0.0714408114552498,0.8870188561633162,5692,0.05661928653717041,0.07597950026392937,0.8870188561633162
123.2,100.0,supported,True,1.0,4.0,145.57424336439965,122.765,92.0,1,1233,4968,4813,7.656803542673108,56.423179626464844,57.72704315185547,58.0,4042,0.03278503939509392,0.05157260708510876,0.8136070853462157,4058,0.03595034033060074,0.055725180730223665,0.8168276972624798,4060,0.042491666972637177,0.06720463037490845,0.8172302737520128
123.3,100.0,multiple_channels,False,1.0,0.0,213.24764263609364,122.835,24.0,2,1234,1526,1417,6.251638269986894,56.10102462768555,60.19755172729492,24.0,995,0.02876412309706211,0.04445342719554901,0.6520314547837484,1001,0.03478103131055832,0.06335456669330597,0.6559633027522935,1001,0.05353601649403572,0.11494089663028717,0.6559633027522935
123.4,100.0,supported,True,1.0,0.0,265.50064332308705,122.895,32.0,1,1235,2735,2555,7.26691042047532,54.152671813964844,62.425540924072266,28.0,2055,0.051413118839263916,0.22272098064422613,0.7513711151736746,2079,0.07222682237625122,0.22602010369300843,0.760146252285192,2081,0.13862131536006927,0.2644456624984741,0.7608775137111518
123.5,100.0,supported,True,1.0,0.0,330.147048212424,122.895,44.0,1,1236,3606,3454,6.26012201885746,55.02090072631836,67.06810760498047,34.0,2589,0.0645812451839447,0.2180056691169739,0.7179700499168054,2620,0.0863303691148758,0.21920842081308364,0.7265668330560178,2620,0.13097462058067322,0.23728244155645367,0.7265668330560178
123.6,100.0,supported,True,1.0,0.0,380.8941389104036,123.07,44.0,1,1237,3336,3245,6.133992805755396,54.48619079589844,59.7275505065918,34.0,2538,0.035258375108242035,0.0687115006148816,0.7607913669064749,2558,0.04089723527431488,0.08007465302944183,0.7667865707434053,2558,0.06232775002717972,0.13933575451374058,0.7667865707434053
123.7,100.0,supported,True,1.0,0.0,371.29006356009586,123.695,48.0,1,1238,3416,3303,6.394906323185012,54.48675537109375,61.565460205078125,36.0,2631,0.030275413766503334,0.05613536760210991,0.7701990632318502,2658,0.0372486412525177,0.07880420237779619,0.7781030444964872,2659,0.06680827587842941,0.18715837299823762,0.7783957845433255
123.8,100.0,supported,True,1.0,0.0,274.990504375951,123.705,72.0,1,1239,3231,3127,6.9625502940266175,54.21697235107422,62.71791458129883,48.0,2544,0.032637808471918106,0.05294291116297247,0.787372330547818,2564,0.03868190571665764,0.08078938722610475,0.7935623645930052,2564,0.05904316157102585,0.2162060007452965,0.7935623645930052
123.9,100.0,supported,True,1.0,0.0,176.4636498701268,123.705,76.0,1,1240,2829,2692,5.528808766348533,53.982330322265625,58.951908111572266,50.0,1825,0.03015078976750374,0.05652981102466584,0.6451042771297278,1856,0.03787416219711304,0.07743728533387184,0.656062212796041,1856,0.07969154417514801,0.16462308168411255,0.656062212796041
124.0,100.0,supported,True,1.0,0.0,79.14271770547496,123.695,32.0,1,1241,2808,2767,6.357193732193732,53.999176025390625,58.68826675415039,28.0,2251,0.04754623770713806,0.1466486006975174,0.8016381766381766,2262,0.06014895439147949,0.15140274316072472,0.8055555555555556,2262,0.10447713732719421,0.17766590118408204,0.8055555555555556
124.1,100.0,supported,True,1.0,0.0,24.255396219484652,123.665,52.0,1,1242,4989,4936,6.921427139707356,55.42425537109375,56.64155197143555,38.0,4234,0.041927166283130646,0.07776761800050735,0.848667067548607,4237,0.046373575925827026,0.08090651333332062,0.8492683904590098,4238,0.05328359082341194,0.08980686068534852,0.8494688314291441
124.2,100.0,supported,True,1.0,0.0,106.35124478157674,123.61,80.0,1,1243,4561,4486,6.168164876123657,55.560001373291016,56.38709259033203,52.0,3655,0.038384582847356796,0.06815304458141326,0.8013593510195133,3666,0.04109043627977371,0.07007953897118568,0.8037711028283271,3669,0.04688313603401184,0.07610554397106171,0.8044288533216399
124.3,100.0,multiple_channels,False,1.0,0.0,204.59307087710482,123.595,36.0,2,1244,2706,2686,7.15410199556541,55.4387092590332,56.55067443847656,30.0,2410,0.05650665611028671,0.08963944911956787,0.8906134515890614,2414,0.06032939255237579,0.09333754330873491,0.8920916481892092,2414,0.06928309798240662,0.10346209034323693,0.8920916481892092
124.4,100.0,supported,True,1.0,0.0,289.7851262243273,123.905,52.0,1,1245,2814,2736,5.02771855010661,54.47533416748047,56.305816650390625,38.0,1563,0.04791756346821785,0.12653863728046416,0.5554371002132196,1594,0.05553586781024933,0.13024822622537616,0.566453447050462,1594,0.07583124935626984,0.13299769759178162,0.566453447050462
124.5,100.0,supported,True,1.0,0.0,273.33968504859104,124.09,44.0,1,1246,3134,2955,4.297383535417996,54.103084564208984,56.7767448425293,34.0,1324,0.05396726727485657,0.12264131084084513,0.42246330567964263,1361,0.06094980984926224,0.13322903215885162,0.43426930440331846,1361,0.0966586098074913,0.17065781354904175,0.43426930440331846
124.6,100.0,supported,True,1.0,0.0,211.33410896595362,124.17,40.0,1,1247,3113,2978,3.636042402826855,54.20379638671875,56.827781677246094,32.0,929,0.04875702038407326,0.13312691450119019,0.2984259556697719,1010,0.054558366537094116,0.14247606545686725,0.32444587214905235,1011,0.08158714324235916,0.15601162612438202,0.3247671056858336
124.7,100.0,supported,True,1.0,0.0,137.69054952944873,124.25,80.0,1,1248,5411,5327,4.07928294215487,54.296600341796875,56.315895080566406,52.0,1966,0.044093478471040726,0.11135339736938477,0.3633339493624099,2096,0.04862403869628906,0.1177852414548397,0.38735908334873403,2096,0.06207997351884842,0.12513097003102303,0.38735908334873403
124.8,100.0,supported,True,1.0,0.0,48.5152901803843,124.305,76.0,1,1249,6314,6200,4.5484637313905605,54.5182991027832,56.137142181396484,50.0,2878,0.06309566646814346,0.1165938332676888,0.4558124802027241,3008,0.07032036781311035,0.1165340006351471,0.4764016471333545,3008,0.07738891243934631,0.12228046581149102,0.4764016471333545
124.9,100.0,supported,True,1.0,0.0,51.291866120314715,124.3,88.0,1,1250,6183,5953,4.317483422286916,55.2880859375,56.13664245605469,56.0,2853,0.04231831803917885,0.07985629588365556,0.46142649199417757,2937,0.0449192114174366,0.0828256294131279,0.4750121300339641,2937,0.048232004046440125,0.08553688079118729,0.4750121300339641
125.0,100.0,multiple_channels,False,1.0,0.0,149.2103612796092,124.29,16.0,2,1251,846,752,3.566193853427896,54.806304931640625,56.059959411621094,20.0,283,0.029569225385785103,0.05612587183713913,0.33451536643026003,304,0.03580516576766968,0.06680165380239486,0.35933806146572106,304,0.047150470316410065,0.08826904594898224,0.35933806146572106
125.1,100.0,supported,True,1.0,0.0,239.70371934277617,124.285,16.0,1,1252,901,848,4.710321864594895,53.41010665893555,55.13726043701172,20.0,489,0.034663259983062744,0.07482220083475113,0.5427302996670367,500,0.04234374314546585,0.09220105260610582,0.5549389567147613,500,0.06103988736867905,0.16450401693582536,0.5549389567147613
125.2,100.0,supported,True,1.0,0.0,291.4916015946471,124.22,24.0,1,1253,1421,1376,6.0682617874736104,53.57996368408203,55.259033203125,24.0,1076,0.0434393510222435,0.09791380912065506,0.757213230119634,1082,0.05310807377099991,0.10476456955075264,0.7614356087262492,1082,0.07256198674440384,0.13396034836769102,0.7614356087262492
125.3,100.0,supported,True,1.0,0.0,321.9473601248555,125.345,36.0,1,1254,1762,1681,4.464812712826333,53.3763313293457,54.97325134277344,30.0,828,0.06742734462022781,0.16946696341037754,0.4699205448354143,853,0.08694340288639069,0.17556208968162543,0.4841089670828604,854,0.11224400997161865,0.23706755787134173,0.48467650397275824
125.4,100.0,supported,True,1.0,4.0,289.88154924767497,125.42,48.0,1,1255,1611,1512,4.050279329608938,53.475013732910156,54.972633361816406,36.0,652,0.05341947823762894,0.10094469115138052,0.40471756672873993,679,0.06345754116773605,0.10752979665994646,0.42147734326505276,680,0.08004641532897949,0.1468789368867874,0.42209807572936064
125.5,100.0,supported,True,1.0,0.0,224.19398408392303,125.49,16.0,1,1256,952,908,4.7405462184873945,53.25863265991211,54.57176208496094,20.0,520,0.03792975842952728,0.06781930476427078,0.5462184873949579,529,0.05354563891887665,0.08762260377407073,0.555672268907563,529,0.09127096086740494,0.1465901583433151,0.555672268907563
125.6,100.0,supported,True,1.0,0.0,132.79372565861976,125.53,24.0,1,1257,1193,1104,3.8549874266554904,52.891517639160156,54.2730827331543,24.0,449,0.030081138014793396,0.04808368533849716,0.3763621123218776,472,0.035588450729846954,0.06284784674644471,0.3956412405699916,472,0.05003923922777176,0.09298474490642548,0.3956412405699916
125.7,100.0,supported,True,1.0,0.0,37.1178892941662,125.555,12.0,1,1258,1313,1303,5.092916984006093,52.990013122558594,54.090415954589844,20.0,811,0.04824792221188545,0.08432953804731369,0.6176694592536177,819,0.05685104802250862,0.08676708340644837,0.6237623762376238,819,0.07200419902801514,0.09603280574083328,0.6237623762376238
125.8,100.0,multiple_channels,False,1.0,0.0,60.97650900280459,125.575,20.0,2,1259,1539,1508,6.381416504223521,53.067195892333984,53.519287109375,22.0,1241,0.039907123893499374,0.06536849588155746,0.806367771280052,1244,0.04420546442270279,0.06726714819669724,0.8083170890188434,1244,0.05080252140760422,0.06888116523623466,0.8083170890188434
125.9,100.0,supported,True,1.0,0.0,144.31556997971998,125.68,20.0,1,1260,1048,1012,5.7356870229007635,51.45250701904297,53.45769500732422,22.0,707,0.03154033049941063,0.0817212507128715,0.674618320610687,716,0.040153324604034424,0.11642472818493843,0.683206106870229,716,0.06247393786907196,0.14006608724594116,0.683206106870229
126.0,100.0,supported,True,1.0,0.0,129.41422598617652,125.8,28.0,1,1261,1964,1937,5.903258655804481,51.57268524169922,54.019039154052734,26.0,1461,0.060722604393959045,0.10192262381315231,0.7438900203665988,1469,0.06750371307134628,0.10422584861516954,0.7479633401221996,1469,0.08631815016269684,0.10877548158168794,0.7479633401221996
126.1,100.0,multiple_channels,False,1.0,0.0,99.98430731831165,125.9,16.0,2,1262,1289,1261,6.150504266873545,52.46528625488281,53.395423889160156,20.0,977,0.06286443769931793,0.10951308161020278,0.7579519006982157,983,0.07636284828186035,0.11043747663497926,0.7626066718386346,983,0.09570133686065674,0.13808592557907104,0.7626066718386346
126.2,100.0,multiple_channels,False,1.0,0.0,70.57909894753482,126.065,24.0,2,1263,1543,1502,7.368114063512638,51.18561935424805,53.44114685058594,24.0,1256,0.04081801325082779,0.07256856188178062,0.81399870382372,1264,0.05109602212905884,0.08395942375063896,0.8191834089436163,1264,0.07787072658538818,0.13120552152395248,0.8191834089436163
126.3,100.0,supported,True,1.0,0.0,8.18492072961265,126.115,24.0,1,1264,1388,1352,5.640489913544669,51.43489456176758,53.31211853027344,24.0,965,0.050046905875205994,0.1552230715751648,0.6952449567723343,981,0.06388339400291443,0.15927016735076904,0.7067723342939481,982,0.09662547707557678,0.16995920091867447,0.707492795389049
126.4,100.0,supported,True,1.0,0.0,18.87457009420354,126.21,56.0,1,1265,2244,2158,5.834224598930481,51.162044525146484,54.091148376464844,40.0,1621,0.04071195796132088,0.07762081921100616,0.7223707664884136,1635,0.04720311984419823,0.08413863480091095,0.7286096256684492,1636,0.057861216366291046,0.13508309423923492,0.7290552584670231
126.5,100.0,supported,True,1.0,0.0,18.876549339533977,126.31,28.0,1,1266,2026,1956,5.23395853899309,51.15009689331055,53.30046081542969,26.0,1267,0.0601685531437397,0.1658530831336975,0.6253701875616979,1283,0.07151718437671661,0.16799754202365874,0.6332675222112537,1283,0.09323592483997345,0.17294573187828063,0.6332675222112537
126.6,100.0,supported,True,1.0,0.0,9.503601108452479,126.41,24.0,1,1267,2140,2087,6.422429906542056,51.39910888671875,54.25008010864258,24.0,1627,0.036344725638628006,0.08940013498067859,0.7602803738317757,1641,0.043949421495199203,0.10533878207206726,0.766822429906542,1641,0.06144499033689499,0.1526315063238144,0.766822429906542
126.7,100.0,supported,True,1.0,0.0,7.38916352664307,126.505,56.0,1,1268,3112,2994,6.568766066838046,51.35702896118164,53.765525817871094,40.0,2347,0.033617109060287476,0.06884863972663881,0.7541773778920309,2371,0.039045125246047974,0.08654776960611343,0.7618894601542416,2371,0.0500747412443161,0.15721395611763,0.7618894601542416
126.8,100.0,supported,True,1.0,0.0,2.9983144347831296,126.605,24.0,1,1269,1776,1753,6.70213963963964,50.897918701171875,52.32050323486328,24.0,1419,0.037136077880859375,0.0814168930053711,0.7989864864864865,1425,0.0449666827917099,0.08327160626649859,0.8023648648648649,1425,0.05820217356085777,0.09118019789457321,0.8023648648648649
126.9,100.0,supported,True,1.0,0.0,3.234378109460534,126.705,28.0,1,1270,2262,2173,4.73342175066313,50.73799514770508,53.06019973754883,26.0,1202,0.037844158709049225,0.07572966516017915,0.5313881520778072,1225,0.04423486441373825,0.07590500861406327,0.5415561450044208,1225,0.05641365051269531,0.07423251867294312,0.5415561450044208
127.0,100.0,supported,True,1.0,0.0,2.00247854504036,126.805,40.0,1,1271,3222,3132,6.513035381750465,51.05594253540039,52.9109001159668,32.0,2450,0.02702595293521881,0.04484729953110217,0.7603972687771571,2463,0.03202933445572853,0.05330261364579205,0.7644320297951583,2463,0.03778855502605438,0.09741045981645588,0.7644320297951583
127.1,100.0,multiple_channels,False,1.0,0.0,18.369598334666637,126.9,32.0,2,1272,3004,2857,5.562250332889481,51.15330123901367,52.65340042114258,28.0,1992,0.025805369019508362,0.05140639171004295,0.6631158455392809,2016,0.02890128269791603,0.05697086080908775,0.6711051930758988,2016,0.03420990705490112,0.08488454669713974,0.6711051930758988
127.2,100.0,supported,True,1.0,0.0,9.472852815035594,127.0,28.0,1,1273,2237,2028,4.138578453285651,50.029319763183594,53.28715896606445,26.0,966,0.026683811098337173,0.06427992135286331,0.43182834152883326,988,0.03681451827287674,0.08876443654298782,0.4416629414394278,988,0.0644586980342865,0.20803200006484993,0.4416629414394278
127.3,100.0,supported,True,1.0,0.0,8.485256645324128,127.1,32.0,1,1274,2399,2267,4.515631513130471,50.12834167480469,54.68644714355469,28.0,1126,0.12044894695281982,0.3127542585134506,0.46936223426427676,1158,0.14241157472133636,0.3281683087348938,0.4827011254689454,1158,0.1530078947544098,0.3698231041431427,0.4827011254689454
127.4,100.0,supported,True,1.0,0.0,5.902517478665198,127.2,32.0,1,1275,2981,2827,4.7665213015766525,50.31157302856445,52.276817321777344,28.0,1743,0.06005174294114113,0.17974704205989833,0.5847031197584703,1765,0.0713919922709465,0.20249151885509492,0.5920831935592084,1765,0.09237349033355713,0.22260648012161266,0.5920831935592084
127.5,100.0,supported,True,1.0,0.0,6.708867174215109,127.3,32.0,1,1276,2261,2227,5.486068111455109,50.32198715209961,57.27357482910156,28.0,1491,0.0721830427646637,0.15252655744552612,0.6594427244582043,1505,0.08718282729387283,0.16086907088756566,0.6656346749226006,1505,0.10332517325878143,0.16673542261123658,0.6656346749226006
127.6,100.0,supported,True,1.0,0.0,16.756940960320986,127.395,32.0,1,1277,2764,2414,3.375904486251809,49.72720718383789,57.01034927368164,28.0,819,0.05982886254787445,0.22720701992511752,0.29630969609261937,839,0.0752338394522667,0.26369303464889526,0.30354558610709115,839,0.13578231632709503,0.3482882499694825,0.30354558610709115
127.7,100.0,supported,True,1.0,0.0,19.151171353363186,127.495,56.0,1,1278,3241,3090,6.287257019438445,49.806827545166016,55.24052429199219,40.0,2239,0.12851187586784363,0.3164343416690827,0.6908361616784943,2256,0.14567556977272034,0.3373643159866333,0.6960814563406356,2256,0.17508867383003235,0.35714761912822723,0.6960814563406356
127.8,100.0,supported,True,1.0,0.0,15.719172749828852,127.595,28.0,1,1279,2073,1941,5.062228654124457,50.215965270996094,53.20250701904297,26.0,1186,0.06604771316051483,0.1726175993680954,0.5721177038109021,1202,0.0845133513212204,0.1769715204834938,0.5798359864930053,1202,0.12214332818984985,0.20063270330429078,0.5798359864930053
127.9,100.0,supported,True,1.0,0.0,10.565658183398842,127.7,32.0,1,1280,1850,1694,3.7356756756756755,50.02293014526367,52.54151916503906,28.0,636,0.04323578625917435,0.13121774047613144,0.34378378378378377,650,0.05404757335782051,0.1493982419371605,0.35135135135135137,651,0.07734782993793488,0.17499710619449615,0.3518918918918919
128.0,100.0,supported,True,1.0,0.0,3.5872456473371597,127.8,32.0,1,1281,2080,1995,4.167307692307692,50.16886901855469,56.98505783081055,28.0,920,0.033224768936634064,0.06611851751804353,0.4423076923076923,948,0.03894544765353203,0.09041490554809585,0.45576923076923076,948,0.05969809740781784,0.17205570638179782,0.45576923076923076
128.1,100.0,supported,True,1.0,0.0,4.792695593803599,127.9,36.0,1,1282,2169,2100,5.251267865375749,49.59238815307617,52.53038787841797,30.0,1331,0.03666076436638832,0.04785545542836189,0.6136468418626095,1343,0.03979744017124176,0.05832798406481742,0.6191793453204242,1343,0.04729769378900528,0.08403967320919037,0.6191793453204242
128.2,100.0,supported,True,1.0,0.0,9.008446128376718,128.0,60.0,1,1283,3096,2987,5.912790697674419,49.78152084350586,56.59160232543945,42.0,2128,0.036144986748695374,0.061236827075481406,0.6873385012919897,2149,0.04169522598385811,0.07398282736539842,0.6941214470284238,2149,0.06023332104086876,0.15638830661773684,0.6941214470284238
128.3,100.0,supported,True,1.0,0.0,16.434861875134274,128.095,52.0,1,1284,4066,3993,5.61583866207575,50.30464553833008,53.416996002197266,38.0,2711,0.043132953345775604,0.08943969011306763,0.6667486473192327,2733,0.048436522483825684,0.09538632035255434,0.6721593703885883,2733,0.06048396974802017,0.10841622054576876,0.6721593703885883
128.4,100.0,supported,True,1.0,0.0,33.57439612119741,128.21,44.0,1,1285,3017,2868,4.740139211136891,50.80057907104492,51.704627990722656,34.0,1610,0.0429505929350853,0.06698708161711693,0.5336426914153132,1652,0.047260694205760956,0.06829667538404464,0.5475638051044084,1653,0.05553383007645607,0.06942775547504425,0.547895260192244
128.5,100.0,supported,True,1.0,0.0,3.8012510671217856,128.3,28.0,1,1286,1832,1678,4.131550218340611,50.280277252197266,55.00547790527344,26.0,716,0.032047465443611145,0.05286443047225475,0.39082969432314413,741,0.03780119866132736,0.06258151680231094,0.4044759825327511,742,0.04813779145479202,0.11302283853292465,0.40502183406113534
128.6,100.0,supported,True,1.0,0.0,4.884529780328503,128.405,32.0,1,1287,1276,1234,4.622257053291536,49.57463073730469,53.69150161743164,28.0,632,0.04711519926786423,0.06934878155589103,0.4952978056426332,638,0.05224469304084778,0.07119638472795488,0.5,638,0.06322084367275238,0.07579115480184555,0.5
128.7,100.0,supported,True,1.0,0.0,4.474506204795095,128.5,28.0,1,1288,1566,1444,3.4808429118773945,49.69356918334961,54.763736724853516,26.0,455,0.047564320266246796,0.07511757761240007,0.2905491698595147,482,0.05472011864185333,0.07601660043001178,0.30779054916985954,482,0.06478571891784668,0.0838451310992241,0.30779054916985954
128.8,100.0,supported,True,1.0,0.0,5.675141769896582,128.6,36.0,1,1289,3054,2792,2.7855271774721677,49.83317184448242,51.106544494628906,30.0,573,0.04556849226355553,0.07134497761726384,0.18762278978389,606,0.049681998789310455,0.07898474857211113,0.19842829076620824,606,0.05496397614479065,0.08977841958403587,0.19842829076620824
128.9,100.0,supported,True,1.0,0.0,11.745397057718815,128.7,48.0,1,1290,2977,2756,3.032247228753779,50.40340042114258,51.39858627319336,36.0,589,0.030487367883324623,0.04617056250572205,0.19785018474974808,642,0.033804990351200104,0.05274159498512745,0.2156533422908969,642,0.039678338915109634,0.06802963092923164,0.2156533422908969
129.0,100.0,supported,True,1.0,0.0,11.125479067776997,128.795,20.0,1,1291,1943,1831,3.9176531137416366,49.8712158203125,55.12020492553711,22.0,674,0.0586150661110878,0.17067080587148672,0.3468862583633556,693,0.06355200707912445,0.18389508128166204,0.3566649511065363,693,0.08142086118459702,0.188697761297226,0.3566649511065363
129.1,100.0,supported,True,1.0,0.0,10.745890979050309,128.9,40.0,1,1292,3173,3041,3.611093602269146,50.09370803833008,52.247276306152344,32.0,869,0.03923177346587181,0.07716933041810993,0.27387330601953985,945,0.04421115666627884,0.08567900657653808,0.2978254018279231,945,0.05353214591741562,0.10541925430297852,0.2978254018279231
129.2,100.0,supported,True,1.0,0.0,11.385095685502503,129.0,32.0,1,1293,2145,2038,3.2167832167832167,49.420894622802734,52.4491081237793,28.0,412,0.0332268625497818,0.04527615085244179,0.19207459207459207,489,0.038002241402864456,0.05693957135081291,0.22797202797202798,489,0.04673394188284874,0.11720984876155853,0.22797202797202798
129.3,100.0,supported,True,1.0,0.0,5.335166814081367,129.1,32.0,1,1294,2153,2074,2.9470506270320485,49.91326904296875,51.611812591552734,28.0,208,0.021850530058145523,0.03333151154220104,0.09660938225731537,289,0.026712704449892044,0.03882904201745986,0.13423130515559684,289,0.03880799189209938,0.06763779371976851,0.13423130515559684
129.4,100.0,supported,True,1.0,0.0,7.527143226799117,129.2,20.0,1,1295,1383,1320,2.3673174258857554,49.229835510253906,50.5601806640625,22.0,58,0.02276236191391945,0.05352460183203222,0.04193781634128706,83,0.03571056202054024,0.06053779348731041,0.060014461315979754,83,0.06316651403903961,0.08662078082561493,0.060014461315979754
129.5,100.0,supported,True,1.0,4.0,7.2667189160870445,129.31,16.0,1,1296,1233,1089,2.0478507704785076,48.27437210083008,50.16286849975586,20.0,96,0.029397975653409958,0.04698730818927288,0.07785888077858881,106,0.04089680314064026,0.0657030064612627,0.08596918085969181,106,0.06170962005853653,0.1984914019703865,0.08596918085969181
129.6,100.0,supported,True,1.0,4.0,2.713171042837997,129.41,28.0,1,1297,2116,2030,3.014650283553875,48.42045974731445,50.24361038208008,26.0,313,0.0563710555434227,0.09066786766052246,0.14792060491493383,375,0.06466186791658401,0.09720073491334916,0.1772211720226843,375,0.0839509442448616,0.12026271522045137,0.1772211720226843
129.7,100.0,supported,True,1.0,0.0,5.89407117823194,129.51,16.0,1,1298,1781,1740,3.7349803481190342,49.313743591308594,49.951454162597656,20.0,513,0.029513105750083923,0.054258964210748675,0.2880404267265581,541,0.03323758766055107,0.056373387575149536,0.30376193149915776,541,0.04221116378903389,0.06483343988656998,0.30376193149915776
129.8,100.0,supported,True,1.0,0.0,2.3042569180495036,129.615,28.0,1,1299,1918,1818,3.230448383733055,47.817562103271484,54.6358528137207,26.0,435,0.03473672643303871,0.053043823689222336,0.22679874869655892,464,0.046878546476364136,0.07923799604177474,0.24191866527632952,464,0.10210276395082474,0.19591025859117508,0.24191866527632952
129.9,100.0,supported,True,1.0,4.0,5.41311294018444,129.715,56.0,1,1300,2289,2230,5.538663171690694,48.13473892211914,57.217098236083984,40.0,1498,0.03391197323799133,0.05971790514886379,0.654434250764526,1509,0.040870629251003265,0.07118161618709565,0.6592398427260813,1509,0.06082724779844284,0.12181897163391114,0.6592398427260813
130.0,100.0,supported,True,1.0,0.0,11.765609184848111,129.81,12.0,1,1301,1201,1162,4.950874271440466,47.7681999206543,49.468605041503906,20.0,635,0.028153331950306892,0.052453310787677766,0.5287260616153205,650,0.03553701937198639,0.07890032678842546,0.5412156536219817,650,0.07323217391967773,0.17448163181543352,0.5412156536219817
130.1,100.0,supported,True,1.0,0.0,12.735582608214012,129.895,20.0,1,1302,1449,1420,6.300207039337474,47.609375,49.31996154785156,22.0,1041,0.11180688440799713,0.3365671932697296,0.7184265010351967,1045,0.14214514195919037,0.38521574735641484,0.7211870255348516,1045,0.23318806290626526,0.3809995293617249,0.7211870255348516
130.2,100.0,supported,True,1.0,0.0,19.831575503744354,129.985,32.0,1,1303,2693,2580,6.519494987003342,47.03955841064453,50.976192474365234,28.0,1893,0.08962347358465195,0.348537141084671,0.7029335313776457,1906,0.12363144010305405,0.38012005388736725,0.707760861492759,1906,0.1964409500360489,0.3969765156507492,0.707760861492759
130.3,100.0,supported,True,1.0,0.0,32.76526347619395,130.075,64.0,1,1304,3417,3273,4.949370793093356,46.974342346191406,49.87277603149414,44.0,1903,0.039551034569740295,0.07272918671369552,0.5569212759730758,1933,0.055476024746894836,0.09510274976491928,0.565700907228563,1934,0.09574250876903534,0.16295054256916047,0.5659935616037459
130.4,100.0,supported,True,1.0,0.0,8.138819538919352,130.205,20.0,1,1305,1884,1771,5.299893842887474,47.14247131347656,51.52919006347656,22.0,1100,0.031911756843328476,0.05349797531962395,0.583864118895966,1118,0.04181480407714844,0.09257523864507676,0.5934182590233545,1118,0.08049815893173218,0.215846449136734,0.5934182590233545
130.5,100.0,supported,True,1.0,0.0,9.489160521889426,130.3,44.0,1,1306,2508,2295,5.125199362041467,46.72357940673828,53.09888458251953,34.0,1457,0.0428975485265255,0.06799383759498596,0.5809409888357256,1474,0.05236554145812988,0.09352289587259294,0.5877192982456141,1475,0.09325486421585083,0.19460371136665344,0.5881180223285486
130.6,100.0,supported,True,1.0,0.0,17.35532405842365,130.4,32.0,1,1307,2777,2679,5.894850558156284,46.95354461669922,52.91627883911133,28.0,1941,0.06390035897493362,0.13179121911525726,0.6989557075981275,1953,0.07833025604486465,0.15300220847129822,0.7032769175369104,1953,0.11159800738096237,0.2286065101623535,0.7032769175369104
130.7,100.0,supported,True,1.0,0.0,30.35269540137612,130.5,40.0,1,1308,2996,2834,6.451268357810414,47.011898040771484,50.17437744140625,32.0,2139,0.036218609660863876,0.09683261513710023,0.7139519359145527,2148,0.04413937032222748,0.10973168611526488,0.7169559412550067,2148,0.06824415922164917,0.14640119075775146,0.7169559412550067
130.8,100.0,supported,True,1.0,0.0,59.67814668246125,130.57,32.0,1,1309,2448,2333,4.432598039215686,46.97967529296875,52.14064407348633,28.0,1012,0.04138614237308502,0.10797934979200362,0.4133986928104575,1040,0.04889717698097229,0.12434141784906387,0.42483660130718953,1040,0.06770242750644684,0.14034066349267965,0.42483660130718953
130.9,100.0,supported,True,1.0,0.0,66.59980304996485,130.67,32.0,1,1310,2697,2624,5.826473859844271,46.88599395751953,50.74540710449219,28.0,1749,0.04771697148680687,0.16517824828624725,0.6484983314794216,1770,0.06211266294121742,0.171287526190281,0.6562847608453838,1770,0.10160470753908157,0.1808531865477562,0.6562847608453838
131.0,100.0,supported,True,1.0,0.0,89.17709436637638,130.74,28.0,1,1311,2315,2236,6.972354211663067,47.30430603027344,51.582275390625,26.0,1791,0.026208385825157166,0.03522184118628502,0.7736501079913607,1805,0.030559726059436798,0.05680707320570948,0.7796976241900648,1805,0.04956969618797302,0.16365416347980505,0.7796976241900648
131.1,100.0,supported,True,1.0,0.0,114.55043777513274,130.82,20.0,1,1312,2040,1966,6.382352941176471,47.41512680053711,49.56371307373047,22.0,1504,0.028130700811743736,0.03579507954418659,0.7372549019607844,1518,0.03203178569674492,0.051324623450636854,0.7441176470588236,1518,0.04525001347064972,0.09590722918510437,0.7441176470588236
131.2,100.0,supported,True,1.0,4.0,124.94531231130989,130.87,40.0,1,1313,1455,1327,5.065292096219931,46.75714874267578,52.67448806762695,32.0,690,0.034115731716156006,0.06803009137511254,0.4742268041237113,704,0.042032741010189056,0.09891327172517779,0.4838487972508591,705,0.06960847228765488,0.22465645074844362,0.4845360824742268
131.3,100.0,multiple_channels,False,1.0,4.0,65.42414719555848,130.91,44.0,2,1314,2811,2694,5.164710067591605,46.42207336425781,52.823699951171875,34.0,1554,0.04041379690170288,0.2607850939035416,0.5528281750266809,1572,0.046501100063323975,0.31429402232170145,0.5592315901814301,1572,0.0838993713259697,0.4523977518081665,0.5592315901814301
131.4,100.0,multiple_channels,False,1.0,0.0,25.15427764153268,131.0,56.0,2,1315,2969,2757,4.943078477601886,46.763362884521484,49.46713638305664,40.0,1617,0.0928649827837944,0.3379169881343842,0.5446278208150892,1649,0.11817662417888641,0.3935789108276368,0.5554058605591108,1648,0.18276801705360413,0.4203106880187988,0.5550690468171101
131.5,100.0,supported,True,1.0,0.0,12.367662088013388,131.125,32.0,1,1316,2681,2498,3.2588586348377473,46.7449951171875,57.168678283691406,28.0,672,0.08329831063747406,0.3222602903842926,0.2506527415143603,711,0.1126207709312439,0.40933120250701904,0.2651995524058187,711,0.21198289096355438,0.4686075747013092,0.2651995524058187
131.6,100.0,multiple_channels,False,1.0,0.0,11.139822798289085,131.23,56.0,2,1317,2773,2420,2.476018752253877,46.6345100402832,54.15944290161133,40.0,477,0.061606016010046005,0.2546110749244691,0.1720158672917418,503,0.08209311962127686,0.3043560147285462,0.18139199423007574,503,0.18792128562927246,0.3558283567428589,0.18139199423007574
131.7,100.0,multiple_channels,False,1.0,0.0,8.57761461208543,131.34,44.0,2,1318,2778,2632,5.454283657307416,46.361087799072266,49.88602066040039,34.0,1670,0.03044213354587555,0.05007507912814619,0.6011519078473722,1686,0.03553662449121475,0.06683831289410591,0.6069114470842333,1686,0.04783371835947037,0.12258147820830345,0.6069114470842333
131.8,100.0,multiple_channels,False,1.0,4.0,10.651096672659483,131.435,12.0,2,1319,1176,1128,5.092687074829932,47.005592346191406,48.82222366333008,20.0,636,0.027583856135606766,0.04870465770363808,0.5408163265306123,654,0.038312047719955444,0.059262549504637725,0.5561224489795918,654,0.07778339833021164,0.11867875680327415,0.5561224489795918
131.9,100.0,multiple_channels,False,1.0,0.0,18.76156322833348,131.54,40.0,2,1320,2952,2905,4.555894308943089,47.40328598022461,49.00230026245117,32.0,1455,0.05597436800599098,0.12506217360496522,0.4928861788617886,1491,0.06252386420965195,0.12719783186912537,0.5050813008130082,1491,0.08414648473262787,0.14112146198749542,0.5050813008130082
132.0,100.0,supported,True,1.0,0.0,18.413697097324846,131.64,40.0,1,1321,3617,3490,4.548520873652198,47.45264434814453,48.828285217285156,32.0,1695,0.04514600709080696,0.07225972115993502,0.46862040364943325,1731,0.048513397574424744,0.07846884429454803,0.478573403372961,1731,0.05491471290588379,0.08575733751058578,0.478573403372961
132.1,100.0,supported,True,1.0,0.0,18.201133350818914,131.74,64.0,1,1322,5606,5368,5.479843025330004,47.452964782714844,50.251251220703125,44.0,3654,0.028943009674549103,0.04261613674461842,0.6518016410988227,3690,0.03264109790325165,0.045820693299174306,0.6582233321441313,3690,0.03888634592294693,0.06627053618431089,0.6582233321441313
132.2,100.0,supported,True,1.0,0.0,17.171539351823583,131.83,48.0,1,1323,3605,3378,6.08127600554785,46.353851318359375,52.6738395690918,36.0,2472,0.020848605781793594,0.03605085015296936,0.6857142857142857,2498,0.023936673998832703,0.04369107075035572,0.6929264909847435,2498,0.03416171669960022,0.08165793269872668,0.6929264909847435
132.3,100.0,supported,True,1.0,0.0,24.560125714013473,131.92,40.0,1,1324,3038,2747,4.031928900592495,45.9101448059082,53.08417892456055,32.0,1232,0.03603476285934448,0.16820648461580295,0.4055299539170507,1249,0.04802319034934044,0.22322919368743901,0.4111257406188282,1249,0.09459710866212845,0.31779657602310185,0.4111257406188282
132.4,100.0,supported,True,1.0,0.0,41.946004864724806,132.015,80.0,1,1325,4885,4771,7.39611054247697,46.05217361450195,53.304683685302734,52.0,3849,0.026658879593014717,0.039329714328050616,0.7879222108495394,3858,0.03065549023449421,0.04905009344220162,0.7897645854657114,3858,0.04678754508495331,0.09153354093432427,0.7897645854657114
132.5,100.0,supported,True,1.0,4.0,88.42506715731156,132.115,0.0,1,1326,174,162,2.9770114942528734,47.17876434326172,48.264156341552734,20.0,32,0.03081119805574417,0.0413892075419426,0.1839080459770115,35,0.057906653732061386,0.08136770278215409,0.20114942528735633,35,0.12111654877662659,0.13304412961006165,0.20114942528735633
132.6,100.0,sparse_water_returns,False,0.8571428571428571,12.649110640673518,89.24045495973557,132.215,0.0,0,1327,226,220,5.0265486725663715,47.010345458984375,48.90621566772461,20.0,114,0.02449844777584076,0.04273514449596405,0.504424778761062,116,0.05242707580327988,0.08473751321434975,0.5132743362831859,116,0.13737589120864868,0.18677587807178497,0.5132743362831859
132.7,100.0,supported,True,1.0,0.0,90.17434879376675,132.295,24.0,1,1328,1214,1172,6.789126853377265,47.20603561401367,51.8998908996582,24.0,924,0.021321894600987434,0.037606963515281686,0.7611202635914333,930,0.032191164791584015,0.09563667401671411,0.7660626029654036,930,0.07157543301582336,0.21278872787952424,0.7660626029654036
132.8,100.0,supported,True,1.0,4.0,132.05167752937098,132.37,24.0,1,1329,1757,1690,4.752988047808765,46.269962310791016,50.589622497558594,24.0,945,0.025328075513243675,0.03781938552856446,0.5378486055776892,961,0.03520646691322327,0.058020420372486115,0.5469550369948777,961,0.07322149723768234,0.18318624794483185,0.5469550369948777
132.9,100.0,supported,True,1.0,0.0,143.6414352998644,132.495,44.0,1,1330,2270,2211,5.484140969162995,46.41693115234375,48.259849548339844,34.0,1575,0.02645023539662361,0.03563851714134217,0.6938325991189427,1588,0.030886191874742508,0.04481699727475642,0.6995594713656388,1588,0.04022883623838425,0.07715349048376083,0.6995594713656388
133.0,100.0,supported,True,1.0,0.0,144.40639731947914,132.595,44.0,1,1331,3188,3136,5.824341279799247,46.42034912109375,47.99126434326172,34.0,2404,0.025569001212716103,0.035227049142122276,0.7540777917189461,2414,0.0293680839240551,0.0439132183790207,0.7572145545796738,2414,0.03832332417368889,0.09042995497584343,0.7572145545796738
133.1,100.0,supported,True,1.0,0.0,122.10364428006363,132.78,44.0,1,1332,3514,3413,7.000569151963575,45.87507629394531,48.155426025390625,34.0,2650,0.026842709630727768,0.034921870753169056,0.7541263517359135,2665,0.031009823083877563,0.048455393314361564,0.7583949914627205,2665,0.04331599920988083,0.11708333045244212,0.7583949914627205
133.2,100.0,supported,True,1.0,0.0,64.12631698426893,132.86,52.0,1,1333,3435,3361,6.38981077147016,45.71049499511719,48.0536003112793,38.0,2693,0.021057570353150368,0.029861643537879002,0.7839883551673945,2710,0.02563306875526905,0.04404617138206958,0.7889374090247453,2711,0.04661564901471138,0.10543935000896454,0.7892285298398836
133.3,100.0,supported,True,1.0,0.0,13.318913825876047,132.94,28.0,1,1334,2250,2201,6.0377777777777775,45.94036865234375,48.07411575317383,26.0,1718,0.023236608132719994,0.03597545623779297,0.7635555555555555,1724,0.02831737883388996,0.04517869837582112,0.7662222222222222,1724,0.0456942543387413,0.08202148675918579,0.7662222222222222
133.4,100.0,supported,True,1.0,0.0,40.18381444340969,133.03,28.0,1,1335,2093,1969,5.337792642140468,45.82984924316406,47.91928482055664,26.0,1337,0.02224537543952465,0.05875528454780582,0.6387959866220736,1362,0.03205562382936478,0.08359228745102883,0.650740563784042,1362,0.06656248867511749,0.14683465212583552,0.650740563784042
133.5,100.0,supported,True,1.0,0.0,40.054803298166355,133.14,24.0,1,1336,1701,1640,5.014697236919459,45.410125732421875,48.007904052734375,24.0,1027,0.018787752836942673,0.04858178272843361,0.6037624926513815,1044,0.024416984990239143,0.061679606512188914,0.6137566137566137,1044,0.03804352134466171,0.08647306784987452,0.6137566137566137
133.6,100.0,supported,True,1.0,0.0,30.694762673618946,133.235,16.0,1,1337,1362,1317,4.420704845814978,45.178466796875,47.71026611328125,20.0,666,0.023947693407535553,0.060972364619374275,0.4889867841409692,676,0.030397921800613403,0.09170236811041832,0.49632892804698975,676,0.04779136925935745,0.18136339634656906,0.49632892804698975
133.7,100.0,supported,True,1.0,0.0,18.8788188553027,133.33,16.0,1,1338,1272,1231,3.1926100628930816,44.62919235229492,46.509681701660156,20.0,202,0.025887448340654373,0.03848985433578492,0.15880503144654087,249,0.03380383551120758,0.04482385441660881,0.1957547169811321,249,0.04972127079963684,0.06816224902868272,0.1957547169811321
133.8,100.0,supported,True,1.0,0.0,3.1149727627026333,133.425,32.0,1,1339,2572,2454,2.650855365474339,44.490116119384766,55.18162536621094,28.0,101,0.03637209162116051,0.054395146667957306,0.03926905132192846,195,0.04185231402516365,0.07827068865299225,0.07581648522550544,195,0.06074949726462364,0.21772488355636593,0.07581648522550544
133.9,100.0,sparse_water_returns,False,0.8571428571428571,16.492422502470642,7.872323603284973,133.525,12.0,1,1340,685,642,2.3401459854014597,45.679420471191406,46.3029670715332,20.0,0,,,0.0,14,0.03009323589503765,0.036192893981933594,0.020437956204379562,14,0.04097586125135422,0.053169908002018935,0.020437956204379562
134.0,100.0,sparse_water_returns,False,0.0,70.8801805866774,7.830636469478758,133.62,0.0,0,1341,0,0,,,,20.0,0,,,,0,,,,0,,,
134.1,100.0,sparse_water_returns,False,0.7142857142857143,26.832815729997478,7.163129677508092,133.72,0.0,0,1342,183,102,0.8633879781420765,44.78111267089844,46.036170959472656,20.0,0,,,0.0,0,,,0.0,0,,,0.0
134.2,100.0,supported,True,1.0,4.0,8.528722653257093,133.815,40.0,1,1343,1990,1374,1.35678391959799,44.54220199584961,47.37714767456055,32.0,0,,,0.0,30,0.03824547678232193,0.07578445523977281,0.01507537688442211,30,0.09299513697624207,0.13574128448963166,0.01507537688442211
134.3,100.0,supported,True,1.0,0.0,12.556172542986326,133.91,12.0,1,1344,1380,1235,1.4710144927536233,44.08979415893555,46.77547073364258,20.0,0,,,0.0,6,0.0754271000623703,0.3393593728542328,0.004347826086956522,6,0.18943342566490173,0.3070397675037384,0.004347826086956522
134.4,100.0,multiple_channels,False,1.0,0.0,3.9052706169021247,134.005,16.0,2,1345,1550,1492,2.0683870967741935,44.69902420043945,46.38741683959961,20.0,22,0.03257374465465546,0.039904167503118516,0.014193548387096775,41,0.03728776052594185,0.06967491656541824,0.026451612903225806,41,0.07683789730072021,0.16707739233970642,0.026451612903225806
134.5,100.0,supported,True,1.0,4.0,23.53316771497389,134.105,36.0,1,1346,2506,2371,2.6276935355147644,43.9253044128418,51.29990005493164,30.0,188,0.03269089013338089,0.06761711537837983,0.07501995211492418,235,0.05004692077636719,0.18052122294902798,0.09377494014365523,235,0.11398403346538544,0.3213748812675476,0.09377494014365523
134.6,100.0,supported,True,1.0,0.0,11.583374754282246,134.2,28.0,1,1347,2187,2118,4.042981252857796,44.01459503173828,46.84599685668945,26.0,846,0.021578971296548843,0.03490258380770683,0.3868312757201646,876,0.027458176016807556,0.047007614746689796,0.40054869684499317,876,0.04180893301963806,0.09482743591070175,0.40054869684499317
134.7,100.0,supported,True,1.0,0.0,6.5224146939419825,134.3,24.0,1,1348,1204,1158,5.332225913621262,43.51796340942383,47.52120590209961,24.0,759,0.023976754397153854,0.061431552469730394,0.6303986710963455,766,0.031191624701023102,0.09060272946953773,0.6362126245847176,766,0.0747620016336441,0.21381133049726486,0.6362126245847176
134.8,100.0,supported,True,1.0,0.0,11.277882155553758,134.395,28.0,1,1349,1972,1862,4.737829614604462,43.49176025390625,47.15116882324219,26.0,1118,0.031244400888681412,0.0769928701221943,0.5669371196754563,1139,0.040890809148550034,0.09674437344074249,0.5775862068965517,1139,0.07889263331890106,0.1905213683843613,0.5775862068965517
134.9,100.0,supported,True,1.0,0.0,71.27924232639027,134.465,28.0,1,1350,2223,1996,4.457040035987404,42.89722442626953,48.74287796020508,26.0,1041,0.03720119595527649,0.1371079385280609,0.4682860998650472,1064,0.06506510823965073,0.20173088908195502,0.47863247863247865,1066,0.19622895121574402,0.39205363392829895,0.47953216374269003
135.0,100.0,supported,True,1.0,0.0,107.97115064585027,134.555,28.0,1,1351,2176,2040,3.8207720588235294,42.7108039855957,47.59370803833008,26.0,790,0.13594385981559753,0.43628203868865967,0.3630514705882353,820,0.2094022035598755,0.6253905594348907,0.37683823529411764,820,0.37216702103614807,0.6492332339286805,0.37683823529411764
135.1,100.0,supported,True,1.0,0.0,150.4705365201921,134.63,36.0,1,1352,2992,2926,6.370989304812834,43.317073822021484,47.49771499633789,30.0,2258,0.13043290376663208,0.4016125470399856,0.7546791443850267,2280,0.14694088697433472,0.4488573431968689,0.7620320855614974,2280,0.18176648020744324,0.4451817363500594,0.7620320855614974
135.2,100.0,supported,True,1.0,0.0,201.86750962266854,134.655,28.0,1,1353,2603,2529,5.754898194391087,43.322898864746094,47.7982292175293,26.0,1811,0.02588491141796112,0.04489699378609657,0.6957356895889358,1830,0.02920829877257347,0.057382950559258475,0.7030349596619285,1830,0.04470823332667351,0.11800515428185471,0.7030349596619285
135.3,100.0,supported,True,1.0,0.0,184.18893805128948,134.895,36.0,1,1354,2170,2083,4.136405529953917,43.20642852783203,49.72727966308594,30.0,857,0.023840514943003654,0.0395678736269474,0.39493087557603684,888,0.03013487160205841,0.06295921429991724,0.40921658986175113,888,0.056602224707603455,0.1250052645802498,0.40921658986175113
135.4,100.0,supported,True,1.0,0.0,124.17341894238518,134.945,24.0,1,1355,1574,1482,2.662642947903431,43.00265121459961,44.70146179199219,24.0,143,0.05356251448392868,0.10070105046033859,0.09085133418043202,179,0.06179127097129822,0.11197805702686311,0.11372299872935197,179,0.07802416384220123,0.1513082921504975,0.11372299872935197
135.5,100.0,supported,True,1.0,0.0,44.28331029991059,135.005,40.0,1,1356,3167,3046,3.202399747395011,43.07954025268555,45.264564514160156,32.0,602,0.09264227747917175,0.21551636010408398,0.19008525418377012,704,0.10922971367835999,0.2378092512488366,0.22229239027470793,704,0.1324586272239685,0.24364292919635777,0.22229239027470793
135.6,100.0,supported,True,1.0,0.0,13.379139146738291,135.075,60.0,1,1357,4152,4064,4.769749518304431,43.336666107177734,45.84743881225586,42.0,2218,0.05390831083059311,0.08511377349495887,0.5342003853564548,2262,0.05959996581077576,0.10344784408807756,0.5447976878612717,2262,0.0664052963256836,0.1393641456961632,0.5447976878612717
135.7,100.0,supported,True,1.0,0.0,53.904347873716155,135.165,40.0,1,1358,2931,2866,5.513135448652337,43.80455780029297,44.838233947753906,32.0,2010,0.0425870418548584,0.057485175132751476,0.6857727737973388,2021,0.045442115515470505,0.06057221442461014,0.689525759126578,2021,0.049893997609615326,0.06835875660181046,0.689525759126578
135.8,100.0,supported,True,1.0,0.0,80.63132547732447,135.28,28.0,1,1359,1617,1544,5.8645640074211505,43.490264892578125,45.25094985961914,26.0,1154,0.03746546804904938,0.07542228326201439,0.7136672850958565,1167,0.045554716140031815,0.08292175829410554,0.7217068645640075,1170,0.06938876211643219,0.11136680990457537,0.7235621521335807
135.9,100.0,supported,True,1.0,0.0,52.80116743894347,135.38,32.0,1,1360,1678,1644,5.057806912991657,43.59534454345703,44.75394058227539,28.0,972,0.0354142040014267,0.06994756460189819,0.5792610250297974,986,0.043076179921627045,0.08325929939746857,0.5876042908224076,986,0.06118624657392502,0.10241962224245071,0.5876042908224076
136.0,100.0,supported,True,1.0,0.0,14.194381854343716,135.49,36.0,1,1361,1859,1760,4.323830016137708,42.71955490112305,45.010833740234375,30.0,881,0.033062491565942764,0.06979086995124817,0.47391070467993546,898,0.04117259755730629,0.10777174383401872,0.4830554061323292,898,0.06295311450958252,0.1891020298004151,0.4830554061323292
136.1,100.0,supported,True,1.0,0.0,4.804407533144447,135.59,20.0,1,1362,1509,1454,4.8522200132538105,42.669246673583984,44.338905334472656,22.0,860,0.07775717228651047,0.21777557283639912,0.5699138502319416,869,0.09172117710113525,0.2398603230714798,0.5758780649436713,869,0.11823166906833649,0.2582607984542847,0.5758780649436713
136.2,100.0,supported,True,1.0,0.0,11.331228273327044,135.69,24.0,1,1363,1428,1363,3.5434173669467786,43.095787048339844,43.85049819946289,24.0,352,0.029760975390672684,0.09070678353309634,0.24649859943977592,415,0.03550918027758598,0.09904389679431917,0.29061624649859946,415,0.0519382506608963,0.11907060593366627,0.29061624649859946
136.3,100.0,supported,True,1.0,0.0,16.545504382174972,135.785,16.0,1,1364,1167,1128,3.6743787489288775,42.41139602661133,43.918575286865234,20.0,336,0.046883225440979004,0.0983472689986229,0.2879177377892031,365,0.061546485871076584,0.10486284345388415,0.31276778063410454,365,0.0917724221944809,0.15029436647892,0.31276778063410454
136.4,100.0,supported,True,1.0,0.0,3.9195941438834825,135.885,28.0,1,1365,1676,1566,3.9373508353221958,41.75204086303711,44.5930290222168,26.0,665,0.02245982363820076,0.06316625028848649,0.3967780429594272,682,0.031758397817611694,0.08837774097919464,0.40692124105011934,682,0.07271817326545715,0.17040304839611053,0.40692124105011934
136.5,100.0,supported,True,1.0,0.0,7.201354507565005,135.98,32.0,1,1366,2013,1926,4.013412816691505,41.8198127746582,45.09684753417969,28.0,800,0.023267894983291626,0.04994422234594823,0.39741679085941384,822,0.030679386109113693,0.07489469349384308,0.4083457526080477,822,0.046404991298913956,0.1482574313879013,0.4083457526080477
136.6,100.0,supported,True,1.0,0.0,15.279446490546254,136.075,20.0,1,1367,1214,1157,3.901153212520593,41.83048629760742,44.53960418701172,22.0,457,0.0338912159204483,0.049431608617305764,0.37644151565074135,478,0.04206548631191254,0.06606404259800912,0.39373970345963755,478,0.08034840226173401,0.14860990941524505,0.39373970345963755
136.7,100.0,supported,True,1.0,0.0,11.262873111178488,136.175,24.0,1,1368,1541,1459,4.108371187540558,41.62901306152344,44.1348876953125,24.0,681,0.03197906166315079,0.05303289368748665,0.4419208306294614,695,0.04143146425485611,0.06785460114479065,0.4510058403634004,695,0.0722392350435257,0.1470219194889069,0.4510058403634004
136.8,100.0,supported,True,1.0,0.0,18.838769926775708,136.265,32.0,1,1369,2526,2480,4.7240696753760885,41.65762710571289,43.894439697265625,28.0,1372,0.047976259142160416,0.1343023598194123,0.5431512272367379,1383,0.06737705320119858,0.13648518621921538,0.5475059382422803,1383,0.11211930960416794,0.17077094316482544,0.5475059382422803
136.9,100.0,supported,True,1.0,0.0,23.856497118125237,136.385,40.0,1,1370,3390,3282,5.098230088495575,41.07726287841797,43.767398834228516,32.0,2043,0.041095029562711716,0.09099239557981491,0.6026548672566372,2058,0.0535602942109108,0.11350454464554786,0.6070796460176991,2058,0.08509078621864319,0.15458910316228866,0.6070796460176991
137.0,100.0,supported,True,1.0,0.0,18.989479111631542,136.485,44.0,1,1371,2694,2602,4.182628062360802,41.20100021362305,44.68796157836914,34.0,1064,0.047657765448093414,0.17178236693143847,0.3949517446176689,1096,0.06636889278888702,0.18414248526096344,0.40682999257609503,1096,0.0964396521449089,0.19925177842378616,0.40682999257609503
137.1,100.0,supported,True,1.0,0.0,11.87131131370357,136.585,32.0,1,1372,1583,1461,4.610233733417561,41.090579986572266,45.03083419799805,28.0,772,0.04424428194761276,0.1011257492005825,0.48768161718256475,789,0.058596715331077576,0.11029586344957353,0.4984207201516109,789,0.09791427105665207,0.17841049730777742,0.4984207201516109
137.2,100.0,supported,True,1.0,0.0,9.441730200923894,136.685,36.0,1,1373,2509,2452,4.302909525707453,41.322052001953125,44.345611572265625,30.0,1108,0.07083999365568161,0.31220696568489076,0.44161020326823436,1133,0.08570881932973862,0.3512646436691284,0.45157433240334793,1133,0.10481288284063339,0.3651240229606629,0.45157433240334793
137.3,100.0,supported,True,1.0,0.0,7.5842917937258045,136.785,36.0,1,1374,2936,2858,4.078678474114441,41.58301544189453,43.89390563964844,30.0,1157,0.17049825191497803,0.3426460683345795,0.39407356948228883,1202,0.20453602075576782,0.3642531156539917,0.4094005449591281,1202,0.23066094517707825,0.3774757981300357,0.4094005449591281
137.4,100.0,supported,True,1.0,0.0,17.95077660479634,136.88,40.0,1,1375,3225,3111,4.126511627906977,41.78708267211914,43.915748596191406,32.0,1393,0.05450133606791496,0.20790966153144833,0.43193798449612403,1417,0.06466855108737946,0.2180322647094727,0.43937984496124033,1417,0.08896242082118988,0.21615279316902164,0.43937984496124033
137.5,100.0,supported,True,1.0,0.0,46.57093617198927,136.985,40.0,1,1376,3050,3021,7.0757377049180326,42.582027435302734,43.77381134033203,32.0,2548,0.051550500094890594,0.06614938154816628,0.8354098360655737,2554,0.05628492683172226,0.07090917751193047,0.8373770491803278,2554,0.06318739056587219,0.09461312219500542,0.8373770491803278
137.6,100.0,supported,True,1.0,0.0,20.144737844141908,137.095,20.0,1,1377,1039,1004,5.066410009624639,41.021419525146484,43.53657531738281,22.0,656,0.042059652507305145,0.05613141693174839,0.631376323387873,665,0.04703766480088234,0.059583446383476256,0.6400384985563041,665,0.053915075957775116,0.08263844847679139,0.6400384985563041
137.7,100.0,supported,True,1.0,0.0,9.629155737338657,137.2,28.0,1,1378,1884,1751,4.070594479830149,40.97256851196289,44.4470329284668,26.0,756,0.0758829414844513,0.23747938126325607,0.4012738853503185,771,0.11236661672592163,0.25655823945999146,0.40923566878980894,771,0.1532263159751892,0.32269585132598877,0.40923566878980894
137.8,100.0,supported,True,1.0,0.0,40.19404239802122,137.295,20.0,1,1379,1690,1637,5.891715976331361,41.09211730957031,43.882469177246094,22.0,1146,0.06337656080722809,0.14833977818489075,0.6781065088757396,1152,0.07551346719264984,0.154870580136776,0.6816568047337278,1152,0.10848121345043182,0.20460827201604845,0.6816568047337278
137.9,100.0,supported,True,1.0,0.0,37.344997244748896,137.405,20.0,1,1380,1558,1545,6.37227214377407,42.11502456665039,42.61149215698242,22.0,1257,0.05968279391527176,0.09218624681234361,0.806803594351733,1261,0.0634961724281311,0.09540359675884247,0.8093709884467266,1261,0.07151971012353897,0.0964396744966507,0.8093709884467266
138.0,100.0,supported,True,1.0,0.0,6.841344729214408,137.5,32.0,1,1381,2565,2468,5.616764132553606,40.854671478271484,44.114017486572266,28.0,1758,0.05291348695755005,0.08571087867021561,0.6853801169590643,1770,0.059190236032009125,0.09216216132044795,0.6900584795321637,1770,0.06907396018505096,0.09917815998196602,0.6900584795321637
138.1,100.0,supported,True,1.0,0.0,15.865889254135462,137.6,28.0,1,1382,1764,1647,5.191043083900227,40.790706634521484,44.47539138793945,26.0,964,0.03400563448667526,0.05648765452206136,0.546485260770975,976,0.036217086017131805,0.07107836753129959,0.5532879818594104,976,0.04226009547710419,0.09035595133900642,0.5532879818594104
138.2,100.0,supported,True,1.0,0.0,14.301290381734118,137.695,40.0,1,1383,3514,3428,6.577120091064314,40.79939270019531,44.02335739135742,32.0,2690,0.029886554926633835,0.040398041158914565,0.765509391007399,2700,0.03404441475868225,0.04666204266250133,0.7683551508252704,2700,0.04766634851694107,0.08797450214624404,0.7683551508252704
138.3,100.0,supported,True,1.0,0.0,17.31714535675856,137.795,44.0,1,1384,3507,3461,6.587396635300827,40.586734771728516,43.3195686340332,34.0,2779,0.03926203027367592,0.07245717495679857,0.7924151696606786,2792,0.04558559134602547,0.08803170248866085,0.7961220416310236,2792,0.06390238553285599,0.11435954719781877,0.7961220416310236
138.4,100.0,supported,True,1.0,0.0,1.4934258925218302,137.895,36.0,1,1385,2647,2574,5.7929731771817154,40.97474670410156,43.181129455566406,30.0,1789,0.053714342415332794,0.09439734369516373,0.6758594635436344,1805,0.06237311661243439,0.12027899771928789,0.6819040423120514,1805,0.08131711930036545,0.13667780160903936,0.6819040423120514
138.5,100.0,supported,True,1.0,0.0,2.69152955792731,137.995,32.0,1,1386,2696,2597,5.350148367952523,40.876468658447266,42.70677185058594,28.0,1614,0.07318569719791412,0.1604606792330742,0.5986646884272997,1627,0.09757506102323532,0.15621633529663087,0.603486646884273,1627,0.11812978237867355,0.14798959791660313,0.603486646884273
138.6,100.0,supported,True,1.0,0.0,11.681913715831953,138.095,64.0,1,1387,3859,3655,5.010365379632029,41.708892822265625,43.25929641723633,44.0,2303,0.035202670842409134,0.07291148602962494,0.596786732314071,2320,0.03886036574840546,0.08002361208200452,0.6011920186576833,2320,0.05026788264513016,0.0979448430240154,0.6011920186576833
138.7,100.0,supported,True,1.0,0.0,11.591246848630579,138.19,32.0,1,1388,2352,2301,6.48171768707483,40.68999481201172,43.142059326171875,28.0,1769,0.03463291749358177,0.09513691514730453,0.752125850340136,1779,0.039623819291591644,0.11739842295646674,0.7563775510204082,1779,0.05681173875927925,0.13046704828739167,0.7563775510204082
138.8,100.0,supported,True,1.0,0.0,10.190589061235341,138.29,64.0,1,1389,4030,3889,6.156575682382134,41.365623474121094,45.86249923706055,44.0,3060,0.04131174087524414,0.07392890527844428,0.7593052109181141,3076,0.047239772975444794,0.08028323948383331,0.7632754342431762,3076,0.05905383080244064,0.09071004390716553,0.7632754342431762
138.9,100.0,supported,True,1.0,0.0,5.473680524278473,138.39,24.0,1,1390,1956,1834,5.841513292433538,41.51342010498047,42.89247131347656,24.0,1260,0.02931784838438034,0.03926444575190545,0.6441717791411042,1272,0.0326123870909214,0.05490811876952653,0.6503067484662577,1272,0.03904622048139572,0.09666544049978258,0.6503067484662577
139.0,100.0,multiple_channels,False,1.0,0.0,13.976520239291018,138.485,24.0,2,1391,1335,1311,6.274157303370787,40.903770446777344,42.27642059326172,24.0,999,0.03423378989100456,0.04755636155605317,0.748314606741573,1001,0.03836412355303764,0.05419837310910225,0.749812734082397,1001,0.05048930272459984,0.09141770750284195,0.749812734082397
139.1,100.0,supported,True,1.0,0.0,35.89603400052424,138.56,20.0,1,1392,1430,1369,5.212587412587412,39.84518814086914,41.943641662597656,22.0,890,0.04272555559873581,0.07117431163787842,0.6223776223776224,904,0.055137999355793,0.0972018726170063,0.6321678321678321,904,0.09790071845054626,0.17430676817893984,0.6321678321678321
139.2,100.0,supported,True,1.0,0.0,32.95716520524719,138.655,36.0,1,1393,1838,1784,6.11316648531012,39.82860565185547,44.367794036865234,30.0,1320,0.044971466064453125,0.06763341948390007,0.7181719260065288,1326,0.056580863893032074,0.08308655023574829,0.721436343852013,1326,0.09399788081645966,0.1652495563030243,0.721436343852013
139.3,100.0,supported,True,1.0,0.0,11.285564654364883,138.745,48.0,1,1394,3975,3858,4.902641509433963,39.400177001953125,41.84547424316406,36.0,2281,0.045985545963048935,0.26549452543258667,0.5738364779874214,2292,0.06433975696563721,0.2867527723312379,0.5766037735849057,2292,0.13839761912822723,0.3276074707508087,0.5766037735849057
139.4,100.0,supported,True,1.0,0.0,16.52210032015329,138.84,20.0,1,1395,1193,1156,4.9153394803017605,40.151771545410156,42.79843521118164,22.0,693,0.03497738018631935,0.09424152970314031,0.5808885163453479,709,0.04810952767729759,0.1495345026254655,0.5943000838222967,709,0.11473361402750015,0.2316020876169205,0.5943000838222967
139.5,100.0,supported,True,1.0,4.0,24.410259644835666,138.94,36.0,1,1396,2132,2078,6.125703564727955,40.108253479003906,42.59736633300781,30.0,1589,0.03458574041724205,0.047481093555688865,0.7453095684803002,1604,0.03847578167915344,0.060010507702827454,0.7523452157598499,1604,0.06189471483230591,0.1206077665090561,0.7523452157598499
139.6,100.0,supported,True,1.0,0.0,59.98056839701883,139.055,32.0,1,1397,2276,2176,5.320298769771529,40.69094467163086,42.095947265625,28.0,1495,0.031628865748643875,0.03991737589240074,0.6568541300527241,1512,0.03385569900274277,0.046468240395188355,0.664323374340949,1512,0.04131053388118744,0.07142531573772432,0.664323374340949
139.7,100.0,supported,True,1.0,0.0,60.60578736773932,139.155,32.0,1,1398,2181,2143,6.946354883081155,39.988067626953125,42.01227951049805,28.0,1821,0.039948150515556335,0.05150947719812393,0.8349381017881705,1829,0.043839823454618454,0.06220703423023224,0.8386061439706557,1829,0.05670381337404251,0.10615515857934954,0.8386061439706557
139.8,100.0,supported,True,1.0,0.0,26.499812059820485,139.26,32.0,1,1399,2315,2283,6.670410367170627,40.18056106567383,42.09455490112305,28.0,1861,0.024834878742694855,0.04384414479136467,0.8038876889848812,1867,0.02980654686689377,0.04963123872876168,0.8064794816414687,1867,0.04225902259349823,0.09163225591182711,0.8064794816414687
139.9,100.0,supported,True,1.0,0.0,32.522940826718425,139.34,32.0,1,1400,2257,2234,6.296411165263624,40.144222259521484,42.340938568115234,28.0,1726,0.02258491888642311,0.03752550110220909,0.7647319450598139,1734,0.028523873537778854,0.054998351261019714,0.768276473194506,1734,0.0538412481546402,0.11102100163698198,0.768276473194506
140.0,100.0,supported,True,1.0,0.0,48.843520560333154,139.49,44.0,1,1401,2867,2819,6.091384722706662,40.0753173828125,43.4029426574707,34.0,2189,0.027766693383455276,0.04181969910860062,0.7635158702476457,2203,0.03489088639616966,0.05519439801573753,0.7683990233693756,2203,0.05615663528442383,0.12017414420843124,0.7683990233693756
140.1,100.0,supported,True,1.0,4.0,13.63234380779704,139.6,40.0,1,1402,2066,1897,3.2642787996127782,39.19134521484375,41.440589904785156,32.0,522,0.037197984755039215,0.0708228260278702,0.2526621490803485,555,0.043535538017749786,0.09736060202121737,0.2686350435624395,555,0.05955430492758751,0.16475981175899507,0.2686350435624395
140.2,100.0,supported,True,1.0,0.0,8.750282897874634,139.7,52.0,1,1403,3930,3810,4.230025445292621,39.186256408691406,48.75347137451172,38.0,1602,0.17610789835453033,0.365880498290062,0.4076335877862595,1672,0.19474641978740692,0.4219455003738403,0.42544529262086517,1672,0.226799875497818,0.43810025155544285,0.42544529262086517
140.3,100.0,supported,True,1.0,4.0,10.961168082091772,139.8,40.0,1,1404,2667,2626,4.3858267716535435,39.79487609863281,41.48667907714844,32.0,1177,0.04488227143883705,0.10042250752449036,0.44131983502062244,1236,0.05271453782916069,0.10556162893772125,0.4634420697412823,1236,0.07136765122413635,0.13775675743818283,0.4634420697412823
140.4,100.0,supported,True,1.0,0.0,13.384175462077756,139.9,28.0,1,1405,1372,1286,5.553935860058309,39.409664154052734,41.6100959777832,26.0,848,0.024253932759165764,0.04793574139475824,0.6180758017492711,861,0.026975112035870552,0.08867479860782623,0.6275510204081632,861,0.049540694802999496,0.17466554045677185,0.6275510204081632
140.5,100.0,supported,True,1.0,0.0,4.260284193915202,140.0,20.0,1,1406,1047,1030,5.973256924546323,38.900787353515625,41.195796966552734,22.0,757,0.036199361085891724,0.05299867466092109,0.723018147086915,761,0.051933255046606064,0.0877964198589325,0.7268385864374403,761,0.1281769722700119,0.20953774452209473,0.7268385864374403
140.6,100.0,supported,True,1.0,0.0,28.19964425697571,140.085,16.0,1,1407,1444,1354,4.634349030470914,38.69757843017578,41.07835388183594,20.0,729,0.028334233909845352,0.04648562744259835,0.5048476454293629,747,0.041987452656030655,0.0774899572134018,0.5173130193905817,747,0.09757304191589355,0.1657661199569702,0.5173130193905817
140.7,100.0,multiple_channels,False,1.0,0.0,21.218682448935905,140.17,32.0,2,1408,2942,2880,4.203263086335826,38.88243865966797,41.29421615600586,28.0,1213,0.03844916820526123,0.08286367505788801,0.4123045547246771,1253,0.05338597297668457,0.10338848531246182,0.42590074779061865,1253,0.08801182359457016,0.16039498448371886,0.42590074779061865
140.8,100.0,supported,True,1.0,4.0,46.22673285985539,140.265,64.0,1,1409,3848,3729,4.262993762993763,39.030372619628906,41.296321868896484,44.0,1706,0.046888384968042374,0.1459316834807396,0.44334719334719336,1765,0.06323324143886566,0.1598799616098404,0.45867983367983367,1766,0.10770860314369202,0.20695810765028,0.4589397089397089
140.9,100.0,supported,True,1.0,0.0,34.46525362980475,140.385,32.0,1,1410,2359,2301,5.042390843577787,38.93704605102539,40.88511657714844,28.0,1234,0.029843194410204887,0.06357470601797105,0.523103009749894,1255,0.03625494986772537,0.07142871171236038,0.5320050869012294,1255,0.046564292162656784,0.0957512632012369,0.5320050869012294
141.0,100.0,supported,True,1.0,0.0,18.104277361000303,140.5,48.0,1,1411,2811,2584,3.3728210601209536,38.92198944091797,41.220767974853516,36.0,699,0.02429443784058094,0.03632769733667376,0.2486659551760939,751,0.03111870214343071,0.04494807496666908,0.2671647100675916,751,0.05505906790494919,0.099403977394104,0.2671647100675916
141.1,100.0,supported,True,1.0,0.0,11.48978724374321,140.6,44.0,1,1412,3563,3435,3.0033679483581253,38.377471923828125,41.24552917480469,34.0,501,0.04065929353237152,0.11562809348106384,0.14061184395172607,575,0.0543183907866478,0.1397134542465211,0.1613808588268313,575,0.08892211318016052,0.19791776537895206,0.1613808588268313
141.2,100.0,supported,True,1.0,0.0,3.5732220723520114,140.7,52.0,1,1413,4396,4338,4.651046405823476,39.240196228027344,41.49755096435547,38.0,2059,0.039039675146341324,0.0599377065896988,0.4683803457688808,2126,0.04486842080950737,0.06244790740311146,0.48362147406733397,2126,0.059430524706840515,0.0922221876680851,0.48362147406733397
141.3,100.0,supported,True,1.0,0.0,7.958861757676289,140.8,56.0,1,1414,4686,4605,6.511523687580025,39.20892333984375,41.62053298950195,40.0,3776,0.030207902193069458,0.055106114596128464,0.8058045241143833,3789,0.03343062475323677,0.06452844589948656,0.8085787451984635,3789,0.04880639538168907,0.10036310702562333,0.8085787451984635
141.4,100.0,supported,True,1.0,0.0,10.235126562875642,140.9,56.0,1,1415,4513,4465,6.684910259251052,39.03203582763672,42.37647247314453,40.0,3731,0.03606608137488365,0.04677444323897362,0.8267228007976956,3742,0.04024351388216019,0.05500621162354947,0.8291602038555285,3742,0.054713621735572815,0.09300086870789528,0.8291602038555285
141.5,100.0,supported,True,1.0,0.0,10.80407547719534,141.0,68.0,1,1416,4076,3971,6.124631992149165,39.182682037353516,42.562652587890625,46.0,2999,0.036666542291641235,0.04886722937226296,0.7357703631010795,3017,0.04099453240633011,0.05529692396521568,0.7401864573110893,3017,0.056837297976017,0.08596428185701371,0.7401864573110893
141.6,100.0,supported,True,1.0,0.0,5.559844213700439,141.095,56.0,1,1417,5350,5316,7.692897196261682,39.40876770019531,41.28495788574219,40.0,4882,0.030246436595916748,0.038012347742915155,0.9125233644859813,4893,0.032183147966861725,0.04010330811142922,0.9145794392523364,4893,0.03793129324913025,0.062336536496877676,0.9145794392523364
141.7,100.0,supported,True,1.0,0.0,4.608088216892155,141.195,52.0,1,1418,4529,4488,7.348421285051888,39.2917366027832,41.35620880126953,38.0,4002,0.029869362711906433,0.06308175474405289,0.8836387723559285,4008,0.03232339397072792,0.0742192916572094,0.8849635681165821,4008,0.0405813492834568,0.09466351345181466,0.8849635681165821
141.8,100.0,supported,True,1.0,0.0,9.669418900065647,141.295,64.0,1,1419,5384,5194,7.063707280832095,39.74586868286133,41.68927001953125,44.0,4230,0.026957489550113678,0.06414610520005226,0.7856612184249628,4251,0.03116755373775959,0.07110035419464111,0.7895616641901931,4252,0.04446789622306824,0.08011170327663422,0.7897473997028231
141.9,100.0,supported,True,1.0,0.0,6.346689728023871,141.4,32.0,1,1420,2974,2920,7.135507733691997,39.126129150390625,40.73180389404297,28.0,2455,0.03086317516863346,0.10476704388856876,0.8254875588433087,2460,0.03721700608730316,0.11981427446007728,0.8271687962340283,2460,0.054059043526649475,0.13920685946941375,0.8271687962340283
142.0,100.0,supported,True,1.0,0.0,2.6277297479643433,141.495,56.0,1,1421,4567,4478,7.615064593825268,38.57609939575195,41.89352035522461,40.0,3942,0.04118914529681206,0.12609474360942843,0.8631486752791767,3949,0.05364520475268364,0.13797743916511543,0.8646814101160499,3949,0.07513841986656189,0.1877509087324143,0.8646814101160499
142.1,100.0,supported,True,1.0,0.0,11.164082375073425,141.595,40.0,1,1422,3173,3132,7.859123857548062,38.491153717041016,45.776920318603516,32.0,2769,0.024191085249185562,0.04822349548339845,0.8726757012291207,2777,0.030677618458867073,0.06718789041042328,0.8751969744721084,2777,0.05432676896452904,0.1776369720697403,0.8751969744721084
142.2,100.0,supported,True,1.0,0.0,16.536354018123316,141.695,36.0,2,1423,3015,2963,6.970812603648424,39.28715133666992,44.507057189941406,30.0,2516,0.028473947197198868,0.04549412988126278,0.8344941956882256,2526,0.03287459909915924,0.06126750819385052,0.8378109452736319,2526,0.04946751520037651,0.12442848458886147,0.8378109452736319
142.3,100.0,supported,True,1.0,0.0,14.781409860242954,141.79,64.0,1,1424,5468,5323,6.796086320409656,39.38534927368164,41.098388671875,44.0,4292,0.024983782321214676,0.03910317346453667,0.7849305047549379,4307,0.02883816882967949,0.04825376868247987,0.7876737381126554,4307,0.034687962383031845,0.08756870031356813,0.7876737381126554
142.4,100.0,supported,True,1.0,0.0,17.81446376458971,141.89,24.0,1,1425,1992,1899,6.376506024096385,38.93580627441406,41.02243423461914,24.0,1435,0.02439299039542675,0.05417055264115334,0.7203815261044176,1442,0.03149791806936264,0.06049998328089714,0.7238955823293173,1442,0.04765230044722557,0.09144972637295723,0.7238955823293173
142.5,100.0,supported,True,1.0,0.0,12.228209420409797,142.0,32.0,1,1426,2042,2014,6.919686581782566,38.88336944580078,39.56855010986328,28.0,1794,0.022041071206331253,0.02920243535190821,0.8785504407443683,1796,0.027756892144680023,0.036750007420778275,0.8795298726738492,1796,0.04441450163722038,0.06909498572349548,0.8795298726738492
142.6,100.0,supported,True,1.0,0.0,13.039535935138233,142.1,44.0,1,1427,2239,2186,5.995533720410898,37.70060348510742,40.01551818847656,34.0,1698,0.021286480128765106,0.03494425937533378,0.7583742742295668,1703,0.024786071851849556,0.05194258242845535,0.7606074140241179,1703,0.03853297978639603,0.0986797884106636,0.7606074140241179
142.7,100.0,supported,True,1.0,4.0,7.63482536640239,142.195,32.0,1,1428,2226,2180,7.163971248876909,37.4520149230957,40.0594367980957,28.0,1738,0.02957664430141449,0.05292632803320884,0.7807726864330637,1741,0.036039531230926514,0.07891891151666641,0.7821203953279425,1741,0.07863537222146988,0.1730666309595108,0.7821203953279425
142.8,100.0,supported,True,1.0,0.0,7.666135776292436,142.305,48.0,1,1429,4090,4072,7.893398533007335,37.6839714050293,40.44684982299805,36.0,3810,0.024363063275814056,0.03208651654422283,0.9315403422982885,3811,0.028417693451046944,0.04675385728478432,0.9317848410757946,3811,0.05562841147184372,0.11362471431493759,0.9317848410757946
142.9,100.0,supported,True,1.0,0.0,16.56116854450149,142.405,36.0,1,1430,2677,2632,6.359357489727307,37.75502395629883,39.12246322631836,30.0,2233,0.025698907673358917,0.03514538258314133,0.8341426970489354,2239,0.02882794477045536,0.04615261852741241,0.8363840119536795,2240,0.03803982585668564,0.09593604654073716,0.8367575644378035
143.0,100.0,supported,True,1.0,0.0,23.139435287614734,142.505,28.0,1,1431,1986,1942,6.537260825780463,38.1253776550293,39.63297653198242,26.0,1583,0.031662099063396454,0.046606887876987454,0.797079556898288,1587,0.03602834418416023,0.05166013464331627,0.7990936555891238,1587,0.04844480752944946,0.08006120920181276,0.7990936555891238
143.1,100.0,supported,True,1.0,0.0,8.155107808123415,142.615,24.0,1,1432,1586,1527,5.766708701134931,37.2483024597168,39.51762390136719,24.0,1072,0.04010429233312607,0.07569491490721701,0.6759142496847415,1081,0.04682360589504242,0.09677434712648392,0.6815889029003783,1081,0.0661558210849762,0.20681238174438477,0.6815889029003783
143.2,100.0,supported,True,1.0,0.0,19.67064506210939,142.705,40.0,1,1433,2146,2094,5.39888164026095,36.9957389831543,39.87663269042969,32.0,1348,0.03929266333580017,0.07527071610093114,0.6281453867660765,1362,0.04568450152873993,0.08931211233139039,0.6346691519105312,1363,0.07276660948991776,0.19066177904605863,0.6351351351351351
143.3,100.0,supported,True,1.0,0.0,25.436187713187323,142.805,40.0,1,1434,3641,3556,6.441362263114529,36.86592483520508,39.441001892089844,32.0,2712,0.030676208436489105,0.04401459246873856,0.7448503158472947,2731,0.035700634121894836,0.051358357071876526,0.7500686624553694,2731,0.05374157056212425,0.11553964763879776,0.7500686624553694
143.4,100.0,supported,True,1.0,0.0,32.14572517458466,142.91,44.0,1,1435,3326,3294,7.298556825015033,37.767982482910156,41.0800895690918,34.0,3023,0.02487180382013321,0.031101110205054284,0.9088995790739627,3030,0.02803884446620941,0.04043444730341434,0.9110042092603728,3030,0.04642445594072342,0.09602342918515204,0.9110042092603728
143.5,100.0,supported,True,1.0,0.0,37.416566820285865,143.01,32.0,1,1436,2150,2072,7.445581395348837,37.72043228149414,39.87590789794922,28.0,1767,0.022832822054624557,0.03357461914420128,0.8218604651162791,1772,0.026113346219062805,0.05144356526434422,0.8241860465116279,1772,0.03844483196735382,0.0947802506387234,0.8241860465116279
143.6,100.0,supported,True,1.0,0.0,23.91147815635089,143.135,44.0,1,1437,1583,1566,8.440934933670245,37.164669036865234,38.955055236816406,34.0,1427,0.0253948625177145,0.03822155520319939,0.901452937460518,1428,0.03008277341723442,0.0528668001294136,0.9020846493998737,1428,0.05621426925063133,0.10756280124187466,0.9020846493998737
143.7,100.0,supported,True,1.0,0.0,7.020923996130412,143.23,32.0,1,1438,2370,2304,6.556118143459916,36.77121353149414,38.547035217285156,28.0,1714,0.027545936405658722,0.04077036827802658,0.7232067510548523,1725,0.03237886726856232,0.05417085886001589,0.7278481012658228,1725,0.06549008935689926,0.11387788057327271,0.7278481012658228
143.8,100.0,supported,True,1.0,0.0,9.291965246316193,143.345,56.0,1,1439,3681,3458,5.1917957076881285,36.267391204833984,39.47728729248047,40.0,2083,0.028240570798516273,0.04035409241914749,0.5658788372724803,2108,0.032820504158735275,0.06015771813690662,0.5726704699809835,2108,0.058911342173814774,0.13133909255266188,0.5726704699809835
143.9,100.0,supported,True,1.0,0.0,3.1626890696300674,143.445,56.0,1,1440,4412,4367,8.767905711695375,36.47847366333008,39.290924072265625,40.0,4007,0.02286616899073124,0.031604166328907016,0.908204895738894,4014,0.0250824224203825,0.03928402028977872,0.9097914777878513,4014,0.033393919467926025,0.07995600923895842,0.9097914777878513
144.0,100.0,supported,True,1.0,0.0,3.2406817017653835,143.545,56.0,1,1441,4520,4483,8.861725663716815,36.77113342285156,39.25135040283203,40.0,4196,0.02810877002775669,0.03742906078696251,0.9283185840707965,4206,0.03108639270067215,0.04142939858138561,0.9305309734513274,4206,0.038412243127822876,0.06681877002120018,0.9305309734513274
144.1,100.0,supported,True,1.0,0.0,2.612264648018554,143.645,68.0,1,1442,3770,3687,7.915119363395226,37.66545104980469,40.03432083129883,46.0,3164,0.02934575080871582,0.03674860671162605,0.8392572944297082,3173,0.03236398845911026,0.04958865568041803,0.8416445623342175,3173,0.038970593363046646,0.11403502225875854,0.8416445623342175
144.2,100.0,supported,True,1.0,0.0,2.8098459682335015,143.74,36.0,1,1443,2538,2481,8.379826635145784,36.76710510253906,39.832332611083984,30.0,2124,0.032323308289051056,0.04461277276277542,0.8368794326241135,2130,0.035631291568279266,0.05088841803371907,0.8392434988179669,2130,0.045945145189762115,0.08632652387022972,0.8392434988179669
144.3,100.0,supported,True,1.0,0.0,3.3074003254678224,143.84,32.0,1,1444,2530,2516,7.711067193675889,37.48061752319336,39.47812271118164,28.0,2207,0.030253764241933823,0.039039289206266405,0.8723320158102766,2207,0.032499514520168304,0.049374896287918094,0.8723320158102766,2207,0.03869335725903511,0.09991333037614826,0.8723320158102766
144.4,100.0,supported,True,1.0,0.0,19.2318695156592,143.935,36.0,1,1445,2443,2341,6.340564879246828,36.28098678588867,38.79228973388672,30.0,1733,0.03979665786027908,0.06021740511059761,0.7093737208350389,1745,0.045318350195884705,0.07018905431032181,0.7142857142857143,1745,0.0752258151769638,0.12400041073560715,0.7142857142857143
144.5,100.0,supported,True,1.0,0.0,24.45404397535367,144.035,44.0,1,1446,2993,2915,7.351820915469428,36.044281005859375,38.94925308227539,34.0,2292,0.037608541548252106,0.05477483570575714,0.7657868359505513,2305,0.04121459648013115,0.0639873132109642,0.7701303040427665,2305,0.05347602814435959,0.10317879915237425,0.7701303040427665
144.6,100.0,supported,True,1.0,0.0,15.13485678696358,144.135,64.0,1,1447,3847,3755,9.317650116974265,37.124114990234375,39.02593231201172,44.0,3326,0.029931560158729553,0.03583037666976452,0.864569794645178,3336,0.032741717994213104,0.03765012510120869,0.8671692227709904,3336,0.04029426723718643,0.05779765546321869,0.8671692227709904
144.7,100.0,supported,True,1.0,0.0,19.011311737457525,144.23,60.0,1,1448,3318,3228,7.79535864978903,36.547149658203125,38.44840621948242,42.0,2667,0.03130902722477913,0.03960487022995949,0.8037974683544303,2681,0.034598033875226974,0.04860980808734894,0.8080168776371308,2681,0.042530205100774765,0.08501531183719635,0.8080168776371308
144.8,100.0,supported,True,1.0,0.0,32.3483953886616,144.33,32.0,1,1449,2012,1967,8.4448310139165,36.04741668701172,39.14126205444336,28.0,1547,0.03483673557639122,0.07251029759645464,0.7688866799204771,1556,0.040332332253456116,0.10813452675938606,0.7733598409542743,1556,0.06524593383073807,0.1448759362101555,0.7733598409542743
144.9,100.0,supported,True,1.0,0.0,10.470099234217134,144.425,44.0,1,1450,3075,3027,8.966178861788618,36.45707321166992,38.743892669677734,34.0,2797,0.03149065002799034,0.04894633293151855,0.9095934959349593,2803,0.035162437707185745,0.055126273632049576,0.9115447154471544,2803,0.046690236777067184,0.105472631752491,0.9115447154471544
145.0,100.0,supported,True,1.0,0.0,14.269228044899302,144.52,36.0,1,1451,2980,2938,9.385570469798658,36.57798767089844,40.46040725708008,30.0,2570,0.03349713236093521,0.046538302302360536,0.8624161073825504,2580,0.03724038973450661,0.052779659256339075,0.8657718120805369,2580,0.04810955375432968,0.11259331181645392,0.8657718120805369
145.1,100.0,supported,True,1.0,0.0,16.4640110312501,144.625,52.0,1,1452,3975,3909,8.860377358490567,36.81308364868164,43.045040130615234,38.0,3546,0.0349353551864624,0.051216693595051765,0.8920754716981132,3554,0.039014823734760284,0.05717807151377201,0.8940880503144654,3554,0.04793304204940796,0.08393568843603134,0.8940880503144654
145.2,100.0,supported,True,1.0,0.0,14.678008996229945,144.725,56.0,1,1453,4171,4118,8.627667226084872,37.225929260253906,39.530113220214844,40.0,3665,0.033423591405153275,0.042212262749671936,0.8786861663869575,3673,0.03703146427869797,0.04760779738426209,0.8806041716614721,3673,0.042612798511981964,0.07686140090227127,0.8806041716614721
145.3,100.0,supported,True,1.0,0.0,5.602339617434941,144.82,36.0,1,1454,2612,2554,7.07312404287902,36.239830017089844,41.36012649536133,30.0,2001,0.030617492273449898,0.03912200778722763,0.7660796324655437,2008,0.03374536335468292,0.04195582047104836,0.7687595712098009,2008,0.038204774260520935,0.060936390608549114,0.7687595712098009
145.4,100.0,supported,True,1.0,0.0,2.6978523544180155,144.92,44.0,1,1455,2069,1963,6.144514258095699,35.927452087402344,40.1541633605957,34.0,1235,0.04044622555375099,0.06990506798028952,0.596906718221363,1250,0.04762197285890579,0.09477033391594888,0.6041565973900435,1250,0.057207148522138596,0.14451199471950532,0.6041565973900435
145.5,100.0,supported,True,1.0,0.0,14.000377986445093,145.015,64.0,1,1456,3750,3579,6.302133333333333,36.04617691040039,39.130916595458984,44.0,2540,0.043300811201334,0.0646686740219593,0.6773333333333333,2555,0.04803341627120972,0.08414051532745362,0.6813333333333333,2555,0.06338581442832947,0.14680695235729216,0.6813333333333333
145.6,100.0,supported,True,1.0,0.0,5.559331606149016,145.12,68.0,1,1457,5846,5777,7.8978788915497775,36.26874542236328,41.85728454589844,46.0,4889,0.03968852758407593,0.050064963102340695,0.8362983236400958,4912,0.04296853020787239,0.0531978014856577,0.8402326377009921,4912,0.050556670874357224,0.07462276294827462,0.8402326377009921
145.7,100.0,supported,True,1.0,0.0,5.283349570132701,145.22,72.0,1,1458,4669,4422,6.026343970871707,36.80025100708008,41.43647766113281,48.0,2993,0.03385452553629875,0.044381944835186,0.6410366245448704,3009,0.0375470407307148,0.05185308456420899,0.6444634825444421,3009,0.044833604246377945,0.09654693454504014,0.6444634825444421
145.8,100.0,supported,True,1.0,0.0,8.766128842791138,145.32,48.0,1,1459,3216,3083,5.8125,36.50875473022461,38.50436019897461,36.0,2180,0.03639642149209976,0.04754536487162114,0.677860696517413,2192,0.03957625478506088,0.05146512947976589,0.681592039800995,2192,0.04429703950881958,0.07647134438157081,0.681592039800995
145.9,100.0,supported,True,1.0,0.0,23.14118362776538,145.415,48.0,1,1460,3721,3523,6.432948132222521,36.53071975708008,38.565860748291016,36.0,2576,0.03794290870428085,0.08052846044301987,0.6922870196183821,2598,0.04075200483202934,0.0990376949310303,0.6981994087610858,2598,0.044984862208366394,0.1257147923111916,0.6981994087610858
146.0,100.0,supported,True,1.0,0.0,16.991362242353496,145.52,60.0,1,1461,4212,4035,5.715337132003799,37.018001556396484,39.37434387207031,42.0,2971,0.027004370465874672,0.054715950042009354,0.7053656220322887,2994,0.03055427223443985,0.06419774442911151,0.7108262108262108,2994,0.03674830123782158,0.07704277485609055,0.7108262108262108
146.1,100.0,supported,True,1.0,0.0,10.819697586876268,145.615,64.0,1,1462,3674,3582,6.409090909090909,36.101558685302734,39.979209899902344,44.0,2766,0.033875882625579834,0.047828661277890205,0.7528579205225912,2776,0.03924444317817688,0.052280526608228683,0.7555797495917257,2776,0.05359211936593056,0.08352639898657799,0.7555797495917257
146.2,100.0,supported,True,1.0,0.0,3.597884979371041,145.725,52.0,1,1463,3500,3410,5.777428571428572,35.850181579589844,41.34822463989258,38.0,2419,0.03660496324300766,0.05084828287363053,0.6911428571428572,2429,0.04162504896521568,0.051887294650077825,0.694,2429,0.05437846481800079,0.08094450533390046,0.694
146.3,100.0,supported,True,1.0,0.0,8.037732410775133,145.825,64.0,1,1464,5156,5084,6.582234290147401,35.974998474121094,44.22096252441406,44.0,4169,0.02743498980998993,0.04798477068543435,0.8085725368502715,4180,0.030568955466151237,0.051322336122393605,0.8107059736229635,4180,0.042212627828121185,0.09070667251944539,0.8107059736229635
146.4,100.0,supported,True,1.0,0.0,4.148262447863105,145.93,64.0,1,1465,5425,5391,6.169769585253456,36.66984939575195,38.85211181640625,44.0,4311,0.023944934830069542,0.031427182257175446,0.7946543778801843,4322,0.02666781283915043,0.04854596741497517,0.7966820276497696,4322,0.04283303767442703,0.14102468937635423,0.7966820276497696
146.5,100.0,supported,True,1.0,0.0,8.971745523329636,146.025,52.0,1,1466,4029,3970,5.444775378505833,36.870384216308594,39.12386703491211,38.0,2701,0.023203320801258087,0.029362119734287262,0.6703896748572847,2727,0.02572045847773552,0.03163722902536392,0.676842889054356,2727,0.029997874051332474,0.07024724483489991,0.676842889054356
146.6,100.0,supported,True,1.0,0.0,4.037399195877365,146.125,72.0,1,1467,5023,4903,5.9098148516822615,36.94521713256836,38.8665771484375,48.0,3688,0.01984255388379097,0.027876992523670197,0.7342225761497113,3717,0.022724924609065056,0.04338554516434671,0.7399960183157476,3719,0.029489170759916306,0.11610271036624908,0.7403941867409914
146.7,100.0,supported,True,1.0,0.0,9.596608136436668,146.225,76.0,1,1468,6494,6332,6.2631659993840465,36.872615814208984,39.36392593383789,50.0,5113,0.02003120817244053,0.028335255011916163,0.7873421619956883,5133,0.022398995235562325,0.03001267239451409,0.7904219279334771,5133,0.026842480525374413,0.03469806388020515,0.7904219279334771
146.8,100.0,supported,True,1.0,0.0,4.561193034590968,146.33,76.0,1,1469,5150,4646,5.543883495145631,36.70313262939453,38.332008361816406,50.0,3213,0.020289959385991096,0.02756381891667843,0.623883495145631,3245,0.024015316739678383,0.03334389850497245,0.6300970873786408,3245,0.030648231506347656,0.07203103601932523,0.6300970873786408
146.9,100.0,supported,True,1.0,4.0,12.791472542337138,146.43,20.0,1,1470,1589,1521,5.571428571428571,35.08481979370117,37.548095703125,22.0,956,0.025533225387334824,0.04367753677070141,0.6016362492133417,969,0.031144194304943085,0.05373974293470383,0.6098174952800504,969,0.04764346778392792,0.12328456193208695,0.6098174952800504
147.0,100.0,supported,True,1.0,4.0,12.734619652673606,146.525,40.0,1,1471,2609,2551,6.001533154465313,35.001094818115234,37.984397888183594,32.0,1922,0.033483803272247314,0.04823497161269189,0.7366807205825987,1931,0.03844250738620758,0.05987226590514183,0.7401303181295515,1931,0.056766338646411896,0.1050373911857605,0.7401303181295515
147.1,100.0,supported,True,1.0,0.0,41.07436482271585,146.61,52.0,1,1472,4147,4117,7.548107065348445,35.92458724975586,36.924842834472656,38.0,3763,0.035619474947452545,0.051207121461629874,0.9074029418857005,3766,0.03847227245569229,0.05675801262259483,0.9081263564022185,3766,0.04445832967758179,0.06856602802872658,0.9081263564022185
147.2,100.0,supported,True,1.0,0.0,58.216177632041045,146.81,44.0,1,1473,3659,3639,7.392730254167805,35.21786117553711,37.615989685058594,34.0,3208,0.028505343943834305,0.04965985082089903,0.8767422793112872,3213,0.03282398357987404,0.058900871127843896,0.8781087728887674,3213,0.04453204572200775,0.08659259229898454,0.8781087728887674
147.3,100.0,supported,True,1.0,4.0,10.743801853296304,146.895,36.0,1,1474,1737,1652,4.827864133563615,34.713253021240234,37.87840270996094,30.0,963,0.034173667430877686,0.06665535569190979,0.5544041450777202,976,0.04038289934396744,0.0823328010737896,0.56188831318365,976,0.05839432775974274,0.13804670423269272,0.56188831318365
147.4,100.0,supported,True,1.0,0.0,25.27188617997822,146.995,48.0,1,1475,2690,2536,4.439033457249071,34.52840042114258,39.964195251464844,36.0,1418,0.0388515405356884,0.06549528762698173,0.5271375464684015,1441,0.046013154089450836,0.07985784858465195,0.5356877323420074,1441,0.05868701636791229,0.15757900476455688,0.5356877323420074
147.5,100.0,supported,True,1.0,4.0,3.10077415120914,147.09,52.0,2,1476,2386,2286,5.282481139983235,35.37699508666992,37.37220001220703,38.0,1473,0.03278062865138054,0.04928862527012824,0.6173512154233026,1490,0.04148635268211365,0.05811924934387209,0.6244761106454317,1490,0.06243272125720978,0.10198144465684894,0.6244761106454317
147.6,100.0,supported,True,1.0,0.0,5.056975232353365,147.19,68.0,1,1477,3175,3048,6.3108661417322836,35.10640335083008,37.52750015258789,46.0,2366,0.030789650976657867,0.04203995130956173,0.7451968503937008,2372,0.03565303608775139,0.05282538086175919,0.7470866141732283,2372,0.05566643550992012,0.10016134902834894,0.7470866141732283
147.7,100.0,supported,True,1.0,4.0,9.401663800041675,147.285,96.0,1,1478,3614,3456,5.299114554510238,34.91307830810547,37.98695755004883,60.0,2228,0.02613029070198536,0.038866753876209255,0.616491422246818,2254,0.031680211424827576,0.05985710360109807,0.6236856668511345,2254,0.04624137282371521,0.11310949176549911,0.6236856668511345
147.8,100.0,multiple_channels,False,1.0,4.0,8.119265055141092,147.385,24.0,2,1479,1853,1809,7.524015110631408,35.509647369384766,36.857826232910156,24.0,1473,0.027452388778328896,0.03916557803750038,0.7949271451699946,1482,0.032080452889204025,0.04408218078315259,0.7997841338370211,1482,0.040619056671857834,0.07278818413615228,0.7997841338370211
147.9,100.0,supported,True,1.0,0.0,12.209827276454432,147.485,48.0,1,1480,2491,2406,8.869931754315536,34.748687744140625,37.67656326293945,36.0,2056,0.027954302728176117,0.04063026048243046,0.8253713368125251,2062,0.032895226031541824,0.042856761068105695,0.8277800080289041,2062,0.04005773738026619,0.07090268582105637,0.8277800080289041
148.0,100.0,supported,True,1.0,4.0,30.609102842257954,147.575,28.0,1,1481,1250,1225,7.9952,33.808326721191406,37.25615310668945,26.0,989,0.029584279283881187,0.04162273332476616,0.7912,993,0.03612572327256203,0.046281452476978305,0.7944,993,0.055533234030008316,0.09568327665328982,0.7944
148.1,100.0,supported,True,1.0,0.0,13.638201131033663,147.67,48.0,1,1482,3126,3046,7.116762635956494,33.49885940551758,35.75886535644531,36.0,2347,0.04046661779284477,0.053787401318550115,0.7507997440818938,2356,0.045000530779361725,0.05592932179570198,0.7536788227767115,2356,0.05487974360585213,0.10554365068674088,0.7536788227767115
148.2,100.0,supported,True,1.0,0.0,7.474759763338117,147.77,40.0,1,1483,3771,3724,8.345531689207107,34.015316009521484,36.11803436279297,32.0,3307,0.040191978216171265,0.057264490425586706,0.8769557146645452,3321,0.04329169914126396,0.05852491408586502,0.8806682577565632,3321,0.048165492713451385,0.06721680611371994,0.8806682577565632
148.3,100.0,supported,True,1.0,0.0,13.317045738199768,147.87,56.0,1,1484,3999,3949,6.137784446111528,33.913787841796875,36.16630172729492,40.0,3166,0.04079060256481171,0.0730942152440548,0.7916979244811203,3176,0.05116391181945801,0.0710630975663662,0.7941985496374093,3176,0.057519081979990005,0.08244163915514946,0.7941985496374093
148.4,100.0,supported,True,1.0,0.0,10.497922472779592,147.965,56.0,1,1485,3934,3835,7.635231316725979,33.495399475097656,36.46881866455078,40.0,3141,0.03589514270424843,0.06938854604959488,0.7984239959328927,3154,0.04497560113668442,0.0687543883919716,0.8017285205897305,3155,0.04968299716711044,0.07717358618974685,0.8019827147941027
148.5,100.0,supported,True,1.0,0.0,9.427763089599864,148.065,56.0,1,1486,4917,4850,6.624567825910108,33.53182601928711,36.726585388183594,40.0,4018,0.027222953736782074,0.05847718268632889,0.8171649379703071,4027,0.0308563020080328,0.05906168967485428,0.818995322351027,4027,0.039776407182216644,0.06779964566230774,0.818995322351027
148.6,100.0,supported,True,1.0,0.0,11.073343509472137,148.165,64.0,1,1487,4894,4681,5.887208827135268,34.15159606933594,37.18612289428711,44.0,3623,0.023850075900554657,0.030065597593784334,0.7402942378422558,3637,0.026580439880490303,0.0330599881708622,0.7431548835308541,3637,0.03203832358121872,0.06919839531183243,0.7431548835308541
148.7,100.0,supported,True,1.0,0.0,2.363034349470789,148.265,24.0,1,1488,2052,1843,4.3011695906432745,33.588104248046875,35.497501373291016,24.0,1024,0.021811354905366898,0.03029911983758211,0.49902534113060426,1043,0.026637334376573563,0.04671653285622597,0.5082846003898636,1044,0.042477525770664215,0.09096443206071861,0.5087719298245614
148.8,100.0,supported,True,1.0,0.0,2.0394768060984836,148.365,16.0,1,1489,1225,1180,5.403265306122449,33.23128128051758,35.53366470336914,20.0,749,0.03255564346909523,0.05176502317190171,0.6114285714285714,752,0.0405096560716629,0.05776072405278681,0.6138775510204082,752,0.05954144895076752,0.09320038333535194,0.6138775510204082
148.9,100.0,supported,True,1.0,0.0,5.4865853387944075,148.465,24.0,1,1490,1438,1414,6.601529902642559,32.909423828125,36.869422912597656,24.0,1072,0.027427632361650467,0.03880397155880928,0.7454798331015299,1081,0.03275151923298836,0.04820745438337326,0.7517385257301809,1081,0.05995025113224983,0.1070682480931282,0.7517385257301809
149.0,100.0,supported,True,1.0,0.0,9.265618282771591,148.56,40.0,1,1491,2582,2544,6.254066615027111,32.85589599609375,35.6342887878418,32.0,2070,0.023539531975984573,0.03134933076798916,0.801704105344694,2079,0.028554851189255714,0.03754777163267135,0.8051897753679318,2079,0.04486004635691643,0.0799813762307167,0.8051897753679318
149.1,100.0,supported,True,1.0,0.0,2.719836249511956,148.66,28.0,1,1492,2658,2588,5.74040632054176,32.974220275878906,35.38877868652344,26.0,1850,0.025421174243092537,0.03331400975584984,0.6960120391271633,1859,0.030347762629389763,0.04017091318964958,0.699398043641836,1859,0.04683953523635864,0.07221383005380631,0.699398043641836
149.2,100.0,supported,True,1.0,0.0,4.5303143308386895,148.76,52.0,1,1493,3739,3651,5.528483551751806,33.781471252441406,35.800559997558594,38.0,2565,0.02642238512635231,0.03501749411225319,0.6860123027547472,2577,0.03185569867491722,0.04107979461550713,0.6892217170366408,2577,0.047720082104206085,0.08350853770971298,0.6892217170366408
149.3,100.0,supported,True,1.0,0.0,4.381004933031108,148.86,32.0,1,1494,1858,1808,5.339612486544672,33.89295959472656,35.17633056640625,28.0,1113,0.027005411684513092,0.03804615065455437,0.5990312163616792,1129,0.030697323381900787,0.03978237956762314,0.6076426264800862,1129,0.03786547854542732,0.05093670710921287,0.6076426264800862
149.4,100.0,supported,True,1.0,0.0,9.73313789407579,148.96,24.0,1,1495,1345,1317,4.780669144981412,33.434024810791016,35.226444244384766,24.0,686,0.025189949199557304,0.03715403564274311,0.5100371747211896,698,0.030835386365652084,0.04297899156808857,0.5189591078066914,698,0.050579048693180084,0.09569101184606554,0.5189591078066914
149.5,100.0,supported,True,1.0,0.0,6.726736070119176,149.06,32.0,1,1496,1525,1425,4.401967213114754,32.738426208496094,34.523895263671875,28.0,759,0.030532948672771454,0.045122026652097705,0.4977049180327869,771,0.038214586675167084,0.0749937891960144,0.5055737704918033,771,0.06509362906217575,0.15076696872711182,0.5055737704918033
149.6,100.0,supported,True,1.0,0.0,4.857281843133494,149.16,36.0,1,1497,3127,3063,6.177806204029421,32.3012809753418,34.53242111206055,30.0,2329,0.030629314482212067,0.04984830990433693,0.7448033258714423,2336,0.038584157824516296,0.07055621221661568,0.7470418931883595,2336,0.06601734459400177,0.16057085990905762,0.7470418931883595
149.7,100.0,supported,True,1.0,0.0,22.46666058626706,149.255,32.0,1,1498,2436,2386,8.17816091954023,32.643856048583984,35.394859313964844,28.0,2162,0.02706766128540039,0.03790333159267903,0.8875205254515599,2169,0.029989881440997124,0.044966486096382145,0.8903940886699507,2169,0.041985709220170975,0.0871888592839241,0.8903940886699507
149.8,100.0,supported,True,1.0,0.0,80.01285130086109,149.305,24.0,1,1499,1286,1261,8.217729393468119,32.543365478515625,34.77237319946289,24.0,1107,0.03288557752966881,0.060490493476390836,0.8608087091757387,1110,0.04145658388733864,0.08032274469733239,0.8631415241057543,1110,0.06758473813533783,0.1627411350607872,0.8631415241057543
149.9,100.0,multiple_channels,False,1.0,0.0,112.36690207912197,149.36,84.0,2,1500,4649,3924,3.98537319853732,31.733617782592773,35.24582290649414,54.0,1690,0.07165355980396271,0.22069967836141594,0.36351903635190363,1740,0.08544329553842545,0.2424410060048104,0.3742740374274037,1740,0.12188567221164703,0.31051781177520754,0.3742740374274037
150.0,100.0,supported,True,1.0,0.0,70.23215440457578,149.44,80.0,1,1501,6535,5687,3.512318286151492,31.69856834411621,34.261749267578125,52.0,1892,0.142438143491745,0.3387588649988175,0.28951798010711555,1984,0.1691407561302185,0.4039601653814316,0.3035960214231064,1984,0.20856218039989471,0.42706082165241244,0.3035960214231064
150.1,100.0,supported,True,1.0,0.0,9.828504656327802,149.515,96.0,1,1502,8588,8440,5.860153702841174,31.797021865844727,33.82479476928711,60.0,5574,0.19329677522182465,0.32294070422649385,0.6490451793199814,5623,0.20849071443080902,0.381309062242508,0.6547508150908244,5623,0.21747449040412903,0.3895134270191193,0.6547508150908244
150.2,100.0,supported,True,1.0,0.0,11.71367964637914,149.61,92.0,1,1503,8124,8098,5.951624815361891,32.331268310546875,33.7623291015625,58.0,6104,0.15238460898399353,0.2965276151895523,0.7513540128015755,6122,0.16289567947387695,0.32058793604373936,0.7535696701132447,6122,0.17279058694839478,0.32645663619041454,0.7535696701132447
150.3,100.0,multiple_channels,False,1.0,0.0,27.748979930010396,149.71,76.0,2,1504,6141,6083,6.666992346523368,32.692413330078125,33.67481994628906,50.0,5125,0.08352094143629074,0.1856809318065644,0.8345546327959615,5130,0.08926095068454742,0.19099010676145553,0.8353688324377138,5130,0.09508564323186874,0.19137656241655351,0.8353688324377138
150.4,100.0,supported,True,1.0,0.0,15.679998543771385,149.815,60.0,1,1505,3448,3201,6.111658932714617,31.4550724029541,34.11259841918945,42.0,2163,0.02385088801383972,0.15055326521396636,0.6273201856148491,2178,0.02904851734638214,0.18099636584520337,0.6316705336426914,2178,0.036291297525167465,0.24181125909090043,0.6316705336426914
150.5,100.0,supported,True,1.0,0.0,20.778633932072793,149.915,44.0,1,1506,3585,3251,3.9311018131101814,31.125598907470703,33.51144027709961,34.0,1295,0.09732922166585922,0.3115969240665436,0.3612273361227336,1359,0.1136067733168602,0.3852846026420593,0.3790794979079498,1359,0.1485145092010498,0.4149959087371827,0.3790794979079498
150.6,100.0,supported,True,1.0,0.0,17.20718147248906,150.015,48.0,1,1507,4762,4383,3.717135657286854,31.15460205078125,33.63994598388672,36.0,1559,0.12096580862998962,0.3506264626979828,0.3273834523309534,1643,0.1533437967300415,0.5226321101188659,0.34502309953800925,1643,0.1928226202726364,0.5750669121742246,0.34502309953800925
150.7,100.0,supported,True,1.0,0.0,25.58138206065944,150.115,72.0,1,1508,6138,5889,3.8642880417073964,31.307523727416992,33.61648941040039,48.0,2164,0.1678820252418518,0.34855460822582246,0.35255783642880417,2263,0.19132691621780396,0.3760779082775116,0.3686868686868687,2263,0.22300072014331818,0.3647777378559112,0.3686868686868687
150.8,100.0,supported,True,1.0,0.0,48.76376007217653,150.205,72.0,1,1509,6501,6469,6.424857714197816,32.11753463745117,33.281864166259766,48.0,5330,0.10502291470766068,0.21804764270782478,0.8198738655591448,5339,0.1105080395936966,0.2294649988412857,0.8212582679587755,5339,0.11364077031612396,0.23584918975830074,0.8212582679587755
150.9,100.0,supported,True,1.0,0.0,64.06332894327355,150.305,48.0,1,1510,4301,4276,7.2359916298535225,32.43008804321289,33.12286376953125,36.0,3903,0.06238086521625519,0.12899193465709688,0.9074633806091607,3906,0.06577684730291367,0.13031313568353653,0.9081608928156243,3906,0.0728917270898819,0.12564316391944885,0.9081608928156243
151.0,100.0,supported,True,1.0,0.0,91.81713690181945,150.485,52.0,1,1511,3993,3931,7.011770598547458,32.420570373535156,33.329833984375,38.0,3507,0.08980865031480789,0.15909756124019622,0.8782870022539444,3514,0.09602080285549164,0.15920888036489486,0.8800400701227148,3514,0.10583040118217468,0.15617401748895646,0.8800400701227148
151.1,100.0,supported,True,1.0,0.0,65.69654175474318,150.585,40.0,1,1512,3329,3300,6.735956743766897,32.40930938720703,33.27767562866211,32.0,2800,0.05684179812669754,0.14364039152860641,0.8410934214478822,2802,0.058894164860248566,0.14666787534952164,0.8416942024632021,2802,0.06107662618160248,0.15036572813987734,0.8416942024632021
151.2,100.0,supported,True,1.0,0.0,14.632747650257171,150.67,56.0,1,1513,3704,3560,5.690604751619871,31.07453727722168,34.09187698364258,40.0,2580,0.04860440641641617,0.10176901817321778,0.6965442764578834,2590,0.054205670952796936,0.11964934915304182,0.699244060475162,2590,0.06081770732998848,0.20084253102540967,0.699244060475162
151.3,100.0,supported,True,1.0,0.0,10.291456028691222,150.77,52.0,1,1514,3051,2794,4.486397902327106,31.297651290893555,38.04913330078125,38.0,1661,0.02786421962082386,0.045330941677093506,0.5444116683054736,1675,0.03233461081981659,0.04532470926642418,0.5490003277613897,1675,0.040846411138772964,0.05543642044067385,0.5490003277613897
151.4,100.0,supported,True,1.0,4.0,25.019702587830757,150.865,56.0,1,1515,3039,2661,3.4633102994406055,31.131668090820312,35.443904876708984,40.0,1057,0.03630838170647621,0.10629691481590264,0.34781178019085224,1074,0.0426517128944397,0.13496313095092782,0.35340572556762095,1074,0.05691350996494293,0.2294160217046738,0.35340572556762095
151.5,100.0,supported,True,1.0,0.0,27.126742755067333,150.97,60.0,1,1516,2768,2397,3.2803468208092488,31.024250030517578,33.988853454589844,42.0,862,0.057462356984615326,0.17707820534706112,0.31141618497109824,889,0.08045148849487305,0.20452627241611487,0.3211705202312139,889,0.11585982888936996,0.2773550868034364,0.3211705202312139
151.6,100.0,supported,True,1.0,0.0,18.006775345774944,151.065,80.0,1,1517,3121,2622,3.5113745594360783,31.070903778076172,34.526268005371094,52.0,1158,0.059226468205451965,0.1628633663058281,0.37103492470362065,1175,0.07052049040794373,0.1758785545825959,0.37648189682793975,1176,0.09170782566070557,0.18598537147045135,0.37680230695289973
151.7,100.0,supported,True,1.0,0.0,31.286910448099068,151.16,100.0,1,1518,5792,5457,4.983943370165746,30.96050453186035,34.90714645385742,62.0,3150,0.035985372960567474,0.058241903036832805,0.543853591160221,3205,0.040487367659807205,0.06827591806650161,0.5533494475138122,3205,0.05156842619180679,0.08790614157915111,0.5533494475138122
151.8,100.0,supported,True,1.0,0.0,6.778910618838343,151.265,108.0,1,1519,9714,9639,6.682828906732551,31.37398910522461,33.05850601196289,66.0,8447,0.03391220048069954,0.08965094834566119,0.8695696932262713,8456,0.037184201180934906,0.10120223835110664,0.8704961910644431,8456,0.045763954520225525,0.10706226155161858,0.8704961910644431
151.9,100.0,supported,True,1.0,0.0,9.631472978192797,151.36,92.0,1,1520,8080,7985,5.178217821782178,31.893409729003906,33.04139709472656,58.0,5102,0.11333489418029785,0.21704622209072114,0.6314356435643564,5157,0.11949771642684937,0.22521929144859323,0.6382425742574257,5157,0.12541702389717102,0.2213511645793915,0.6382425742574257
152.0,100.0,supported,True,1.0,0.0,12.565587268132443,151.465,112.0,1,1521,7236,6731,5.776257600884467,30.68790626525879,38.467140197753906,68.0,4530,0.03265238553285599,0.06042013503611088,0.6260364842454395,4595,0.03660796210169792,0.06478014886379246,0.6350193477059148,4596,0.04541882500052452,0.0753370150923729,0.6351575456053068
152.1,100.0,supported,True,1.0,0.0,29.225960022745166,151.555,48.0,1,1522,2030,1906,5.972906403940887,30.610271453857422,38.994163513183594,36.0,1355,0.02805897407233715,0.04511696472764016,0.6674876847290641,1368,0.03407985344529152,0.05500780120491981,0.6738916256157635,1368,0.04971909523010254,0.10454625487327573,0.6738916256157635
152.2,100.0,supported,True,1.0,0.0,3.725439507741225,151.65,80.0,1,1523,2564,2218,3.120514820592824,30.59687042236328,32.86437225341797,52.0,705,0.043755702674388885,0.1416651815176011,0.2749609984399376,722,0.05637037381529808,0.2717570424079895,0.28159126365054604,722,0.09684357792139053,0.4393526464700699,0.28159126365054604
152.3,100.0,supported,True,1.0,0.0,14.037245192985782,151.75,52.0,1,1524,1440,1218,3.2152777777777777,30.69265365600586,33.82866287231445,38.0,442,0.06445066630840302,0.20792818516492848,0.30694444444444446,450,0.10071226954460144,0.27359818518161777,0.3125,415,0.22290794551372528,0.4361699163913727,0.2881944444444444
152.4,100.0,supported,True,1.0,0.0,23.396940887103465,151.855,108.0,1,1525,6469,6306,5.548307311794713,30.701663970947266,32.997737884521484,66.0,3678,0.03863883018493652,0.11737124621868135,0.5685577368990571,3664,0.046450626105070114,0.14674982577562334,0.5663935693306539,3371,0.06942114233970642,0.15730945765972137,0.5211006337919307
152.5,100.0,supported,True,1.0,0.0,32.48773987180848,151.94,88.0,1,1526,7578,7539,7.050936922670889,31.17922019958496,32.85162353515625,56.0,6416,0.07026025652885437,0.1569768786430359,0.8466613882290842,6421,0.08845265954732895,0.15698544681072235,0.8473211929268937,6421,0.10452158004045486,0.15685361623764038,0.8473211929268937
152.6,100.0,supported,True,1.0,0.0,92.36161321361942,152.02,64.0,1,1527,4909,4850,5.714605826033815,32.10060501098633,32.790184020996094,44.0,3748,0.0666695237159729,0.1108458086848259,0.7634956202892647,3760,0.07368224859237671,0.11401753574609756,0.7659401100020371,3760,0.0808417946100235,0.11394896507263183,0.7659401100020371
152.7,100.0,supported,True,1.0,0.0,132.99061465542306,152.135,44.0,1,1528,3426,3331,5.646234676007006,31.96318817138672,32.7174186706543,34.0,2487,0.044393010437488556,0.07616045475006103,0.7259194395796847,2498,0.04872860759496689,0.07801981270313264,0.7291301809690601,2498,0.05582547187805176,0.07862111032009125,0.7291301809690601
152.8,100.0,supported,True,1.0,0.0,105.25482979474096,152.315,56.0,1,1529,3838,3691,5.250651380927566,31.548776626586914,32.77568817138672,40.0,2488,0.061335835605859756,0.09846265688538551,0.6482542991141219,2511,0.0657392293214798,0.09965993463993073,0.6542470036477332,2512,0.0736067146062851,0.09669793769717218,0.6545075560187598
152.9,100.0,supported,True,1.0,0.0,82.14692860435117,152.4,64.0,1,1530,5417,5402,6.371792505076611,31.181901931762695,32.246620178222656,44.0,4137,0.08056624978780746,0.12755998075008393,0.7637068488093041,4147,0.08716682344675064,0.12795607149600982,0.7655528890529814,4147,0.0962209701538086,0.1292905479669571,0.7655528890529814
153.0,100.0,supported,True,1.0,0.0,43.61398364327797,152.54,68.0,1,1531,6233,6203,6.047007861382962,30.292160034179688,32.11725616455078,46.0,4903,0.0482930950820446,0.10046484321355827,0.786619605326488,4919,0.05208378657698631,0.10624897032976148,0.789186587518049,4919,0.061943553388118744,0.11145258545875546,0.789186587518049
153.1,100.0,multiple_channels,False,1.0,0.0,5.917733147664627,152.635,40.0,2,1532,2936,2861,5.75783378746594,29.870195388793945,32.13998031616211,32.0,1951,0.04347175359725952,0.05776500329375267,0.6645095367847411,1969,0.04750170186161995,0.06310214698314667,0.6706403269754768,1969,0.05581634119153023,0.09766671806573869,0.6706403269754768
153.2,100.0,supported,True,1.0,0.0,10.230936225690321,152.735,92.0,1,1533,5204,4271,2.858186010760953,29.94959259033203,33.81902313232422,58.0,1185,0.046840935945510864,0.09889362901449208,0.22770945426594927,1210,0.06896527856588364,0.13981076925992977,0.23251345119139125,1210,0.15139929950237274,0.3822027981281281,0.23251345119139125
153.3,100.0,supported,True,1.0,0.0,11.214880675253763,152.835,112.0,1,1534,9054,8672,4.444444444444445,29.824939727783203,33.277870178222656,68.0,4440,0.04751147702336311,0.15131330043077468,0.49039098740888004,4484,0.06250430643558502,0.1773007169365883,0.4952507179147338,4484,0.10008350759744644,0.23513199836015702,0.4952507179147338
153.4,100.0,supported,True,1.0,0.0,7.739830276260055,152.935,124.0,1,1535,10744,10706,6.786020104244229,29.976686477661133,32.32991027832031,74.0,9175,0.042819343507289886,0.09242528825998306,0.8539650037230082,9182,0.048319123685359955,0.10337275117635726,0.8546165301563663,9182,0.060774948447942734,0.13931895643472667,0.8546165301563663
153.5,100.0,supported,True,1.0,0.0,3.0737507177112158,153.035,88.0,1,1536,7403,7382,9.27988653248683,30.87815284729004,32.19031524658203,56.0,7206,0.08264707028865814,0.21369019895792007,0.9733891665540997,7209,0.09096688032150269,0.21761075556278225,0.9737944076725652,7209,0.09884331375360489,0.214257350564003,0.9737944076725652
153.6,100.0,supported,True,1.0,0.0,15.349403019707792,153.13,76.0,1,1537,6882,6814,8.599535018889858,31.346036911010742,32.17277145385742,50.0,6511,0.03190351277589798,0.08025389164686203,0.9460912525428654,6515,0.034908123314380646,0.08220460563898087,0.9466724789305434,6515,0.04386788606643677,0.08618601709604264,0.9466724789305434
153.7,100.0,supported,True,1.0,0.0,15.128985365633493,153.235,64.0,1,1538,5180,5126,8.134942084942084,31.573244094848633,32.08119201660156,44.0,4817,0.04811723902821541,0.09150170534849177,0.9299227799227799,4822,0.05153007060289383,0.09323285594582557,0.9308880308880308,4822,0.05644403398036957,0.09245273023843767,0.9308880308880308
153.8,100.0,supported,True,1.0,0.0,60.60727904713741,153.345,16.0,1,1539,1566,1510,7.952745849297574,31.105178833007812,32.05840301513672,20.0,1342,0.02876659482717514,0.055825467035174374,0.8569604086845466,1346,0.03491416573524475,0.06890172511339188,0.859514687100894,1346,0.049696654081344604,0.09550943970680237,0.859514687100894
153.9,100.0,supported,True,1.0,0.0,147.11616255572164,153.395,24.0,1,1540,1391,1344,7.1610352264557875,30.2669734954834,35.708683013916016,24.0,1140,0.03086097165942192,0.05353606119751936,0.8195542774982028,1143,0.042150259017944336,0.08214167803525925,0.8217109992810927,1143,0.08198638260364532,0.1824698001146316,0.8217109992810927
154.0,100.0,supported,True,1.0,0.0,178.19111084629643,153.445,16.0,1,1541,1404,1355,8.002849002849002,30.295978546142578,33.869834899902344,20.0,1146,0.035063259303569794,0.08996950089931488,0.8162393162393162,1148,0.04107463359832764,0.11123048067092896,0.8176638176638177,1148,0.07424680888652802,0.18744741678237906,0.8176638176638177
154.1,100.0,supported,True,1.0,0.0,197.18309977925912,153.545,32.0,1,1542,1942,1906,8.354788877445932,30.208677291870117,32.676902770996094,28.0,1718,0.050504304468631744,0.07308146059513092,0.8846549948506695,1721,0.057112038135528564,0.08757606148719788,0.8861997940267765,1721,0.07790596783161163,0.14948619902133942,0.8861997940267765
154.2,100.0,supported,True,1.0,0.0,192.34539265159142,153.7,36.0,1,1543,2228,2176,8.855924596050269,30.012596130371094,31.155397415161133,30.0,1988,0.03578534722328186,0.07535734176635742,0.8922800718132855,1993,0.04161283001303673,0.09329278916120529,0.894524236983842,1993,0.0614151768386364,0.1328554570674896,0.894524236983842
154.3,100.0,supported,True,1.0,0.0,185.86629427405637,153.785,56.0,1,1544,3283,3114,7.435881815412732,29.07720184326172,31.245180130004883,40.0,2573,0.037660226225852966,0.06565250009298325,0.7837343892780994,2584,0.0466114804148674,0.08504950031638148,0.7870849832470301,2584,0.07725568115711212,0.1499128803610802,0.7870849832470301
154.4,100.0,supported,True,1.0,0.0,195.12861857600686,153.85,56.0,1,1545,4282,4239,8.688229799159272,29.0362548828125,31.643760681152344,40.0,4021,0.03732123225927353,0.07622360438108444,0.9390471742176553,4023,0.04427341744303703,0.095315720140934,0.939514245679589,4023,0.07000929862260818,0.16302775144577028,0.939514245679589
154.5,100.0,supported,True,1.0,0.0,204.81029414097898,153.95,60.0,1,1546,4746,4730,8.821112515802781,29.128400802612305,34.699039459228516,42.0,4631,0.04198747128248215,0.2699350416660309,0.9757690686894227,4633,0.048126157373189926,0.26889522671699523,0.9761904761904762,4633,0.08623431622982025,0.25067214965820317,0.9761904761904762
154.6,100.0,supported,True,1.0,0.0,203.95408826966286,154.115,56.0,1,1547,5123,5093,10.369314854577397,29.338973999023438,31.675640106201172,40.0,4951,0.037968672811985016,0.053061675280332565,0.9664259223111458,4954,0.04107535630464554,0.05884257107973099,0.9670115166894397,4954,0.051643308252096176,0.09040655270218848,0.9670115166894397
154.7,100.0,supported,True,1.0,0.0,194.54996895637615,154.215,56.0,1,1548,4993,4978,11.206889645503706,29.77680015563965,31.063568115234375,40.0,4912,0.03758852928876877,0.05715075172483921,0.9837772882034849,4913,0.042818475514650345,0.06062236353754998,0.9839775685960345,4913,0.053926561027765274,0.07926336079835891,0.9839775685960345
154.8,100.0,supported,True,1.0,0.0,182.7202633387782,154.315,68.0,1,1549,5520,5509,11.523913043478261,29.766666412353516,31.197975158691406,46.0,5443,0.03638981655240059,0.05154229924082756,0.9860507246376812,5444,0.040129952132701874,0.053735495731234546,0.986231884057971,5444,0.0476502999663353,0.06805760711431502,0.986231884057971
154.9,100.0,supported,True,1.0,0.0,167.57840052096836,154.41,68.0,1,1550,5989,5961,11.67824344631825,29.521230697631836,31.95414161682129,46.0,5888,0.03466153144836426,0.0595833744853735,0.9831357488729338,5888,0.0380936898291111,0.06788149476051332,0.9831357488729338,5888,0.04640916734933853,0.09929433539509774,0.9831357488729338
155.0,100.0,supported,True,1.0,0.0,154.6323769722531,154.51,72.0,1,1551,6150,6109,11.282764227642277,29.958757400512695,32.41330337524414,48.0,5988,0.04103358834981918,0.07859296202659607,0.9736585365853658,5993,0.04635662958025932,0.08279891908168793,0.9744715447154472,5993,0.057190246880054474,0.08899488747119905,0.9744715447154472
155.1,100.0,supported,True,1.0,0.0,130.18890381956413,154.62,60.0,1,1552,4322,4212,10.002082369273484,30.199607849121094,30.848297119140625,42.0,3913,0.03739289194345474,0.05842549502849579,0.9053678852383156,3920,0.040488675236701965,0.060279444232583045,0.906987505784359,3920,0.04920249804854393,0.06878139227628707,0.906987505784359
155.2,100.0,supported,True,1.0,0.0,96.01320080562803,154.715,40.0,1,1553,3014,2984,8.950895819508958,29.882469177246094,30.64260482788086,32.0,2843,0.04096356779336929,0.06330689340829851,0.9432647644326476,2849,0.04589072987437248,0.06546256095170978,0.9452554744525548,2849,0.05567453056573868,0.07578045278787614,0.9452554744525548
155.3,100.0,supported,True,1.0,0.0,66.83479807562259,154.785,40.0,1,1554,3020,2969,8.727152317880794,29.800769805908203,30.78363609313965,32.0,2717,0.03514803573489189,0.05237922817468643,0.8996688741721854,2722,0.0392647311091423,0.05468549467623235,0.9013245033112582,2722,0.04645421728491783,0.07009744569659233,0.9013245033112582
155.4,100.0,supported,True,1.0,0.0,69.24505728776481,154.895,36.0,1,1555,2777,2762,7.230104429240187,29.666166305541992,31.17530059814453,30.0,2423,0.058052171021699905,0.13360081613063818,0.8725243068059056,2425,0.06470145285129547,0.1374743640422821,0.8732445084623695,2425,0.08126608282327652,0.13520961999893188,0.8732445084623695
155.5,100.0,supported,True,1.0,0.0,67.75456758860682,154.985,56.0,1,1556,4266,4207,6.07149554617909,29.555402755737305,30.561494827270508,40.0,3174,0.08943784236907959,0.20182543694972993,0.7440225035161744,3186,0.10285912454128265,0.2031935602426529,0.7468354430379747,3186,0.12493428587913513,0.20076802372932434,0.7468354430379747
155.6,100.0,supported,True,1.0,0.0,61.89895809413619,155.11,68.0,1,1557,5641,5596,5.3736926076936715,29.743337631225586,30.559646606445312,46.0,3716,0.066658154129982,0.109600018709898,0.6587484488565857,3737,0.07535023987293243,0.11287435591220855,0.6624711930508775,3737,0.08365511894226074,0.11498609185218812,0.6624711930508775
155.7,100.0,supported,True,1.0,0.0,47.41119531736782,155.22,64.0,1,1558,5749,5692,3.8872847451730737,29.509815216064453,30.5749454498291,44.0,1825,0.07823993265628815,0.18018747270107272,0.31744651243694555,1916,0.0915527194738388,0.1892985925078392,0.33327535223517135,1916,0.10403475165367126,0.18897759914398193,0.33327535223517135
155.8,100.0,supported,True,1.0,0.0,10.045822897975793,155.32,104.0,1,1559,8483,8357,4.993516444654014,28.321020126342773,32.12958526611328,64.0,4761,0.07220098376274109,0.21427243947982788,0.5612401273134504,4817,0.09358199685811996,0.22417358458042144,0.567841565483909,4817,0.11241572350263596,0.22579869627952584,0.567841565483909
155.9,100.0,supported,True,1.0,0.0,4.932093480611582,155.42,92.0,1,1560,8608,8169,4.309595724907063,28.116239547729492,32.310211181640625,58.0,4063,0.04577169939875603,0.12503284215927127,0.47200278810408924,4113,0.055375125259160995,0.1506374269723893,0.4778113382899628,4113,0.07517413049936295,0.22347675859928143,0.4778113382899628
156.0,100.0,supported,True,1.0,0.0,2.5581736832646067,155.515,112.0,1,1561,10034,9759,4.404125971696232,28.148061752319336,36.46776580810547,68.0,4635,0.05287506431341171,0.37817825675010686,0.4619294399043253,4719,0.08625483512878418,0.4431974232196807,0.47030097667929044,4719,0.1768934428691864,0.45247998237609866,0.47030097667929044
156.1,100.0,supported,True,1.0,0.0,4.605403367988634,155.615,128.0,1,1562,11874,11791,4.952753916119252,28.598051071166992,33.8854866027832,76.0,7001,0.04064156860113144,0.2681293487548828,0.589607545898602,7034,0.0482700951397419,0.29513908326625826,0.5923867273033518,7035,0.057360630482435226,0.30419679880142214,0.5924709449216776
156.2,100.0,supported,True,1.0,0.0,13.039402945413254,155.715,152.0,1,1563,13228,13032,5.707136377381312,28.62038803100586,38.92135238647461,88.0,9696,0.029500391334295273,0.04386831447482109,0.7329906259449652,9722,0.03451552987098694,0.047046318650245667,0.734956153613547,9724,0.03994828462600708,0.055896295234561084,0.7351073480495918
156.3,100.0,multiple_channels,False,1.0,0.0,58.76879778513034,155.805,80.0,2,1564,6170,6077,6.276985413290113,29.80532455444336,30.542945861816406,52.0,5000,0.027479108422994614,0.035647421330213556,0.8103727714748784,5010,0.03165982663631439,0.038684428483247754,0.8119935170178282,5010,0.03806154429912567,0.04574317932128907,0.8119935170178282
156.4,100.0,multiple_channels,False,1.0,0.0,45.72602655291143,155.93,80.0,2,1565,7272,7131,8.04070407040704,29.219146728515625,32.682945251464844,52.0,6310,0.024088028818368912,0.03301745988428593,0.8677117711771177,6320,0.027707312256097794,0.03711271435022354,0.8690869086908691,6320,0.03414236381649971,0.05048665404319764,0.8690869086908691
156.5,100.0,supported,True,1.0,0.0,4.997387838518221,156.015,204.0,1,1566,12383,11809,9.164984252604377,28.858182907104492,33.447845458984375,114.0,10288,0.026548074558377266,0.037879598885774614,0.8308164418961479,10322,0.028938347473740578,0.04018555171787738,0.8335621416458048,10323,0.033332616090774536,0.052181252092123175,0.8336428975207947
156.6,100.0,supported,True,1.0,0.0,5.062280533342922,156.11,136.0,2,1567,11393,10975,10.139822698147986,29.171817779541016,32.09659194946289,80.0,9900,0.03607626259326935,0.04955331310629845,0.8689546212586676,9922,0.038322560489177704,0.053182043880224225,0.8708856315281313,9923,0.04479989781975746,0.061187562346458446,0.8709734047221979
156.7,100.0,supported,True,1.0,0.0,15.682720407269095,156.21,92.0,2,1568,7570,7411,11.425759577278733,29.715328216552734,30.596424102783203,58.0,6944,0.031163621693849564,0.039888635650277136,0.9173051519154557,6955,0.033499423414468765,0.04267602935433388,0.9187582562747688,6955,0.040374211966991425,0.052865044027566914,0.9187582562747688
156.8,100.0,multiple_channels,False,1.0,0.0,33.758171590341426,156.305,60.0,2,1569,4975,4803,9.547336683417086,29.689395904541016,30.451940536499023,42.0,4240,0.02755654603242874,0.03394041284918785,0.8522613065326633,4246,0.03065541386604309,0.03595517389476299,0.8534673366834171,4246,0.03655528649687767,0.04387044534087181,0.8534673366834171
156.9,100.0,supported,True,1.0,0.0,69.62955603963593,156.395,64.0,1,1570,5128,5065,8.304212168486739,28.448617935180664,30.148162841796875,44.0,4616,0.030996428802609444,0.039672788232564926,0.9001560062402496,4623,0.03377955034375191,0.04694134145975114,0.9015210608424337,4623,0.040317684412002563,0.09125935584306719,0.9015210608424337
157.0,100.0,supported,True,1.0,0.0,68.91489202418909,156.495,56.0,1,1571,4785,4744,6.622779519331243,28.587543487548828,30.21100616455078,40.0,4028,0.0380033440887928,0.08335230574011805,0.8417972831765935,4035,0.041814759373664856,0.08735810667276382,0.8432601880877743,4035,0.050906628370285034,0.09735305607318877,0.8432601880877743
157.1,100.0,supported,True,1.0,0.0,61.41265311985028,156.58,40.0,1,1572,3446,3350,6.320661636680209,29.3572940826416,29.87662696838379,32.0,2515,0.04911118745803833,0.08705656528472898,0.7298316889146836,2529,0.05184486135840416,0.08989674150943756,0.7338943702843876,2529,0.057630423456430435,0.09064447730779648,0.7338943702843876
157.2,100.0,multiple_channels,False,1.0,0.0,62.80570085416096,156.725,40.0,2,1573,3280,3174,7.025914634146342,29.23789405822754,29.84525489807129,32.0,2537,0.034429825842380524,0.06162940412759781,0.7734756097560975,2548,0.03695090115070343,0.06351872012019158,0.776829268292683,2548,0.04342420771718025,0.06727958023548126,0.776829268292683
157.3,100.0,supported,True,1.0,0.0,52.50118737022029,156.825,48.0,1,1574,4463,4141,5.375308088729554,28.69891929626465,30.216083526611328,36.0,2742,0.023505672812461853,0.03218298777937889,0.6143849428635447,2767,0.0270316731184721,0.03435296639800072,0.6199865561281649,2767,0.033596765249967575,0.042912923544645314,0.6199865561281649
157.4,100.0,supported,True,1.0,0.0,30.652513984398826,156.92,48.0,1,1575,4005,3825,7.102871410736579,28.45708465576172,33.03342056274414,36.0,3026,0.02733641490340233,0.03521861508488655,0.7555555555555555,3047,0.03116186521947384,0.03980426713824273,0.7607990012484395,3047,0.03818361833691597,0.0740244746208191,0.7607990012484395
157.5,100.0,supported,True,1.0,0.0,11.007130121862701,157.02,44.0,1,1576,3457,3396,7.075209719409893,27.9674072265625,30.350746154785156,34.0,2981,0.02940773405134678,0.043636396527290344,0.8623083598495805,2987,0.03449372947216034,0.05518197044730187,0.8640439687590397,2987,0.045107897371053696,0.09991208016872406,0.8640439687590397
157.6,100.0,supported,True,1.0,0.0,13.155213291293187,157.115,32.0,1,1577,2613,2575,8.038270187523919,28.354705810546875,29.998613357543945,28.0,2417,0.03040006384253502,0.03864173963665962,0.9249904324531191,2418,0.03529851511120796,0.04398331679403782,0.9253731343283582,2418,0.04730747640132904,0.06130405366420746,0.9253731343283582
157.7,100.0,supported,True,1.0,0.0,13.158622987343092,157.215,40.0,1,1578,3632,3591,9.257433920704846,27.125091552734375,31.281944274902344,32.0,3253,0.03512794151902199,0.04383384659886361,0.8956497797356828,3263,0.039042554795742035,0.05207110419869423,0.8984030837004405,3263,0.053511012345552444,0.10634102076292039,0.8984030837004405
157.8,100.0,supported,True,1.0,0.0,6.176645295905659,157.315,72.0,2,1579,6225,6104,9.258152610441767,27.934476852416992,31.19829750061035,48.0,5551,0.0315072201192379,0.039500631392002106,0.8917269076305221,5560,0.03405235335230827,0.04826371520757675,0.8931726907630522,5560,0.03922213241457939,0.11149557307362565,0.8931726907630522
157.9,100.0,supported,True,1.0,0.0,24.988509312299826,157.415,72.0,3,1580,6094,5956,7.464391204463406,28.54416847229004,29.752674102783203,48.0,4932,0.029566137120127678,0.035434200242161755,0.8093206432556613,4964,0.03165431320667267,0.0358004130423069,0.8145717098785691,4964,0.0349033959209919,0.03952512256801129,0.8145717098785691
158.0,100.0,supported,True,1.0,0.0,13.32252942259196,157.53,48.0,1,1581,3681,3540,5.525944036946482,28.312105178833008,30.080671310424805,36.0,2369,0.02359429933130741,0.03345048427581788,0.643575115457756,2387,0.027707666158676147,0.037667649984359744,0.6484650910078783,2387,0.03385225310921669,0.04766313955187798,0.6484650910078783
158.1,100.0,supported,True,1.0,0.0,32.06978093958296,157.65,68.0,1,1582,5605,5374,6.944335414808207,27.149913787841797,30.59339141845703,46.0,4313,0.028178218752145767,0.04761886820197106,0.7694915254237288,4329,0.03198540210723877,0.05305333435535431,0.7723461195361284,4329,0.04051465168595314,0.09120567440986636,0.7723461195361284
158.2,100.0,supported,True,1.0,4.0,18.789093376146234,157.765,44.0,1,1583,3820,3605,5.9319371727748695,26.1990909576416,34.683319091796875,34.0,2436,0.032303497195243835,0.04657566174864769,0.6376963350785341,2457,0.035957884043455124,0.04935496672987938,0.6431937172774869,2457,0.044825442135334015,0.07375255078077317,0.6431937172774869
158.3,100.0,supported,True,1.0,0.0,15.920844964368829,157.865,60.0,1,1584,5098,4952,6.574735190270695,26.38654899597168,34.54661560058594,42.0,3729,0.04147264361381531,0.07686644345521929,0.7314633189486073,3756,0.04582595080137253,0.08365953713655472,0.7367595135347195,3756,0.060201942920684814,0.09852660447359085,0.7367595135347195
158.4,100.0,supported,True,1.0,0.0,10.74946550184747,157.965,60.0,1,1585,4299,4016,4.64224238194929,26.396432876586914,29.860191345214844,42.0,2252,0.05994311720132828,0.17280066013336182,0.5238427541288672,2295,0.07578366249799728,0.1922336339950561,0.5338450802512212,2295,0.10087309777736664,0.21622837185859678,0.5338450802512212
158.5,100.0,supported,True,1.0,0.0,6.96834799438972,158.07,48.0,1,1586,2855,2526,3.264448336252189,26.47878074645996,29.37345314025879,36.0,759,0.07359828054904938,0.21124186217784882,0.2658493870402802,810,0.08221987634897232,0.2291230782866478,0.28371278458844135,811,0.1110127791762352,0.23199905455112457,0.2840630472854641
158.6,100.0,supported,True,1.0,0.0,17.125948056695222,158.17,52.0,1,1587,4529,3562,1.8805475822477369,26.82268524169922,44.88084411621094,38.0,207,0.03242667019367218,0.07147308588027954,0.04570545374254802,280,0.03931629657745361,0.1048137530684471,0.061823802163833076,280,0.04610993713140488,0.35211813151836396,0.061823802163833076
158.7,100.0,supported,True,1.0,0.0,27.171579536968334,158.27,104.0,1,1588,9168,8366,3.608202443280977,26.4683780670166,32.732147216796875,64.0,2651,0.0662628710269928,0.3312557637691498,0.28915794066317624,2796,0.113411545753479,0.37590737640857697,0.30497382198952877,2796,0.18440097570419312,0.40043503046035767,0.30497382198952877
158.8,100.0,supported,True,1.0,0.0,29.97067879872604,158.37,100.0,1,1589,9064,8942,7.444064430714916,26.477231979370117,31.078426361083984,62.0,7457,0.08894316107034683,0.24429770708084106,0.8227052074139453,7489,0.1052032932639122,0.2530155003070831,0.8262356575463372,7489,0.1238977462053299,0.2550002634525299,0.8262356575463372
158.9,100.0,supported,True,1.0,0.0,20.015943207448906,158.47,48.0,2,1590,4541,4399,6.663069808412244,27.515708923339844,28.454511642456055,36.0,3310,0.0343778058886528,0.09372877627611159,0.7289143360493283,3330,0.03810006380081177,0.09728344306349754,0.7333186522792337,3330,0.05131125822663307,0.10474780425429342,0.7333186522792337
159.0,100.0,supported,True,1.0,0.0,30.075186949520297,158.565,100.0,1,1591,5192,5004,7.955315870570108,25.649892807006836,41.877010345458984,62.0,3982,0.04619713872671127,0.15710491091012965,0.7669491525423728,4003,0.049389854073524475,0.2097950696945191,0.7709938366718028,4003,0.055326689034700394,0.3299053251743317,0.7709938366718028
159.1,100.0,supported,True,1.0,0.0,26.48909322730504,158.66,80.0,1,1592,5272,5238,12.015364188163884,26.46933937072754,28.5272216796875,52.0,5021,0.048884473741054535,0.08535631746053696,0.9523899848254932,5027,0.051665645092725754,0.09458165019750597,0.9535280728376327,5027,0.05824506655335426,0.13011829853057869,0.9535280728376327
159.2,100.0,supported,True,1.0,0.0,13.739249601386756,158.755,68.0,1,1593,6252,6209,9.749680102367243,25.82505989074707,28.3927059173584,46.0,5728,0.05952456593513489,0.09581852182745934,0.9161868202175304,5736,0.0630582869052887,0.10704556852579117,0.9174664107485605,5736,0.07120296359062195,0.14507471024990082,0.9174664107485605
159.3,100.0,supported,True,1.0,0.0,26.868423679201303,158.855,68.0,1,1594,5987,5910,7.830298981125773,25.65995979309082,28.743446350097656,46.0,4876,0.07483706623315811,0.24447640031576157,0.8144312677467846,4889,0.09381253272294998,0.26550561189651484,0.8166026390512777,4889,0.1160770133137703,0.33135559558868405,0.8166026390512777
159.4,100.0,supported,True,1.0,0.0,29.282973277500616,158.955,64.0,1,1595,6276,6253,10.420650095602294,26.05605125427246,28.429542541503906,44.0,5932,0.07528217136859894,0.2466015681624413,0.9451880178457617,5937,0.11693974584341049,0.24431010782718665,0.9459847036328872,5937,0.14897236227989197,0.24025599062442796,0.9459847036328872
159.5,100.0,supported,True,1.0,0.0,36.62130333368163,159.055,76.0,1,1596,6979,6962,9.55108181687921,26.098787307739258,28.12444305419922,50.0,6786,0.04903916269540787,0.09853822365403175,0.9723456082533314,6788,0.05171816423535347,0.11661181747913366,0.972632182261069,6788,0.0542810894548893,0.15432395935058596,0.972632182261069
159.6,100.0,supported,True,1.0,0.0,42.66076313094051,159.155,84.0,1,1597,7684,7667,10.42373763664758,26.173479080200195,28.116769790649414,54.0,7563,0.0467822328209877,0.06753653436899186,0.9842529932326913,7565,0.05052730813622475,0.06978332251310349,0.9845132743362832,7565,0.05347947031259537,0.07656374573707582,0.9845132743362832
159.7,100.0,supported,True,1.0,0.0,49.50450395787454,159.25,88.0,1,1598,8250,8230,8.979151515151516,26.119661331176758,28.04330825805664,56.0,8035,0.04878269508481026,0.06921568363904954,0.973939393939394,8037,0.052785102277994156,0.07249827831983567,0.9741818181818181,8037,0.05775165557861328,0.0892460584640503,0.9741818181818181
159.8,100.0,supported,True,1.0,0.0,53.98549837758664,159.35,80.0,1,1599,7976,7958,6.749373119358074,26.360416412353516,28.132230758666992,52.0,6789,0.04579467698931694,0.061608973890542984,0.8511785356068204,6796,0.04971744120121002,0.06612078845500946,0.8520561685055166,6796,0.05405152589082718,0.07927869260311127,0.8520561685055166
159.9,100.0,supported,True,1.0,0.0,48.84904592885664,159.45,88.0,1,1600,8071,7977,6.935076198736216,25.682052612304688,28.236618041992188,56.0,6305,0.03612035512924194,0.05064227879047395,0.7811919216949572,6329,0.03939712420105934,0.05581548735499382,0.7841655309131458,6329,0.04321656376123428,0.08813928812742233,0.7841655309131458
160.0,100.0,supported,True,1.0,0.0,42.65639593763025,159.545,84.0,1,1601,7408,6904,5.935205183585313,25.432966232299805,34.24973678588867,54.0,4746,0.034962575882673264,0.048793863505125046,0.640658747300216,4773,0.037174880504608154,0.05006454810500145,0.6443034557235421,4773,0.04106713831424713,0.05360431596636772,0.6443034557235421
160.1,100.0,supported,True,1.0,0.0,38.228660646454465,159.645,80.0,1,1602,7667,7410,4.4431981218207905,25.562238693237305,31.86379623413086,52.0,3578,0.03220832347869873,0.056005797535181055,0.4666753619407852,3643,0.03635288029909134,0.062041484564542775,0.47515325420633886,3643,0.040290843695402145,0.14695452153682734,0.47515325420633886
160.2,100.0,supported,True,1.0,0.0,33.92955479017142,159.745,96.0,1,1603,8580,8447,6.816200466200466,26.153480529785156,31.839309692382812,60.0,7040,0.040368080139160156,0.06212250292301178,0.8205128205128205,7064,0.04421577230095863,0.06509602889418602,0.8233100233100233,7064,0.04786109924316406,0.06947626993060112,0.8233100233100233
160.3,100.0,supported,True,1.0,0.0,25.824655938519733,159.845,108.0,1,1604,10050,9932,6.963482587064677,26.93242073059082,30.23674201965332,66.0,8731,0.04013883322477341,0.07239037752151489,0.8687562189054726,8745,0.043709754943847656,0.076728655397892,0.8701492537313433,8745,0.04681023955345154,0.08538525849580765,0.8701492537313433
160.4,100.0,supported,True,1.0,0.0,11.190364695141112,159.94,80.0,1,1605,7514,7188,5.960207612456747,27.398555755615234,27.935110092163086,52.0,5382,0.037708476185798645,0.08566089272499085,0.7162629757785467,5402,0.04030553996562958,0.08978783041238789,0.718924673941975,5402,0.043018076568841934,0.0896788351237774,0.718924673941975
160.5,100.0,multiple_channels,False,1.0,0.0,51.389955836115206,160.02,32.0,2,1606,3142,2938,6.688733290897518,26.788238525390625,27.911176681518555,28.0,2226,0.03394458442926407,0.05942819453775883,0.7084659452577976,2232,0.03759102523326874,0.06296163797378541,0.7103755569700827,2232,0.04455786943435669,0.06955754607915879,0.7103755569700827
160.6,100.0,supported,True,1.0,0.0,62.69756945230098,160.115,48.0,1,1607,3759,3746,9.024740622505986,26.60493278503418,27.854293823242188,36.0,3608,0.05964690446853638,0.10083458200097085,0.959829741952647,3608,0.0658121183514595,0.10336061865091324,0.959829741952647,3608,0.0760582834482193,0.11626052409410477,0.959829741952647
160.7,100.0,supported,True,1.0,0.0,49.07291629605852,160.21,48.0,1,1608,4203,4147,9.019271948608138,26.713899612426758,27.348896026611328,36.0,3896,0.028237592428922653,0.07560551166534424,0.926956935522246,3900,0.03250380977988243,0.08415957242250441,0.92790863668808,3900,0.04245462268590927,0.0945509672164917,0.92790863668808
160.8,100.0,supported,True,1.0,0.0,66.9948885024703,160.305,64.0,1,1609,4524,4486,7.1394783377542,26.920286178588867,27.355609893798828,44.0,3931,0.021394256502389908,0.0344889760017395,0.868921308576481,3935,0.02397848665714264,0.03582674637436866,0.8698054818744474,3935,0.029832329601049423,0.04344503059983253,0.8698054818744474
160.9,100.0,supported,True,1.0,0.0,75.69180430120997,160.4,36.0,1,1610,3242,3179,7.580197409006786,26.858753204345703,27.32404327392578,30.0,2687,0.027246130630373955,0.04999442622065545,0.8288093769278223,2693,0.030120212584733963,0.05315352976322175,0.8306600863664405,2693,0.033628616482019424,0.05785729214549065,0.8306600863664405
161.0,100.0,supported,True,1.0,0.0,74.44816530710152,160.5,40.0,1,1611,2825,2797,6.308318584070796,26.573970794677734,27.27659797668457,32.0,2220,0.0482453852891922,0.08329037576913834,0.7858407079646018,2224,0.053353022783994675,0.08583228662610054,0.7872566371681415,2224,0.05895053967833519,0.086788459867239,0.7872566371681415
161.1,100.0,supported,True,1.0,0.0,34.12421370304941,160.58,28.0,1,1612,2136,2091,4.182116104868914,25.72252655029297,27.122949600219727,26.0,868,0.06831535696983337,0.1825403094291688,0.40636704119850187,902,0.07972799241542816,0.20457396656274796,0.42228464419475653,902,0.1022595465183258,0.20570409297943115,0.42228464419475653
161.2,100.0,supported,True,1.0,0.0,9.843114116161138,160.67,48.0,1,1613,3829,3583,2.7448419952990335,24.679746627807617,26.914562225341797,36.0,560,0.10750719904899597,0.22997049093246463,0.14625228519195613,630,0.12802307307720184,0.24827782511711124,0.16453382084095064,630,0.15905651450157166,0.265398582816124,0.16453382084095064
161.3,100.0,supported,True,1.0,0.0,32.17886547405806,160.77,64.0,1,1614,5133,4989,4.465225014611338,24.729320526123047,26.88966178894043,44.0,2390,0.07229915261268616,0.24762015640735624,0.46561465030196764,2467,0.11343187838792801,0.2600757718086243,0.4806156243911942,2467,0.15293879806995392,0.2525345206260681,0.4806156243911942
161.4,100.0,supported,True,1.0,0.0,34.07735484768295,160.865,72.0,1,1615,6140,6026,5.804560260586319,25.595354080200195,26.784399032592773,48.0,4663,0.04474712908267975,0.1669632822275162,0.7594462540716612,4673,0.05410993844270706,0.17351183593273167,0.7610749185667752,4673,0.07068860530853271,0.19606874883174896,0.7610749185667752
161.5,100.0,supported,True,1.0,0.0,40.80899106320315,160.965,80.0,1,1616,7526,7497,5.524980069093808,24.916088104248047,26.95199966430664,52.0,5353,0.030720030888915062,0.08643134832382204,0.7112676056338029,5374,0.035925380885601044,0.12388626262545585,0.7140579325006644,5374,0.050924330949783325,0.15260942578315734,0.7140579325006644
161.6,100.0,supported,True,1.0,0.0,51.7223648436799,161.07,88.0,1,1617,8083,8044,4.417048125695905,24.899368286132812,26.84088706970215,56.0,3647,0.03573587164282799,0.1608127683401108,0.451193863664481,3752,0.039893217384815216,0.17609842121601105,0.4641840900655697,3752,0.0535835400223732,0.18474153280258182,0.4641840900655697
161.7,100.0,supported,True,1.0,0.0,55.5431641732527,161.17,76.0,1,1618,7188,7041,3.6599888703394545,25.560171127319336,26.77570152282715,50.0,1978,0.06546446681022644,0.20385655760765073,0.27518085698386197,2146,0.07344760000705719,0.2290288507938385,0.29855314412910405,2146,0.08992455899715424,0.23288384824991226,0.29855314412910405
161.8,100.0,supported,True,1.0,0.0,60.31185284995066,161.265,56.0,1,1619,4802,4747,4.210953769262807,25.964284896850586,26.83857536315918,40.0,1979,0.0915103629231453,0.1799761325120926,0.41211995002082463,2036,0.09962768107652664,0.18751990050077438,0.42399000416493127,2036,0.10614130645990372,0.19157832115888596,0.42399000416493127
161.9,100.0,supported,True,1.0,0.0,41.11184315984217,161.365,20.0,1,1620,2106,1993,4.038461538461538,25.149471282958984,26.955270767211914,22.0,740,0.03070928528904915,0.05624060668051243,0.3513770180436847,777,0.036125652492046356,0.06292331516742707,0.36894586894586895,777,0.0486576184630394,0.0865190252661705,0.36894586894586895
162.0,100.0,supported,True,1.0,0.0,16.002987227091484,161.46,32.0,1,1621,2327,2317,4.544048130640309,24.84015464782715,25.805294036865234,28.0,937,0.021046260371804237,0.03298633396625519,0.4026643747314138,968,0.027661018073558807,0.04147929437458516,0.415986248388483,968,0.04031960666179657,0.07534997984766961,0.415986248388483
162.1,100.0,supported,True,1.0,0.0,5.176496909035072,161.56,32.0,1,1622,2284,2251,6.192206654991243,24.790407180786133,25.81332015991211,28.0,1672,0.02024107798933983,0.035362565144896524,0.7320490367775832,1683,0.026937535032629967,0.042293392866849897,0.7368651488616462,1683,0.042004700750112534,0.08118842840194697,0.7368651488616462
162.2,100.0,supported,True,1.0,0.0,15.663924021296548,161.645,32.0,1,1623,2244,2180,4.871657754010696,24.412918090820312,25.644546508789062,28.0,1325,0.024368731305003166,0.04784739166498184,0.5904634581105169,1340,0.03729042410850525,0.07542490735650069,0.5971479500891266,1340,0.0822075605392456,0.15041032582521438,0.5971479500891266
162.3,100.0,supported,True,1.0,0.0,32.457725417306875,161.745,16.0,1,1624,1574,1520,4.85133418043202,24.2127685546875,26.840728759765625,20.0,914,0.03073415532708168,0.06130877844989304,0.5806861499364676,928,0.04432617872953415,0.08674124702811245,0.5895806861499364,928,0.08743169903755188,0.1774100884795189,0.5895806861499364
162.4,100.0,supported,True,1.0,0.0,28.700374535403487,161.845,40.0,1,1625,3219,3192,5.236719478098788,23.776927947998047,25.672794342041016,32.0,2080,0.03917238116264343,0.06799678206443788,0.6461634047840944,2090,0.04931285232305527,0.08416650742292404,0.6492699596147872,2090,0.0712430477142334,0.13314915895462037,0.6492699596147872
162.5,100.0,supported,True,1.0,0.0,29.029514805102057,161.945,48.0,1,1626,4137,4126,5.531061155426638,23.38789939880371,25.735870361328125,36.0,2887,0.038156550377607346,0.12029739469289784,0.6978486826202562,2892,0.0493793748319149,0.16262191832065584,0.6990572878897752,2892,0.09734921902418137,0.20858673006296158,0.6990572878897752
162.6,100.0,supported,True,1.0,0.0,34.52247373514232,162.05,52.0,1,1627,4755,4725,6.526393270241851,22.992136001586914,25.832685470581055,38.0,3812,0.035955965518951416,0.049841081723570824,0.8016824395373291,3827,0.03941628336906433,0.06510837227106095,0.8048370136698212,3827,0.04814552888274193,0.15746983587741853,0.8048370136698212
162.7,100.0,supported,True,1.0,0.0,44.091137495468296,162.15,64.0,1,1628,5769,5747,7.043335066736002,23.07952308654785,27.90073013305664,44.0,4771,0.03534161299467087,0.056545574218034744,0.8270064135898769,4778,0.039569295942783356,0.06962063163518911,0.828219795458485,4778,0.04975183308124542,0.13514878153800963,0.828219795458485
162.8,100.0,supported,True,1.0,0.0,64.56657923199224,162.235,80.0,1,1629,7402,7359,5.671710348554445,23.925743103027344,28.03535270690918,52.0,5326,0.07077701389789581,0.16976938396692276,0.7195352607403405,5350,0.0832328051328659,0.17505108416080475,0.7227776276681978,5350,0.10072611272335052,0.19051010906696325,0.7227776276681978
162.9,100.0,supported,True,1.0,0.0,102.27105334366956,162.315,80.0,1,1630,7051,6984,6.36221812508864,22.83486557006836,27.088823318481445,52.0,5897,0.03784728795289993,0.07930801808834076,0.8363352715926818,5904,0.0438498929142952,0.08665339872241018,0.8373280385760885,5904,0.05368831381201744,0.10607339590787887,0.8373280385760885
163.0,100.0,supported,True,1.0,0.0,141.30437799701613,162.4,56.0,1,1631,5722,5697,7.503844809507165,23.429811477661133,27.430702209472656,40.0,5173,0.037555254995822906,0.06853371262550355,0.9040545263893743,5179,0.043787632137537,0.0715672641992569,0.9051031108004194,5179,0.052513886243104935,0.08229501843452453,0.9051031108004194
163.1,100.0,supported,True,1.0,0.0,178.8551287263907,162.485,64.0,1,1632,5752,5722,8.377086230876216,23.878150939941406,26.73035430908203,44.0,5453,0.06351076811552048,0.0966842904686928,0.9480180806675939,5453,0.06827879697084427,0.0996989354491234,0.9480180806675939,5453,0.07441341131925583,0.11679695546627045,0.9480180806675939
163.2,100.0,supported,True,1.0,0.0,198.3426425644322,162.63,64.0,1,1633,5594,5569,8.500715051841258,23.962949752807617,26.057968139648438,44.0,5330,0.031104732304811478,0.04441038332879543,0.9528065784769396,5333,0.03483896702528,0.04748023673892022,0.9533428673578834,5333,0.04176897183060646,0.0734540194272995,0.9533428673578834
163.3,100.0,supported,True,1.0,0.0,180.93855472674252,162.695,44.0,1,1634,3624,3610,7.963024282560706,24.084518432617188,25.294729232788086,34.0,3409,0.030725136399269104,0.049858277291059516,0.9406732891832229,3409,0.03553440794348717,0.05325171425938607,0.9406732891832229,3409,0.048144176602363586,0.06852858066558838,0.9406732891832229
163.4,100.0,supported,True,1.0,0.0,161.8665971827214,162.77,36.0,1,1635,3283,3183,6.6950959488272925,24.359668731689453,25.295875549316406,30.0,2650,0.03993001580238342,0.05840445831418037,0.8071885470606153,2662,0.046639539301395416,0.062161865457892415,0.8108437404812672,2662,0.05931843817234039,0.08126218542456629,0.8108437404812672
163.5,100.0,supported,True,1.0,0.0,174.63827007853658,162.855,36.0,1,1636,2786,2680,6.053481694185212,24.538732528686523,25.285846710205078,30.0,1896,0.03280503302812576,0.045345427468419075,0.6805455850681982,1903,0.03612241521477699,0.04687742814421653,0.6830581478822685,1904,0.04189849644899368,0.0528890959918499,0.6834170854271356
163.6,100.0,supported,True,1.0,0.0,184.74613563197676,162.95,20.0,1,1637,1592,1557,7.474246231155779,24.28842544555664,24.95604133605957,22.0,1358,0.03782688081264496,0.0542533379048109,0.8530150753768844,1363,0.041857827454805374,0.055381729453802105,0.8561557788944724,1363,0.052785724401474,0.06496413350105286,0.8561557788944724
163.7,100.0,supported,True,1.0,0.0,214.98990306930233,163.095,28.0,1,1638,2191,2162,6.817891373801917,23.808427810668945,24.575897216796875,26.0,1781,0.04131681099534035,0.09159182012081146,0.8128708352350524,1789,0.04937523230910301,0.09313880652189255,0.8165221360109539,1789,0.06748457998037338,0.09523619562387467,0.8165221360109539
163.8,100.0,supported,True,1.0,0.0,221.43138879673384,163.19,56.0,1,1639,4363,4346,6.160898464359386,23.810598373413086,24.55579376220703,40.0,3458,0.05381176248192787,0.1491079062223436,0.7925739170295668,3471,0.06102290004491806,0.15731459856033325,0.7955535182214073,3471,0.07578095048666,0.1554843783378601,0.7955535182214073
163.9,100.0,supported,True,1.0,0.0,250.67528810447854,163.23,64.0,1,1640,5896,5872,9.37516960651289,23.777206420898438,24.58108139038086,44.0,5734,0.035415127873420715,0.0560713779181242,0.9725237449118046,5736,0.03902309387922287,0.05900642089545727,0.9728629579375848,5736,0.048763446509838104,0.07479060813784599,0.9728629579375848
164.0,100.0,supported,True,1.0,0.0,282.01204674343944,163.32,68.0,1,1641,6196,6180,11.268560361523564,23.71122169494629,24.583818435668945,46.0,6074,0.028279395774006844,0.04768750332295894,0.9803098773402195,6075,0.03155839070677757,0.05561546310782433,0.9804712717882504,6075,0.04139489680528641,0.07647625952959061,0.9804712717882504
164.1,100.0,supported,True,1.0,0.0,314.901248701949,163.505,72.0,1,1642,6824,6786,15.642291910902696,23.028799057006836,24.959884643554688,48.0,6684,0.04245782643556595,0.05099672079086304,0.9794841735052755,6685,0.045657988637685776,0.06219144016504289,0.979630715123095,6685,0.054136935621500015,0.13063766360282897,0.979630715123095
164.2,100.0,supported,True,1.0,0.0,320.6647022597084,163.585,116.0,1,1643,8358,8251,13.76214405360134,22.6643009185791,29.080463409423828,70.0,7863,0.03692304342985153,0.04662465304136276,0.9407753050969131,7869,0.041389502584934235,0.05900962278246878,0.9414931801866475,7869,0.049464624375104904,0.15096253156661987,0.9414931801866475
164.3,100.0,supported,True,1.0,0.0,316.26935910975726,163.88,108.0,1,1644,9551,9406,9.321641712909644,21.71837615966797,31.376508712768555,66.0,8611,0.03571772947907448,0.054971687495708466,0.9015809862841587,8621,0.03971594199538231,0.06347452849149704,0.9026279970683698,8621,0.05009303614497185,0.08666068315505981,0.9026279970683698
164.4,100.0,supported,True,1.0,0.0,270.7999508722601,163.92,108.0,1,1645,9950,9861,8.18603015075377,22.795412063598633,27.03754425048828,66.0,9275,0.0443652868270874,0.06234900504350663,0.9321608040201005,9285,0.04848356917500496,0.06784212291240692,0.9331658291457287,9286,0.053727999329566956,0.08855146914720535,0.9332663316582914
164.5,100.0,supported,True,1.0,0.0,230.54377518857373,164.01,112.0,1,1646,10208,10145,8.128918495297805,23.49449920654297,26.145416259765625,68.0,9558,0.06131463497877121,0.10483624860644342,0.9363244514106583,9563,0.06641378253698349,0.10643917620182038,0.936814263322884,9563,0.07494755834341049,0.10860597789287568,0.936814263322884
164.6,100.0,supported,True,1.0,0.0,186.82602010873276,164.1,96.0,1,1647,7869,7791,9.883848011183124,23.65355682373047,25.069561004638672,60.0,7348,0.06689611077308655,0.10942271277308464,0.9337908247553691,7357,0.07028435170650482,0.11097001135349276,0.9349345533104587,7357,0.07459166646003723,0.11331788748502732,0.9349345533104587
164.7,100.0,supported,True,1.0,0.0,94.54184200796428,164.135,20.0,1,1648,1766,1695,10.20158550396376,22.799999237060547,24.606731414794922,22.0,1519,0.034571535885334015,0.05970196574926378,0.8601359003397508,1525,0.045622434467077255,0.08612331598997121,0.863533408833522,1525,0.07795462757349014,0.14402210414409639,0.863533408833522
164.8,100.0,supported,True,1.0,0.0,16.149789792422258,164.195,28.0,1,1649,2572,2524,8.079315707620529,23.00200843811035,24.205310821533203,26.0,2353,0.032831884920597076,0.06505060195922854,0.9148522550544324,2356,0.037756986916065216,0.07137347012758255,0.9160186625194401,2356,0.056647978723049164,0.09951451048254967,0.9160186625194401
164.9,100.0,supported,True,1.0,0.0,22.341499730612412,164.28,28.0,1,1650,2646,2594,6.562736205593349,21.39559555053711,29.88347625732422,26.0,2088,0.027767643332481384,0.24047452956438062,0.7891156462585034,2095,0.030658230185508728,0.3505981087684632,0.7917611489040061,2095,0.04776603728532791,0.5494101047515869,0.7917611489040061
165.0,100.0,supported,True,1.0,0.0,16.804997895911345,164.38,44.0,1,1651,3465,3419,8.096969696969698,21.082029342651367,35.88296890258789,34.0,3044,0.09367221593856812,0.23958875387907033,0.8784992784992784,3053,0.10912274569272995,0.2691290438175202,0.881096681096681,3053,0.1562698632478714,0.3058664917945862,0.881096681096681
165.1,100.0,supported,True,1.0,0.0,13.294409810222561,164.48,40.0,1,1652,4096,4034,4.85791015625,21.33971405029297,28.077198028564453,32.0,1967,0.04236443713307381,0.217349639534951,0.480224609375,2004,0.0491289347410202,0.38932726383209226,0.4892578125,2004,0.09127190709114075,0.5420036792755127,0.4892578125
165.2,100.0,supported,True,1.0,0.0,43.26504820617852,164.575,56.0,1,1653,5340,5328,6.72808988764045,21.85702896118164,23.459619522094727,40.0,4648,0.03159017860889435,0.06959360167384147,0.8704119850187266,4649,0.03616102412343025,0.07954850196838376,0.8705992509363296,4649,0.04892673343420029,0.1101307615637779,0.8705992509363296
165.3,100.0,supported,True,1.0,0.0,81.39577770628352,164.665,64.0,1,1654,5813,5753,5.739549286082918,21.381898880004883,25.638975143432617,44.0,4269,0.04593505337834358,0.12568561136722564,0.7343884397041115,4280,0.05833052843809128,0.13183859139680862,0.7362807500430071,4280,0.08262007683515549,0.14509195387363433,0.7362807500430071
165.4,100.0,supported,True,1.0,0.0,96.27969119931102,164.815,64.0,1,1655,5482,5395,6.76742064939803,21.54109001159668,25.11330223083496,44.0,4096,0.04384012520313263,0.11063658818602562,0.7471725647573878,4123,0.04981391131877899,0.12445288002490998,0.7520977745348413,4123,0.06387312710285187,0.1396160662174225,0.7520977745348413
165.5,100.0,supported,True,1.0,0.0,85.65864350820608,164.89,64.0,1,1656,5969,5872,6.621209582844697,20.93400764465332,24.39640998840332,44.0,4978,0.03475388139486313,0.05473550371825698,0.8339755402915061,4992,0.03945113718509674,0.11109835356473924,0.8363209917909198,4993,0.05129902437329292,0.1885951161384584,0.8364885240408779
165.6,100.0,supported,True,1.0,0.0,78.40048306486558,164.99,64.0,1,1657,5571,5480,6.543528989409442,20.78261375427246,25.34430503845215,44.0,4369,0.03823428228497505,0.10586719512939453,0.7842398133189733,4387,0.0443948358297348,0.11707862168550491,0.7874708310895709,4387,0.06746914237737656,0.1407994866371155,0.7874708310895709
165.7,100.0,supported,True,1.0,0.0,62.03529196187031,165.09,80.0,1,1658,6110,6008,6.880360065466449,21.786523818969727,28.007366180419922,52.0,5023,0.03506320342421532,0.1566173523664475,0.8220949263502455,5031,0.0420379601418972,0.16592808067798615,0.823404255319149,5031,0.0732656717300415,0.19438707828521729,0.823404255319149
165.8,100.0,supported,True,1.0,0.0,37.643562187779054,165.17,72.0,1,1659,5529,5111,5.284861638632664,20.82046890258789,32.99598693847656,48.0,3296,0.04923580214381218,0.16808386147022247,0.596129499005245,3329,0.0690511167049408,0.1836140662431717,0.6020980285765961,3329,0.11073126643896103,0.28850444555282595,0.6020980285765961
165.9,100.0,supported,True,1.0,0.0,33.12128545382019,165.27,80.0,1,1660,6606,6363,6.303966091432032,20.952272415161133,30.613603591918945,52.0,4716,0.048894938081502914,0.32465794682502747,0.7138964577656676,4739,0.08021776378154755,0.36672167778015125,0.7173781410838631,4739,0.15770621597766876,0.42440522313117973,0.7173781410838631
166.0,100.0,supported,True,1.0,0.0,28.39078688380025,165.37,88.0,1,1661,6793,6664,7.225526277049904,20.931049346923828,27.16384506225586,56.0,5681,0.04117565602064133,0.13042348623275757,0.8363020756661269,5695,0.04769685119390488,0.143697863817215,0.8383630207566612,5695,0.06797522306442261,0.17759299278259283,0.8383630207566612
166.1,100.0,supported,True,1.0,0.0,15.333402518122925,165.465,68.0,2,1662,5478,5289,8.3105147864184,22.379201889038086,23.39243507385254,46.0,4698,0.053085602819919586,0.1551959216594697,0.8576122672508215,4712,0.05886774882674217,0.16417699605226518,0.8601679445052939,4712,0.06481468677520752,0.17558383345603948,0.8601679445052939
166.2,100.0,supported,True,1.0,0.0,35.14807219367204,165.565,44.0,1,1663,3201,2990,6.096219931271477,20.597150802612305,27.32021713256836,34.0,2143,0.02344750240445137,0.050503763556480404,0.6694782880349891,2159,0.027559321373701096,0.05683539137244225,0.6744767260231178,2159,0.035665951669216156,0.10955999195575714,0.6744767260231178
166.3,100.0,supported,True,1.0,0.0,35.47681022042192,165.65,44.0,1,1664,3033,2779,4.880975931421036,20.90194320678711,28.222118377685547,34.0,1745,0.0355149507522583,0.07988011538982394,0.5753379492251895,1763,0.04051678627729416,0.1489744961261749,0.5812726673260797,1763,0.04767614230513573,0.23895072638988493,0.5812726673260797
166.4,100.0,supported,True,1.0,0.0,29.465432772652562,165.745,52.0,1,1665,4410,4115,4.890476190476191,20.6639461517334,27.724679946899414,38.0,2414,0.03989674150943756,0.2687038213014603,0.5473922902494331,2437,0.06494591385126114,0.3071295082569123,0.5526077097505669,2437,0.12416799366474152,0.3564245879650116,0.5526077097505669
166.5,100.0,supported,True,1.0,0.0,34.580873939266276,165.845,72.0,1,1666,6235,6086,6.587810745789896,21.051088333129883,27.440000534057617,48.0,5145,0.038885448127985,0.16781449615955354,0.8251804330392943,5161,0.04328915849328041,0.1821521371603012,0.8277465918203689,5161,0.07229326665401459,0.18675552308559418,0.8277465918203689
166.6,100.0,supported,True,1.0,0.0,34.319654399274,165.945,68.0,1,1667,6122,6029,7.061254491996079,20.881107330322266,24.80908966064453,46.0,5149,0.04238501936197281,0.12012696862220762,0.8410650114341719,5160,0.04786180704832077,0.15092312693595886,0.8428618098660569,5160,0.0679323747754097,0.17713581770658493,0.8428618098660569
166.7,100.0,supported,True,1.0,0.0,28.622020695619614,166.04,76.0,1,1668,6274,5775,5.350334714695569,20.638673782348633,25.363483428955078,50.0,3649,0.048004150390625,0.30514594316482563,0.5816066305387313,3673,0.07117150723934174,0.3800660908222201,0.5854319413452344,3673,0.10864314436912537,0.4584311127662661,0.5854319413452344
166.8,100.0,supported,True,1.0,0.0,39.56473845417981,166.14,80.0,1,1669,7743,7693,6.413922252356968,21.02748680114746,24.844379425048828,52.0,5728,0.16823607683181763,0.3808772563934326,0.7397649489861811,5751,0.20092160999774933,0.4831906259059906,0.7427353738860907,5751,0.23124496638774872,0.4825538098812103,0.7427353738860907
166.9,100.0,supported,True,1.0,0.0,42.76561928937145,166.25,96.0,1,1670,8330,8284,6.249459783913565,21.065959930419922,23.6779727935791,60.0,6134,0.1951807737350464,0.3366103917360306,0.736374549819928,6156,0.21545016765594482,0.36607614159584045,0.739015606242497,6156,0.2296457290649414,0.3684544861316681,0.739015606242497
167.0,100.0,supported,True,1.0,0.0,43.813375253703256,166.35,72.0,1,1671,7796,7696,5.370189840944074,20.930625915527344,24.005661010742188,48.0,4775,0.0952177420258522,0.38190947771072387,0.6124935864545921,4833,0.1353016346693039,0.4435934662818909,0.6199332991277579,4833,0.19187027215957642,0.46465322971344014,0.6199332991277579
167.1,100.0,supported,True,1.0,0.0,34.608096313834025,166.455,92.0,1,1672,8042,8005,6.635165381745835,21.44632339477539,23.930355072021484,58.0,6664,0.04841978847980499,0.15887808352708815,0.8286495896543149,6667,0.052655670791864395,0.16748639047145844,0.8290226311862721,6667,0.07283290475606918,0.17534591853618622,0.8290226311862721
167.2,100.0,supported,True,1.0,0.0,28.56525047357498,166.55,108.0,1,1673,9145,9065,6.725861126298524,21.61937713623047,25.955259323120117,66.0,7510,0.05403923988342285,0.14057711958885194,0.8212137780207763,7514,0.06083771586418152,0.14735307842493056,0.8216511755057408,7514,0.07675739377737045,0.14846525639295577,0.8216511755057408
167.3,100.0,supported,True,1.0,0.0,13.21886783684974,166.65,92.0,1,1674,9127,9029,7.67656404075819,22.06928253173828,25.69124984741211,58.0,8209,0.08587032556533813,0.1387099504470825,0.8994193053577298,8222,0.09503637254238129,0.1371341273188591,0.9008436507066945,8222,0.10251770913600922,0.14186891913414001,0.9008436507066945
167.4,100.0,supported,True,1.0,0.0,3.139902984284435,166.75,92.0,1,1675,7701,7619,8.891312816517335,22.334806442260742,24.168914794921875,58.0,7219,0.05298154428601265,0.09606895595788956,0.9374107258797558,7226,0.055666595697402954,0.09838882833719254,0.9383196987404233,7226,0.05782097205519676,0.10499593243002892,0.9383196987404233
167.5,100.0,supported,True,1.0,0.0,14.861018356643266,166.85,56.0,2,1676,4421,4344,8.30106310789414,22.558330535888672,23.042055130004883,40.0,3959,0.029190154746174812,0.04072713330388069,0.8954987559375707,3966,0.03131340444087982,0.04110447131097317,0.8970821081203347,3966,0.03557421267032623,0.04277755320072174,0.8970821081203347
167.6,100.0,multiple_channels,False,1.0,0.0,35.335907858375776,166.95,16.0,2,1677,1652,1591,8.501210653753027,21.748300552368164,22.79496192932129,20.0,1390,0.03446301817893982,0.05901878252625467,0.8414043583535109,1394,0.04029422253370285,0.06444840729236603,0.8438256658595642,1394,0.05346473678946495,0.08060226365923881,0.8438256658595642
167.7,100.0,supported,True,1.0,0.0,44.212184998419445,167.035,16.0,1,1678,1338,1308,7.9708520179372195,21.26451301574707,22.458961486816406,20.0,1153,0.04690055549144745,0.09108808040618896,0.8617339312406577,1157,0.057608358561992645,0.10419057905673981,0.8647234678624813,1157,0.07920379936695099,0.12634115517139435,0.8647234678624813
167.8,100.0,supported,True,1.0,0.0,45.00105610454157,167.135,24.0,1,1679,1598,1576,9.311013767209012,20.921619415283203,22.707843780517578,24.0,1448,0.047783173620700836,0.10264558196067808,0.9061326658322904,1449,0.054233960807323456,0.12354966551065447,0.9067584480600751,1449,0.06575499475002289,0.16189423501491548,0.9067584480600751
167.9,100.0,supported,True,1.0,0.0,37.18721756145643,167.225,36.0,1,1680,2893,2872,7.662288282060145,20.360000610351562,22.30484390258789,30.0,2417,0.1070060208439827,0.27632169127464296,0.8354649153128241,2424,0.13183952867984772,0.27897472381591815,0.8378845489111649,2425,0.17408201098442078,0.2749566793441772,0.838230210853785
168.0,100.0,supported,True,1.0,0.0,42.435028244870374,167.325,48.0,1,1681,4069,4045,4.554681739985254,20.640026092529297,21.735687255859375,36.0,1887,0.09209277480840683,0.23019718229770664,0.4637503072007864,1958,0.10156644880771637,0.24840047061443327,0.4811993118702384,1958,0.11423611640930176,0.2506831616163253,0.4811993118702384
168.1,100.0,supported,True,1.0,0.0,61.21815640968244,167.425,36.0,1,1682,3248,3214,5.067426108374384,20.873903274536133,21.736291885375977,30.0,1993,0.04498124495148659,0.0825062483549118,0.6136083743842364,2005,0.047791771590709686,0.08824439048767091,0.6173029556650246,2005,0.052189845591783524,0.0915453165769577,0.6173029556650246
168.2,100.0,supported,True,1.0,0.0,86.08402256797733,167.5,52.0,1,1683,4140,4097,4.420289855072464,19.988588333129883,22.613882064819336,38.0,1812,0.06879420578479767,0.14647091478109361,0.43768115942028984,1877,0.07918841391801834,0.1536882907152176,0.4533816425120773,1877,0.09549497067928314,0.16031186878681183,0.4533816425120773
168.3,100.0,supported,True,1.0,0.0,115.94869285539585,167.595,56.0,1,1684,4882,4814,4.485866448176977,19.949892044067383,22.85538101196289,40.0,2313,0.03787482902407646,0.08907240629196168,0.47378123719786974,2374,0.044002093374729156,0.11586941257119182,0.48627611634575996,2374,0.06346830725669861,0.16179994493722946,0.48627611634575996
168.4,100.0,supported,True,1.0,0.0,170.99628264991864,167.635,64.0,1,1685,5660,5567,5.6116607773851594,19.62691879272461,27.351762771606445,44.0,4001,0.035510461777448654,0.05161606892943382,0.7068904593639576,4013,0.039674002677202225,0.06220635399222375,0.7090106007067137,4014,0.047264136373996735,0.16539353430271164,0.7091872791519435
168.5,100.0,supported,True,1.0,0.0,225.7452100094657,167.72,64.0,1,1686,4672,4320,4.029965753424658,19.55605125427246,25.16623306274414,44.0,2043,0.05552956834435463,0.2249381810426712,0.4372859589041096,2073,0.08299452066421509,0.2384001433849334,0.4437071917808219,2073,0.1384526491165161,0.23741167187690734,0.4437071917808219
168.6,100.0,supported,True,1.0,0.0,251.2681782426918,167.865,64.0,1,1687,4848,4502,3.2916666666666665,19.572147369384766,22.91441535949707,44.0,1238,0.054422181099653244,0.15877298414707178,0.2553630363036304,1320,0.0620291493833065,0.19711777716875092,0.2722772277227723,1320,0.08738653361797333,0.2235900133848191,0.2722772277227723
168.7,100.0,supported,True,1.0,0.0,269.0651279926065,167.955,88.0,1,1688,7882,7758,4.49632073077899,19.86577033996582,23.16175651550293,56.0,3459,0.07398306578397751,0.1253336250782013,0.43884800811976654,3592,0.08572381734848022,0.1360245242714882,0.4557218979954326,3592,0.10185657441616058,0.17589437067508698,0.4557218979954326
168.8,100.0,supported,True,1.0,0.0,289.80687531979805,168.08,92.0,1,1689,8562,8493,7.722261153935996,20.620195388793945,24.033639907836914,58.0,7738,0.03852902352809906,0.08521237671375276,0.9037608035505723,7755,0.04203575849533081,0.0893570750951767,0.9057463209530483,7755,0.048918116837739944,0.10093005001544954,0.9057463209530483
168.9,100.0,supported,True,1.0,0.0,293.50669871539685,168.235,64.0,1,1690,5429,5136,6.079572665315896,19.59955596923828,25.398740768432617,44.0,3970,0.021891100332140923,0.06450368836522101,0.7312580585743231,3999,0.02482704631984234,0.09650994390249255,0.7365997421256216,3999,0.02939203754067421,0.18860603868961337,0.7365997421256216
169.0,100.0,supported,True,1.0,0.0,242.2844552431112,168.4,44.0,1,1691,4084,4015,5.817825661116553,19.309322357177734,22.172382354736328,34.0,2788,0.08215267956256866,0.2805721759796143,0.682664054848188,2811,0.10087599605321884,0.31201544404029846,0.6882957884427032,2811,0.11970469355583191,0.3400810658931732,0.6882957884427032
169.1,100.0,supported,True,1.0,0.0,185.73294167828246,168.465,52.0,1,1692,4557,4525,4.851217906517446,19.953792572021484,21.637365341186523,38.0,2365,0.05624794960021973,0.1262733608484268,0.5189817862628923,2411,0.06615958362817764,0.16807349026203156,0.5290761465876673,2411,0.08664444833993912,0.1907828450202942,0.5290761465876673
169.2,100.0,supported,True,1.0,0.0,106.45871849595116,168.605,56.0,1,1693,5183,5118,5.501832915300019,20.251184463500977,22.07569122314453,40.0,3081,0.0635402649641037,0.1707126796245575,0.594443372564152,3123,0.06993058323860168,0.1805464327335358,0.6025467875747637,3123,0.08095838129520416,0.19957362413406377,0.6025467875747637
169.3,100.0,supported,True,1.0,0.0,41.56986101586163,168.635,56.0,1,1694,4807,4735,9.217807364260453,20.662708282470703,21.586917877197266,40.0,4332,0.05868256837129593,0.12944131195545197,0.9011857707509882,4335,0.06256041675806046,0.13298792243003846,0.9018098606199293,4335,0.06556954234838486,0.13918624818325043,0.9018098606199293
169.4,100.0,supported,True,1.0,0.0,28.60273555942583,168.7,40.0,1,1695,3787,3682,9.083971481383681,20.430322647094727,21.549243927001953,32.0,3280,0.03382901847362518,0.05205764211714268,0.8661209400580935,3285,0.038283176720142365,0.05583912655711174,0.8674412463691576,3285,0.050633009523153305,0.06869234740734101,0.8674412463691576
169.5,100.0,supported,True,1.0,0.0,71.2091951730744,168.79,40.0,1,1696,3720,3676,9.75241935483871,19.678504943847656,23.770000457763672,32.0,3485,0.03995480015873909,0.10312478542327881,0.9368279569892473,3488,0.04548295587301254,0.10886842831969266,0.9376344086021505,3488,0.06512780487537384,0.12929746359586716,0.9376344086021505
169.6,100.0,supported,True,1.0,0.0,89.42162730617628,168.89,48.0,1,1697,4462,4388,7.60667861945316,19.163877487182617,22.523223876953125,36.0,3839,0.036888524889945984,0.05544298961758614,0.8603765127745405,3847,0.04096481204032898,0.06341518014669419,0.8621694307485432,3847,0.051829058676958084,0.08422199934720993,0.8621694307485432
169.7,100.0,supported,True,1.0,0.0,89.86224126721513,169.045,52.0,1,1698,4656,4621,7.778350515463917,19.27747917175293,22.791135787963867,38.0,4150,0.03823911398649216,0.06979488804936408,0.8913230240549829,4151,0.04123642295598984,0.07567095756530762,0.8915378006872853,4151,0.05112073943018913,0.15675093233585358,0.8915378006872853
169.8,100.0,supported,True,1.0,0.0,37.71989887422325,169.13,56.0,1,1699,5310,5278,6.071939736346516,19.47115707397461,22.166215896606445,40.0,4373,0.030642859637737274,0.10048839002847673,0.8235404896421845,4378,0.03430755436420441,0.11132473945617676,0.8244821092278719,4378,0.048708055168390274,0.168148148059845,0.8244821092278719
169.9,100.0,supported,True,1.0,0.0,15.690324890873468,169.215,76.0,1,1700,7400,7311,6.432297297297297,19.84284782409668,24.076007843017578,50.0,6397,0.021345457062125206,0.034010921418666844,0.8644594594594595,6404,0.025817381218075752,0.03679951913654804,0.8654054054054054,6404,0.031015031039714813,0.044451589882373806,0.8654054054054054
170.0,100.0,supported,True,1.0,0.0,79.89442306957478,169.325,92.0,1,1701,7288,7190,6.9787321624588365,20.494646072387695,25.818187713623047,58.0,6444,0.024590056389570236,0.04040376022458077,0.8841931942919868,6455,0.028071114793419838,0.0439615547657013,0.8857025246981339,6456,0.032366130501031876,0.054855870082974434,0.8858397365532382
170.1,100.0,multiple_channels,False,1.0,4.0,117.46443478020915,169.45,44.0,2,1702,3262,3222,8.512875536480687,20.552282333374023,21.242298126220703,34.0,2934,0.042542118579149246,0.07284568622708322,0.8994481912936848,2939,0.047354936599731445,0.07438969463109972,0.9009809932556714,2939,0.05570078268647194,0.07750089168548585,0.9009809932556714
170.2,100.0,supported,True,1.0,0.0,95.02829138608573,169.69,56.0,1,1703,5421,5361,7.507839881940601,19.210309982299805,20.92136001586914,40.0,4801,0.045098926872015,0.07435940206050873,0.8856299575724036,4806,0.05326920747756958,0.07765618339180946,0.8865522966242391,4806,0.06908388435840607,0.08784228563308716,0.8865522966242391
170.3,100.0,supported,True,1.0,0.0,61.963570670148336,169.755,84.0,1,1704,7984,7735,5.976202404809619,18.467979431152344,20.94481086730957,54.0,5822,0.03898443281650543,0.09417833909392358,0.7292084168336673,5842,0.04637938737869263,0.10649104937911034,0.7317134268537074,5842,0.06639131903648376,0.1364161476492885,0.7317134268537074
170.4,100.0,supported,True,1.0,0.0,23.244554991027208,169.87,136.0,1,1705,10706,9735,3.7947879693629742,18.174047470092773,25.564359664916992,80.0,4202,0.03226497024297714,0.0527619294822216,0.39249019241546795,4243,0.036774806678295135,0.08580467998981477,0.39631982066131144,4243,0.04704899340867996,0.24188050329685212,0.39631982066131144
170.5,100.0,supported,True,1.0,0.0,10.557763701464246,169.965,52.0,1,1706,4879,4322,3.708136913301906,17.830032348632812,20.551610946655273,38.0,1945,0.03535420075058937,0.07029700577259064,0.3986472637835622,1972,0.040260739624500275,0.0912077508866787,0.40418118466898956,1972,0.05183898285031319,0.22087213099002848,0.40418118466898956
170.6,100.0,supported,True,1.0,0.0,4.843697897785513,170.065,64.0,1,1707,5763,5389,5.1653652611487075,17.93679428100586,21.22294044494629,44.0,3546,0.033207766711711884,0.056276384741067886,0.6153045288912025,3567,0.03711746260523796,0.07650740146636964,0.6189484643414888,3567,0.044625259935855865,0.1248149082064629,0.6189484643414888
170.7,100.0,supported,True,1.0,0.0,1.9667413751320784,170.165,80.0,1,1708,7344,7293,8.351579520697168,18.510282516479492,20.890880584716797,52.0,6820,0.04591837152838707,0.09122188463807107,0.9286492374727668,6828,0.05047805979847908,0.10278072059154511,0.9297385620915033,6828,0.05677110701799393,0.1311628192663193,0.9297385620915033
170.8,100.0,supported,True,1.0,0.0,4.450294786690529,170.265,56.0,1,1709,5397,5301,8.354270891235872,19.862472534179688,20.606399536132812,40.0,4602,0.040705639868974686,0.08239036053419117,0.8526959421901056,4608,0.04377473145723343,0.08649673983454705,0.8538076709282935,4608,0.04877481609582901,0.08736890107393268,0.8538076709282935
170.9,100.0,supported,True,1.0,0.0,9.548817445628124,170.36,32.0,1,1710,3027,2942,6.656425503799141,19.267333984375,20.423221588134766,28.0,2198,0.03839164972305298,0.06184475123882294,0.7261314833168153,2204,0.04067077487707138,0.06704921126365662,0.7281136438718203,2204,0.04484613984823227,0.07453412935137749,0.7281136438718203
171.0,100.0,supported,True,1.0,0.0,10.237046101456297,170.46,48.0,1,1711,3668,3486,5.444383860414395,19.045114517211914,20.12511444091797,36.0,2373,0.041737210005521774,0.07305761724710465,0.6469465648854962,2395,0.047550421208143234,0.0760157823562622,0.6529443838604144,2395,0.05798179283738136,0.08590441197156905,0.6529443838604144
171.1,100.0,supported,True,1.0,0.0,27.266024503358697,170.565,24.0,1,1712,2360,2324,6.459322033898305,18.36119842529297,22.614376068115234,24.0,1937,0.0333525687456131,0.0577238664031029,0.8207627118644067,1944,0.041269008070230484,0.06450559720396995,0.823728813559322,1945,0.05751172825694084,0.12347090393304844,0.8241525423728814
171.2,100.0,supported,True,1.0,0.0,13.028831617310182,170.665,64.0,1,1713,4724,4567,7.3708721422523285,18.765531539916992,22.538429260253906,44.0,3862,0.027157260105013847,0.04469496123492718,0.8175275190516511,3883,0.031168734654784203,0.06113017424941063,0.8219729043183742,3884,0.04083739593625069,0.11949110105633738,0.8221845893310754
171.3,100.0,supported,True,1.0,0.0,6.301816120790501,170.765,80.0,1,1714,5828,5622,6.8900137268359645,18.76018714904785,22.253835678100586,52.0,4771,0.03456312045454979,0.07085639238357544,0.8186341798215512,4786,0.03906993567943573,0.07527085021138191,0.8212079615648593,4786,0.0481472909450531,0.08251304179430008,0.8212079615648593
171.4,100.0,supported,True,1.0,0.0,7.864318932001984,170.865,80.0,1,1715,6789,6640,8.401089998527029,18.547481536865234,22.99648094177246,52.0,5987,0.028893426060676575,0.04570929408073427,0.881867727205774,6003,0.03287986293435097,0.04939456880092622,0.8842244807777286,6003,0.03999593108892441,0.06463919579982758,0.8842244807777286
171.5,100.0,supported,True,1.0,0.0,4.887104663884066,170.965,76.0,1,1716,7516,7489,8.498802554550293,18.114118576049805,21.205869674682617,50.0,7111,0.026943663135170937,0.04911283031105995,0.9461149547631719,7114,0.02996465377509594,0.054402906447648995,0.9465141032464076,7114,0.03709210082888603,0.07189564034342766,0.9465141032464076
171.6,100.0,supported,True,1.0,0.0,8.19447406642529,171.065,76.0,1,1717,7271,7228,7.911566497043048,18.43695640563965,19.986875534057617,50.0,6778,0.029099829494953156,0.06051645874977112,0.932196396644203,6784,0.031972937285900116,0.06491279974579811,0.9330215926282492,6784,0.03951870650053024,0.07610740959644317,0.9330215926282492
171.7,100.0,supported,True,1.0,0.0,6.978173339804108,171.165,80.0,1,1718,6682,6610,7.415145166117929,18.227291107177734,21.509639739990234,52.0,5964,0.025976520031690598,0.03979392424225807,0.892547141574379,5971,0.028370101004838943,0.042349837720394135,0.8935947321161329,5971,0.03183680400252342,0.04818755015730858,0.8935947321161329
171.8,100.0,supported,True,1.0,0.0,2.317009143628268,171.265,68.0,1,1719,5720,5658,7.252097902097902,18.176044464111328,20.151390075683594,46.0,4821,0.03362772613763809,0.053980618715286255,0.8428321678321679,4831,0.03825068473815918,0.05643424764275551,0.8445804195804196,4832,0.047742828726768494,0.06582155600190162,0.8447552447552448
171.9,100.0,supported,True,1.0,0.0,1.9747370398560704,171.365,52.0,1,1720,5155,5070,5.552085354025218,17.942296981811523,20.04791831970215,38.0,3452,0.0575743168592453,0.1438756063580513,0.6696411251212415,3478,0.06720678508281708,0.15457296222448352,0.6746847720659553,3478,0.08286415040493011,0.16940162777900697,0.6746847720659553
172.0,100.0,supported,True,1.0,0.0,7.605109568848638,171.46,64.0,1,1721,5240,4797,4.432251908396947,16.955400466918945,24.00067138671875,44.0,2408,0.06112634390592575,0.13344824761152269,0.4595419847328244,2440,0.07778272032737732,0.14832334965467447,0.46564885496183206,2440,0.10368117690086365,0.27286708056926723,0.46564885496183206
172.1,100.0,supported,True,1.0,0.0,4.358621764901616,171.56,60.0,1,1722,3732,3215,2.637459807073955,16.997440338134766,20.524057388305664,42.0,529,0.0637257769703865,0.14337553977966308,0.1417470525187567,611,0.09173953533172607,0.15953899919986725,0.1637191854233655,612,0.13363897800445557,0.3683161526918411,0.1639871382636656
172.2,100.0,supported,True,1.0,0.0,10.132154099973972,171.66,88.0,1,1723,6488,5858,3.629778051787916,16.948516845703125,20.83061408996582,56.0,2080,0.03897376358509064,0.07862268388271339,0.3205918618988903,2175,0.04594612494111061,0.10587916970252993,0.33523427866831074,2177,0.06147492676973343,0.21059773862361914,0.33554254007398276
172.3,100.0,supported,True,1.0,0.0,15.674745318662387,171.76,96.0,1,1724,8574,8465,6.208070912059715,17.7007999420166,19.91238784790039,60.0,6276,0.07873517274856567,0.1718166247010231,0.7319804058782365,6300,0.10262705385684967,0.175510185956955,0.7347795661301609,6301,0.11914413422346115,0.18941336870193481,0.7348961978073245
172.4,100.0,supported,True,1.0,0.0,3.980970005089769,171.86,100.0,1,1725,9564,9451,6.220514429109159,17.619386672973633,22.167131423950195,62.0,7092,0.07134686410427094,0.12248188257217411,0.7415307402760352,7119,0.08073610812425613,0.12801090478897095,0.7443538268506901,7119,0.09256508946418762,0.14288803935050962,0.7443538268506901
172.5,100.0,supported,True,1.0,0.0,10.149125542077378,171.96,64.0,1,1726,6092,6021,6.859652002626396,17.469589233398438,19.642902374267578,44.0,5003,0.05075053125619888,0.09577408134937287,0.8212409717662508,5016,0.057414792478084564,0.10951056331396103,0.8233749179251477,5016,0.07383272051811218,0.1418362259864807,0.8233749179251477
172.6,100.0,supported,True,1.0,0.0,12.23811531375415,172.06,68.0,1,1727,6250,6201,7.992,17.498552322387695,20.81838607788086,46.0,5610,0.04022391140460968,0.081470499932766,0.8976,5618,0.0444914773106575,0.09143340811133385,0.89888,5618,0.058862946927547455,0.09729572981595994,0.89888
172.7,100.0,supported,True,1.0,0.0,24.76802008402333,172.155,72.0,1,1728,6756,6730,7.615304914150385,17.793371200561523,21.58778953552246,48.0,5883,0.03763456270098686,0.08058975636959077,0.8707815275310835,5887,0.04376839101314545,0.0886847034096718,0.8713735938425103,5887,0.06381947547197342,0.10363546609878542,0.8713735938425103
172.8,100.0,supported,True,1.0,0.0,51.60087194834868,172.28,64.0,1,1729,5864,5773,6.120054570259208,18.044921875,20.566682815551758,44.0,4398,0.046832505613565445,0.13951558172702794,0.75,4414,0.05668870359659195,0.15991255640983587,0.7527285129604365,4414,0.07822912931442261,0.1692969486117363,0.7527285129604365
172.9,100.0,supported,True,1.0,0.0,37.302370451599586,172.38,44.0,1,1730,4285,4134,6.326954492415402,18.15912437438965,19.5584659576416,34.0,3174,0.044135890901088715,0.09561952725052834,0.7407234539089849,3185,0.05238792300224304,0.0995159238576889,0.7432905484247374,3185,0.07001302391290665,0.10275532752275467,0.7432905484247374
173.0,100.0,supported,True,1.0,0.0,38.85968182994616,172.5,56.0,2,1731,3896,3794,7.592402464065708,18.23250389099121,18.874122619628906,40.0,3412,0.03649429231882095,0.05938241593539715,0.8757700205338809,3418,0.04108722507953644,0.062058605998754506,0.8773100616016427,3419,0.04684178903698921,0.06723850816488267,0.8775667351129364
173.1,100.0,supported,True,1.0,0.0,10.721855952228267,172.585,32.0,1,1732,2918,2863,7.116175462645647,16.86713981628418,18.787874221801758,28.0,2431,0.039184436202049255,0.0706065371632576,0.8331048663468129,2435,0.04480767995119095,0.07382607907056808,0.8344756682659356,2435,0.05307959020137787,0.08765273988246917,0.8344756682659356
173.2,100.0,supported,True,1.0,0.0,22.44632336202648,172.685,48.0,1,1733,3648,3305,4.666666666666667,16.679838180541992,19.211219787597656,36.0,1786,0.0593513548374176,0.10425257682800293,0.4895833333333333,1806,0.0694415345788002,0.12616030871868134,0.49506578947368424,1806,0.08563219755887985,0.199173241853714,0.49506578947368424
173.3,100.0,supported,True,1.0,0.0,9.65295033200508,172.78,72.0,1,1734,6060,5705,4.733828382838284,16.020435333251953,19.11802864074707,48.0,2805,0.05871376767754555,0.13105416595935818,0.4628712871287129,2845,0.07552395015954971,0.17316986620426178,0.46947194719471946,2845,0.10203787684440613,0.2795934855937957,0.46947194719471946
173.4,100.0,supported,True,1.0,0.0,10.21221526074144,172.88,80.0,1,1735,6772,6508,4.249556999409332,16.079710006713867,22.438682556152344,52.0,2770,0.05085637792944908,0.11586326584219932,0.4090372120496161,2854,0.06448249518871307,0.14220335334539425,0.4214412285883048,2854,0.09091884642839432,0.2393685281276704,0.4214412285883048
173.5,100.0,supported,True,1.0,0.0,14.601665540628556,172.98,72.0,1,1736,6733,6667,5.614139313827417,17.234739303588867,19.1506404876709,48.0,4449,0.06574835628271103,0.12054290026426319,0.6607752859052428,4491,0.07714109867811203,0.12634605169296265,0.6670132184761622,4491,0.09349294751882553,0.1364072859287262,0.6670132184761622
173.6,100.0,supported,True,1.0,0.0,16.62143156295855,173.08,72.0,1,1737,6691,6615,4.708264833358243,16.9794979095459,18.650178909301758,48.0,3421,0.04661983251571655,0.08938626945018768,0.511283814078613,3485,0.05756011977791786,0.10104423761367798,0.5208489015094904,3485,0.07795942574739456,0.11790192425251007,0.5208489015094904
173.7,100.0,supported,True,1.0,0.0,16.854572857250005,173.18,68.0,1,1738,5782,5514,3.535627810446212,16.931705474853516,18.782379150390625,46.0,1780,0.02933228760957718,0.0625795602798462,0.30785195434105844,1844,0.03337118402123451,0.07219556570053101,0.31892078865444484,1844,0.04009239375591278,0.09756903499364854,0.31892078865444484
173.8,100.0,supported,True,1.0,0.0,20.153301682438208,173.28,56.0,1,1739,5356,5260,4.291635548917102,16.306961059570312,19.525001525878906,40.0,2389,0.059618204832077026,0.10775752365589143,0.4460418222554145,2447,0.06651605665683746,0.11758936494588852,0.4568707991038088,2447,0.07815235108137131,0.15461070239543917,0.4568707991038088
173.9,100.0,supported,True,1.0,0.0,43.14323495469852,173.365,76.0,1,1740,6344,6213,7.10671500630517,16.346817016601562,19.427248001098633,50.0,4653,0.06546980887651443,0.11448098868131637,0.7334489281210592,4674,0.07467252016067505,0.11914402320981025,0.7367591424968474,4674,0.09354895353317261,0.14508616775274275,0.7367591424968474
174.0,100.0,supported,True,1.0,4.0,40.43180256123232,173.48,72.0,2,1741,5691,5640,8.630117729748726,17.810535430908203,18.81438636779785,48.0,4787,0.051842816174030304,0.10309437364339831,0.8411526972412581,4793,0.054680366069078445,0.10642341822385788,0.8422069934985064,4793,0.05944323167204857,0.10743743628263475,0.8422069934985064
174.1,100.0,supported,True,1.0,0.0,22.010614619580327,173.58,124.0,1,1742,9929,9729,10.110081579212409,17.669179916381836,20.842844009399414,74.0,8796,0.02854742668569088,0.04246026650071144,0.8858898177057105,8807,0.03154349699616432,0.04583091363310814,0.886997683553228,8808,0.03666994720697403,0.05451803766191006,0.887098398630275
174.2,100.0,supported,True,1.0,0.0,31.061791323355443,173.675,96.0,1,1743,8497,8255,8.960692008944333,17.388864517211914,20.013919830322266,60.0,7211,0.025643058121204376,0.0327276848256588,0.8486524655760856,7218,0.028591213747859,0.03581480570137501,0.849476285747911,7218,0.03303949534893036,0.046443656831979756,0.849476285747911
174.3,100.0,supported,True,1.0,0.0,20.71872241140198,173.795,60.0,1,1744,4203,3923,7.502974066143231,17.189607620239258,21.374618530273438,42.0,3234,0.018905457109212875,0.03192397467792036,0.7694503925767309,3259,0.02272428385913372,0.043956522643566136,0.7753985248631929,3260,0.029795432463288307,0.10000347197055816,0.7756364501546514
174.4,100.0,supported,True,1.0,0.0,30.821317676430272,173.905,48.0,1,1745,3729,3554,8.16143738267632,15.931127548217773,20.462026596069336,36.0,2973,0.024050818756222725,0.03625192642211915,0.7972646822204345,2990,0.027876194566488266,0.04511121474206447,0.801823545186377,2991,0.04190688952803612,0.0999806746840477,0.8020917135961384
174.5,100.0,supported,True,1.0,0.0,25.332342722789118,174.015,48.0,1,1746,3753,3692,8.480948574473754,15.633584976196289,19.978160858154297,36.0,3255,0.033805910497903824,0.048683639615774155,0.8673061550759392,3263,0.03969385847449303,0.05817715525627137,0.8694377831068478,3263,0.06640557944774628,0.12762025296688084,0.8694377831068478
174.6,100.0,supported,True,1.0,0.0,23.516678106289696,174.105,80.0,1,1747,6127,6000,6.858495185245634,15.016131401062012,19.123504638671875,52.0,4509,0.03275131434202194,0.05968506932258606,0.7359229639301452,4530,0.03802471235394478,0.07440431118011474,0.7393504161906316,4530,0.06372208893299103,0.12667637765407563,0.7393504161906316
174.7,100.0,supported,True,1.0,0.0,20.297168377064978,174.205,88.0,1,1748,7819,7742,8.606855096559663,14.82945728302002,22.372041702270508,56.0,7050,0.03357310593128204,0.059705765545368196,0.9016498273436501,7059,0.037409573793411255,0.07033791095018387,0.9028008696764293,7059,0.052236154675483704,0.10463563203811645,0.9028008696764293
174.8,100.0,supported,True,1.0,0.0,17.125648323368722,174.315,72.0,1,1749,6459,6266,8.160551168911596,14.96413516998291,24.528291702270508,48.0,5450,0.05261685699224472,0.10393020436167719,0.8437838674717448,5463,0.0583011694252491,0.12336628437042237,0.8457965629354389,5463,0.06915277242660522,0.15531046688556674,0.8457965629354389
174.9,100.0,supported,True,1.0,0.0,3.5904226544306805,174.415,72.0,1,1750,6373,6271,10.01977090852032,15.344891548156738,30.55191993713379,48.0,5776,0.03550484776496887,0.06070505082607269,0.9063235524870548,5788,0.040129728615283966,0.07987650856375698,0.9082064961556566,5788,0.04605396091938019,0.1854404345154763,0.9082064961556566
175.0,100.0,supported,True,1.0,0.0,3.7161979207868554,174.515,72.0,1,1751,6228,6100,10.151091843288375,15.592267036437988,28.09061050415039,48.0,5607,0.032564982771873474,0.05815375372767449,0.9002890173410405,5620,0.03684493899345398,0.0669803991913796,0.9023763648041104,5620,0.04518060386180878,0.12788827121257806,0.9023763648041104
175.1,100.0,supported,True,1.0,0.0,4.371777517416417,174.615,56.0,1,1752,3750,3661,9.904266666666667,15.741520881652832,21.81490707397461,40.0,3307,0.025572778657078743,0.04325120821595192,0.8818666666666667,3311,0.02807542122900486,0.04593214392662048,0.8829333333333333,3312,0.03364554047584534,0.056951598823070534,0.8832
175.2,100.0,supported,True,1.0,0.0,2.4631282161950754,174.71,44.0,1,1753,3534,3382,9.364176570458405,16.834144592285156,17.711645126342773,34.0,3050,0.03946858271956444,0.0744988165795803,0.8630447085455575,3057,0.044172268360853195,0.07516470104455948,0.865025466893039,3059,0.05520252138376236,0.07692680209875108,0.8655913978494624
175.3,100.0,supported,True,1.0,0.0,2.8946146218803785,174.81,52.0,1,1754,4007,3893,10.39081607187422,16.924667358398438,17.44221305847168,38.0,3559,0.034995920956134796,0.08376910835504532,0.8881956575992014,3566,0.037987276911735535,0.08536629378795624,0.8899426004492139,3566,0.04729584977030754,0.08583753928542137,0.8899426004492139
175.4,100.0,supported,True,1.0,0.0,41.38172522555267,174.905,32.0,1,1755,1892,1840,11.253699788583509,15.57955551147461,18.756807327270508,28.0,1687,0.033535342663526535,0.06052817553281786,0.8916490486257929,1689,0.03808958828449249,0.0778040260076523,0.892706131078224,1689,0.05192585662007332,0.1403678864240647,0.892706131078224
175.5,100.0,supported,True,1.0,0.0,27.18656371788734,175.0,52.0,1,1756,4432,4397,10.609205776173285,15.619781494140625,18.866865158081055,38.0,4210,0.035791512578725815,0.06387912109494209,0.9499097472924187,4210,0.04054316505789757,0.06771892085671424,0.9499097472924187,4210,0.050119899213314056,0.07981017902493477,0.9499097472924187
175.6,100.0,supported,True,1.0,0.0,24.41884921553479,175.095,56.0,1,1757,5304,5273,8.779600301659125,15.673362731933594,17.766599655151367,40.0,4940,0.03645952790975571,0.07850801572203638,0.9313725490196079,4947,0.04019956663250923,0.08219874501228333,0.9326923076923077,4947,0.0503179132938385,0.08629687726497651,0.9326923076923077
175.7,100.0,supported,True,1.0,0.0,18.983528440089778,175.2,64.0,1,1758,6066,6016,7.403231124299373,15.439178466796875,18.464923858642578,44.0,5360,0.038325920701026917,0.07538114339113236,0.8836135839103199,5376,0.04157470911741257,0.08958940580487251,0.8862512363996043,5376,0.05131962150335312,0.1069667711853981,0.8862512363996043
175.8,100.0,supported,True,1.0,0.0,14.775996927077214,175.3,64.0,1,1759,6157,6089,5.420009745005685,15.076800346374512,22.236948013305664,44.0,4081,0.039396945387125015,0.19351620972156525,0.6628228033133019,4108,0.057172492146492004,0.1943653970956803,0.6672080558713659,4108,0.11062933504581451,0.19176134765148165,0.6672080558713659
175.9,100.0,supported,True,1.0,0.0,13.92259447413738,175.395,64.0,1,1760,6072,6021,6.334815546772068,15.392393112182617,18.89821434020996,44.0,5155,0.03338484466075897,0.12049109637737275,0.8489789196310935,5158,0.038528550416231155,0.14243943691253672,0.8494729907773386,5158,0.0539228655397892,0.15475320369005205,0.8494729907773386
176.0,100.0,supported,True,1.0,0.0,15.764338395637617,175.495,96.0,2,1761,7968,7757,6.204693775100401,15.346780776977539,18.602458953857422,60.0,6279,0.031035080552101135,0.105567367374897,0.7880271084337349,6313,0.037611935287714005,0.11935351192951203,0.7922941767068273,6314,0.04950950667262077,0.14439440369606016,0.7924196787148594
176.1,100.0,supported,True,1.0,4.0,16.991287905353,175.595,108.0,2,1762,8001,7838,6.25034370703662,15.99631118774414,17.723634719848633,66.0,6283,0.027001840993762016,0.0760240599513054,0.7852768403949506,6309,0.03194047883152962,0.08791589289903641,0.7885264341957255,6309,0.04364493861794472,0.11078175753355027,0.7885264341957255
176.2,100.0,supported,True,1.0,0.0,5.404591698896976,175.695,88.0,1,1763,7087,6884,5.297869338224919,14.689310073852539,17.924991607666016,56.0,4564,0.033990226686000824,0.07125431224703788,0.6439960491039932,4602,0.04098852723836899,0.07699474096298219,0.6493579793988994,4602,0.05686032027006149,0.10131132379174236,0.6493579793988994
176.3,100.0,supported,True,1.0,0.0,15.479692507145744,175.79,64.0,1,1764,5739,5632,5.74316082941279,15.0658597946167,17.2385196685791,44.0,4157,0.0367545522749424,0.07860588580369952,0.7243422198989371,4173,0.04603711515665054,0.08989918828010561,0.7271301620491375,4173,0.06818246096372604,0.11998221427202226,0.7271301620491375
176.4,100.0,supported,True,1.0,0.0,22.55768042391831,175.89,104.0,1,1765,9402,9046,5.198893852371836,15.660890579223633,20.02948760986328,64.0,5068,0.026640908792614937,0.09893458858132363,0.5390342480323336,5191,0.029405178502202034,0.113365538418293,0.5521165709423527,5192,0.03456456586718559,0.12404713854193691,0.5522229312912146
176.5,100.0,supported,True,1.0,0.0,10.908889378813852,175.995,140.0,1,1766,9852,9367,5.726451481932602,16.263940811157227,19.840892791748047,82.0,6701,0.036636386066675186,0.09693741053342819,0.6801664636622006,6746,0.03961072862148285,0.10335168987512589,0.6847340641494113,6747,0.04682423546910286,0.10909355282783509,0.6848355663824605
176.6,100.0,multiple_channels,False,1.0,0.0,45.23099974596556,176.08,60.0,2,1767,3960,3776,5.139646464646464,15.901407241821289,18.2246036529541,42.0,2593,0.0410408191382885,0.068618842959404,0.6547979797979798,2606,0.047975946217775345,0.07788963243365288,0.658080808080808,2606,0.05883611738681793,0.11827534437179565,0.658080808080808
176.7,100.0,multiple_channels,False,1.0,0.0,39.32199908519828,176.18,56.0,2,1768,3220,3118,4.93416149068323,14.366093635559082,18.382631301879883,40.0,2024,0.034565895795822144,0.05492423214018345,0.6285714285714286,2041,0.044214703142642975,0.07274477183818817,0.6338509316770187,2041,0.07148890942335129,0.14094021916389465,0.6338509316770187
176.8,100.0,supported,True,1.0,0.0,18.37722879175839,176.27,40.0,1,1769,3617,3407,4.215648327343102,14.335627555847168,19.406923294067383,32.0,1709,0.04067158326506615,0.07584099173545839,0.4724910146530274,1732,0.05040833353996277,0.0936893746256829,0.47884987558750347,1732,0.0674186497926712,0.3168103188276292,0.47884987558750347
176.9,100.0,supported,True,1.0,0.0,18.491850669138927,176.37,60.0,1,1770,5238,5146,5.2338678885070635,14.93127155303955,17.871320724487305,42.0,3045,0.04738932475447655,0.10587819367647171,0.5813287514318443,3086,0.057657912373542786,0.11219397559762001,0.5891561664757541,3086,0.08311791718006134,0.14318539202213287,0.5891561664757541
177.0,100.0,supported,True,1.0,0.0,12.575963270727312,176.47,76.0,1,1771,6644,6538,6.64674894641782,14.846338272094727,19.18389892578125,50.0,5172,0.047779977321624756,0.1152529239654542,0.7784467188440698,5185,0.05871148779988289,0.12181784063577654,0.7804033714629741,5185,0.08119478076696396,0.1437275677919388,0.7804033714629741
177.1,100.0,multiple_channels,False,1.0,0.0,1.1076850534173572,176.57,80.0,2,1772,7362,7303,5.749252920402065,15.50190544128418,18.270639419555664,52.0,4252,0.05422211438417435,0.14849565476179125,0.5775604455311056,4345,0.06348466873168945,0.15608019530773162,0.5901928823689215,4345,0.07993398606777191,0.15564399063587187,0.5901928823689215
177.2,100.0,multiple_channels,False,1.0,0.0,11.527981938724485,176.67,80.0,2,1773,7456,7441,7.749597639484978,16.011831283569336,17.850234985351562,52.0,6655,0.06125432252883911,0.10404734611511232,0.8925697424892703,6668,0.06769117712974548,0.10449839606881142,0.89431330472103,6668,0.07411801815032959,0.10607944130897522,0.89431330472103
177.3,100.0,multiple_channels,False,1.0,0.0,23.289250764456327,176.775,60.0,2,1774,4620,4525,7.925757575757576,15.886297225952148,16.82176399230957,42.0,4065,0.03573621064424515,0.06114125028252602,0.8798701298701299,4073,0.03882193937897682,0.06314162462949753,0.8816017316017316,4073,0.04433484375476837,0.06841022074222565,0.8816017316017316
177.4,100.0,multiple_channels,False,1.0,0.0,56.39317754695942,176.86,40.0,2,1775,2939,2880,8.279686968356584,15.448437690734863,19.10784339904785,32.0,2644,0.027777621522545815,0.05933754108846189,0.899625723035046,2648,0.036167994141578674,0.07480355128645896,0.9009867301803335,2648,0.06656094640493393,0.13436632603406906,0.9009867301803335
177.5,100.0,supported,True,1.0,0.0,51.52020048740745,176.95,48.0,1,1776,3598,3521,9.279321845469706,15.580842018127441,18.99304962158203,36.0,3222,0.02692183293402195,0.03968202620744706,0.8954974986103391,3225,0.03039664588868618,0.0491272322833538,0.89633129516398,3225,0.042496662586927414,0.07915490418672562,0.89633129516398
177.6,100.0,supported,True,1.0,0.0,53.00890984082058,177.04,48.0,1,1777,4309,4245,11.247157113019261,15.345284461975098,18.105667114257812,36.0,4012,0.03223108872771263,0.04320139549672604,0.9310744952425156,4017,0.036125458776950836,0.046721477061510086,0.93223485727547,4017,0.042065635323524475,0.06192077919840813,0.93223485727547
177.7,100.0,supported,True,1.0,0.0,62.881467141125995,177.14,52.0,1,1778,4407,4346,11.875198547764919,14.560272216796875,18.326210021972656,38.0,4127,0.03162205219268799,0.04549795761704445,0.9364647152257771,4132,0.03574743866920471,0.05159994661808014,0.9375992738824597,4132,0.045419543981552124,0.10693446919322014,0.9375992738824597
177.8,100.0,supported,True,1.0,0.0,75.48386249282864,177.24,56.0,1,1779,4789,4710,11.376070160785133,14.843649864196777,18.06577491760254,40.0,4497,0.03311110660433769,0.04911715462803841,0.9390269367300063,4507,0.036719489842653275,0.05432095751166344,0.9411150553351431,4507,0.044054437428712845,0.08841170072555543,0.9411150553351431
177.9,100.0,supported,True,1.0,0.0,90.94594586088448,177.335,56.0,1,1780,4734,4697,10.709970426700465,14.91421890258789,17.6628360748291,40.0,4493,0.03756313398480415,0.04989218562841415,0.9490916772285594,4495,0.04132562130689621,0.05189814940094948,0.9495141529362061,4495,0.04654001072049141,0.06268973797559738,0.9495141529362061
178.0,100.0,supported,True,1.0,0.0,106.3710183084495,177.435,64.0,1,1781,5307,5215,9.118522705860185,15.065828323364258,18.238332748413086,44.0,4864,0.03775182366371155,0.052973672375082964,0.9165253438854344,4871,0.04177146777510643,0.05672860145568848,0.9178443565102694,4871,0.045535437762737274,0.06674971431493759,0.9178443565102694
178.1,100.0,supported,True,1.0,0.0,102.27745723889157,177.61,56.0,1,1782,5432,5326,8.89837997054492,14.405595779418945,17.889999389648438,40.0,4885,0.04260564595460892,0.07075725197792053,0.899300441826215,4903,0.04772378131747246,0.07386711090803147,0.9026141384388807,4903,0.052735552191734314,0.0904707133769989,0.9026141384388807
178.2,100.0,multiple_channels,False,1.0,0.0,55.24983317202999,177.66,60.0,2,1783,5732,5561,9.155617585484997,15.655454635620117,16.194499969482422,42.0,4837,0.029611745849251747,0.03855390772223473,0.8438590369853455,4850,0.032567769289016724,0.04059365391731263,0.8461270062805304,4850,0.03521421551704407,0.04315983019769192,0.8461270062805304
178.3,100.0,supported,True,1.0,0.0,10.943057471160312,177.75,80.0,1,1784,5399,4884,5.507501389146138,14.875950813293457,17.47172737121582,52.0,3032,0.03164061903953552,0.044187023863196374,0.561585478792369,3080,0.03571897745132446,0.05673662126064301,0.5704760140766809,3082,0.03918999433517456,0.08666860759258271,0.5708464530468605
178.4,100.0,supported,True,1.0,0.0,3.931975862285752,177.85,36.0,1,1785,2437,2362,6.956093557652852,13.851521492004395,16.08311653137207,30.0,1948,0.03831055760383606,0.056736812368035315,0.7993434550677062,1959,0.04239087551832199,0.08075194954872131,0.8038572014772261,1959,0.05819375440478325,0.16004035472869874,0.8038572014772261
178.5,100.0,supported,True,1.0,0.0,2.0846864400169864,177.95,44.0,1,1786,3701,3661,9.006484733855714,13.622745513916016,17.179672241210938,34.0,3434,0.04268517345190048,0.06283775195479395,0.9278573358551743,3438,0.047765783965587616,0.0802620902657509,0.9289381248311267,3438,0.06660544872283936,0.19827929139137274,0.9289381248311267
178.6,100.0,supported,True,1.0,0.0,10.311386388626918,178.05,56.0,1,1787,4859,4827,8.51739040954929,13.600088119506836,17.872140884399414,40.0,4652,0.02845485508441925,0.04224015697836878,0.9573986416958222,4652,0.03302311524748802,0.04796082824468615,0.9573986416958222,4652,0.04234227538108826,0.09333128109574322,0.9573986416958222
178.7,100.0,supported,True,1.0,0.0,7.015511892796107,178.145,48.0,1,1788,4321,4243,6.865771812080537,13.096212387084961,15.771283149719238,36.0,3567,0.03949109464883804,0.06267110854387284,0.825503355704698,3577,0.048092324286699295,0.07854404896497727,0.8278176348067577,3577,0.08102401345968246,0.16285843253135684,0.8278176348067577
178.8,100.0,supported,True,1.0,0.0,10.486951498172273,178.24,84.0,1,1789,7281,7200,6.611454470539761,12.854265213012695,16.537338256835938,54.0,6017,0.03100040927529335,0.04617076367139817,0.8263974728746052,6027,0.036694545298814774,0.05634768828749658,0.8277709105892048,6027,0.05131220445036888,0.09493014216423035,0.8277709105892048
178.9,100.0,supported,True,1.0,0.0,6.893923686714477,178.34,72.0,1,1790,6574,6465,6.437176756921205,12.889965057373047,18.428659439086914,48.0,5516,0.03125567361712456,0.05093259923160076,0.8390629753574688,5531,0.035668231546878815,0.06847143173217773,0.8413446912077882,5531,0.05164406821131706,0.1416943520307541,0.8413446912077882
179.0,100.0,supported,True,1.0,4.0,2.0152400014884186,178.44,76.0,1,1791,4876,4663,6.102132895816243,12.750808715820312,16.774843215942383,50.0,3486,0.03188019245862961,0.05731956288218498,0.7149302707136997,3514,0.036552995443344116,0.06852766647934916,0.7206726825266612,3514,0.046136826276779175,0.13739652633666993,0.7206726825266612
179.1,100.0,supported,True,1.0,4.0,6.236068699274105,178.54,76.0,1,1792,5349,5201,8.462703309029726,12.960637092590332,15.865203857421875,50.0,4474,0.039153777062892914,0.06397027298808099,0.8364180220601982,4493,0.04281010851264,0.07771675735712053,0.839970087866891,4493,0.05096224695444107,0.12049448341131219,0.839970087866891
179.2,100.0,supported,True,1.0,0.0,9.780914844318623,178.64,80.0,1,1793,7016,6945,9.944412770809578,12.586482048034668,16.598703384399414,52.0,6572,0.03972746804356575,0.06348021253943446,0.9367160775370581,6581,0.04307094216346741,0.07272101193666458,0.9379988597491448,6581,0.04952763020992279,0.10805907100439072,0.9379988597491448
179.3,100.0,supported,True,1.0,0.0,7.34199356363421,178.74,80.0,1,1794,6698,6593,8.950880859958197,12.749810218811035,17.645273208618164,52.0,6124,0.04070565104484558,0.06439213976263998,0.9143027769483428,6134,0.04343754053115845,0.07030136361718178,0.9157957599283368,6134,0.050963424146175385,0.09905218333005902,0.9157957599283368
179.4,100.0,supported,True,1.0,0.0,4.694347463709491,178.835,68.0,1,1795,6267,6206,9.496728897399075,13.198357582092285,15.336004257202148,46.0,6026,0.03382558375597,0.046699510887265205,0.961544598691559,6030,0.036551423370838165,0.04843943193554878,0.9621828626136908,6030,0.04148311913013458,0.05713193491101265,0.9621828626136908
179.5,100.0,supported,True,1.0,0.0,37.79312516904346,178.93,84.0,1,1796,6881,6764,9.410114808894056,14.542372703552246,15.758338928222656,54.0,6493,0.03833210840821266,0.06058100238442422,0.9436128469699172,6504,0.0409088134765625,0.0621763501316309,0.9452114518238628,6505,0.045715998858213425,0.0643028810620308,0.9453567795378579
179.6,100.0,supported,True,1.0,0.0,62.328727796384406,179.025,56.0,2,1797,4506,4466,9.41011984021305,14.671211242675781,15.492754936218262,40.0,4345,0.03987890109419823,0.07123260200023651,0.9642698624056814,4347,0.04395158216357231,0.07270072102546692,0.9647137150466045,4347,0.052176568657159805,0.0819903239607811,0.9647137150466045
179.7,100.0,supported,True,1.0,0.0,34.46486164503386,179.145,84.0,2,1798,4962,4709,8.230149133413946,12.95489501953125,15.238797187805176,54.0,4141,0.024724740535020828,0.05069612339138985,0.8345425231761386,4154,0.02700519934296608,0.062084542214870454,0.8371624345022168,4154,0.03352240473031998,0.10657146126031887,0.8371624345022168
179.8,100.0,multiple_channels,False,1.0,0.0,19.575145173938044,179.22,56.0,3,1799,3745,3637,8.429906542056075,12.365355491638184,15.475459098815918,40.0,3197,0.04314267262816429,0.06703798174858094,0.8536715620827771,3204,0.04944919794797897,0.0919676333665848,0.8555407209612818,3204,0.06182451173663139,0.1954626619815827,0.8555407209612818
179.9,100.0,supported,True,1.0,0.0,18.90359130691817,179.32,48.0,1,1800,4174,4051,7.869429803545759,12.172272682189941,15.341565132141113,36.0,3344,0.047995734959840775,0.07305648401379586,0.8011499760421658,3355,0.05622235685586929,0.09111259132623672,0.8037853378054624,3355,0.06977918744087219,0.18708930909633636,0.8037853378054624
180.0,100.0,supported,True,1.0,0.0,13.277963678808186,179.42,76.0,1,1801,6173,6132,9.604406285436578,12.399996757507324,16.061748504638672,50.0,5861,0.0373254269361496,0.06073960289359093,0.9494573141098331,5864,0.0436210036277771,0.08034084513783454,0.9499433014741616,5864,0.06639137864112854,0.1594986617565155,0.9499433014741616
180.1,100.0,supported,True,1.0,0.0,10.362597363953727,179.52,72.0,1,1802,6796,6736,8.395085344320188,12.727404594421387,16.794729232788086,48.0,6354,0.030592549592256546,0.04164975099265575,0.9349617422012949,6363,0.0337943434715271,0.04894543364644051,0.9362860506180106,6363,0.04013392701745033,0.09597114324569704,0.9362860506180106
180.2,100.0,supported,True,1.0,0.0,12.837640039452976,179.615,88.0,1,1803,7534,7426,8.350146004778338,13.038321495056152,15.148419380187988,56.0,6925,0.03212811425328255,0.048519239574670796,0.9191664454473055,6932,0.03548818826675415,0.06429029926657683,0.9200955667640032,6932,0.04107438772916794,0.12371624708175673,0.9200955667640032
180.3,100.0,supported,True,1.0,0.0,7.480287349862976,179.715,80.0,1,1804,6133,5901,5.834501875101908,12.146885871887207,15.551630020141602,52.0,4466,0.04342305660247803,0.09355004131793976,0.728191749551606,4486,0.05021091550588608,0.10390888154506683,0.7314527963476276,4488,0.060546837747097015,0.14034495800733568,0.7317789010272298
180.4,100.0,supported,True,1.0,0.0,4.4426262414891164,179.815,76.0,1,1805,6486,6305,6.838575393154486,12.619272232055664,14.946290969848633,50.0,5009,0.04038524627685547,0.07603381723165512,0.7722787542399013,5030,0.04490511119365692,0.08832736238837244,0.7755164970706137,5030,0.05538218468427658,0.13069985508918763,0.7755164970706137
180.5,100.0,supported,True,1.0,0.0,10.109969430271436,179.925,88.0,1,1806,7898,7815,7.701570017726007,13.233040809631348,15.1563720703125,56.0,6992,0.04848124831914902,0.16833084225654604,0.8852874145353254,7002,0.05660957470536232,0.1757532879710198,0.88655355786275,7002,0.06995825469493866,0.17965025007724766,0.88655355786275
180.6,100.0,supported,True,1.0,0.0,12.41803179896672,180.02,92.0,1,1807,7996,7942,8.750125062531266,13.050004005432129,14.797419548034668,58.0,7350,0.06959861516952515,0.15979006588459016,0.9192096048024012,7359,0.08642983436584473,0.1639868378639221,0.9203351675837919,7360,0.10911664366722107,0.17751355320215226,0.9204602301150575
180.7,100.0,supported,True,1.0,0.0,15.18310498379753,180.12,76.0,1,1808,6716,6628,8.87656343061346,13.350869178771973,14.797650337219238,50.0,6182,0.0563826784491539,0.12270047962665569,0.9204883859440143,6192,0.06312979757785797,0.13326535373926165,0.9219773674806433,6192,0.07364444434642792,0.14294547736644747,0.9219773674806433
180.8,100.0,supported,True,1.0,0.0,20.014487569273395,180.22,80.0,1,1809,6576,6021,7.408759124087592,14.018919944763184,15.0437593460083,52.0,4729,0.031682394444942474,0.0565878890454769,0.7191301703163017,4758,0.03799372538924217,0.0662104718387127,0.7235401459854015,4758,0.04500970244407654,0.08989856392145157,0.7235401459854015
180.9,100.0,supported,True,1.0,4.0,23.85602338038699,180.315,84.0,1,1810,4154,3684,8.187770823302841,13.621623039245605,15.037347793579102,54.0,2695,0.02861332707107067,0.051824671030044546,0.6487722676937892,2725,0.03214443102478981,0.05946979895234108,0.6559942224362061,2725,0.03856445103883743,0.08194062560796737,0.6559942224362061
181.0,100.0,supported,True,1.0,0.0,34.85671377360259,180.415,64.0,1,1811,3850,3695,11.386753246753246,11.972697257995605,19.148252487182617,44.0,3203,0.0409238301217556,0.09313837289810181,0.831948051948052,3215,0.054974090307950974,0.12346905171871185,0.8350649350649351,3215,0.09251006692647934,0.21408760845661162,0.8350649350649351
181.1,100.0,supported,True,1.0,0.0,18.942341091928498,180.52,80.0,1,1812,5596,5359,11.577376697641172,13.011566162109375,21.79670524597168,52.0,4615,0.029036318883299828,0.04989017993211748,0.8246962115796997,4621,0.0321892574429512,0.061620645225048065,0.8257684060042888,4621,0.042181819677352905,0.11927403509616852,0.8257684060042888
181.2,100.0,supported,True,1.0,0.0,23.733273661141947,180.615,60.0,1,1813,5300,5090,9.251509433962264,13.136902809143066,14.700357437133789,42.0,3910,0.02620506100356579,0.036213627085089684,0.7377358490566037,3929,0.029084039852023125,0.03953776136040688,0.7413207547169811,3929,0.03394612669944763,0.052397678047418614,0.7413207547169811
181.3,100.0,supported,True,1.0,0.0,49.052171339110615,180.715,84.0,1,1814,5938,5704,7.965476591444931,12.531187057495117,16.843042373657227,54.0,4716,0.030571546405553818,0.054248021915555,0.7942068036375884,4731,0.03721052035689354,0.06433112174272537,0.7967329067025934,4731,0.05126331001520157,0.10387201607227325,0.7967329067025934
181.4,100.0,supported,True,1.0,0.0,44.91971330645483,180.82,56.0,1,1815,5129,5114,8.147787093000584,13.579048156738281,14.438064575195312,40.0,4848,0.028249429538846016,0.04251558519899845,0.9452134919087541,4849,0.031793057918548584,0.04568365961313247,0.9454084616884383,4849,0.03904933109879494,0.05531147420406341,0.9454084616884383
181.5,100.0,supported,True,1.0,0.0,43.378590925850695,180.92,60.0,1,1816,5495,5431,8.675705186533213,13.64755916595459,14.428231239318848,42.0,5110,0.029620684683322906,0.042245802283287046,0.9299363057324841,5112,0.03229647874832153,0.045427527278661735,0.9303002729754322,5112,0.03686819598078728,0.054057502374053025,0.9303002729754322
181.6,100.0,multiple_channels,False,1.0,0.0,37.77476435869455,181.025,56.0,2,1817,5962,5935,8.804931231130492,13.239914894104004,14.431374549865723,40.0,5589,0.0329708494246006,0.041979354619979856,0.9374371016437437,5592,0.03521284833550453,0.041466579586267475,0.9379402884937941,5592,0.037993174046278,0.045860846340656285,0.9379402884937941
181.7,100.0,supported,True,1.0,0.0,22.870428937034298,181.13,84.0,1,1818,8351,8241,9.81690815471201,11.890676498413086,16.07050132751465,54.0,7682,0.032961029559373856,0.05405429005622866,0.9198898335528679,7691,0.03502972051501274,0.059302881360054016,0.9209675487965513,7692,0.03891881927847862,0.1051271453499795,0.9210872949347384
181.8,100.0,supported,True,1.0,0.0,12.442640145648577,181.23,80.0,1,1819,7392,7284,7.873647186147186,11.574790954589844,15.84932804107666,52.0,6334,0.045462798327207565,0.3301630079746246,0.8568722943722944,6345,0.060400787740945816,0.3383712947368623,0.8583603896103896,6345,0.10728586465120316,0.3498992443084717,0.8583603896103896
181.9,100.0,supported,True,1.0,0.0,5.414440655020545,181.33,100.0,1,1820,7513,7408,6.872487688007454,11.564929008483887,16.463638305664062,62.0,6209,0.0400397926568985,0.06101782694458961,0.8264341807533608,6227,0.043911419808864594,0.07105597257614138,0.8288300279515507,6227,0.05128990486264229,0.13679998815059663,0.8288300279515507
182.0,100.0,supported,True,1.0,0.0,1.9706863781239292,181.43,88.0,1,1821,8674,8615,8.534355545307816,11.631816864013672,16.22515296936035,56.0,8107,0.03589915856719017,0.04895995035767556,0.9346322342633157,8112,0.038314301520586014,0.05230595767498017,0.9352086695872723,8112,0.04195185750722885,0.09548869505524636,0.9352086695872723
182.1,100.0,supported,True,1.0,0.0,1.6364846716054038,181.53,108.0,1,1822,9989,9958,9.157973771148264,11.80778980255127,16.313873291015625,66.0,9615,0.02946307510137558,0.04431057050824166,0.9625588146961658,9619,0.03194844350218773,0.04686790183186531,0.9629592551806988,9619,0.03563620522618294,0.05666021630167963,0.9629592551806988
182.2,100.0,supported,True,1.0,0.0,3.8055878042040288,181.63,104.0,1,1823,9752,9675,8.290914684167351,11.557696342468262,15.064351081848145,64.0,8964,0.034336380660533905,0.11131826788187026,0.9191960623461854,8978,0.03741864114999771,0.12022120356559757,0.9206316652994257,8978,0.047017719596624374,0.14504106342792517,0.9206316652994257
182.3,100.0,supported,True,1.0,0.0,2.7196620286082642,181.73,112.0,1,1824,10260,10190,8.54288499025341,11.622108459472656,17.557109832763672,68.0,9794,0.033600181341171265,0.09286069422960284,0.9545808966861599,9800,0.03774324432015419,0.10640605390071886,0.9551656920077972,9801,0.04841449111700058,0.14349599182605743,0.9552631578947368
182.4,100.0,supported,True,1.0,0.0,4.56054165372982,181.83,124.0,1,1825,11280,11205,9.538563829787234,12.043030738830566,16.85763168334961,74.0,10785,0.022810595110058784,0.0341565378010273,0.9561170212765957,10795,0.0244604405015707,0.03740022033452988,0.9570035460992907,10795,0.027962351217865944,0.05451361984014511,0.9570035460992907
182.5,100.0,supported,True,1.0,0.0,8.00742003603636,181.935,124.0,1,1826,10295,10173,7.711607576493443,11.140989303588867,15.683149337768555,74.0,9205,0.02514365315437317,0.04801272824406624,0.8941233608547838,9215,0.02805621363222599,0.051843062788248066,0.8950947061680428,9215,0.032529138028621674,0.0667020544409752,0.8950947061680428
182.6,100.0,supported,True,1.0,0.0,8.919856127275978,182.035,84.0,1,1827,6706,6074,4.654488517745302,11.38891887664795,16.18511390686035,54.0,3329,0.02895026095211506,0.08140421360731127,0.4964211154190277,3349,0.03357744961977005,0.0963599190115929,0.4994035192365046,3349,0.052237872034311295,0.17435844242572784,0.4994035192365046
182.7,100.0,supported,True,1.0,0.0,20.31095669947656,182.13,80.0,1,1828,5934,4963,3.0513987192450287,11.260859489440918,15.593920707702637,52.0,1580,0.026698807254433632,0.05305240079760554,0.26626221772834513,1611,0.03308623284101486,0.05718963220715523,0.27148634984833164,1611,0.04883481562137604,0.06818974763154984,0.27148634984833164
182.8,100.0,supported,True,1.0,0.0,10.798368376123971,182.24,100.0,1,1829,7058,6255,4.3982714650042505,11.387395858764648,16.080217361450195,62.0,3321,0.03554800897836685,0.06563150882720947,0.47052989515443466,3363,0.04055412486195564,0.06815005093812944,0.4764805894020969,3363,0.05495923385024071,0.08297580778598787,0.4764805894020969
182.9,100.0,supported,True,1.0,0.0,4.871476402336443,182.34,100.0,1,1830,7427,6651,4.311296620438939,11.486679077148438,15.598217964172363,62.0,3476,0.044682733714580536,0.07174349576234818,0.4680220815941834,3519,0.04919319972395897,0.07375481873750687,0.47381176787397333,3519,0.059903427958488464,0.07823221087455752,0.47381176787397333
183.0,100.0,supported,True,1.0,0.0,1.6447754096961547,182.44,112.0,1,1831,9732,9231,4.495273325113029,11.520000457763672,16.798444747924805,68.0,4376,0.0320894792675972,0.05475509911775589,0.4496506370735717,4481,0.038057077676057816,0.057345110923051834,0.4604397862720921,4481,0.053864818066358566,0.07424735277891159,0.4604397862720921
183.1,100.0,supported,True,1.0,0.0,2.527177735746098,182.54,152.0,1,1832,14212,14026,5.129960596678863,11.780923843383789,15.229848861694336,88.0,8305,0.02751619927585125,0.04316841140389443,0.5843653250773994,8407,0.03256510943174362,0.04718212708830834,0.5915423585702223,8407,0.04284912720322609,0.06618158519268039,0.5915423585702223
183.2,100.0,supported,True,1.0,0.0,2.2864805817177576,182.64,164.0,1,1833,15407,15307,5.287726358148894,11.63235092163086,15.370230674743652,94.0,9978,0.027769077569246292,0.04776204749941826,0.6476277016940352,10076,0.03401262313127518,0.05160687863826752,0.6539884468098917,10076,0.043557651340961456,0.0658041425049305,0.6539884468098917
183.3,100.0,supported,True,1.0,0.0,4.115831508832013,182.74,164.0,1,1834,15294,15176,5.601216163201255,11.485770225524902,19.153064727783203,94.0,10207,0.022401927039027214,0.04813419431447983,0.6673859029684843,10366,0.027707360684871674,0.05341412499547005,0.6777821367856676,10367,0.03689035400748253,0.06579592674970626,0.6778475219040146
183.4,100.0,supported,True,1.0,0.0,2.945263595556203,182.84,176.0,1,1835,16892,16616,5.947904333412266,12.728052139282227,14.819432258605957,100.0,12463,0.021810926496982574,0.04592150896787643,0.7378048780487805,12532,0.026923613622784615,0.04863022938370704,0.7418896519062278,12532,0.03528960049152374,0.055073265731334684,0.7418896519062278
183.5,100.0,supported,True,1.0,0.0,9.455853808900805,182.94,152.0,2,1836,12184,11489,5.891907419566645,13.293953895568848,14.441335678100586,88.0,8825,0.023234225809574127,0.038210129737854,0.7243105712409718,8877,0.027532227337360382,0.041415080428123474,0.7285784635587655,8877,0.03428846225142479,0.048726177215576184,0.7285784635587655
183.6,100.0,supported,True,1.0,0.0,7.249766369209999,183.045,104.0,2,1837,7106,6552,5.3926259499014915,13.995095252990723,14.493124961853027,64.0,4394,0.02635250613093376,0.041775906085968026,0.6183506895581199,4438,0.030355233699083328,0.04472796395421028,0.6245426400225161,4439,0.03784124180674553,0.0491233728826046,0.6246833661694343
183.7,100.0,multiple_channels,False,1.0,0.0,11.284818092478513,183.14,52.0,3,1838,4440,4217,6.493018018018018,13.69645881652832,14.36751651763916,38.0,3493,0.018151896074414253,0.027204323932528498,0.7867117117117117,3507,0.022481683641672134,0.029261807352304457,0.7898648648648648,3507,0.027442317456007004,0.035307721048593525,0.7898648648648648
183.8,100.0,multiple_channels,False,1.0,0.0,14.08368484989091,183.24,44.0,2,1839,3601,3582,8.666481532907525,13.65395736694336,14.23587703704834,34.0,3435,0.034081682562828064,0.04622470811009407,0.9539016939738961,3438,0.03766084089875221,0.048609097301959996,0.9547347958900305,3438,0.043264858424663544,0.054042834788560874,0.9547347958900305
183.9,100.0,multiple_channels,False,1.0,0.0,33.5618242586583,183.33,48.0,2,1840,4111,4072,8.342738992945755,13.689605712890625,14.178558349609375,36.0,3734,0.03515058755874634,0.04418384023010731,0.908294818778886,3736,0.0390797033905983,0.046240780502557755,0.9087813184140112,3736,0.0433749258518219,0.05114618502557278,0.9087813184140112
184.0,100.0,multiple_channels,False,1.0,0.0,6.946124973466777,183.45,64.0,2,1841,4627,4359,7.18910741301059,13.077917098999023,14.145718574523926,44.0,3555,0.03641073405742645,0.049682979285717,0.7683164037173115,3572,0.04056849703192711,0.05095798820257187,0.77199049059866,3573,0.045115381479263306,0.05262675061821938,0.7722066133563864
184.1,100.0,supported,True,1.0,0.0,5.952547638717214,183.55,32.0,1,1842,3002,2944,7.327115256495669,13.127378463745117,13.568020820617676,28.0,2502,0.03906621038913727,0.05776530466973782,0.8334443704197202,2511,0.044078290462493896,0.05816105753183365,0.8364423717521652,2511,0.04878775775432587,0.05993339791893959,0.8364423717521652
184.2,100.0,supported,True,1.0,0.0,11.43329984225263,183.65,52.0,1,1843,2212,2080,6.594032549728753,12.303645133972168,13.51789379119873,38.0,1610,0.03061283752322197,0.05572383403778082,0.7278481012658228,1625,0.03458552807569504,0.06055272519588471,0.734629294755877,1625,0.04077727720141411,0.06583240330219271,0.734629294755877
184.3,100.0,supported,True,1.0,0.0,5.945248349093892,183.75,40.0,1,1844,3574,3497,7.518466703973139,12.118363380432129,13.513856887817383,32.0,3101,0.06476748734712601,0.10217521339654922,0.8676552881925014,3107,0.07286366075277328,0.10441649705171585,0.8693340794627868,3107,0.08223545551300049,0.10602370649576187,0.8693340794627868
184.4,100.0,multiple_channels,False,1.0,0.0,14.638587132118843,183.845,60.0,2,1845,4937,4865,8.955843629734657,12.030336380004883,14.6339693069458,42.0,4482,0.0447302982211113,0.07430097088217735,0.9078387684828844,4491,0.05080515891313553,0.07893519103527069,0.9096617378975086,4491,0.06031401827931404,0.09440932422876358,0.9096617378975086
184.5,100.0,supported,True,1.0,0.0,19.021150891448368,183.96,48.0,1,1846,3995,3794,7.678347934918649,11.995179176330566,14.316267967224121,36.0,3260,0.03602747246623039,0.05599781647324562,0.8160200250312891,3275,0.04225624352693558,0.059074558317661285,0.8197747183979975,3276,0.050383925437927246,0.06596194952726364,0.8200250312891114
184.6,100.0,supported,True,1.0,0.0,11.04459868898838,184.05,72.0,1,1847,5217,4685,6.637531148169446,12.075846672058105,12.68644905090332,48.0,3383,0.03147030621767044,0.04839553087949753,0.6484569676059038,3426,0.03735445439815521,0.051717616617679596,0.6566992524439333,3426,0.04573826491832733,0.05778743326663971,0.6566992524439333
184.7,100.0,supported,True,1.0,0.0,7.335174291593475,184.155,84.0,1,1848,6141,5973,8.195733593877218,11.962718963623047,12.802550315856934,54.0,5249,0.04404140263795853,0.075032140314579,0.8547467839114151,5261,0.04880160838365555,0.07655069231987,0.8567008630516203,5262,0.05827087536454201,0.0787088915705681,0.8568637029799707
184.8,100.0,supported,True,1.0,0.0,2.1600309110616003,184.25,52.0,1,1849,5006,4970,10.765681182580902,11.53248119354248,13.140562057495117,38.0,4851,0.07247120141983032,0.12048882991075516,0.9690371554135038,4854,0.07935124635696411,0.12213697135448454,0.9696364362764682,4854,0.0862850546836853,0.13333293199539184,0.9696364362764682
184.9,100.0,multiple_channels,False,1.0,0.0,7.097399119898836,184.35,60.0,2,1850,5216,5134,10.978719325153374,11.631080627441406,12.933673858642578,42.0,4861,0.07428135722875595,0.14584560692310333,0.9319401840490797,4867,0.07910174876451492,0.1488058388233185,0.933090490797546,4868,0.08563873916864395,0.14869732409715652,0.933282208588957
185.0,100.0,supported,True,1.0,0.0,2.5041586476628104,184.45,88.0,1,1851,5830,5572,10.469125214408233,11.925689697265625,12.497918128967285,56.0,4704,0.0391620397567749,0.05382088609039783,0.8068610634648371,4724,0.04270858317613602,0.05557277090847492,0.8102915951972556,4724,0.04648277908563614,0.05849626995623111,0.8102915951972556
185.1,100.0,supported,True,1.0,0.0,1.3794964141884976,184.55,52.0,1,1852,4085,4011,12.688861689106487,11.91916275024414,12.499069213867188,38.0,3689,0.03704359754920006,0.05096831768751145,0.9030599755201958,3692,0.039802998304367065,0.05198582708835602,0.9037943696450429,3692,0.044382430613040924,0.05607766360044479,0.9037943696450429
185.2,100.0,supported,True,1.0,0.0,5.655783334317259,184.65,56.0,1,1853,4761,4719,10.908002520478892,12.006321907043457,12.475452423095703,40.0,4459,0.049180056899785995,0.06809337437152864,0.9365679479101029,4461,0.05411294847726822,0.0693374052643776,0.9369880277252678,4461,0.05888652056455612,0.06937004625797272,0.9369880277252678
185.3,100.0,supported,True,1.0,0.0,4.34315330502051,184.75,56.0,2,1854,4155,4028,8.0661853188929,12.058518409729004,13.3091459274292,40.0,3345,0.036650121212005615,0.05749636963009834,0.8050541516245487,3359,0.04148628190159798,0.05988900363445282,0.8084235860409146,3361,0.04662038013339043,0.06283210217952728,0.8089049338146811
185.4,100.0,multiple_channels,False,1.0,0.0,20.276294609564392,184.845,28.0,2,1855,2603,2554,7.459085670380331,11.842066764831543,12.377679824829102,26.0,2172,0.048267558217048645,0.07267366945743561,0.8344218209757972,2179,0.052292726933956146,0.07428532093763351,0.8371110257395313,2179,0.05648796632885933,0.07942216396331787,0.8371110257395313
185.5,100.0,multiple_channels,False,1.0,0.0,14.419226244923449,184.96,32.0,2,1856,2211,2129,6.047489823609227,11.40337085723877,12.428654670715332,28.0,1481,0.05094305798411369,0.07489263266324997,0.6698326549072817,1488,0.05661492794752121,0.07629911229014397,0.6729986431478969,1488,0.061740972101688385,0.07625636979937553,0.6729986431478969
185.6,100.0,supported,True,1.0,0.0,19.05127848785112,185.045,44.0,1,1857,3347,3304,8.722736779205258,11.679017066955566,12.359006881713867,34.0,3093,0.03759430721402168,0.04951496422290803,0.9241111443083359,3095,0.04143725708127022,0.05101581588387489,0.9247086943531521,3095,0.047416042536497116,0.057565844804048534,0.9247086943531521
185.7,100.0,multiple_channels,False,1.0,0.0,66.96764364108667,185.205,44.0,2,1858,3162,3055,7.158127767235927,10.96112060546875,12.32469367980957,34.0,2173,0.03768559545278549,0.052595402300357814,0.6872232764073372,2200,0.04147333651781082,0.05511439666152001,0.6957621758380772,2200,0.04920266568660736,0.06913892552256586,0.6957621758380772
185.8,100.0,multiple_channels,False,1.0,0.0,100.22994917965627,185.28,60.0,2,1859,3237,3149,7.088971269694161,10.282962799072266,12.546527862548828,42.0,2416,0.04748139530420303,0.08195459842681885,0.7463700957676861,2449,0.05566161498427391,0.09080636948347093,0.7565647204201421,2449,0.07455594837665558,0.11844166219234468,0.7565647204201421
185.9,100.0,supported,True,1.0,0.0,106.57594550733798,185.345,44.0,1,1860,3931,3895,7.076062070719918,10.835304260253906,12.090669631958008,34.0,3423,0.0744100883603096,0.15829069912433627,0.8707707962350547,3424,0.09170889854431152,0.15881815701723098,0.8710251844314424,3424,0.10659473389387131,0.15712553560733794,0.8710251844314424
186.0,100.0,supported,True,1.0,0.0,82.30871281170872,185.495,64.0,2,1861,5357,5308,8.75434011573642,10.469883918762207,12.141180992126465,44.0,5047,0.03246916085481644,0.0523348741233349,0.9421317901810715,5054,0.03742390125989914,0.058661019802093504,0.9434384916931118,5054,0.0453544445335865,0.07484611198306082,0.9434384916931118
186.1,100.0,multiple_channels,False,1.0,0.0,44.8647298261058,185.58,64.0,2,1862,6337,6319,10.0632791541739,10.72584342956543,12.309907913208008,44.0,6237,0.02285768836736679,0.031729872524738315,0.9842196623007733,6237,0.025513049215078354,0.03379250541329385,0.9842196623007733,6237,0.030079832300543785,0.0405436284840107,0.9842196623007733
186.2,100.0,multiple_channels,False,1.0,0.0,29.43307583314487,185.675,92.0,2,1863,8554,8520,10.033668459200374,11.20076847076416,12.106026649475098,58.0,8384,0.021670840680599213,0.029007943905889986,0.9801262567220014,8387,0.02389093115925789,0.030406478419899942,0.9804769698386719,8387,0.027943609282374382,0.03757966682314873,0.9804769698386719
186.3,100.0,supported,True,1.0,0.0,54.28789248775502,185.715,152.0,1,1864,14766,14641,8.172355411079508,10.827305793762207,13.820449829101562,88.0,13729,0.028332214802503586,0.05387685522437096,0.929771095760531,13737,0.03317255899310112,0.05700567364692688,0.9303128809427063,13737,0.040336113423109055,0.06715881377458573,0.9303128809427063
186.4,100.0,supported,True,1.0,0.0,59.13319951805822,185.935,144.0,1,1865,14359,14258,6.931123337279755,10.79341983795166,12.470599174499512,84.0,11750,0.02371353469789028,0.05296381674706936,0.8183021101748033,11798,0.02706943079829216,0.05845393277704718,0.8216449613482834,11798,0.032865092158317566,0.06732235550880435,0.8216449613482834
186.5,100.0,supported,True,1.0,0.0,60.707172423609094,186.0,152.0,1,1866,14769,14727,7.608233461981177,10.906316757202148,15.073444366455078,88.0,13364,0.026247909292578697,0.06380704194307327,0.9048683052339359,13375,0.029874425381422043,0.0689504697918892,0.9056131085381542,13375,0.04229538515210152,0.08480882197618485,0.9056131085381542
186.6,100.0,supported,True,1.0,0.0,57.88185846038924,186.135,160.0,1,1867,15242,15196,7.1584437737829685,11.046130180358887,14.271751403808594,92.0,13845,0.028675826266407967,0.05789839848876,0.9083453615011153,13855,0.03447109833359718,0.06072761490941048,0.9090014433801339,13855,0.045506805181503296,0.0699999362230301,0.9090014433801339
186.7,100.0,supported,True,1.0,0.0,71.42442937474831,186.225,156.0,1,1868,13904,13845,8.72108745684695,10.591741561889648,15.996424674987793,90.0,13376,0.029403895139694214,0.05533871613442898,0.9620253164556962,13384,0.0336894690990448,0.05982551202178002,0.9626006904487917,13384,0.04325716942548752,0.07621629536151886,0.9626006904487917
186.8,100.0,supported,True,1.0,0.0,78.60966802353816,186.325,128.0,1,1869,11734,11724,9.458667121186297,10.65834903717041,12.894539833068848,76.0,11607,0.03487301245331764,0.05304806083440781,0.9891767513209476,11610,0.03922762721776962,0.05532672703266144,0.9894324186125788,11610,0.047005973756313324,0.06566386297345161,0.9894324186125788
186.9,100.0,supported,True,1.0,0.0,76.42318973473223,186.425,108.0,1,1870,10642,10612,8.750986656643487,10.230950355529785,13.582535743713379,66.0,10229,0.045491091907024384,0.0744844302535057,0.9611915053561361,10239,0.05095863714814186,0.07591727823019029,0.9621311783499342,10239,0.06039426103234291,0.0828883096575737,0.9621311783499342
187.0,100.0,supported,True,1.0,0.0,57.360050191880134,186.545,116.0,1,1871,10940,10918,9.39853747714808,10.06056022644043,20.922632217407227,70.0,10646,0.046662840992212296,0.06638965383172035,0.9731261425959781,10650,0.05128100514411926,0.06871182098984718,0.973491773308958,10650,0.05823199823498726,0.07832242399454117,0.973491773308958
187.1,100.0,supported,True,1.0,0.0,46.96338913706651,186.615,112.0,1,1872,10900,10861,9.843211009174311,9.898475646972656,14.300606727600098,68.0,10610,0.05066344514489174,0.07503531947731971,0.9733944954128441,10614,0.0545128732919693,0.07899601832032208,0.9737614678899082,10614,0.06119667738676071,0.09191083610057832,0.9737614678899082
187.2,100.0,supported,True,1.0,0.0,48.11183558213549,186.715,124.0,1,1873,11194,11138,10.692692513846703,9.307733535766602,13.986235618591309,74.0,10846,0.04634059965610504,0.06269599869847298,0.9689119170984456,10850,0.04908305034041405,0.06466138660907746,0.9692692513846703,10850,0.05442878603935242,0.0740845575928688,0.9692692513846703
187.3,100.0,supported,True,1.0,0.0,37.089610250306336,186.825,120.0,1,1874,11127,11081,10.70791767772086,9.552178382873535,13.610023498535156,72.0,10856,0.041900284588336945,0.05299297161400318,0.9756448278961085,10860,0.044625815004110336,0.05453512817621232,0.9760043138312213,10860,0.050590381026268005,0.06907646432518959,0.9760043138312213
187.4,100.0,supported,True,1.0,0.0,22.17556861089745,186.925,116.0,1,1875,11172,11142,10.312567132116005,9.785240173339844,12.361987113952637,70.0,10955,0.039245009422302246,0.04837704449892044,0.9805764411027569,10957,0.04186556488275528,0.050361653417348856,0.9807554600787683,10957,0.04870656505227089,0.06518898606300354,0.9807554600787683
187.5,100.0,supported,True,1.0,0.0,14.98664494207404,187.025,144.0,1,1876,13427,13372,9.766738660907128,10.350081443786621,15.861410140991211,84.0,13098,0.033583011478185654,0.04004062116146088,0.9754971326431816,13104,0.0356203131377697,0.041338224336504935,0.9759439934460415,13104,0.0391441211104393,0.05028524808585647,0.9759439934460415
187.6,100.0,supported,True,1.0,0.0,4.274116165185628,187.125,152.0,1,1877,14250,14214,9.603929824561403,10.267533302307129,13.301154136657715,88.0,13933,0.030393555760383606,0.03869244083762169,0.9777543859649123,13938,0.03295262157917023,0.04024321958422661,0.9781052631578947,13938,0.0364755243062973,0.04620944969356061,0.9781052631578947
187.7,100.0,supported,True,1.0,0.0,10.199303181691752,187.23,160.0,1,1878,15066,15008,9.175759989380062,10.579607009887695,13.649643898010254,92.0,14178,0.028501659631729126,0.03512845449149609,0.9410593389088012,14183,0.030228659510612488,0.03628578633069992,0.941391212000531,14183,0.033455342054367065,0.041389065980911265,0.941391212000531
187.8,100.0,supported,True,1.0,0.0,3.5975296361209788,187.33,160.0,1,1879,15137,15099,9.771817401070225,10.39216423034668,13.543862342834473,92.0,14648,0.02935301512479782,0.03765818290412426,0.9676950518596815,14661,0.0311942957341671,0.038789574056863785,0.9685538746118781,14661,0.03408544510602951,0.042114753276109695,0.9685538746118781
187.9,100.0,supported,True,1.0,0.0,27.83195820582237,187.43,176.0,1,1880,15408,15230,8.875454309449637,10.169629096984863,13.85466194152832,100.0,14312,0.026172569021582603,0.03574356473982334,0.9288681204569055,14326,0.028022799640893936,0.03798721544444561,0.9297767393561787,14326,0.031671661883592606,0.04558679275214672,0.9297767393561787
188.0,100.0,multiple_channels,False,1.0,4.0,41.41171887201572,187.565,120.0,2,1881,7501,7134,8.622450339954673,11.55579662322998,12.002376556396484,72.0,5921,0.02566729299724102,0.03186959773302078,0.7893614184775364,5951,0.027813533321022987,0.03304914012551308,0.7933608852153047,5951,0.030436674132943153,0.037642985582351685,0.7933608852153047
188.1,100.0,supported,True,1.0,0.0,5.604522766431266,187.64,64.0,1,1882,5400,4996,6.773703703703704,11.415823936462402,11.92254638671875,44.0,3674,0.021730728447437286,0.02878182884305716,0.6803703703703704,3699,0.024303512647747993,0.029715999588370325,0.685,3699,0.027592506259679794,0.03324740752577782,0.685
188.2,100.0,supported,True,1.0,0.0,3.485741096676284,187.74,76.0,2,1883,6856,6620,7.219661610268378,11.3681001663208,11.788152694702148,50.0,5315,0.02643820457160473,0.03438522592186928,0.7752333722287048,5340,0.028803769499063492,0.035261280834674835,0.778879813302217,5342,0.03219516575336456,0.03806174993515015,0.779171528588098
188.3,100.0,supported,True,1.0,0.0,30.345344189933765,187.83,84.0,1,1884,7776,7726,11.385802469135802,11.274574279785156,11.69360065460205,54.0,7350,0.03293905407190323,0.04028952307999134,0.9452160493827161,7354,0.03466381877660751,0.04075115397572517,0.9457304526748971,7354,0.03710482269525528,0.04361773952841758,0.9457304526748971
188.4,100.0,supported,True,1.0,0.0,36.2877327937761,187.93,28.0,1,1885,2718,2699,11.605960264900663,10.522626876831055,11.609596252441406,26.0,2585,0.0354745127260685,0.045507758110761645,0.9510669610007358,2589,0.038258351385593414,0.04860638454556466,0.9525386313465783,2589,0.04114757478237152,0.06084165722131729,0.9525386313465783
188.5,100.0,supported,True,1.0,0.0,17.75305776884549,188.04,48.0,2,1886,4023,3996,10.536912751677852,10.437832832336426,11.12283992767334,36.0,3730,0.035517461597919464,0.04153454266488552,0.9271687795177728,3735,0.03914117440581322,0.04423378705978394,0.9284116331096197,3736,0.04507932811975479,0.05606529116630554,0.9286602038279891
188.6,100.0,supported,True,1.0,0.0,2.9933631210558254,188.14,100.0,1,1887,7802,7633,9.248526018969494,10.259350776672363,11.028142929077148,62.0,6769,0.030398476868867874,0.038136580586433405,0.8675980517815944,6781,0.03423936292529106,0.04250554367899895,0.8691361189438606,6781,0.04076506197452545,0.05802217125892639,0.8691361189438606
188.7,100.0,supported,True,1.0,0.0,2.545243175905682,188.24,48.0,1,1888,4437,4410,9.820148749154834,9.806612968444824,10.883788108825684,36.0,4222,0.04042665287852287,0.0824081540107727,0.9515438359251747,4224,0.04795864224433899,0.0878871239721775,0.9519945909398242,4224,0.06387412548065186,0.09735427275300026,0.9519945909398242
188.8,100.0,supported,True,1.0,0.0,2.435206042928468,188.34,68.0,2,1889,5302,5198,7.288570350811015,9.632708549499512,11.286209106445312,46.0,4584,0.03837212920188904,0.07540974989533424,0.8645794039984911,4597,0.04802913963794708,0.08426476567983629,0.8670313089400227,4597,0.07072140276432037,0.1055132418870926,0.8670313089400227
188.9,100.0,supported,True,1.0,0.0,5.568448439006841,188.435,64.0,1,1890,6324,6247,8.042852624920936,9.066308975219727,11.305000305175781,44.0,5797,0.0370568186044693,0.04956756010651589,0.9166666666666666,5804,0.04432329162955284,0.054484032467007636,0.9177735610373181,5804,0.054678115993738174,0.06764734163880348,0.9177735610373181
189.0,100.0,supported,True,1.0,0.0,13.133100840383149,188.535,96.0,1,1891,8466,8461,6.957240727616348,8.791400909423828,10.62230110168457,60.0,7749,0.03507393226027489,0.049671047180891034,0.9153082919914954,7752,0.042304836213588715,0.055023852735757835,0.9156626506024096,7752,0.054355770349502563,0.0770598903298378,0.9156626506024096
189.1,100.0,supported,True,1.0,0.0,26.529346799643662,188.635,100.0,1,1892,9735,9710,7.137544940934771,8.604995727539062,11.749524116516113,62.0,8985,0.03779308870434761,0.05620467066764832,0.9229583975346687,8986,0.04431277513504028,0.06291349604725838,0.9230611196712891,8986,0.06066299229860306,0.08861863985657692,0.9230611196712891
189.2,100.0,supported,True,1.0,0.0,26.550262538532415,188.74,112.0,1,1893,11389,11360,5.763368162261831,8.854764938354492,11.128765106201172,68.0,8537,0.038038551807403564,0.05845296382904053,0.7495829308982351,8553,0.046272169798612595,0.06908743679523469,0.750987795241022,8553,0.06451418995857239,0.09883892536163331,0.750987795241022
189.3,100.0,supported,True,1.0,0.0,5.91758962047127,188.845,152.0,1,1894,13690,13570,5.750766983199416,7.473346710205078,11.525205612182617,88.0,10228,0.038112740963697433,0.06518272757530212,0.7471146822498174,10249,0.04592464864253998,0.07315273731946947,0.7486486486486487,10249,0.059877388179302216,0.0958433493971825,0.7486486486486487
189.4,100.0,supported,True,1.0,0.0,9.387321224622356,188.945,100.0,1,1895,9576,9485,6.293859649122807,7.275015354156494,10.454397201538086,62.0,7513,0.04042515903711319,0.06128932312130928,0.7845655806182122,7528,0.04458086937665939,0.06497745513916016,0.7861319966583125,7528,0.055975355207920074,0.07845745012164115,0.7861319966583125
189.5,100.0,supported,True,1.0,0.0,3.581630046036469,189.045,88.0,1,1896,7849,7749,5.838450758058351,7.207136631011963,10.479135513305664,56.0,5797,0.04221970587968826,0.06259538978338243,0.7385654223467958,5809,0.04753439500927925,0.06580942422151566,0.7400942795260542,5810,0.05712846294045448,0.08081701025366785,0.7402216842909924
189.6,100.0,supported,True,1.0,0.0,13.470742779423356,189.145,68.0,1,1897,6288,6134,4.973441475826972,7.355362415313721,10.420256614685059,46.0,4086,0.04092029854655266,0.06548219174146652,0.6498091603053435,4098,0.04498336464166641,0.06724731177091599,0.6517175572519084,4098,0.054562970995903015,0.07541992515325546,0.6517175572519084
189.7,100.0,supported,True,1.0,0.0,19.79570491803742,189.24,88.0,1,1898,8367,8240,5.55671088801243,7.229081153869629,10.747270584106445,56.0,6100,0.04568792134523392,0.06754248589277267,0.729054619337875,6119,0.05173652619123459,0.06858409941196442,0.7313254452013864,6119,0.06245151534676552,0.08567435890436172,0.7313254452013864
189.8,100.0,supported,True,1.0,0.0,9.406635145702685,189.34,184.0,1,1899,14570,14388,6.6714481811942346,8.128803253173828,12.332762718200684,104.0,11539,0.04039793089032173,0.07535901963710785,0.7919698009608785,11565,0.04466865211725235,0.0834574669599533,0.7937542896362388,11565,0.055317848920822144,0.10599072873592379,0.7937542896362388
189.9,100.0,supported,True,1.0,0.0,6.154315768870381,189.44,140.0,2,1900,13035,12938,10.207518220176448,8.819011688232422,10.402458190917969,82.0,12415,0.03412783518433571,0.05327843427658081,0.9524357499041043,12425,0.03680933639407158,0.05557679384946823,0.9532029152282316,12425,0.04397545009851456,0.06444302052259446,0.9532029152282316
190.0,100.0,multiple_channels,False,1.0,0.0,54.242952015531216,189.52,88.0,2,1901,6214,5919,8.43305439330544,9.44270133972168,10.328263282775879,56.0,4926,0.03193603456020355,0.04510662890970707,0.7927261023495333,4933,0.03658793121576309,0.04900323376059532,0.7938525909237206,4933,0.048886723816394806,0.06411067843437196,0.7938525909237206
190.1,100.0,multiple_channels,False,1.0,0.0,76.19039872891683,189.61,48.0,2,1902,3927,3739,8.636872930990577,9.522478103637695,9.97559928894043,36.0,3094,0.022608835250139236,0.035589061677455916,0.7878787878787878,3100,0.025468606501817703,0.03745248056948185,0.789406671759613,3100,0.03202729672193527,0.04436727873980999,0.789406671759613
190.2,100.0,supported,True,1.0,0.0,100.99878584758135,189.695,32.0,1,1903,2857,2809,11.747637381869094,9.283212661743164,9.82287311553955,28.0,2535,0.032005418092012405,0.043070314824581145,0.8872943647182359,2543,0.034216396510601044,0.044206428527832034,0.8900945047252362,2543,0.04069732502102852,0.047031087428331377,0.8900945047252362
190.3,100.0,supported,True,1.0,0.0,119.57912472775656,189.83,56.0,1,1904,4458,4406,12.789816061013907,9.233234405517578,9.767254829406738,40.0,4207,0.030597487464547157,0.04100972041487694,0.9436967249887842,4211,0.03356309235095978,0.04186130315065384,0.9445939883355765,4211,0.038727764040231705,0.04661647602915764,0.9445939883355765
190.4,100.0,supported,True,1.0,0.0,119.57345144108385,189.93,80.0,1,1905,6776,6623,11.183736717827626,8.840472221374512,11.912985801696777,52.0,6164,0.03812737017869949,0.06274105757474899,0.9096812278630461,6173,0.04230706766247749,0.06523270905017854,0.9110094451003542,6173,0.0484563410282135,0.07178433686494828,0.9110094451003542
190.5,100.0,supported,True,1.0,0.0,128.94417832266308,189.995,88.0,1,1906,8118,8069,10.539664942103967,8.477651596069336,11.051724433898926,56.0,7806,0.04152417182922363,0.059734513983130455,0.9615668883961567,7813,0.04521188884973526,0.059819141030311586,0.9624291697462429,7813,0.05151255428791046,0.06437934190034866,0.9624291697462429
190.6,100.0,supported,True,1.0,0.0,116.4979045371557,190.16,92.0,1,1907,8639,8599,10.376663965736775,8.131935119628906,10.233318328857422,58.0,8388,0.03937914967536926,0.06264756247401237,0.9709457113091793,8392,0.04272639751434326,0.06913364753127099,0.971408727862021,8393,0.05133301764726639,0.07793925404548648,0.9715244820002316
190.7,100.0,supported,True,1.0,0.0,103.17857218247975,190.26,96.0,1,1908,9237,9229,10.713543358233192,8.208372116088867,9.815722465515137,60.0,9165,0.042102839797735214,0.14097793698310854,0.9922052614485223,9165,0.04604967311024666,0.1451688975095749,0.9922052614485223,9165,0.06395208090543747,0.14976211488246918,0.9922052614485223
190.8,100.0,supported,True,1.0,0.0,98.45321270816427,190.36,100.0,1,1909,9889,9806,9.36393973101426,8.368815422058105,10.357946395874023,62.0,9509,0.10014859586954117,0.2070540636777878,0.9615734654666801,9512,0.11694984138011932,0.20661023706197737,0.9618768328445748,9512,0.13306769728660583,0.1982943713665008,0.9618768328445748
190.9,100.0,supported,True,1.0,0.0,86.42948746786739,190.435,108.0,1,1910,9836,9765,10.222854819032127,8.832242965698242,10.61878490447998,66.0,9463,0.08543232083320618,0.14328534603118898,0.9620780805205368,9468,0.09172934293746948,0.14255395531654358,0.9625864172427816,9468,0.09897781908512115,0.14243603050708772,0.9625864172427816
191.0,100.0,supported,True,1.0,0.0,79.45385525003992,190.535,92.0,1,1911,7720,7614,9.188082901554404,9.094263076782227,9.729999542236328,58.0,7153,0.07628554105758667,0.11539745926856995,0.9265544041450777,7158,0.0819091647863388,0.11499321460723877,0.9272020725388601,7158,0.08601219207048416,0.11436873525381089,0.9272020725388601
191.1,100.0,supported,True,1.0,0.0,80.54290378696714,190.635,88.0,1,1912,8489,8441,9.373071033101661,9.291929244995117,9.708832740783691,56.0,8136,0.05262912064790726,0.07283883914351463,0.9584167746495464,8139,0.055057328194379807,0.07248691618442535,0.9587701731652727,8139,0.05728227645158768,0.07334654480218887,0.9587701731652727
191.2,100.0,supported,True,1.0,0.0,47.04745832734716,190.75,164.0,1,1913,12395,12262,9.843243243243244,9.344951629638672,9.750700950622559,94.0,11432,0.03275141492486,0.04884410612285137,0.9223073820088745,11434,0.034450940787792206,0.04945628829300404,0.9224687373941105,11434,0.03825991228222847,0.05018732473254204,0.9224687373941105
191.3,100.0,multiple_channels,False,1.0,0.0,7.789301299396156,190.835,60.0,2,1914,5428,5276,8.279292557111274,9.2938814163208,9.702583312988281,42.0,4544,0.025919821113348007,0.040180635079741484,0.8371407516580692,4550,0.027853742241859436,0.04162477254867554,0.8382461311717023,4550,0.030692489817738533,0.04418089278042316,0.8382461311717023
191.4,100.0,multiple_channels,False,1.0,0.0,5.792191793374443,190.935,68.0,2,1915,5744,5680,9.008530640668523,8.937664031982422,9.545865058898926,46.0,5354,0.03454641252756119,0.06293629705905913,0.9321030640668524,5358,0.037483226507902145,0.06455867141485215,0.932799442896936,5359,0.04244748130440712,0.06536286324262619,0.9329735376044568
191.5,100.0,supported,True,1.0,0.0,19.67433324104167,191.035,64.0,1,1916,5999,5982,9.321220203367227,8.691349983215332,9.510709762573242,44.0,5835,0.06880252808332443,0.1273918002843857,0.9726621103517253,5836,0.07632650434970856,0.12740423530340195,0.9728288048008001,5836,0.0860767513513565,0.12483952939510345,0.9728288048008001
191.6,100.0,supported,True,1.0,0.0,16.119257151048416,191.145,100.0,1,1917,8776,8689,9.95373746581586,8.70791244506836,9.503606796264648,62.0,8430,0.04054875299334526,0.1348842799663544,0.9605742935278031,8433,0.043076373636722565,0.13803683221340182,0.9609161349134002,8434,0.04570179805159569,0.1359832316637039,0.9610300820419325
191.7,100.0,supported,True,1.0,0.0,19.554616437927795,191.235,104.0,1,1918,9886,9831,7.66154157394295,8.962145805358887,9.518075942993164,64.0,9317,0.036377955228090286,0.10169772207736968,0.9424438600040461,9320,0.038194671273231506,0.10411913171410561,0.9427473194416346,9323,0.04081873595714569,0.10495325177907944,0.9430507788792232
191.8,100.0,supported,True,1.0,4.0,21.985525815831576,191.345,100.0,1,1919,9011,8927,6.245033847519698,8.949682235717773,9.50615406036377,62.0,7104,0.037646643817424774,0.09800392985343932,0.7883697702807679,7137,0.040020983666181564,0.10238745808601381,0.792031960936633,7137,0.0456438809633255,0.10255012959241867,0.792031960936633
191.9,100.0,multiple_channels,False,1.0,0.0,31.017881953026237,191.445,20.0,2,1920,1668,1657,5.512589928057554,8.86076831817627,9.44819450378418,22.0,1182,0.023592818528413773,0.0322742123156786,0.7086330935251799,1188,0.02813299186527729,0.03411327563226223,0.7122302158273381,1188,0.036549776792526245,0.04533460736274719,0.7122302158273381
192.0,100.0,supported,True,1.0,0.0,47.251205456342575,191.535,48.0,2,1921,2509,2438,6.143084894380231,8.020105361938477,9.211822509765625,36.0,1917,0.024810979142785072,0.03645857721567154,0.7640494220805102,1929,0.030189216136932373,0.04082186371088028,0.7688322040653647,1929,0.04061684384942055,0.058083932101726535,0.7688322040653647
192.1,100.0,supported,True,1.0,0.0,89.82140598048844,191.6,32.0,1,1922,2923,2858,7.642148477591515,6.703139781951904,8.875958442687988,28.0,2594,0.03366585075855255,0.05606382675468924,0.8874444064317482,2599,0.040812939405441284,0.06261863708496102,0.8891549777625727,2599,0.05834260582923889,0.08842819482088092,0.8891549777625727
192.2,100.0,supported,True,1.0,0.0,138.58625872319675,191.685,48.0,1,1923,4692,4683,7.682225063938619,6.1753692626953125,7.989845275878906,36.0,4490,0.032510533928871155,0.05155597701668739,0.9569479965899403,4491,0.038331955671310425,0.056971363723278046,0.9571611253196931,4491,0.05440952628850937,0.09210661053657532,0.9571611253196931
192.3,100.0,supported,True,1.0,0.0,202.9570693904137,191.73,64.0,1,1924,5329,5272,6.472884218427472,6.034444332122803,9.114742279052734,44.0,4422,0.03252644091844559,0.06547660753130913,0.8297992118596359,4435,0.03811689093708992,0.0765291929244995,0.8322386939388253,4436,0.05573199689388275,0.12545792013406754,0.8324263464064553
192.4,100.0,supported,True,1.0,0.0,272.0755372422575,191.805,56.0,1,1925,5294,5279,6.742916509255761,5.922220230102539,7.969436168670654,40.0,4768,0.03787261247634888,0.06470081657171249,0.9006422364941443,4768,0.04573075473308563,0.06943217739462855,0.9006422364941443,4768,0.06057240813970566,0.10143212452530861,0.9006422364941443
192.5,100.0,supported,True,1.0,0.0,348.28360535977157,191.87,56.0,1,1926,4986,4967,6.466506217408744,6.569820404052734,7.943866729736328,40.0,4346,0.04045984894037247,0.07360424846410751,0.8716405936622543,4347,0.04510294646024704,0.07640849202871323,0.871841155234657,4347,0.05250902846455574,0.08728572875261308,0.871841155234657
192.6,100.0,supported,True,1.0,4.0,428.31250193631263,191.93,56.0,1,1927,3751,3635,6.573447080778459,6.8330230712890625,7.921794414520264,40.0,3117,0.028144435957074165,0.045292533934116364,0.8309784057584644,3127,0.031498800963163376,0.04768359735608101,0.833644361503599,3127,0.03693563491106033,0.05156213045120239,0.833644361503599
192.7,100.0,supported,True,1.0,0.0,495.6494337708088,192.595,16.0,1,1928,1311,1306,7.421815408085431,6.288213729858398,7.324398040771484,20.0,1244,0.03353187441825867,0.05464267060160638,0.9488939740655988,1244,0.042936574667692184,0.07134521305561066,0.9488939740655988,1244,0.06469181180000305,0.11183044388890268,0.9488939740655988
192.8,100.0,supported,True,1.0,0.0,479.10386250760166,192.655,24.0,1,1929,1945,1939,7.26426735218509,6.065459728240967,7.335350513458252,24.0,1852,0.05575144290924072,0.11623670235276223,0.9521850899742931,1852,0.06926989555358887,0.12359606176614761,0.9521850899742931,1852,0.1037403792142868,0.1522514045238495,0.9521850899742931
192.9,100.0,supported,True,1.0,0.0,482.3613855713116,192.68,28.0,1,1930,2392,2376,7.260869565217392,6.279119968414307,7.046707630157471,26.0,2226,0.036143332719802856,0.11163460835814476,0.9306020066889632,2228,0.046828459948301315,0.11553002670407292,0.931438127090301,2228,0.07369710505008698,0.12362365871667862,0.931438127090301
193.0,100.0,supported,True,1.0,4.0,498.8166307657292,192.78,36.0,1,1931,2908,2830,5.78920220082531,6.0,6.947076320648193,30.0,2227,0.02916981838643551,0.048649832606315634,0.765818431911967,2237,0.035483017563819885,0.05313308238983155,0.7692572214580468,2237,0.0525505468249321,0.07386535704135895,0.7692572214580468
193.1,100.0,supported,True,1.0,0.0,495.8835038518658,192.88,40.0,1,1932,3154,3113,5.908053265694356,6.049625873565674,6.8822855949401855,32.0,2454,0.02712446078658104,0.04456040672957898,0.7780596068484464,2463,0.03258383646607399,0.046069072932004934,0.7809131261889664,2463,0.04231477901339531,0.07309214919805528,0.7809131261889664
193.2,100.0,supported,True,1.0,0.0,481.2872656699986,192.98,56.0,1,1933,2778,2687,6.290856731461483,5.872333526611328,8.668929100036621,40.0,2055,0.024942876771092415,0.03686217516660692,0.7397408207343412,2067,0.030645450577139854,0.04232694208621979,0.744060475161987,2068,0.041066497564315796,0.0957299619913101,0.7444204463642908
193.3,100.0,supported,True,1.0,0.0,479.6702907191202,192.985,32.0,1,1934,2501,2477,6.087564974010395,6.130967140197754,7.281004428863525,28.0,2024,0.028689224272966385,0.04830654375255108,0.8092762894842063,2031,0.03411975875496864,0.05197862535715103,0.8120751699320272,2031,0.04262812063097954,0.08606692403554916,0.8120751699320272
193.4,100.0,supported,True,1.0,0.0,481.8591672027889,193.03,36.0,1,1935,2911,2866,6.6190312607351425,5.997666358947754,6.778463840484619,30.0,2358,0.0234675332903862,0.03233832381665707,0.8100309172105805,2361,0.027453377842903137,0.038029059767723083,0.8110614908965991,2361,0.031915049999952316,0.061957526952028275,0.8110614908965991
193.5,100.0,supported,True,1.0,0.0,456.6905566626479,193.325,36.0,1,1936,3131,3060,8.087192590226765,5.399826526641846,7.525305271148682,30.0,2795,0.025186723098158836,0.040737702697515484,0.8926860427978281,2800,0.027664534747600555,0.05451285578310488,0.8942829766847652,2800,0.030553538352251053,0.11932327747344967,0.8942829766847652
193.6,100.0,multiple_channels,False,1.0,4.0,398.74210708764576,193.405,24.0,2,1937,2030,2000,9.063546798029556,5.7204203605651855,6.563263893127441,24.0,1874,0.03142368793487549,0.04551667384803296,0.9231527093596059,1880,0.034152962267398834,0.04804839380085471,0.9261083743842364,1880,0.04062284156680107,0.05636048391461373,0.9261083743842364
193.7,100.0,supported,True,1.0,0.0,352.89072591095425,193.56,40.0,1,1938,3428,3374,8.006126021003501,5.244724750518799,6.482224941253662,32.0,3078,0.035288676619529724,0.09183239936828615,0.8978996499416569,3082,0.04220863804221153,0.09966826215386392,0.8990665110851809,3082,0.06366138160228729,0.11526397839188576,0.8990665110851809
193.8,100.0,supported,True,1.0,0.0,307.27461555173574,193.65,40.0,1,1939,3554,3510,7.819921215531795,5.091457366943359,7.551028728485107,32.0,3264,0.05396256595849991,0.13046375811100006,0.9184018007878447,3264,0.0610634982585907,0.1338959991931916,0.9184018007878447,3264,0.08516927808523178,0.13496880084276205,0.9184018007878447
193.9,100.0,supported,True,1.0,0.0,260.7082469524521,193.735,36.0,1,1940,3188,3140,7.069636135508156,5.53608512878418,6.312969207763672,30.0,2676,0.06150222569704056,0.09588129445910454,0.8393977415307403,2681,0.06744413822889328,0.09776032716035843,0.8409661229611042,2681,0.07585031539201736,0.10174262523651123,0.8409661229611042
194.0,100.0,supported,True,1.0,0.0,194.90468522860917,194.0,76.0,1,1941,4449,4399,6.351314902225219,4.777946472167969,6.508387088775635,50.0,3624,0.05676564574241638,0.08710385486483575,0.8145650708024275,3633,0.06345756351947784,0.090659499168396,0.8165879973027647,3633,0.07016079872846603,0.09951046407222748,0.8165879973027647
194.1,100.0,supported,True,1.0,0.0,95.8475982924506,193.995,76.0,1,1942,6163,6122,8.277949050786955,5.690109729766846,6.391202449798584,50.0,5794,0.04031592234969139,0.05694266632199287,0.9401265617394127,5795,0.044366899877786636,0.05861264914274216,0.9402888203796852,5795,0.04813488945364952,0.06383031457662583,0.9402888203796852
194.2,100.0,supported,True,1.0,0.0,24.911791780531516,193.995,64.0,1,1943,5600,5585,7.011607142857143,5.161961555480957,6.3421549797058105,44.0,5002,0.030517403036355972,0.04567707479000092,0.8932142857142857,5003,0.03437570482492447,0.04623646587133408,0.8933928571428571,5003,0.03938653692603111,0.05715809315443039,0.8933928571428571
194.3,100.0,multiple_channels,False,1.0,0.0,66.59040561030753,194.08,56.0,3,1944,4890,4887,6.983640081799591,4.982486724853516,6.225728511810303,40.0,4444,0.028194889426231384,0.03897773176431656,0.9087934560327199,4448,0.03275375813245773,0.04183175638318062,0.9096114519427403,4448,0.03934573382139206,0.05591442696750165,0.9096114519427403
194.4,100.0,multiple_channels,False,1.0,0.0,121.9949678269798,194.165,60.0,2,1945,5791,5782,6.8015886720773615,5.001035690307617,6.562379360198975,42.0,5218,0.029986854642629623,0.04184610955417156,0.9010533586599896,5221,0.03554866090416908,0.04476475343108177,0.9015714039026075,5221,0.04266457259654999,0.053688451647758484,0.9015714039026075
194.5,100.0,supported,True,1.0,0.0,188.5296743919867,194.2,164.0,1,1946,11091,10941,7.178072310882698,5.0215744972229,6.537166118621826,94.0,10024,0.024446308612823486,0.03747330717742444,0.9037958705256515,10034,0.02886418253183365,0.04064909219741821,0.9046975024794879,10035,0.03502321243286133,0.047804109007120135,0.9047876656748716
194.6,100.0,multiple_channels,False,1.0,0.0,277.5715326205001,194.205,28.0,2,1947,2664,2662,7.109984984984985,5.0050764083862305,6.2826151847839355,26.0,2514,0.019823409616947174,0.029933620058000106,0.9436936936936937,2514,0.026566796004772186,0.03804019838571549,0.9436936936936937,2514,0.04750404506921768,0.0914934225380421,0.9436936936936937
194.7,100.0,supported,True,1.0,0.0,335.76918859409955,194.41,36.0,1,1948,2991,2988,7.626880641925777,4.83248233795166,6.165342330932617,30.0,2864,0.027589332312345505,0.04864988327026369,0.9575392845202273,2865,0.033083364367485046,0.06215583533048629,0.9578736208625878,2865,0.05840328335762024,0.10741900950670243,0.9578736208625878
194.8,100.0,supported,True,1.0,0.0,337.0209149978575,194.59,72.0,1,1949,6221,6209,6.426780260408295,4.789673805236816,6.147463798522949,48.0,5312,0.03347184509038925,0.09378691837191593,0.8538820125381772,5315,0.04053598269820213,0.10060981512069704,0.8543642501205594,5315,0.05702054873108864,0.128305009007454,0.8543642501205594
194.9,100.0,supported,True,1.0,0.0,295.2686372482186,194.815,72.0,1,1950,6730,6720,7.332838038632986,4.634549617767334,6.2645487785339355,48.0,6252,0.03846976161003113,0.08766195923089984,0.9289747399702823,6254,0.0424492210149765,0.09164512306451797,0.9292719167904904,6254,0.053550705313682556,0.09658626317977904,0.9292719167904904
195.0,100.0,supported,True,1.0,0.0,255.26331812847243,194.835,80.0,1,1951,7486,7467,7.382313652150681,4.6650071144104,6.393436431884766,52.0,6759,0.037623967975378036,0.0678869679570198,0.9028853860539674,6762,0.04204469919204712,0.0701838448643685,0.9032861341170184,6763,0.050083842128515244,0.08805951327085496,0.9034197168047021
195.1,100.0,supported,True,1.0,0.0,230.61242038421344,194.905,108.0,1,1952,10099,10095,7.33122091296168,4.8272600173950195,6.3854851722717285,66.0,9459,0.027108270674943924,0.04127779975533488,0.9366273888503812,9463,0.030121320858597755,0.04393495917320252,0.9370234676700664,9463,0.03503020107746124,0.05727327913045885,0.9370234676700664
195.2,100.0,supported,True,1.0,0.0,212.25814541559706,195.0,124.0,1,1953,11589,11583,7.215117784105617,5.150604248046875,6.584813594818115,74.0,10233,0.040085453540086746,0.08416551649570467,0.8829924928811804,10240,0.04411917179822922,0.0878655880689621,0.8835965139356287,10240,0.04904450476169586,0.0901971347630024,0.8835965139356287
195.3,100.0,supported,True,1.0,0.0,193.9041690222466,195.145,112.0,1,1954,10069,10060,7.245704637997815,5.282914638519287,6.076452732086182,68.0,8561,0.06381599605083466,0.09603055566549301,0.8502333896116794,8576,0.06877268105745316,0.09675814211368561,0.8517231105372927,8576,0.0734524130821228,0.09582401067018509,0.8517231105372927
195.4,100.0,supported,True,1.0,0.0,162.65733390396082,195.24,100.0,1,1955,9330,9325,7.391747052518757,5.023780345916748,6.064101696014404,62.0,8100,0.07402847707271576,0.15046510696411133,0.8681672025723473,8103,0.07956758141517639,0.15839174389839172,0.8684887459807074,8103,0.08377447724342346,0.16953645050525668,0.8684887459807074
195.5,100.0,supported,True,1.0,0.0,130.46203382720594,195.355,92.0,1,1956,8609,8608,8.063654315251481,4.9018683433532715,6.025420188903809,58.0,8181,0.05198412761092186,0.0958596020936966,0.9502845858984783,8181,0.05536878854036331,0.10153066366910934,0.9502845858984783,8181,0.061121247708797455,0.1091633290052414,0.9502845858984783
195.6,100.0,supported,True,1.0,0.0,93.85033416268092,195.45,88.0,2,1957,8634,8632,8.497799397729905,4.968503475189209,6.063581943511963,56.0,8397,0.05501486361026764,0.10267090797424323,0.972550382209868,8398,0.0587700791656971,0.10658641383051873,0.9726662033819782,8398,0.06273390352725983,0.10975423678755761,0.9726662033819782
195.7,100.0,multiple_channels,False,1.0,0.0,57.26877332692095,195.545,96.0,2,1958,8500,8492,8.435647058823529,5.399880886077881,6.08217716217041,60.0,8264,0.05646314099431038,0.07779794484376908,0.9722352941176471,8266,0.05953448638319969,0.07943475991487503,0.9724705882352941,8266,0.061199501156806946,0.07997148111462593,0.9724705882352941
195.8,100.0,supported,True,1.0,0.0,12.524752758547361,195.63,124.0,1,1959,8894,8417,6.771306498763211,3.0230724811553955,7.214272975921631,74.0,6524,0.040600113570690155,0.06629692614078521,0.7335282212727682,6558,0.043207041919231415,0.07373637333512315,0.737351023161682,6558,0.04558239132165909,0.18083242326974874,0.737351023161682
195.9,100.0,supported,True,1.0,0.0,28.817513136638947,195.725,72.0,1,1960,4971,4399,4.157513578756789,3.2548224925994873,7.478026390075684,48.0,2215,0.02464061602950096,0.12538842856884003,0.4455843894588614,2250,0.02672802284359932,0.1561636552214623,0.45262522631261315,2250,0.02925069071352482,0.2874513685703278,0.45262522631261315
196.0,100.0,supported,True,1.0,0.0,34.89400489593043,195.82,80.0,1,1961,5975,5280,4.133723849372385,3.1322178840637207,7.221489429473877,52.0,2514,0.06193070858716965,0.25508511364459996,0.4207531380753138,2586,0.07424242049455643,0.2811882346868515,0.4328033472803347,2586,0.11864325404167175,0.33274079859256744,0.4328033472803347
196.1,100.0,supported,True,1.0,0.0,26.73731593291624,195.92,76.0,1,1962,7267,6453,4.414889225264896,3.07594633102417,6.956229209899902,50.0,2978,0.05970024690032005,0.2895989567041397,0.4097977157011146,3087,0.07399817556142807,0.3367429614067078,0.4247970276592817,3087,0.12944938242435455,0.38391503691673284,0.4247970276592817
196.2,100.0,supported,True,1.0,0.0,22.040240187149738,196.02,72.0,1,1963,6944,5956,4.135800691244239,3.3242740631103516,6.40151309967041,48.0,2349,0.0564483180642128,0.19020002484321608,0.33827764976958524,2451,0.06686000525951385,0.2493402361869812,0.35296658986175117,2451,0.09977227449417114,0.3743996024131775,0.35296658986175117
196.3,100.0,supported,True,1.0,0.0,6.072799821330066,196.115,96.0,1,1964,9082,8181,5.2201057035895175,3.068840503692627,6.058244705200195,60.0,4448,0.0458315834403038,0.0671722985804081,0.4897599647654702,4544,0.05058300867676735,0.06745792329311372,0.500330323717243,4544,0.05543902516365051,0.1586218595504763,0.500330323717243
196.4,100.0,supported,True,1.0,4.0,14.229457699911539,196.215,124.0,1,1965,11331,10939,6.192657311799488,3.1192517280578613,7.332056045532227,74.0,7468,0.04776856303215027,0.07029408738017083,0.6590768687670991,7525,0.05279538035392761,0.073716738820076,0.6641073162121613,7525,0.05818837136030197,0.27437363266944903,0.6641073162121613
196.5,100.0,supported,True,1.0,4.0,27.569126766424144,196.315,136.0,1,1966,13058,12595,6.160208301424414,3.090149402618408,7.671058654785156,80.0,8221,0.04275524243712425,0.0668211579322815,0.6295757390105682,8300,0.04627135396003723,0.07173662707209587,0.6356256700873028,8300,0.0516795888543129,0.14210556000471122,0.6356256700873028
196.6,100.0,supported,True,1.0,0.0,31.516540459124805,196.415,160.0,1,1967,15778,15742,9.020091266320193,3.3570001125335693,8.73670768737793,92.0,15099,0.04357582703232765,0.08347766846418385,0.9569653948535937,15111,0.04682832211256027,0.12322953343391418,0.9577259475218659,15111,0.05292102321982384,0.1445254385471344,0.9577259475218659
196.7,100.0,supported,True,1.0,0.0,14.376582879235222,196.51,208.0,1,1968,18028,18014,9.603172842245396,3.72082257270813,7.885921001434326,116.0,17632,0.04039454460144043,0.07320416346192354,0.978034169070335,17634,0.04356446862220764,0.09216888323426253,0.9781451076103839,17634,0.05017118901014328,0.10726458057761193,0.9781451076103839
196.8,100.0,supported,True,1.0,0.0,18.05519293142019,196.605,260.0,1,1969,13868,13860,10.258220363426593,4.183346271514893,6.289746284484863,142.0,13745,0.036817170679569244,0.08075628578662873,0.9911306605134121,13745,0.04001587629318237,0.08263583332300187,0.9911306605134121,13745,0.04923827201128006,0.0896484300494194,0.9911306605134121
196.9,100.0,supported,True,1.0,0.0,54.61361146823578,196.685,32.0,2,1970,2607,2584,11.110088224012275,5.097701072692871,7.611030578613281,28.0,2463,0.041163451969623566,0.09590239375829697,0.9447640966628308,2463,0.04421417415142059,0.10736738294363024,0.9447640966628308,2463,0.05096321925520897,0.12578178048133853,0.9447640966628308
197.0,100.0,supported,True,1.0,0.0,74.40823186334701,196.78,32.0,2,1971,2894,2871,10.154803040774015,4.479831695556641,6.234911918640137,28.0,2772,0.052715059369802475,0.12597084641456607,0.9578438147892191,2772,0.06666163355112076,0.132380311191082,0.9578438147892191,2772,0.07816565036773682,0.15601468831300735,0.9578438147892191
197.1,100.0,multiple_channels,False,1.0,0.0,96.28647234740663,196.85,48.0,3,1972,3757,3725,9.70348682459409,4.54683256149292,7.170899868011475,36.0,3519,0.06034768000245094,0.14310093224048617,0.9366515837104072,3524,0.07403875887393951,0.14212637543678286,0.9379824327921213,3525,0.08456385135650635,0.1482357531785965,0.9382486026084642
197.2,100.0,multiple_channels,False,1.0,0.0,153.54137436327875,196.935,48.0,2,1973,3455,3285,8.111432706222866,5.30810546875,7.733333110809326,36.0,2621,0.02501256763935089,0.037727393209934235,0.7586107091172214,2638,0.028455939143896103,0.04180410094559194,0.7635311143270622,2639,0.03128378093242645,0.060525475442409715,0.7638205499276411
197.3,100.0,multiple_channels,False,1.0,0.0,176.0341730024714,197.245,20.0,2,1974,1706,1523,7.427901524032825,4.669880390167236,5.650821685791016,22.0,1098,0.024406930431723595,0.037555573135614397,0.6436107854630715,1116,0.028803866356611252,0.0414972398430109,0.6541617819460727,1116,0.03869279474020004,0.05412296578288078,0.6541617819460727
197.4,100.0,supported,True,1.0,0.0,105.2932156862433,197.27,32.0,1,1975,2523,2505,8.688862465319065,4.298716068267822,5.033853530883789,28.0,2373,0.04992099478840828,0.10648744553327562,0.9405469678953626,2373,0.05495377257466316,0.11169655621051788,0.9405469678953626,2373,0.0648065060377121,0.11618357300758363,0.9405469678953626
197.5,100.0,supported,True,1.0,0.0,40.88931819355897,197.385,40.0,1,1976,3713,3688,9.340694855911662,4.465608596801758,4.904674053192139,32.0,3459,0.05137433484196663,0.08580633997917178,0.9315917048208996,3462,0.05537508428096771,0.08754502385854722,0.9323996768112038,3462,0.06072701886296272,0.08661495596170425,0.9323996768112038
197.6,100.0,supported,True,1.0,0.0,22.834834589928736,197.46,64.0,1,1977,4087,4044,11.038659163200391,4.26935338973999,5.010599613189697,44.0,3870,0.05408875644207001,0.09111014008522034,0.9469048201614877,3871,0.057467926293611526,0.093876414000988,0.9471494984095914,3871,0.06231389567255974,0.09742896258831024,0.9471494984095914
197.7,100.0,supported,True,1.0,0.0,69.46647897244955,197.585,76.0,1,1978,5851,5820,8.48658349000171,3.74796199798584,5.71750020980835,50.0,5328,0.0465361624956131,0.08028532564640045,0.9106135703298581,5329,0.05069166421890259,0.08128985911607742,0.9107844812852504,5329,0.058898475021123886,0.08334299623966217,0.9107844812852504
197.8,100.0,supported,True,1.0,0.0,69.31135908052687,197.685,84.0,1,1979,7189,7168,8.449158436500209,3.3607141971588135,5.099566459655762,54.0,6643,0.03746922314167023,0.0619433730840683,0.9240506329113924,6647,0.04079725593328476,0.06638326346874238,0.9246070385310892,6647,0.04768794775009155,0.0831780761480332,0.9246070385310892
197.9,100.0,supported,True,1.0,0.0,95.04997575692279,197.76,72.0,1,1980,7083,7079,8.435267542001977,3.627098321914673,5.021341323852539,48.0,6812,0.03770602494478226,0.05532802939414978,0.9617393759706339,6814,0.04123656451702118,0.05716064013540745,0.9620217421996329,6814,0.04708237946033478,0.06588372066617013,0.9620217421996329
198.0,100.0,supported,True,1.0,0.0,102.35170264075549,197.895,84.0,1,1981,7915,7831,7.460138976626658,4.108843803405762,4.905212879180908,54.0,7257,0.03595347702503204,0.05618400946259499,0.9168667087807959,7260,0.03917788714170456,0.056386259570717814,0.9172457359444094,7260,0.04212970286607742,0.05684019923210145,0.9172457359444094
198.1,100.0,supported,True,1.0,0.0,129.84967316041235,197.99,44.0,1,1982,3255,3028,6.112442396313364,4.11913537979126,4.901061534881592,34.0,2064,0.025135500356554985,0.03733920864760876,0.6341013824884792,2086,0.027621090412139893,0.038672447204589844,0.6408602150537634,2086,0.031056273728609085,0.04101254791021347,0.6408602150537634
198.2,100.0,multiple_channels,False,1.0,0.0,133.78468072214912,198.12,28.0,2,1983,1793,1697,7.375348577802566,3.665386915206909,4.4302778244018555,26.0,1363,0.027929775416851044,0.0596261382102966,0.7601784718349136,1370,0.032598771154880524,0.06761947795748711,0.7640825432236475,1371,0.04307512193918228,0.08917847275733948,0.7646402677077524
198.3,100.0,supported,True,1.0,0.0,117.26271074893855,198.25,36.0,1,1984,2686,2638,8.969843633655994,3.1020548343658447,4.16099214553833,30.0,2342,0.034299336373806,0.07888747900724413,0.8719285182427401,2352,0.039869703352451324,0.08028763607144357,0.8756515264333582,2352,0.05853085592389107,0.0872080571949482,0.8756515264333582
198.4,100.0,supported,True,1.0,0.0,65.6202741473112,198.335,36.0,1,1985,2750,2736,8.284727272727272,2.3197920322418213,3.7566728591918945,30.0,2552,0.04819221794605255,0.11108189895749093,0.928,2554,0.05852140486240387,0.11919393613934517,0.9287272727272727,2554,0.08506746590137482,0.1354736134409905,0.9287272727272727
198.5,100.0,supported,True,1.0,0.0,22.226574767624477,198.42,52.0,1,1986,4352,4338,10.416590073529411,2.849921226501465,3.763878583908081,38.0,4264,0.03713851049542427,0.07122418954968454,0.9797794117647058,4264,0.0409574955701828,0.0732380285859108,0.9797794117647058,4264,0.04890641197562218,0.08250347152352333,0.9797794117647058
198.6,100.0,supported,True,1.0,0.0,35.859735325546175,198.505,40.0,1,1987,3781,3757,8.91192806135943,3.257086753845215,3.6909501552581787,32.0,3599,0.033446554094552994,0.06842046827077866,0.9518645860883365,3603,0.03630031272768974,0.06951193958520892,0.9529225072732082,3603,0.03993714600801468,0.07049874365329743,0.9529225072732082
198.7,100.0,supported,True,1.0,0.0,55.708756939234384,198.64,40.0,1,1988,2824,2763,7.218130311614731,2.270782232284546,3.6600000858306885,32.0,2288,0.026493605226278305,0.04973446540534497,0.8101983002832861,2296,0.028367437422275543,0.05556816980242729,0.8130311614730878,2296,0.03307855501770973,0.07300568744540215,0.8130311614730878
198.8,100.0,supported,True,1.0,0.0,12.706031895983356,198.72,36.0,1,1989,2999,2894,5.909303101033678,2.01135516166687,3.6025285720825195,30.0,1938,0.035399846732616425,0.09197545498609541,0.646215405135045,1968,0.03979838639497757,0.0969586156308651,0.65621873957986,1968,0.05241091549396515,0.09571271762251853,0.65621873957986
198.9,100.0,supported,True,1.0,0.0,36.090322449675426,198.825,56.0,1,1990,5193,5156,6.331600231080301,2.3350369930267334,5.023161888122559,40.0,4043,0.03439444676041603,0.06306977421045304,0.7785480454457924,4059,0.03896316885948181,0.06743046045303346,0.7816291161178509,4059,0.04617094248533249,0.07763494253158569,0.7816291161178509
199.0,100.0,supported,True,1.0,0.0,30.342563881572897,198.94,56.0,1,1991,5007,4938,6.31675654084282,2.054236650466919,5.986451148986816,40.0,3778,0.04172087460756302,0.07807579562067986,0.7545436389055322,3797,0.047241341322660446,0.07931789010763168,0.7583383263431196,3797,0.057688549160957336,0.08469550609588623,0.7583383263431196
199.1,100.0,supported,True,1.0,0.0,18.407678275160638,199.04,52.0,1,1992,4966,4921,6.714458316552557,2.2023937702178955,4.48032808303833,38.0,3915,0.03006228804588318,0.05075444057583809,0.78836085380588,3927,0.03459179028868675,0.05508567616343498,0.7907772855416835,3927,0.04228069633245468,0.08085622787475587,0.7907772855416835
199.2,100.0,supported,True,1.0,0.0,15.388671243948401,199.14,64.0,1,1993,5366,5351,6.773947074170705,2.6733686923980713,4.157618999481201,44.0,4426,0.021588731557130814,0.02853692416101694,0.8248229593738352,4435,0.024774329736828804,0.032485225796699525,0.8265001863585538,4435,0.02797936089336872,0.04723177254199982,0.8265001863585538
199.3,100.0,supported,True,1.0,0.0,13.869659640703727,199.235,60.0,1,1994,5093,5079,6.667386609071274,2.9244537353515625,3.6082799434661865,42.0,4316,0.021257515996694565,0.027086498215794563,0.8474376595326919,4323,0.024223264306783676,0.028889511153101923,0.8488120950323974,4323,0.027357513085007668,0.035851440578699115,0.8488120950323974
199.4,100.0,multiple_channels,False,1.0,0.0,22.635621085861597,199.345,36.0,2,1995,2913,2837,6.3614830072090625,2.5103297233581543,3.593196153640747,30.0,2283,0.02082507498562336,0.027485741674900057,0.7837281153450052,2289,0.023907791823148727,0.031212290376424822,0.7857878475798146,2289,0.026994096115231514,0.04666836410760891,0.7857878475798146
199.5,100.0,multiple_channels,False,1.0,4.0,42.676235261254725,199.44,24.0,4,1996,1258,1215,5.701907790143085,2.4287405014038086,3.3052480220794678,24.0,865,0.022038927301764488,0.03593142628669739,0.6875993640699523,868,0.03041914664208889,0.06394980847835541,0.6899841017488076,868,0.06045039743185043,0.08958558440208438,0.6899841017488076
199.6,100.0,multiple_channels,False,1.0,4.0,96.46264657500731,199.495,20.0,2,1997,2182,2044,3.2250229147571035,2.1206541061401367,3.225858211517334,22.0,467,0.027541300281882286,0.04237008169293405,0.21402383134738773,510,0.03944417089223862,0.06776911094784738,0.23373052245646195,510,0.07049282640218735,0.12140561267733577,0.23373052245646195
199.7,100.0,supported,True,1.0,0.0,71.84563173095864,199.59,72.0,1,1998,5093,4956,5.861771058315335,2.170104742050171,3.002673625946045,48.0,3565,0.02136208675801754,0.02962951436638832,0.699980365207147,3588,0.026957089081406593,0.03725004866719246,0.7044963675633222,3588,0.03715814650058746,0.0625585213303566,0.7044963675633222
199.8,100.0,multiple_channels,False,1.0,0.0,38.81606784353026,199.7,64.0,2,1999,6074,5986,5.066677642410273,2.159043788909912,2.9195191860198975,44.0,3633,0.018224511295557022,0.025622021034359933,0.5981231478432664,3668,0.022327113896608353,0.028113513439893722,0.6038854132367468,3668,0.02778070606291294,0.035937901213765146,0.6038854132367468
199.9,100.0,supported,True,1.0,4.0,12.93664901620726,199.785,116.0,1,2000,8714,8473,5.517557952719761,0.96583491563797,3.8546950817108154,70.0,5745,0.021197520196437836,0.02961227633059025,0.6592839109479,5777,0.02598121576011181,0.0372206561267376,0.6629561624971311,5777,0.03813529387116432,0.06671614795923234,0.6629561624971311
200.0,100.0,supported,True,1.0,4.0,18.07443054718853,199.885,112.0,1,2001,10046,9828,4.9293251045192115,1.0481454133987427,5.560305118560791,68.0,5578,0.023125845938920975,0.03260383233428001,0.5552458690025881,5626,0.02897726185619831,0.03918018564581871,0.5600238901055147,5626,0.03921041637659073,0.05614249221980572,0.5600238901055147
200.1,100.0,supported,True,1.0,0.0,14.20544580904984,199.985,96.0,1,2002,9382,9284,5.555531869537412,1.3869061470031738,2.8162238597869873,60.0,6541,0.021024886518716812,0.02906818315386772,0.6971861010445534,6569,0.02541165240108967,0.03305176943540573,0.7001705393306331,6569,0.03166033700108528,0.042856148630380626,0.7001705393306331
200.2,100.0,supported,True,1.0,0.0,7.452883133670549,200.085,100.0,1,2003,9211,9159,6.770708934969059,1.9837373495101929,2.8564937114715576,62.0,7965,0.01948763243854046,0.025201407447457313,0.8647269568993594,7972,0.023170027881860733,0.02727407068014145,0.8654869178156552,7973,0.028586380183696747,0.03416636362671852,0.8655954836608403
200.3,100.0,supported,True,1.0,0.0,2.1466083731766896,200.185,96.0,1,2004,9139,9112,7.095086989823832,2.1693520545959473,3.202084541320801,60.0,8153,0.017323236912488937,0.022638382762670516,0.8921107342159974,8159,0.020739464089274406,0.024996928870677948,0.8927672611883138,8159,0.02671782858669758,0.03591855093836784,0.8927672611883138
200.4,100.0,supported,True,1.0,0.0,17.208581430383767,200.285,72.0,1,2005,5467,5378,6.573074812511432,2.296613931655884,2.8331551551818848,48.0,4413,0.01897491328418255,0.026421361416578294,0.8072068776294128,4423,0.022429710254073143,0.03000936396420002,0.8090360343881471,4423,0.028634853661060333,0.03735437840223312,0.8090360343881471
200.5,100.0,supported,True,1.0,0.0,9.300419826108493,200.38,60.0,1,2006,4812,4624,4.714256026600166,1.781477689743042,2.7240545749664307,42.0,2522,0.02334897220134735,0.0397343497723341,0.5241064006650041,2566,0.028322961181402206,0.04480700381100178,0.5332502078137988,2566,0.03522893786430359,0.054105984047055244,0.5332502078137988
200.6,100.0,supported,True,1.0,0.0,25.384284244389285,200.475,68.0,1,2007,5682,5456,3.3922914466737066,0.6380122303962708,2.6315290927886963,46.0,1469,0.034924108535051346,0.04651295989751816,0.2585357268567406,1546,0.04156015068292618,0.04995136894285679,0.2720872932066174,1546,0.049411676824092865,0.06074019894003868,0.2720872932066174
200.7,100.0,supported,True,1.0,0.0,63.85312154436235,200.57,72.0,1,2008,6528,6359,3.2504595588235294,0.8866041302680969,2.6709940433502197,48.0,1392,0.031310535967350006,0.042315092682838444,0.21323529411764705,1494,0.038623109459877014,0.047420238703489305,0.22886029411764705,1494,0.04937262088060379,0.06420020014047624,0.22886029411764705
200.8,100.0,supported,True,1.0,0.0,117.07474306445803,200.625,72.0,1,2009,7063,6914,2.850063712303554,0.9933857321739197,2.597254991531372,48.0,860,0.027534928172826767,0.03858664110302925,0.12176129123601868,991,0.034570030868053436,0.043824609369039536,0.14030865071499363,991,0.04831051453948021,0.08097103983163834,0.14030865071499363
200.9,100.0,supported,True,1.0,0.0,188.04638980438284,200.695,80.0,1,2010,7190,7106,3.9632823365785814,1.6300681829452515,2.6078248023986816,52.0,2476,0.023482773452997208,0.0344429537653923,0.3443671766342142,2575,0.027707360684871674,0.037150501459836956,0.3581363004172462,2575,0.03453029319643974,0.04845276400446891,0.3581363004172462
201.0,100.0,supported,True,1.0,0.0,276.4209856272438,200.725,24.0,1,2011,2062,1945,3.3186226964112513,0.4950554370880127,2.7324109077453613,24.0,453,0.022684676572680473,0.033519701659679414,0.21968962172647916,487,0.030089806765317917,0.05157012343406677,0.2361784675072745,487,0.052455686032772064,0.12638449072837832,0.2361784675072745
201.1,100.0,supported,True,1.0,0.0,333.5276970369369,200.79,48.0,1,2012,3404,3281,2.9203877790834314,1.0939587354660034,2.541111707687378,36.0,391,0.02427901141345501,0.03437686339020729,0.11486486486486487,476,0.030714765191078186,0.04656797833740711,0.1398354876615746,476,0.04955480992794037,0.08245853334665298,0.1398354876615746
201.2,100.0,supported,True,1.0,0.0,359.35172779153487,200.845,48.0,1,2013,4444,4338,2.711971197119712,0.910788893699646,3.0342965126037598,36.0,538,0.025079332292079926,0.03625675477087498,0.12106210621062106,596,0.031229833140969276,0.060150859877467155,0.1341134113411341,596,0.04370526969432831,0.11276474967598915,0.1341134113411341
201.3,100.0,supported,True,1.0,0.0,409.6968284932886,200.85,64.0,1,2014,5540,5478,3.5839350180505414,0.7935240268707275,2.94901180267334,44.0,1438,0.022185884416103363,0.031336138024926186,0.25956678700361013,1508,0.028124596923589706,0.03949767984449863,0.27220216606498193,1508,0.039758555591106415,0.07482388243079185,0.27220216606498193
201.4,100.0,supported,True,1.0,0.0,464.99694581939104,200.855,64.0,1,2015,5559,5432,3.1138694009713976,0.5052844882011414,2.938530445098877,44.0,1022,0.022732261568307877,0.03457317911088466,0.18384601547040835,1086,0.028454400599002838,0.05232910066843033,0.19535887749595252,1086,0.039620500057935715,0.13355428725481033,0.19535887749595252
201.5,100.0,supported,True,1.0,0.0,430.432720759645,201.675,72.0,1,2016,6487,6438,3.5760752273778325,0.7864426374435425,2.5933995246887207,48.0,1559,0.020186396315693855,0.029812315106391908,0.240326807461076,1678,0.02611846663057804,0.03663222715258598,0.258671188530908,1678,0.03486824780702591,0.07523393332958221,0.258671188530908
201.6,100.0,supported,True,1.0,0.0,355.7311735119536,201.805,76.0,1,2017,7002,6963,3.9672950585546984,1.2873492240905762,2.2433760166168213,50.0,2335,0.01592259667813778,0.023493980988860123,0.33347614967152245,2424,0.01959039270877838,0.027413469552993775,0.3461868037703513,2424,0.024929620325565338,0.034267079830169696,0.3461868037703513
201.7,100.0,supported,True,1.0,0.0,279.61633144554537,201.805,68.0,1,2018,5927,5819,3.063607221191159,1.6953675746917725,2.215052843093872,46.0,906,0.013887375593185425,0.020860101096332073,0.15285979416230808,1003,0.017690392211079597,0.023227913305163383,0.16922557786401216,1003,0.02116522379219532,0.02712804898619652,0.16922557786401216
201.8,100.0,supported,True,1.0,0.0,222.64819042621787,201.805,56.0,1,2019,5071,4951,2.837507394991126,1.761979579925537,2.1950228214263916,40.0,472,0.015511833131313324,0.024227394349873074,0.09307828830605404,572,0.019813310354948044,0.026782025955617426,0.11279826464208242,572,0.02392742782831192,0.031306130997836586,0.11279826464208242
201.9,100.0,supported,True,1.0,0.0,189.18555866604427,201.88,52.0,1,2020,4051,3694,2.300913354727228,1.3441203832626343,2.2892768383026123,38.0,118,0.01692574843764305,0.024949645623564717,0.029128610219698838,188,0.022340718656778336,0.028901186399161817,0.046408294248333745,188,0.03079982101917267,0.042509681358933446,0.046408294248333745
202.0,100.0,multiple_channels,False,1.0,0.0,175.28837133056575,201.935,16.0,2,2021,1548,1408,1.9683462532299743,1.1650097370147705,2.1221110820770264,20.0,34,0.018152207136154175,0.023934534937143325,0.021963824289405683,57,0.026373203843832016,0.04586087167263031,0.03682170542635659,57,0.041174378246068954,0.08736582696437835,0.03682170542635659
202.1,100.0,supported,True,1.0,0.0,173.76037154874433,202.28,28.0,1,2022,2116,1914,2.4569943289224954,0.35647091269493103,1.7499018907546997,26.0,155,0.02180531993508339,0.030923774838447566,0.07325141776937619,194,0.030831076204776764,0.04809451103210449,0.09168241965973535,194,0.059086114168167114,0.11579689309000969,0.09168241965973535
202.2,100.0,supported,True,1.0,0.0,90.60928455630328,202.28,40.0,1,2023,3277,3085,3.004882514494965,0.3990415632724762,1.7093539237976074,32.0,540,0.024484783411026,0.033125281706452375,0.1647848642050656,612,0.030668672174215317,0.04104998111724853,0.1867561794324077,612,0.042420294135808945,0.07105233669281005,0.1867561794324077
202.3,100.0,supported,True,1.0,0.0,32.513888620438685,202.34,52.0,1,2024,4481,4443,4.279178754742245,0.2330629527568817,1.6790624856948853,38.0,1835,0.025563078001141548,0.03514729514718056,0.4095068065164026,1879,0.030573606491088867,0.04047510325908661,0.4193260432939076,1879,0.03811363875865936,0.06890014857053757,0.4193260432939076
202.4,100.0,supported,True,1.0,0.0,6.434308244751787,202.425,56.0,1,2025,5256,5208,4.3529299847792995,0.7695515155792236,1.6924469470977783,40.0,2261,0.027616459876298904,0.0367032065987587,0.4301750380517504,2312,0.03210733085870743,0.038884347304701805,0.4398782343987823,2312,0.036521151661872864,0.044434526562690736,0.4398782343987823
202.5,100.0,supported,True,1.0,4.0,19.195363907255103,202.525,120.0,1,2026,6293,5998,3.714603527729223,-0.13349397480487823,2.7844996452331543,72.0,1974,0.030912574380636215,0.04094189815223217,0.3136818687430478,2050,0.03677329793572426,0.04827844984829426,0.32575877959637695,2050,0.041705623269081116,0.11402632668614388,0.32575877959637695
202.6,100.0,multiple_channels,False,1.0,0.0,17.866486998231853,202.63,12.0,2,2027,2183,2137,4.163078332569858,0.802137017250061,1.7065317630767822,20.0,860,0.02951769158244133,0.04102275185286999,0.39395327530920754,885,0.03430328518152237,0.04506169855594635,0.40540540540540543,885,0.04447086900472641,0.060774768143892294,0.40540540540540543
202.7,100.0,multiple_channels,False,1.0,0.0,26.66794542178445,202.73,52.0,2,2028,4251,4176,4.07833450952717,0.8001805543899536,1.7312055826187134,38.0,1573,0.025766687467694283,0.034959535300731655,0.37003058103975534,1630,0.029839344322681427,0.038294491544365886,0.3834391907786403,1630,0.03609302639961243,0.04570546746253967,0.3834391907786403
202.8,100.0,multiple_channels,False,1.0,0.0,8.71680480754181,202.83,56.0,2,2029,3755,3527,3.6015978695073234,-0.18480800092220306,1.8098509311676025,40.0,1145,0.02593565545976162,0.03747907057404518,0.30492676431424764,1202,0.030567755922675133,0.04932553321123124,0.32010652463382155,1203,0.03746917471289635,0.12248248904943466,0.3203728362183755
202.9,100.0,supported,True,1.0,0.0,20.300542609222944,202.94,48.0,1,2030,2985,2693,2.978894472361809,-0.16441623866558075,2.125882863998413,36.0,649,0.030718814581632614,0.041702158749103546,0.21742043551088777,681,0.038274943828582764,0.0545249842107296,0.22814070351758794,681,0.06440063565969467,0.10847075283527374,0.22814070351758794
203.0,100.0,supported,True,1.0,0.0,15.76779935568784,203.03,68.0,2,2031,6087,5659,3.3601117134877607,0.34459516406059265,3.1869606971740723,46.0,1647,0.031227272003889084,0.04358055740594864,0.27057663873829474,1705,0.03895922750234604,0.05606010779738427,0.2801051421061278,1705,0.054012078791856766,0.10004135370254517,0.2801051421061278
203.1,100.0,supported,True,1.0,0.0,24.918528702181078,203.13,108.0,1,2032,9473,9178,3.8678348991871636,0.4026466906070709,2.1391680240631104,66.0,3155,0.02510455809533596,0.035402742028236386,0.3330518315211654,3295,0.02971051074564457,0.04064517170190811,0.347830676659981,3298,0.03620101511478424,0.054862936586141595,0.3481473661986699
203.2,100.0,supported,True,1.0,0.0,8.742227301618033,203.23,108.0,1,2033,8611,8403,4.945650911624666,0.7105581760406494,2.349048614501953,66.0,4603,0.024287940934300423,0.03328347876667977,0.5345488328881663,4688,0.02869071438908577,0.037495472282171254,0.5444199279990709,4688,0.03588862344622612,0.05442895479500294,0.5444199279990709
203.3,100.0,supported,True,1.0,0.0,4.283539284977801,203.325,104.0,1,2034,8261,8029,5.63454787555986,0.4258122444152832,2.3918778896331787,64.0,5440,0.022392798215150833,0.03082661256194115,0.6585159181697131,5471,0.026713136583566666,0.034441735595464706,0.6622684904975185,5471,0.033641714602708817,0.04604838788509369,0.6622684904975185
203.4,100.0,supported,True,1.0,0.0,7.175581684431885,203.425,124.0,1,2035,10871,10523,5.373746665440162,0.27909666299819946,1.6202304363250732,74.0,6666,0.02485811337828636,0.034885160624980927,0.613191058780241,6713,0.028954334557056427,0.03778606429696083,0.6175144880875725,6713,0.0354231633245945,0.04282381907105446,0.6175144880875725
203.5,100.0,supported,True,1.0,0.0,42.417864003957526,203.515,60.0,1,2036,5529,5359,5.289202387411828,0.3028947114944458,1.6448397636413574,42.0,3295,0.026239139959216118,0.0359966479241848,0.5959486344727799,3319,0.029937347397208214,0.038378136605024336,0.6002893832519443,3319,0.035263288766145706,0.042860691994428636,0.6002893832519443
203.6,100.0,supported,True,1.0,0.0,71.76407333536122,203.61,52.0,1,2037,4489,4291,4.530407663176654,0.23807688057422638,1.6516945362091064,38.0,2195,0.028901992365717888,0.03850522860884667,0.4889730452216529,2222,0.033012621104717255,0.041295334696769714,0.49498774782802407,2222,0.03804778307676315,0.045100025832653046,0.49498774782802407
203.7,100.0,supported,True,1.0,0.0,75.85118746128157,203.72,64.0,1,2038,5052,4728,3.9491290577988916,0.0452086441218853,1.723789930343628,44.0,1939,0.028967805206775665,0.036071977019309996,0.3838083927157561,1979,0.03266147896647453,0.037583354860544205,0.3917260490894695,1979,0.036416467279195786,0.03989392891526222,0.3917260490894695
203.8,100.0,supported,True,1.0,0.0,89.38911262976006,203.82,88.0,1,2039,7370,6801,3.633649932157395,-0.012172668240964413,1.7182446718215942,56.0,2551,0.026868075132369995,0.035371895879507065,0.34613297150610584,2584,0.031034035608172417,0.03983632363379002,0.35061058344640433,2584,0.03401351347565651,0.0456616397947073,0.35061058344640433
203.9,100.0,supported,True,1.0,0.0,92.31156619327034,203.9,92.0,1,2040,8644,8175,4.585839888940305,-0.10564655065536499,1.7511813640594482,58.0,4060,0.026257596909999847,0.034001050889492034,0.4696899583526145,4105,0.029729600995779037,0.03781132996082306,0.4748958815363258,4105,0.03230496123433113,0.04230792075395584,0.4748958815363258
204.0,100.0,supported,True,1.0,0.0,132.3351617437523,203.99,156.0,1,2041,11188,10403,3.861101179835538,-0.18236345052719116,8.954198837280273,90.0,4061,0.025941578671336174,0.035367291420698166,0.3629781909188416,4153,0.029944786801934242,0.04304933175444604,0.3712012870933143,4154,0.03406872600317001,0.06848165169358256,0.3712906685734716
204.1,100.0,supported,True,1.0,0.0,131.45267586504923,204.09,148.0,2,2042,11471,10725,4.308778659227618,-0.2278149574995041,6.181574821472168,86.0,4871,0.024990903213620186,0.03647578880190849,0.42463603870630284,4945,0.029427319765090942,0.043617019802331944,0.431087089181414,4947,0.03587988018989563,0.05567946657538414,0.43126144189695753
204.2,100.0,supported,True,1.0,0.0,142.67082890867002,204.155,204.0,1,2043,11010,10279,4.285558583106267,-0.21372829377651215,7.565197944641113,114.0,4997,0.026940379291772842,0.03733501806855203,0.45386012715712987,5068,0.03253219276666641,0.04177751764655113,0.4603088101725704,5070,0.03978470340371132,0.05190213732421399,0.4604904632152589
204.3,100.0,multiple_channels,False,1.0,0.0,157.3193949058339,204.255,128.0,2,2044,11459,11021,4.678418710184134,0.18412216007709503,4.227603912353516,76.0,5349,0.03026759624481201,0.04106557369232177,0.4667946592198272,5497,0.0359443835914135,0.04596040695905686,0.47971027140239114,5500,0.04406595975160599,0.059177336096763615,0.4799720743520377
204.4,100.0,multiple_channels,False,1.0,0.0,149.6303330725066,204.355,104.0,2,2045,9870,9490,3.588855116514691,1.0258064270019531,1.718863606452942,64.0,2683,0.029297558590769768,0.04112589582800866,0.27183383991894633,2871,0.036040376871824265,0.046352725476026535,0.29088145896656536,2871,0.041205573827028275,0.05131154507398605,0.29088145896656536
204.5,100.0,supported,True,1.0,0.0,132.76722976321037,204.47,112.0,2,2046,10116,9865,4.019276393831554,0.7544757723808289,1.615973949432373,68.0,3723,0.02264162339270115,0.03153996840119362,0.3680308422301305,3878,0.028441285714507103,0.03530278205871583,0.3833531039936734,3878,0.03192979097366333,0.037534944340586664,0.3833531039936734
204.6,100.0,multiple_channels,False,1.0,0.0,116.32765802030178,204.64,112.0,2,2047,10423,10261,4.465221145543509,0.6453545093536377,1.6051466464996338,68.0,4860,0.022165194153785706,0.030167211405932905,0.4662765038856375,4937,0.027906231582164764,0.03452046066522599,0.47366401228053345,4937,0.03182222321629524,0.03983134552836418,0.47366401228053345
204.7,100.0,supported,True,1.0,0.0,77.42089587328496,204.69,188.0,1,2048,15983,15500,3.5280610648814363,0.05305294692516327,8.007616996765137,106.0,4203,0.025103889405727386,0.03596229702234268,0.2629669023337296,4444,0.03274914622306824,0.04390354976058007,0.2780454232622161,4445,0.039949677884578705,0.06617791503667832,0.2781079897390978
204.8,100.0,supported,True,1.0,0.0,72.81985666199205,204.79,164.0,1,2049,14355,13433,2.8806687565308255,-0.08766454458236694,8.074578285217285,94.0,1962,0.025597920641303062,0.04058647230267525,0.13667711598746082,2240,0.03641469031572342,0.05642057657241822,0.15604319052594914,2240,0.04728468507528305,0.10496834143996239,0.15604319052594914
204.9,100.0,supported,True,1.0,0.0,69.00189426269415,204.89,144.0,1,2050,10986,9552,2.2180047332969233,0.009028099477291107,7.207030773162842,84.0,792,0.027615848928689957,0.04097922332584858,0.07209175314036045,952,0.035716548562049866,0.04890211932361126,0.0866557436737666,952,0.041663601994514465,0.05715686939656734,0.0866557436737666
205.0,100.0,complex_estuary,False,1.0,4.0,71.68102556670256,204.965,128.0,1,2051,10115,8147,1.6379634206623825,-0.31849825382232666,5.909368515014648,76.0,341,0.031549159437417984,0.0451020784676075,0.03371230845279288,403,0.03827087953686714,0.056250634044408804,0.0398418190805734,403,0.04509759321808815,0.0908100202679634,0.0398418190805734
205.1,100.0,complex_estuary,False,1.0,0.0,102.91289364193034,205.11,132.0,1,2052,10403,8429,1.731423627799673,-0.18880543112754822,6.436445236206055,78.0,514,0.03097023069858551,0.046518389508128165,0.04940882437758339,588,0.038942985236644745,0.05818223655223848,0.05652215707007594,590,0.044490158557891846,0.07554667219519619,0.05671440930500817
205.2,100.0,complex_estuary,False,1.0,0.0,93.78451873634596,205.24,136.0,1,2053,9675,7492,1.473798449612403,-0.35695651173591614,6.675015926361084,80.0,193,0.03426969051361084,0.050422032177448284,0.019948320413436693,254,0.04794839024543762,0.0918707698583603,0.026253229974160207,254,0.06279676407575607,0.31173954904079443,0.026253229974160207
205.3,100.0,complex_estuary,False,1.0,0.0,62.6233535681564,205.335,124.0,1,2054,9378,7582,1.6716783962465345,-0.4925350248813629,6.5333333015441895,74.0,265,0.034416694194078445,0.04898062944412231,0.028257624226914056,366,0.042060673236846924,0.07385218515992165,0.03902751119641715,366,0.04849554970860481,0.2518370896577835,0.03902751119641715
205.4,100.0,complex_estuary,False,1.0,0.0,20.331602915514882,205.425,136.0,1,2055,10158,8490,1.801929513683796,-0.46817803382873535,7.504147052764893,80.0,423,0.028385866433382034,0.04005483686923981,0.041642055522740695,491,0.035496510565280914,0.05214031785726547,0.04833628667060445,491,0.04386533051729202,0.20303553342819214,0.04833628667060445
205.5,100.0,complex_estuary,False,1.0,0.0,30.656372926848974,205.515,140.0,1,2056,9567,8073,1.7108811539667608,-0.47897037863731384,1.6680678129196167,82.0,249,0.02295031026005745,0.03599332273006439,0.026026967701473815,299,0.029970062896609306,0.04310814216732979,0.031253266436709524,299,0.04081391170620918,0.06584086865186692,0.031253266436709524
205.6,100.0,multiple_channels;complex_estuary,False,1.0,0.0,78.50755062972164,205.6,52.0,2,2057,4422,3618,1.3826322930800543,-0.3258250951766968,1.4111526012420654,38.0,4,0.03264502435922623,0.0363799799233675,0.0009045680687471732,13,0.03960992768406868,0.048398710787296295,0.002939846223428313,13,0.057477377355098724,0.06408407539129257,0.002939846223428313
205.7,100.0,complex_estuary,False,1.0,0.0,81.17688984891463,205.7,124.0,1,2058,11677,9997,1.6766292712169222,-0.0664725974202156,1.3323391675949097,74.0,114,0.028288599103689194,0.042686204612255106,0.009762781536353515,189,0.03734782338142395,0.047982679307460786,0.016185664126059776,189,0.04784000292420387,0.05650547146797181,0.016185664126059776
205.8,100.0,complex_estuary,False,1.0,0.0,130.23986104226628,205.765,112.0,2,2059,9527,8402,1.7341240684370736,-0.5267524123191833,1.57707941532135,68.0,59,0.024292657151818275,0.0371947854757309,0.00619292537000105,105,0.03314348682761192,0.046308483928442,0.011021307861866276,105,0.04029081389307976,0.05245468840003014,0.011021307861866276
205.9,100.0,complex_estuary,False,1.0,4.0,181.8258457800388,205.845,88.0,2,2060,6407,5384,1.660527547994381,-0.45112499594688416,1.8399052619934082,56.0,145,0.023201139643788338,0.03382114470005035,0.02263149680037459,183,0.032494235783815384,0.04672607630491258,0.028562509754955518,183,0.0403885692358017,0.053971482813358305,0.028562509754955518
206.0,100.0,complex_estuary,False,0.9523809523809523,5.656854249492381,207.32633926788634,205.915,128.0,1,2061,5481,4190,1.3898923554095968,-0.3442990779876709,3.671325445175171,76.0,117,0.02927899919450283,0.04080951362848282,0.021346469622331693,131,0.03955717012286186,0.059766680002212524,0.023900748038679073,131,0.06736528128385544,0.09279416501522064,0.023900748038679073
206.1,100.0,multiple_channels;complex_estuary,False,1.0,0.0,272.0842986769942,205.915,56.0,2,2062,4140,3214,1.5456521739130435,-0.3771142363548279,1.648490309715271,40.0,99,0.02499247156083584,0.04087424874305725,0.02391304347826087,125,0.034589603543281555,0.04881105422973633,0.030193236714975844,125,0.05506435036659241,0.07101562917232514,0.030193236714975844
206.2,100.0,multiple_channels;complex_estuary,False,1.0,0.0,356.37650430158607,205.92,80.0,2,2063,3448,2838,1.668213457076566,-0.2778988182544708,1.279589295387268,52.0,93,0.03308403119444847,0.044090411067008964,0.02697215777262181,112,0.03932730853557587,0.04938034340739251,0.03248259860788863,112,0.04368141293525696,0.057515073940157896,0.03248259860788863
206.3,100.0,sparse_water_returns;complex_estuary,False,0.6190476190476191,24.0,392.31964490591923,206.155,0.0,1,2064,1335,1234,2.791760299625468,0.17194820940494537,1.88246750831604,20.0,197,0.028377927839756012,0.039012853801250455,0.14756554307116104,205,0.03375334292650223,0.043180916458368294,0.15355805243445692,205,0.03786753863096237,0.04784428551793098,0.15355805243445692
206.4,100.0,multiple_channels;complex_estuary,False,1.0,4.0,320.7172132127247,206.195,12.0,3,2065,516,451,2.298449612403101,0.6233578324317932,3.891887903213501,20.0,33,0.023390265181660652,0.05123151019215585,0.06395348837209303,42,0.060457851737737656,0.09796236902475357,0.08139534883720931,42,0.13719698786735535,0.30405785143375397,0.08139534883720931
206.5,100.0,complex_estuary,False,1.0,0.0,224.72974827442673,206.18,20.0,2,2066,597,563,3.522613065326633,0.6666410565376282,3.7744364738464355,22.0,157,0.026392944157123566,0.04976616501808166,0.2629815745393635,161,0.053364530205726624,0.1448286473751068,0.2696817420435511,161,0.14445863664150238,0.29239335656166077,0.2696817420435511
206.6,100.0,complex_estuary,False,1.0,4.0,126.4565809453586,206.17,0.0,0,2067,658,562,3.3738601823708207,0.7503824234008789,1.9613597393035889,20.0,204,0.024126244708895683,0.03597820959985257,0.3100303951367781,217,0.03297043591737747,0.05313358083367348,0.32978723404255317,217,0.06231997162103653,0.11484020054340363,0.32978723404255317
206.7,100.0,complex_estuary,False,1.0,0.0,30.332521401644172,206.145,44.0,1,2068,2350,2150,3.9063829787234043,0.4308304786682129,7.076749324798584,34.0,880,0.03155311197042465,0.04510870389640332,0.37446808510638296,904,0.04224848747253418,0.08937815204262735,0.38468085106382977,906,0.10975541174411774,0.19271502643823624,0.38553191489361704
206.8,100.0,multiple_channels;complex_estuary,False,1.0,0.0,57.36567659474173,206.1,16.0,2,2069,1502,1478,4.125166444740346,0.5197804570198059,1.9359465837478638,20.0,605,0.028592823073267937,0.0407555527985096,0.40279627163781623,618,0.037051908671855927,0.07458895221352581,0.41145139813581894,618,0.06743083894252777,0.1372865289449692,0.41145139813581894
206.9,100.0,complex_estuary,False,1.0,0.0,132.06766488337618,206.03,20.0,2,2070,1473,1450,4.0359809911744735,0.47004055976867676,1.99021315574646,22.0,537,0.03069237247109413,0.047074710577726386,0.3645621181262729,560,0.04827883839607239,0.08432349711656571,0.3801765105227427,560,0.12417509406805038,0.1765467703342438,0.3801765105227427
207.0,100.0,complex_estuary,False,1.0,0.0,216.86975013295933,206.025,36.0,1,2071,2118,2043,3.4362606232294617,-0.03121718391776085,2.5450000762939453,30.0,524,0.029121236875653267,0.039919938519597055,0.2474032105760151,557,0.03666410967707634,0.05761522203683853,0.26298394711992445,557,0.06069241091609001,0.10991904139518738,0.26298394711992445
207.1,100.0,multiple_channels;complex_estuary,False,1.0,0.0,257.7386049463328,206.05,56.0,2,2072,3456,3225,3.744212962962963,0.2617051303386688,7.11167573928833,40.0,1197,0.022390790283679962,0.032061933726072314,0.3463541666666667,1230,0.029504232108592987,0.04971124827861787,0.3559027777777778,1230,0.05101483315229416,0.0893096774816513,0.3559027777777778
207.2,100.0,multiple_channels;complex_estuary,False,1.0,0.0,249.33608006502627,206.15,52.0,2,2073,3690,3344,2.6531165311653115,-0.19985085725784302,6.476905345916748,38.0,469,0.026198187842965126,0.040153627097606656,0.12710027100271,530,0.03639790043234825,0.06177653037011625,0.14363143631436315,530,0.05689986050128937,0.14222169220447545,0.14363143631436315
207.3,100.0,complex_estuary,False,1.0,0.0,207.2240427798378,206.32,64.0,1,2074,4723,4310,2.4768155833156893,-0.20670317113399506,5.191164016723633,44.0,426,0.02279655635356903,0.03714887052774429,0.0901969087444421,504,0.02947458252310753,0.05188178494572639,0.1067118356976498,504,0.04464159905910492,0.11968767642974852,0.1067118356976498
207.4,100.0,complex_estuary,False,1.0,0.0,163.87819702304273,206.41,44.0,1,2075,4129,3990,4.81254541051102,0.5521338582038879,2.2781331539154053,34.0,2210,0.016183599829673767,0.023118878901004794,0.5352385565512231,2235,0.019082551822066307,0.02772627025842667,0.5412932913538387,2235,0.02518334984779358,0.044274120777845385,0.5412932913538387
207.5,100.0,complex_estuary,False,1.0,0.0,115.58589933075123,206.495,96.0,1,2076,7088,6861,3.3391647855530473,0.33060508966445923,5.314001083374023,60.0,1537,0.019015735015273094,0.029817861318588258,0.21684537246049662,1614,0.023111121729016304,0.03643523268401623,0.22770880361173815,1615,0.029122183099389076,0.05764359086751943,0.22784988713318285
207.6,100.0,complex_estuary,False,1.0,0.0,74.13290895142067,206.59,88.0,1,2077,7916,7644,2.7238504295098536,0.5302528738975525,4.852442264556885,56.0,839,0.021036667749285698,0.04007114991545677,0.10598787266296109,930,0.03013278916478157,0.05739489607512951,0.11748357756442648,930,0.04428631067276001,0.09157076701521874,0.11748357756442648
207.7,100.0,complex_estuary,False,1.0,0.0,21.403309868394246,206.67,84.0,1,2078,8062,7770,3.443686430166212,0.2914985716342926,6.355573654174805,54.0,2138,0.02254972606897354,0.033585332334041595,0.26519474075911686,2233,0.028452618047595024,0.04418727904558182,0.27697841726618705,2233,0.035944487899541855,0.06645814627408979,0.27697841726618705
207.8,100.0,complex_estuary,False,1.0,0.0,22.285960700585264,206.77,84.0,1,2079,7744,7472,2.5348657024793386,0.4420897662639618,4.436654090881348,54.0,423,0.029828334227204323,0.04423793479800224,0.05462293388429752,533,0.03914456069469452,0.053771261125802994,0.06882747933884298,533,0.04835408553481102,0.09194716662168503,0.06882747933884298
207.9,100.0,complex_estuary,False,1.0,0.0,45.35539632399356,206.86,88.0,1,2080,7755,7403,2.4527401676337846,0.15132343769073486,6.462859153747559,56.0,512,0.022061089053750038,0.03547821305692196,0.06602192134107028,594,0.028457671403884888,0.04647278338670732,0.07659574468085106,594,0.03530317544937134,0.08349316194653512,0.07659574468085106
208.0,100.0,complex_estuary,False,1.0,0.0,77.20626797908255,206.955,72.0,1,2081,6596,6049,2.5921770770163737,-0.32735028862953186,3.3393943309783936,48.0,896,0.02524445950984955,0.03874390199780464,0.13583990297149787,954,0.03352973610162735,0.0570429366081953,0.14463311097634932,954,0.040543220937252045,0.08224734961986542,0.14463311097634932
208.1,100.0,complex_estuary,False,1.0,0.0,107.67323091470804,207.05,80.0,1,2082,6224,5395,2.000964010282776,-0.0759192556142807,2.3695297241210938,52.0,354,0.02575591579079628,0.04200440272688866,0.05687660668380463,402,0.033121008425951004,0.06629052758216859,0.06458868894601542,402,0.043844275176525116,0.1093530535697937,0.06458868894601542
208.2,100.0,complex_estuary,False,1.0,0.0,143.43277606482005,207.11,68.0,1,2083,5511,4501,1.5917256396298312,-0.17737556993961334,2.2968716621398926,46.0,163,0.024891039356589317,0.04616565927863121,0.02957720921792778,179,0.037956301122903824,0.061886366456747055,0.03248049355833787,179,0.04653407260775566,0.06520954519510269,0.03248049355833787
208.3,100.0,complex_estuary,False,1.0,0.0,179.72832930263309,207.19,60.0,1,2084,4309,3769,1.6892550475748433,-0.1693628579378128,1.9427014589309692,42.0,71,0.02883225679397583,0.047749146819114685,0.0164771408679508,86,0.034268349409103394,0.06096755899488926,0.019958226966813646,86,0.04114050045609474,0.09621235355734825,0.019958226966813646
208.4,100.0,complex_estuary,False,1.0,0.0,208.91656027170674,207.21,56.0,1,2085,3384,2964,1.8643617021276595,-0.34971901774406433,2.7998039722442627,40.0,94,0.03141229599714279,0.047230387851595876,0.027777777777777776,118,0.04554415121674538,0.08241302296519279,0.03486997635933806,118,0.062143199145793915,0.2006670668721199,0.03486997635933806
208.5,100.0,complex_estuary,False,1.0,0.0,217.5100049564398,207.31,64.0,1,2086,4220,3813,2.2599526066350712,-0.36451926827430725,2.7165770530700684,44.0,289,0.032042935490608215,0.04503676667809486,0.06848341232227488,325,0.04064992815256119,0.053545077890157715,0.07701421800947868,325,0.04877157881855965,0.06648293882608415,0.07701421800947868
208.6,100.0,complex_estuary,False,1.0,0.0,219.3924151159478,207.41,68.0,1,2087,4470,4349,2.748993288590604,-0.4006812870502472,3.9845240116119385,46.0,434,0.030014604330062866,0.043859950825572015,0.0970917225950783,478,0.03733520954847336,0.05181539654731751,0.10693512304250559,478,0.04579465836286545,0.05980235114693642,0.10693512304250559
208.7,100.0,complex_estuary,False,1.0,0.0,198.36064927918267,207.46,32.0,1,2088,2847,2724,2.2862662451703546,-0.3361826241016388,1.552571415901184,28.0,155,0.030142521485686302,0.04113578274846077,0.054443273621355814,180,0.03724874556064606,0.050506991893053056,0.06322444678609063,180,0.04887300729751587,0.06690653041005135,0.06322444678609063
208.8,100.0,complex_estuary,False,1.0,0.0,207.61609047964882,207.505,96.0,1,2089,6735,6398,2.1612472160356346,-0.4117485582828522,4.660558700561523,60.0,41,0.03136131539940834,0.04645466059446335,0.006087602078693393,93,0.038120705634355545,0.05193894430994987,0.013808463251670379,93,0.04942655935883522,0.10123415887355804,0.013808463251670379
208.9,100.0,complex_estuary,False,1.0,0.0,251.39325099221526,207.595,104.0,1,2090,9414,9135,2.3301465901848313,0.003886018181219697,5.857398509979248,64.0,40,0.029278535395860672,0.054469063878059394,0.004248990864669641,115,0.04340743273496628,0.06081700026988985,0.012215848735925218,115,0.054722245782613754,0.07704935818910601,0.012215848735925218
209.0,100.0,complex_estuary,False,1.0,0.0,290.00869416273594,207.74,92.0,1,2091,8455,8211,2.330810171496156,-0.4234292507171631,3.2130327224731445,58.0,39,0.039729341864585876,0.05686187669634819,0.004612655233589592,111,0.05283534899353981,0.06850193440914154,0.013128326434062684,111,0.06146354600787163,0.07826728373765945,0.013128326434062684
209.1,100.0,complex_estuary,False,1.0,0.0,311.3689813543884,207.835,84.0,1,2092,5580,5079,1.9528673835125447,-0.45639586448669434,3.8491361141204834,54.0,43,0.0339580699801445,0.05376671254634858,0.007706093189964158,83,0.05069148167967796,0.06824785768985749,0.014874551971326165,83,0.061624713242053986,0.08070933371782303,0.014874551971326165
209.2,100.0,complex_estuary,False,1.0,4.0,347.1832097423943,207.91,72.0,2,2093,4297,3852,1.9574121480102398,-0.3852575123310089,4.826763153076172,48.0,96,0.03397747501730919,0.05070806294679642,0.022341168256923435,140,0.05364936962723732,0.07408028468489648,0.03258087037468001,140,0.06705570966005325,0.11962715834379202,0.03258087037468001
209.3,100.0,multiple_channels;complex_estuary,False,1.0,0.0,409.0062860671158,208.1,96.0,2,2094,8556,7488,2.0007012622720897,-0.1660592406988144,1.6675996780395508,60.0,344,0.030468791723251343,0.048464582487940784,0.04020570359981299,447,0.045106276869773865,0.06861226707696914,0.052244039270687236,448,0.05689404159784317,0.08046293333172798,0.05236091631603553
209.4,100.0,complex_estuary,False,1.0,0.0,450.89198652952126,208.125,200.0,1,2095,17021,14330,1.662887021914106,0.07847189158201218,2.096139669418335,112.0,340,0.03662297502160072,0.05515447594225407,0.019975324599024735,441,0.05389702320098877,0.07534279674291611,0.02590917102402914,441,0.06212450936436653,0.09033884108066559,0.02590917102402914
209.5,100.0,complex_estuary,False,1.0,0.0,446.60834494458396,208.125,316.0,1,2096,19457,17478,2.315876034332117,-0.20379504561424255,1.786332130432129,170.0,1428,0.030385896563529968,0.04925539940595627,0.07339260934368094,1671,0.043785810470581055,0.06361040472984314,0.08588168782443337,1673,0.051320597529411316,0.07377233654260636,0.08598447859382227
209.6,100.0,complex_estuary,False,1.0,0.0,433.6057237965486,208.315,328.0,1,2097,29766,27344,2.6320970234495733,-0.11524344980716705,2.2856192588806152,176.0,4249,0.03296848013997078,0.04949453473091126,0.14274675804609285,4522,0.047060657292604446,0.0606490358710289,0.15191829604246457,4522,0.054028503596782684,0.06578990146517753,0.15191829604246457
209.7,100.0,complex_estuary;width_unresolved,False,1.0,0.0,370.7449054749092,208.365,200.0,3,2098,11129,8709,1.3378560517566718,-0.2816307246685028,1.899500846862793,112.0,147,0.033106230199337006,0.049565964937210084,0.013208733938359241,182,0.049577899277210236,0.074522365629673,0.016353670590349537,182,0.06855327636003494,0.1284269243478775,0.016353670590349537
209.8,100.0,complex_estuary,False,1.0,0.0,291.89310221223917,208.37,116.0,2,2099,10493,8503,1.5425521776422377,-0.05043204128742218,1.646667242050171,70.0,239,0.02619689702987671,0.0388591080904007,0.022777089488230248,301,0.04132090136408806,0.058601316064596176,0.028685790527018012,301,0.05907541140913963,0.13332372903823853,0.028685790527018012
209.9,100.0,complex_estuary,False,1.0,0.0,196.99900511109067,208.37,120.0,2,2100,9097,7288,1.3560514455314938,0.05808615684509277,1.7425862550735474,72.0,113,0.02975248172879219,0.04517696648836136,0.01242167747609102,150,0.044977135956287384,0.07127583399415016,0.016488952401890734,150,0.06970657408237457,0.10374755337834358,0.016488952401890734
210.0,100.0,complex_estuary,False,1.0,0.0,101.94795512458101,208.375,152.0,1,2101,12642,10327,1.456810631229236,-0.03778001666069031,1.6629343032836914,88.0,157,0.02783297561109066,0.04249309152364731,0.012418921056794811,211,0.042295705527067184,0.0635748878121376,0.016690397089068186,211,0.0551011860370636,0.07756199687719345,0.016690397089068186
210.1,100.0,complex_estuary,False,1.0,0.0,20.40394830381513,208.425,168.0,1,2102,14776,12297,1.9153356794802383,0.06851409375667572,1.6725245714187622,96.0,647,0.03076249733567238,0.04806831106543541,0.04378722252301029,817,0.0450124517083168,0.05958980470895767,0.05529236599891716,817,0.05454770848155022,0.06796034276485444,0.05529236599891716
210.2,100.0,complex_estuary,False,1.0,0.0,56.99330898946593,208.47,296.0,1,2103,18867,16071,1.9775268988180421,-0.14396245777606964,1.60319983959198,160.0,1133,0.03325105458498001,0.048448420315980914,0.060051942545184714,1313,0.04290921613574028,0.05778915658593177,0.06959241002809137,1313,0.04939715564250946,0.06378597468137741,0.06959241002809137
210.3,100.0,complex_estuary,False,1.0,0.0,110.93759886609008,208.54,100.0,1,2104,9596,9379,3.291579824927053,0.5524269938468933,1.8917670249938965,62.0,1962,0.027867548167705536,0.03892596326768399,0.20446019174656108,2112,0.03545630723237991,0.044479120150208475,0.22009170487703208,2112,0.040132708847522736,0.046485616266727446,0.22009170487703208
210.4,100.0,complex_estuary,False,1.0,0.0,77.08338017517671,208.63,72.0,2,2105,6417,6147,2.93221131369799,0.9770464301109314,1.6085714101791382,48.0,778,0.031923577189445496,0.042791773378849034,0.12124045504129656,891,0.036246731877326965,0.044855713844299316,0.1388499298737728,891,0.039556510746479034,0.04607033729553223,0.1388499298737728
210.5,100.0,complex_estuary,False,1.0,0.0,44.89394977205725,208.705,68.0,1,2106,5987,5628,3.0825121095707364,1.0804181098937988,1.5776158571243286,46.0,1113,0.023914884775877,0.03661893531680107,0.18590278937698346,1198,0.030155735090374947,0.041982948780059814,0.20010021713713044,1198,0.03418838977813721,0.046495644748210906,0.20010021713713044
210.6,100.0,complex_estuary,False,1.0,0.0,49.271510536956,208.78,64.0,2,2107,5503,5014,2.6103943303652555,0.34574779868125916,1.631188154220581,44.0,766,0.026710063219070435,0.039286766201257706,0.139196801744503,815,0.035084471106529236,0.048889854550361635,0.14810103579865527,817,0.045326389372348785,0.10616561770439145,0.14846447392331455
210.7,100.0,complex_estuary,False,1.0,0.0,96.32649969117989,208.93,112.0,1,2108,6572,5958,3.51034692635423,0.9655523300170898,4.15428352355957,68.0,1976,0.021817106753587723,0.03015051782131195,0.3006695069993914,2073,0.026504801586270332,0.034379057586193085,0.3154290931223372,2077,0.03526382893323898,0.04908558726310731,0.3160377358490566
210.8,100.0,complex_estuary,False,1.0,0.0,73.13551922954764,209.07,96.0,1,2109,7083,6741,4.105040237187632,1.12345290184021,1.652368426322937,60.0,3061,0.022374741733074188,0.029354143887758255,0.4321615134829874,3123,0.02751343883574009,0.03376628533005715,0.4409148665819568,3125,0.033285174518823624,0.039572279900312424,0.4411972328109558
210.9,100.0,complex_estuary,False,1.0,0.0,71.41728088040762,209.145,108.0,1,2110,9053,8851,3.6352590301557495,0.9485602974891663,5.240006446838379,66.0,2597,0.023494688794016838,0.03308673650026322,0.2868662321882249,2694,0.028599493205547333,0.03637389540672303,0.2975809124047277,2695,0.03422641009092331,0.0427243135869503,0.2976913730255164
211.0,100.0,complex_estuary,False,1.0,0.0,56.39535542725307,209.26,108.0,1,2111,9879,9742,3.1902014373924485,0.7448780536651611,2.569700241088867,66.0,1766,0.02645392343401909,0.037573013454675674,0.17876303269561697,1850,0.032559651881456375,0.0423125971108675,0.18726591760299627,1851,0.036678969860076904,0.05090615525841713,0.1873671424233222
211.1,100.0,complex_estuary,False,1.0,0.0,14.461872686240905,209.35,96.0,1,2112,8376,8071,2.592526265520535,0.7272318005561829,1.6336861848831177,60.0,714,0.028763383626937866,0.04197259247303009,0.08524355300859598,796,0.03724108636379242,0.05122769996523857,0.09503342884431709,796,0.04500328749418259,0.06516646966338158,0.09503342884431709
211.2,100.0,complex_estuary,False,1.0,0.0,29.761228886598477,209.445,72.0,1,2113,6291,6077,2.663805436337625,0.30109667778015137,1.7501845359802246,48.0,492,0.027025800198316574,0.04229789227247239,0.078206962327134,555,0.03191100060939789,0.05253938660025597,0.0882212684787792,555,0.037252042442560196,0.07010545432567597,0.0882212684787792
211.3,100.0,complex_estuary,False,1.0,0.0,50.30080376091882,209.54,88.0,2,2114,6457,6272,3.229982964224872,0.17127960920333862,3.347795248031616,56.0,1227,0.029545683413743973,0.039995019882917406,0.19002632801610655,1286,0.03498312830924988,0.043493952602148056,0.19916369831190955,1286,0.04159451276063919,0.053654469549655914,0.19916369831190955
211.4,100.0,complex_estuary,False,1.0,0.0,13.830824876686233,209.66,72.0,1,2115,4555,4373,3.535675082327113,0.058808643370866776,2.291170835494995,48.0,1249,0.01907881163060665,0.02830793969333172,0.27420417124039514,1304,0.02355077676475048,0.031436753645539287,0.2862788144895719,1304,0.03142054006457329,0.04054064564406872,0.2862788144895719
211.5,100.0,complex_estuary,False,1.0,0.0,9.247861085431854,209.755,68.0,1,2116,4451,4042,2.8883396989440575,0.02725876308977604,2.4110593795776367,46.0,822,0.020965639501810074,0.029370504803955554,0.18467760053920468,876,0.02541232854127884,0.033481527119874954,0.19680970568411593,876,0.0327310711145401,0.045396316796541214,0.19680970568411593
211.6,100.0,complex_estuary,False,1.0,0.0,58.40400007956877,209.84,64.0,2,2117,4849,4366,2.4079191585894,0.11639293283224106,3.11854887008667,44.0,529,0.020781438797712326,0.030308969691395758,0.10909465869251392,574,0.02549048326909542,0.04157826751470569,0.1183749226644669,574,0.03240721672773361,0.09163218513131147,0.1183749226644669
211.7,100.0,complex_estuary;width_unresolved,False,1.0,0.0,111.89093603259785,209.925,64.0,3,2118,4723,4461,3.1869574423036204,0.22562146186828613,4.090488910675049,44.0,1056,0.018281403928995132,0.026647518388926983,0.22358670336650435,1104,0.02201584167778492,0.030582928843796254,0.2337497353377091,1104,0.027527591213583946,0.03489276170730591,0.2337497353377091
211.8,100.0,multiple_channels;complex_estuary,False,1.0,0.0,153.9054692022395,210.015,48.0,3,2119,4453,4406,3.7271502357960924,0.953685462474823,1.6138471364974976,36.0,1371,0.017949605360627174,0.025044169276952744,0.3078823265214462,1428,0.021491073071956635,0.02754521146416664,0.32068268582977766,1428,0.024656761437654495,0.03412100225687027,0.32068268582977766
211.9,100.0,multiple_channels;complex_estuary;width_unresolved,False,1.0,4.0,189.52189057067287,210.105,56.0,4,2120,5642,5552,3.329315845444878,0.7617717981338501,1.6270555257797241,40.0,1173,0.018993476405739784,0.028044541925191877,0.20790499822757888,1264,0.02274756133556366,0.03323761709034443,0.22403403048564338,1264,0.027477893978357315,0.05595803186297418,0.22403403048564338
212.0,100.0,multiple_channels;complex_estuary,False,1.0,0.0,134.00864645332544,210.15,40.0,3,2121,3074,3030,3.545217957059206,1.01439368724823,1.6505520343780518,32.0,702,0.017382672056555748,0.025270709581673143,0.2283669486011711,747,0.023445969447493553,0.03168275877833367,0.24300585556278465,747,0.03661321848630905,0.062169588357210134,0.24300585556278465
212.1,100.0,multiple_channels;complex_estuary,False,1.0,0.0,35.292251362897744,210.14,44.0,2,2122,3031,2815,3.3114483668756187,1.125362753868103,1.763921856880188,34.0,835,0.025856586173176765,0.03614745065569878,0.27548663807324314,865,0.029555585235357285,0.04003269225358963,0.2853843615968327,865,0.035600610077381134,0.046546328067779544,0.2853843615968327
212.2,100.0,complex_estuary,False,1.0,0.0,61.618066677512935,210.115,108.0,1,2123,3887,3750,2.7311551324929253,0.8710393309593201,1.7333003282546997,66.0,502,0.020055845379829407,0.028093551471829417,0.12914844352971444,527,0.02401859499514103,0.031105300411581993,0.13558013892462054,527,0.027933334931731224,0.04115668088197709,0.13558013892462054
212.3,100.0,complex_estuary,False,1.0,0.0,111.90272170432041,210.09,104.0,1,2124,9157,8632,2.538495140329802,0.21621361374855042,1.6209713220596313,64.0,808,0.024534299969673157,0.03948691077530388,0.08823850606093699,915,0.03788181394338608,0.057162486761808406,0.09992355574969969,915,0.057821474969387054,0.08502679467201234,0.09992355574969969
212.4,100.0,complex_estuary,False,1.0,0.0,62.05361188460503,210.165,128.0,2,2125,4596,4283,2.455613577023499,0.9822812676429749,1.5912195444107056,76.0,419,0.020146826282143593,0.03247742801904678,0.0911662315056571,478,0.026603996753692627,0.04423562958836556,0.10400348128807659,478,0.0355890691280365,0.059630383551120755,0.10400348128807659
212.5,100.0,sparse_water_returns;complex_estuary,False,0.09523809523809523,96.16652224137046,23.273315543277175,210.28,0.0,1,2126,1,1,1.0,1.4575088024139404,1.4575088024139404,20.0,0,,,0.0,0,,,0.0,0,,,0.0
212.6,100.0,sparse_water_returns;complex_estuary,False,0.0,101.82337649086284,46.38396511897839,210.365,0.0,0,2127,0,0,,,,20.0,0,,,,0,,,,0,,,
212.7,100.0,complex_estuary,False,0.9047619047619048,11.313708498984761,61.31621974903588,210.46,20.0,1,2128,1313,1184,4.718964204112719,1.16197669506073,3.2535288333892822,22.0,744,0.017617657780647278,0.030022913776338117,0.5666412795125666,749,0.02327495999634266,0.05859442427754402,0.5704493526275705,749,0.04679473116993904,0.12767799496650695,0.5704493526275705
212.8,100.0,complex_estuary,False,1.0,0.0,51.6122130750883,210.56,40.0,1,2129,2641,2512,5.602801968951155,1.347612977027893,3.074666738510132,32.0,1892,0.015616104006767273,0.022030443698167805,0.7163953048087845,1902,0.019197050482034683,0.02912515904754401,0.7201817493373722,1902,0.02620476856827736,0.05569211430847648,0.7201817493373722
212.9,100.0,sparse_water_returns;complex_estuary,False,0.47619047619047616,29.120439557122072,35.71429804841341,210.66,0.0,0,2130,168,148,3.6607142857142856,1.4914637804031372,1.8305697441101074,20.0,60,0.015813928097486496,0.019926401041448116,0.35714285714285715,65,0.019451821222901344,0.03012686483561993,0.3869047619047619,65,0.030187617987394333,0.04174317941069603,0.3869047619047619
213.0,100.0,complex_estuary,False,1.0,4.0,21.461899284273017,210.74,16.0,1,2131,926,899,4.143628509719222,1.0944257974624634,2.1435325145721436,20.0,390,0.023915313184261322,0.03440971821546556,0.42116630669546434,393,0.03149997442960739,0.05858349353075029,0.4244060475161987,393,0.06599120795726776,0.10567238330841065,0.4244060475161987
213.1,100.0,complex_estuary,False,1.0,0.0,15.467980771378103,210.84,20.0,1,2132,1568,1545,4.4936224489795915,0.9911745190620422,2.177917242050171,22.0,794,0.02314293384552002,0.03869936354458333,0.5063775510204082,803,0.03231047838926315,0.06978092044591905,0.5121173469387755,803,0.0679531916975975,0.09560250937938691,0.5121173469387755
213.2,100.0,complex_estuary,False,1.0,0.0,27.305231838137953,210.93,40.0,1,2133,2891,2798,3.6004842615012107,0.695523202419281,2.073838233947754,32.0,795,0.025312628597021103,0.03889124765992165,0.2749913524731927,830,0.03463139757514,0.06330834403634072,0.28709789000345903,830,0.06641773134469986,0.1264151528477669,0.28709789000345903
213.3,100.0,complex_estuary,False,1.0,0.0,53.138149954243666,211.025,40.0,1,2134,3222,3122,2.8488516449410306,0.6006293892860413,1.9238231182098389,32.0,335,0.027801580727100372,0.04478025659918786,0.10397268777157045,386,0.03960629552602768,0.06827955693006516,0.11980136561142148,386,0.05384790524840355,0.11404178664088249,0.11980136561142148
213.4,100.0,complex_estuary,False,1.0,0.0,66.93807112128138,211.125,44.0,1,2135,3364,3258,3.568668252080856,0.36533477902412415,1.8720800876617432,34.0,964,0.02348954603075981,0.03636410422623158,0.28656361474435194,995,0.030315211042761803,0.06190600767731667,0.29577883472057076,995,0.04453790560364723,0.10334184914827348,0.29577883472057076
213.5,100.0,complex_estuary,False,1.0,0.0,74.79108813134242,211.225,52.0,1,2136,4434,4389,3.5047361299052775,0.9121168255805969,1.9811041355133057,38.0,1131,0.021847378462553024,0.03133014217019081,0.2550744248985115,1170,0.02872227132320404,0.03978587165474892,0.2638700947225981,1170,0.039511118084192276,0.07708553373813631,0.2638700947225981
213.6,100.0,complex_estuary,False,1.0,0.0,92.15684639698765,211.285,40.0,1,2137,3949,3769,3.157761458597113,1.12800931930542,1.8353736400604248,32.0,689,0.019239094108343124,0.028612406551837923,0.17447455051911875,753,0.024935126304626465,0.03701068833470346,0.19068118511015447,753,0.03488357365131378,0.053236806392669686,0.19068118511015447
213.7,100.0,multiple_channels;complex_estuary,False,1.0,0.0,144.91952350597077,211.37,16.0,2,2138,1695,1657,3.7805309734513273,1.1145727634429932,1.6526745557785034,20.0,570,0.021866872906684875,0.03436912521719933,0.336283185840708,590,0.029795803129673004,0.0422625232487917,0.3480825958702065,590,0.04130914807319641,0.062470239028334665,0.3480825958702065
213.8,100.0,multiple_channels;complex_estuary,False,1.0,0.0,214.65906537657006,211.545,36.0,2,2139,2550,2480,3.5992156862745097,0.9790389537811279,2.0437896251678467,30.0,767,0.028263166546821594,0.03976625353097915,0.3007843137254902,789,0.03771011158823967,0.050383679568767555,0.30941176470588233,789,0.054676368832588196,0.08561406284570695,0.30941176470588233
213.9,100.0,complex_estuary,False,1.0,0.0,217.21426561636167,211.75,56.0,1,2140,4143,4044,3.6579773111272025,0.8309662938117981,2.1372876167297363,40.0,1178,0.025473609566688538,0.038360960409045214,0.28433502293024376,1242,0.03420470654964447,0.04546703398227693,0.2997827661115134,1242,0.04430094361305237,0.0723155714571476,0.2997827661115134
214.0,100.0,multiple_channels;complex_estuary,False,1.0,0.0,174.4046584935803,211.825,40.0,2,2141,3933,3792,3.446732773963895,0.9483658671379089,1.8471927642822266,32.0,963,0.024249043315649033,0.03693032488226891,0.2448512585812357,1025,0.030726255849003792,0.0433341033756733,0.2606153063818968,1025,0.03732828050851822,0.06733022034168244,0.2606153063818968
214.1,100.0,multiple_channels;complex_estuary,False,1.0,0.0,149.31563564696597,211.835,48.0,2,2142,3614,3579,3.549529607083564,0.8570189476013184,1.7191720008850098,36.0,751,0.02233796939253807,0.033384714275598526,0.20780298837852795,796,0.027017716318368912,0.04413656331598759,0.22025456557830658,796,0.03561665117740631,0.07363541424274445,0.22025456557830658
214.2,100.0,complex_estuary,False,1.0,0.0,148.6686349277059,211.935,52.0,2,2143,4340,4182,2.7202764976958527,0.6595012545585632,1.6549437046051025,38.0,537,0.027375871315598488,0.03908854797482491,0.12373271889400922,587,0.034859176725149155,0.05590184330940245,0.13525345622119817,587,0.04674236476421356,0.09311886578798291,0.13525345622119817
214.3,100.0,complex_estuary,False,1.0,0.0,163.7032366803301,212.0,300.0,1,2144,15857,14496,2.2074793466607807,0.4058088958263397,1.9446712732315063,162.0,1097,0.02464599348604679,0.036923669278621674,0.06918080343066153,1215,0.030555663630366325,0.04327209591865541,0.07662231191271994,1215,0.0385395772755146,0.05830065384507181,0.07662231191271994
214.4,100.0,complex_estuary;width_unresolved,False,1.0,0.0,211.09534127107236,212.08,504.0,1,2145,43597,32812,1.153886735325825,0.020508529618382454,1.9662129878997803,264.0,352,0.025277651846408844,0.03794804699718953,0.008073950042434112,392,0.03299324959516525,0.041643648967146875,0.008991444365437988,392,0.04142618924379349,0.051945268735289596,0.008991444365437988
214.5,100.0,complex_estuary;width_unresolved,False,1.0,0.0,199.4879944632117,212.38,504.0,1,2146,37447,26718,0.9859534809196998,-0.10211699455976486,1.2287691831588745,264.0,0,,,0.0,6,0.08789677172899246,0.1254371516406536,0.00016022645338745426,6,0.11378243565559387,0.15243256092071533,0.00016022645338745426
214.6,100.0,complex_estuary;width_unresolved,False,1.0,0.0,160.57712481660397,212.475,504.0,1,2147,48373,42442,1.730118041055961,0.10501868277788162,1.3291525840759277,264.0,1478,0.02262827940285206,0.031935226172208786,0.030554234800405186,1664,0.029698893427848816,0.038524973392486575,0.03439935501209352,1664,0.03427351638674736,0.0437778864055872,0.03439935501209352
214.7,100.0,complex_estuary;width_unresolved,False,1.0,0.0,124.40651269523514,212.555,504.0,1,2148,52423,49603,2.6244396543501898,0.2365933209657669,1.5177549123764038,264.0,5902,0.02460874617099762,0.03565065711736679,0.11258417106995021,6395,0.03090609610080719,0.04078356251120568,0.1219884401884669,6395,0.035138148814439774,0.044363262504339224,0.1219884401884669
214.8,100.0,complex_estuary;width_unresolved,False,1.0,0.0,95.79434689587077,212.65,440.0,2,2149,43169,41866,2.9357409252009545,0.5425978899002075,1.6657706499099731,232.0,5107,0.024319572374224663,0.036835268884897236,0.11830248557993005,5805,0.029935143887996674,0.04250027388334275,0.1344714957492645,5805,0.033603422343730927,0.047522574663162245,0.1344714957492645
214.9,100.0,complex_estuary;width_unresolved,False,1.0,0.0,67.18436866647573,212.745,408.0,3,2150,36852,35852,3.2827254965809183,0.6760823726654053,1.6857465505599976,216.0,7351,0.024164190515875816,0.03491046279668808,0.19947356995549767,7807,0.028355039656162262,0.03923606872558594,0.21184738955823293,7807,0.031356144696474075,0.044464717060327535,0.21184738955823293
215.0,100.0,complex_estuary;width_unresolved,False,1.0,0.0,38.58144487324468,212.84,380.0,3,2151,31596,30447,3.5582668692239525,0.3674842119216919,1.7193344831466675,202.0,9625,0.020189091563224792,0.029272110387682918,0.30462716799594886,9840,0.02366209402680397,0.03200965411961079,0.3114318268135207,9840,0.025845982134342194,0.034018881246447565,0.3114318268135207
215.1,100.0,complex_estuary;width_unresolved,False,1.0,0.0,10.046013321666907,212.935,504.0,1,2152,48491,47381,3.527417458909901,0.47726109623908997,1.7221505641937256,264.0,12987,0.022845836356282234,0.032500392943620685,0.2678228949702007,13446,0.02715979516506195,0.03642039932310581,0.2772885690128065,13446,0.029990550130605698,0.03987750969827175,0.2772885690128065
215.2,100.0,complex_estuary;width_unresolved,False,1.0,0.0,36.638113637860094,213.015,420.0,2,2153,39030,38454,3.3158595951831926,0.4994697868824005,1.756428599357605,222.0,8443,0.025001870468258858,0.03588002547621727,0.21632077888803483,8907,0.030903737992048264,0.04115761294960976,0.22820906994619525,8908,0.034134551882743835,0.0445987269282341,0.22823469126313092
215.3,100.0,complex_estuary;width_unresolved,False,1.0,0.0,111.1207833307143,213.085,436.0,2,2154,42254,40717,2.848842713115918,-0.10868536680936813,1.7465298175811768,230.0,5521,0.025162294507026672,0.03881901502609253,0.13066218582856062,6094,0.03280051052570343,0.044243953004479405,0.1442230321389691,6096,0.03683249652385712,0.04843495413661003,0.14427036493586406
215.4,100.0,complex_estuary;width_unresolved,False,1.0,0.0,174.3348377764335,213.25,496.0,1,2155,49601,46890,2.659422189068769,0.09504672884941101,1.9631972312927246,260.0,5315,0.025683490559458733,0.03922330886125565,0.10715509767948227,5943,0.03343096375465393,0.04556918740272522,0.11981613273925928,5943,0.03635817766189575,0.049198197573423384,0.11981613273925928
215.5,100.0,complex_estuary;width_unresolved,False,1.0,0.0,202.94578821214085,213.345,456.0,1,2156,43479,40578,2.4142689574277236,0.21409232914447784,2.1250717639923096,240.0,3165,0.03123973309993744,0.04431792125105858,0.07279376250603739,3725,0.040094707161188126,0.05025583505630493,0.08567354354975966,3725,0.04641958698630333,0.05419393703341484,0.08567354354975966
215.6,100.0,complex_estuary;width_unresolved,False,1.0,0.0,193.65055062385073,213.55,432.0,1,2157,39852,37775,2.72021479474054,-0.14894770085811615,4.038143157958984,228.0,4533,0.02924496866762638,0.040985291451215745,0.11374585968081903,5039,0.03634478524327278,0.046422213315963745,0.1264428385024591,5039,0.04072367772459984,0.0516162559390068,0.1264428385024591
215.7,100.0,complex_estuary;width_unresolved,False,1.0,0.0,180.32809457252722,213.61,504.0,1,2158,47809,44564,2.411512476730323,-0.21317248046398163,3.055413246154785,264.0,3159,0.02763931266963482,0.04024129360914231,0.06607542512915979,3841,0.03656480088829994,0.04817207530140877,0.08034052165910184,3841,0.04187249019742012,0.055803269147872925,0.08034052165910184
215.8,100.0,complex_estuary;width_unresolved,False,1.0,0.0,190.10048299128132,213.855,504.0,1,2159,54525,48309,2.076808803301238,-0.3918972909450531,1.4265111684799194,264.0,3842,0.02349996566772461,0.037113251909613613,0.07046309032553874,4177,0.03267775848507881,0.05386646017432213,0.07660706098120128,4177,0.04143976792693138,0.07858364731073382,0.07660706098120128
215.9,100.0,complex_estuary;width_unresolved,False,1.0,0.0,184.4687632626203,213.855,504.0,1,2160,47870,42281,1.9147482765824106,-0.4181210994720459,1.5670197010040283,264.0,2430,0.02358301728963852,0.03553417809307575,0.0507624817213286,2661,0.03056069277226925,0.047432608902454376,0.05558805097138082,2661,0.03482833877205849,0.06600837409496307,0.05558805097138082
216.0,100.0,complex_estuary;width_unresolved,False,1.0,0.0,147.23488745104632,214.03,400.0,1,2161,36461,32366,1.8020350511505445,-0.3450886607170105,1.8280855417251587,212.0,1074,0.030740968883037567,0.0458901446312666,0.029456131208688736,1248,0.04222875088453293,0.06328845545649528,0.03422835358328077,1248,0.058652300387620926,0.1392896965146065,0.03422835358328077
216.1,100.0,complex_estuary,False,1.0,0.0,114.27430662960468,214.075,248.0,1,2162,19617,16531,1.6326655451903962,-0.35023409128189087,2.3011112213134766,136.0,696,0.020471815019845963,0.039220284670591354,0.03547943110567365,747,0.027899067848920822,0.056245992332696906,0.038079217005658354,747,0.05065806582570076,0.13071951270103455,0.038079217005658354
216.2,55.32355498947436,complex_estuary,False,1.0,0.0,140.1644238034619,214.11,104.0,1,2163,10713,8813,1.5510127882012508,-0.1808990240097046,2.198580503463745,64.0,311,0.0228005051612854,0.03576754778623581,0.02903015028470083,342,0.03047732263803482,0.04533907510340214,0.03192383085970316,342,0.04479387402534485,0.08960137814283371,0.03192383085970316
