month,elder,dry
1,8.858131488,16.59574468
2,16.05536332,26.80851064
3,34.87889273,49.78723404
4,55.3633218,74.89361702
5,81.38408304,103.4042553
6,91.90311419,77.0212766
7,94.11764706,21.27659574
8,78.61591696,8.510638298
9,42.62975779,18.29787234
10,29.89619377,35.74468085
11,16.05536332,25.53191489
12,8.858131488,17.87234043