{"type":"FeatureCollection","features":[{"type":"Feature","properties":{"uid":"nhd-4189662-0","label":"Jack of Hearts Creek","display_width_m":3.0,"flow_type":"Perennial","source_geometry":"NHD-guided lowest-cost 1 m LiDAR valley trace; inferred cartography, not surveyed channel banks","source_file":"USGS National Hydrography Dataset / MapServer layer 6; accessed 2026-09-16","location_note":"NHD-guided paths along low LiDAR channel terrain. Narrow ribbons are cartographic symbols, not measured banks or current water levels."},"geometry":{"type":"Polygon","coordinates":[[[-123.65071301194165,39.72378146165757],[-123.65071131121975,39.723781276585164],[-123.65070964218066,39.72378096367844],[-123.65070802089812,39.72378052595089],[-123.65070646298605,39.72377996761804],[-123.65070498344792,39.723779294056975],[-123.65070359653252,39.72377851175444],[-123.65070231559665,39.72377762824444],[-123.65070115297635,39.72377665203566],[-123.65070011986832,39.72377559252955],[-123.65069922622197,39.72377445992971],[-123.65069848064363,39.7237732651437],[-123.65069789031354,39.72377201967799],[-123.65069746091696,39.723770735527076],[-123.65069719658915,39.72376942505805],[-123.65069709987573,39.72376810089143],[-123.65069717170815,39.72376677577966],[-123.65069741139457,39.72376546248434],[-123.65069781662667,39.72376417365316],[-123.65069808073429,39.72376359036635],[-123.65090604838393,39.7237624239803],[-123.6509063234209,39.7237630042433],[-123.65090675282136,39.723764288393404],[-123.65090701715307,39.723765598861924],[-123.65090711387052,39.72376692302833],[-123.65090704204214,39.72376824814019],[-123.65090680235971,39.72376956143592],[-123.65090639713148,39.7237708502678],[-123.65090583026002,39.72377210222364],[-123.6509051072046,39.723773305246446],[-123.65090423492865,39.72377444775043],[-123.65090322183265,39.72377551873266],[-123.65090207767324,39.72377650787899],[-123.65090081346933,39.72377740566338],[-123.65089944139591,39.72377820343968],[-123.65089797466673,39.723778893524866],[-123.65089642740729,39.72377946927305],[-123.65089481451847,39.723779925139446],[-123.65089315153331,39.723780256733825],[-123.65089145446727,39.723780460862706],[-123.65088973966407,39.723780535560266],[-123.65071472796748,39.72378151711333],[-123.65071301194165,39.72378146165757]]]}},{"type":"Feature","properties":{"uid":"nhd-5085189-0","label":"Elder Creek","display_width_m":4.0,"flow_type":"Perennial","source_geometry":"NHD-guided lowest-cost 1 m LiDAR valley trace; inferred cartography, not surveyed channel banks","source_file":"USGS National Hydrography Dataset / MapServer layer 6; accessed 2026-09-16","location_note":"NHD-guided paths along low LiDAR channel terrain. Narrow ribbons are cartographic symbols, not measured banks or current water levels."},"geometry":{"type":"Polygon","coordinates":[[[-123.63607253665334,39.73001215615211],[-123.63607488599189,39.73001242211798],[-123.63607718816696,39.73001287103042],[-123.63607941934696,39.73001349824237],[-123.63608155643516,39.730014297261114],[-123.63608357730892,39.730015259815346],[-123.63620084183181,39.73007768723502],[-123.6362026612832,39.730078761238914],[-123.63620433563287,39.73007996777128],[-123.63620584875588,39.730081295212585],[-123.63620718608007,39.730082730778825],[-123.63620833472626,39.73008426064474],[-123.63620928363234,39.730085870076856],[-123.63621002365984,39.73008754357551],[-123.6362105476819,39.73008926502396],[-123.63621085065179,39.730091017843755],[-123.63621092965181,39.730092785154255],[-123.63621078392107,39.730094549935316],[-123.6362104148631,39.73009629519111],[-123.63620982603204,39.73009800411388],[-123.63620902309869,39.73009966024576],[-123.63620801379568,39.7301012476373],[-123.63620680784318,39.730102751001034],[-123.63620541685512,39.73010415585875],[-123.63620385422752,39.73010544868088],[-123.63620213500931,39.73010661701685],[-123.6362002757575,39.73010764961493],[-123.63619829437769,39.73010853653064],[-123.63619620995173,39.73010926922248],[-123.63619404255371,39.73010984063422],[-123.63619181305693,39.73011024526286],[-123.63618954293263,39.73011047921158],[-123.63618725404338,39.730110540227365],[-123.63618496843246,39.730110427722565],[-123.6361827081116,39.730110142780674],[-123.63618049484889,39.73010968814582],[-123.63617834995931,39.730109068196434],[-123.63617629409931,39.73010828890294],[-123.63617434706794,39.73010735777036],[-123.63606313899484,39.73004815458157],[-123.63598881557832,39.73004856198377],[-123.63598652734782,39.730048487754225],[-123.63598425956108,39.730048240704924],[-123.63598297585423,39.73004799988986],[-123.6359826559172,39.730013149664664],[-123.63598393507291,39.73001289480228],[-123.63598619809446,39.73001262291904],[-123.63598848473066,39.73001252361399],[-123.63607016447114,39.73001207588604],[-123.63607253665334,39.73001215615211]]]}},{"type":"Feature","properties":{"uid":"nhd-7543241-0","label":"South Fork Eel River","display_width_m":8.0,"flow_type":"Perennial","source_geometry":"NHD-guided lowest-cost 1 m LiDAR valley trace; inferred cartography, not surveyed channel banks","source_file":"USGS National Hydrography Dataset / MapServer layer 6; accessed 2026-09-16","location_note":"NHD-guided paths along low LiDAR channel terrain. Narrow ribbons are cartographic symbols, not measured banks or current water levels."},"geometry":{"type":"Polygon","coordinates":[[[-123.65063479138016,39.72395436698348],[-123.65063161577831,39.723956941637596],[-123.65026079325436,39.72422932174013],[-123.65025711146006,39.724231757718904],[-123.650253122263,39.72423388560618],[-123.65024886871424,39.72423568243803],[-123.6502443967177,39.72423712882316],[-123.6502397545348,39.724238209152325],[-123.65023499226349,39.7242389117667],[-123.6502301612979,39.72423922908372],[-123.6497752122792,39.72425078758999],[-123.64977089870038,39.72425074313308],[-123.64976660886857,39.7242503913092],[-123.64976237943543,39.72424973512427],[-123.64975824653655,39.72424878018462],[-123.64975424548278,39.72424753464911],[-123.64975041045844,39.7242460091594],[-123.64974677422938,39.724244216749014],[-123.64974336786287,39.72424217273203],[-123.64958049556832,39.72413475897586],[-123.64949289746428,39.72413524931617],[-123.64948846306783,39.72413511119426],[-123.64948406571354,39.72413464845382],[-123.64947974516348,39.72413386527911],[-123.64947554048517,39.72413276875173],[-123.64941703404311,39.72411507610342],[-123.64941219458329,39.724113360700485],[-123.64940763967569,39.724111230779506],[-123.64940342861534,39.72410871406745],[-123.6492154825277,39.723982514832386],[-123.6489507117322,39.72396696735219],[-123.64894606867631,39.72396651297265],[-123.64894150790397,39.72396570178945],[-123.6489370752791,39.72396454196001],[-123.64893281537678,39.72396304514774],[-123.64892877103539,39.72396122640483],[-123.6489249829254,39.72395910402088],[-123.64892148914063,39.723956699338885],[-123.64887649800976,39.72392245661419],[-123.64883749194064,39.72392267472634],[-123.64883291586546,39.72392252677032],[-123.64882838061023,39.72392203317039],[-123.64882392985203,39.72392119868013],[-123.64881960645413,39.723920031336185],[-123.64881545205334,39.72391854238074],[-123.6488115066588,39.72391674615326],[-123.64880780826681,39.72391465995241],[-123.64880439249505,39.72391230386949],[-123.648746877486,39.72386852907514],[-123.64847334435434,39.72386161116608],[-123.64846901091084,39.72386134514625],[-123.64846472832227,39.72386076893399],[-123.64846053374337,39.723859887528384],[-123.64845646356528,39.72385870857629],[-123.64845255309994,39.723857242306025],[-123.64844883627362,39.72385550143861],[-123.64844534533265,39.7238535010774],[-123.64844211056352,39.72385125857705],[-123.64843237506803,39.723843848810105],[-123.6483466991889,39.72384432754282],[-123.64834213122262,39.72384418013745],[-123.6483376038562,39.7238436883083],[-123.64833316053617,39.7238428567752],[-123.64832884390248,39.723841693517855],[-123.64832469537933,39.72384020969939],[-123.64832075477763,39.72383841955913],[-123.64829615701088,39.723825954149966],[-123.64811035596445,39.723818555490865],[-123.64810579905007,39.72381820025969],[-123.64810130917344,39.72381750183221],[-123.64809692957455,39.72381646693462],[-123.64809270243138,39.723815105533625],[-123.64808866845368,39.723813430740236],[-123.64808486649093,39.72381145868368],[-123.64808133315813,39.723809208355924],[-123.64807810248317,39.723806701428934],[-123.64807520557923,39.72380396204577],[-123.64807267034513,39.723801016588226],[-123.6480705211965,39.72379789342271],[-123.64806877883073,39.723794622627025],[-123.64806746002778,39.72379123570074],[-123.64806657748834,39.7237877652618],[-123.64806613971167,39.72378424473247],[-123.64806615091379,39.723780708017365],[-123.64806646345033,39.723778317600114],[-123.64847361285348,39.72377604298408],[-123.64847701698037,39.72377759280424],[-123.64848071535503,39.72377967901581],[-123.64848413110929,39.72378203510847],[-123.64849463873566,39.72379003254869],[-123.64876817158482,39.72379695041009],[-123.64877250502529,39.723797216418774],[-123.64877678761229,39.72379779261969],[-123.64878098219134,39.72379867401389],[-123.64878505237124,39.7237998529546],[-123.64878896284021,39.72380131921364],[-123.64879267967204,39.72380306007013],[-123.64879617062039,39.723805060420865],[-123.64879940539869,39.723807302911275],[-123.64885614825123,39.72385049000515],[-123.64889515427934,39.723850271887095],[-123.64889973034984,39.72385041984068],[-123.64890426560083,39.7238509134379],[-123.64890871635542,39.72385174792511],[-123.64891303975047,39.72385291526576],[-123.64891719414939,39.72385440421775],[-123.64892113954302,39.723856200441666],[-123.64892483793521,39.723858286638915],[-123.64892825370838,39.72386064271831],[-123.64897483717523,39.723896097359884],[-123.64923797853292,39.72391154912392],[-123.64924221154752,39.723911948566126],[-123.64924637967097,39.72391264470379],[-123.64925044810306,39.72391363172476],[-123.64925438287591,39.723914901388305],[-123.64925815113763,39.7239164430938],[-123.64926172142644,39.72391824396937],[-123.64926506393361,39.72392028897925],[-123.64945858746576,39.724050233237485],[-123.64950120961838,39.72406312239403],[-123.64959722927301,39.724062584903066],[-123.64960198371976,39.724062745653136],[-123.64960669224486,39.72406327944425],[-123.64961130589093,39.72406418072631],[-123.64961577668707,39.72406544012809],[-123.64962005814768,39.724067044554864],[-123.64962410575586,39.724068977324414],[-123.64962787742613,39.72407121834055],[-123.64979022893095,39.724178288625644],[-123.65020933441474,39.724167640768904],[-123.65056393466129,39.72390717654726],[-123.65067676601063,39.72378330717232],[-123.65067958167062,39.72378051769372],[-123.65068273784556,39.7237779547579],[-123.65068620413973,39.7237756430473],[-123.65068994717093,39.72377360482492],[-123.65069393089168,39.72377185971993],[-123.65069811693661,39.72377042453863],[-123.65070246499188,39.72376931310258],[-123.65070693318339,39.72376853611551],[-123.65071147848008,39.723768101060195],[-123.65071605710831,39.723768012126456],[-123.65072062497345,39.72376827017079],[-123.65072513808455,39.72376887270807],[-123.65072955297795,39.72376981393554],[-123.65073382713588,39.723771084788716],[-123.65073791939588,39.72377267302855],[-123.65074179034733,39.723774563359484],[-123.65074540271085,39.7237767375766],[-123.65074872169743,39.72377917474104],[-123.65075171534342,39.72378185138158],[-123.65075435481837,39.72378474172077],[-123.65075661470267,39.72378781792306],[-123.65075847323237,39.723791050362976],[-123.65075991250873,39.72379440791036],[-123.65076091867074,39.723797858230235],[-123.6507614820284,39.72380136809412],[-123.65076159715622,39.72380490370013],[-123.65076126294537,39.72380843099845],[-123.65076048261443,39.72381191601926],[-123.65075926367835,39.723815325199894],[-123.65075761787608,39.723818625708084],[-123.65075556105755,39.723821785758076],[-123.65075311303103,39.723824774916864],[-123.65063762298612,39.72395156322918],[-123.65063479138016,39.72395436698348]]]}},{"type":"Feature","properties":{"uid":"nhd-7543241-1","label":"South Fork Eel River","display_width_m":8.0,"flow_type":"Perennial","source_geometry":"NHD-guided lowest-cost 1 m LiDAR valley trace; inferred cartography, not surveyed channel banks","source_file":"USGS National Hydrography Dataset / MapServer layer 6; accessed 2026-09-16","location_note":"NHD-guided paths along low LiDAR channel terrain. Narrow ribbons are cartographic symbols, not measured banks or current water levels."},"geometry":{"type":"Polygon","coordinates":[[[-123.6451716165145,39.72408311722236],[-123.64516969079442,39.724086305397165],[-123.64516737171404,39.724089333405644],[-123.64516468137019,39.724092172396034],[-123.64516164539715,39.724094795317576],[-123.64511531089242,39.72413109312986],[-123.64511193946163,39.724133487055234],[-123.64510828039928,39.72413561427779],[-123.64510436894422,39.72413745431122],[-123.64510024276582,39.724138989434955],[-123.64509594160157,39.724140204864874],[-123.64509150687402,39.72414108889573],[-123.64508698129214,39.72414163301381],[-123.64508240843978,39.72414183197893],[-123.64507783235607,39.72414168387496],[-123.64507329711131,39.72414119012823],[-123.64506884638237,39.72414035549378],[-123.64506452303239,39.724139188009616],[-123.64506036869756,39.72413769891925],[-123.64505642338642,39.72413590256349],[-123.64505272509459,39.72413381624222],[-123.64504930943859,39.724131460047886],[-123.64504620931311,39.724128856671946],[-123.64504345457402,39.72412603118638],[-123.64504107175095,39.72412301080216],[-123.64503908379179,39.724119824607286],[-123.64503750984156,39.72411650328654],[-123.6450363650583,39.724113078826115],[-123.64503566046676,39.72410958420542],[-123.64503540285251,39.72410605307958],[-123.64503559469645,39.7241025194553],[-123.64503623415096,39.724099017363244],[-123.64503731505766,39.72409558053053],[-123.64503882700677,39.72409224205569],[-123.64504075543731,39.72408903409007],[-123.64504308177746,39.72408598752809],[-123.6450457836232,39.724083131709804],[-123.64504883495425,39.72408049413826],[-123.64508868802928,39.72404927381576],[-123.64514252918936,39.72394743509186],[-123.6451444549069,39.723944246917455],[-123.64514677398348,39.72394121890938],[-123.64514946432233,39.723938379919375],[-123.64515250028897,39.72393575699814],[-123.64533403306629,39.723793545883034],[-123.64544045878084,39.723792953958785],[-123.64544065463673,39.72379392533722],[-123.6454409122703,39.72379745646217],[-123.64544072044778,39.723800990087135],[-123.64544008101639,39.72380449218139],[-123.64543900013419,39.72380792901781],[-123.64543748821058,39.723811267497794],[-123.64543555980613,39.72381447546993],[-123.64543323349243,39.723817522039695],[-123.64543053167314,39.72382037786689],[-123.64542748036813,39.72382301544836],[-123.64522545757737,39.723981278461395],[-123.6451716165145,39.72408311722236]]]}},{"type":"Feature","properties":{"uid":"nhd-10680347-0","label":"South Fork Eel River","display_width_m":8.0,"flow_type":"Perennial","source_geometry":"NHD-guided lowest-cost 1 m LiDAR valley trace; inferred cartography, not surveyed channel banks","source_file":"USGS National Hydrography Dataset / MapServer layer 6; accessed 2026-09-16","location_note":"NHD-guided paths along low LiDAR channel terrain. Narrow ribbons are cartographic symbols, not measured banks or current water levels."},"geometry":{"type":"Polygon","coordinates":[[[-123.6445784284713,39.73440061858671],[-123.64418522660957,39.73410136887841],[-123.64418185645624,39.73409851321049],[-123.6441789015934,39.734095395413895],[-123.64417639597707,39.73409205131705],[-123.64415272240328,39.73405614260158],[-123.64415066032551,39.73405254039971],[-123.64414911965518,39.734048785978885],[-123.64414811879115,39.73404492417492],[-123.64414766968572,39.73404100110596],[-123.64413343999831,39.73371306958318],[-123.64393716402255,39.733563689509985],[-123.64371144658126,39.73356494197287],[-123.64370712305576,39.73356481111965],[-123.64370283380276,39.73356437172782],[-123.64369861567822,39.73356362757297],[-123.64369450492684,39.73356258504931],[-123.64369053687071,39.73356125311484],[-123.64360569324714,39.73352908582928],[-123.64312526815895,39.73351409149678],[-123.64312108066295,39.733513814587624],[-123.64311694240497,39.73351324798787],[-123.64311288693435,39.733512396291005],[-123.64310894712924,39.73351126640183],[-123.64310515493014,39.733509867480485],[-123.64310154108081,39.73350821086821],[-123.64307818159108,39.73349637319505],[-123.64236817902975,39.73350030612632],[-123.64226172588302,39.73354214075978],[-123.64225745374311,39.73354361638134],[-123.64225301169462,39.73354475428174],[-123.64224844439393,39.73354554302155],[-123.6422437977566,39.73354597467148],[-123.64207478171875,39.73355507009719],[-123.64190180185727,39.73369055209539],[-123.64189856307527,39.73369285994842],[-123.64189505681624,39.73369492167185],[-123.64189131433882,39.73369671888517],[-123.64188736900758,39.73369823556607],[-123.64188325599552,39.733699458193136],[-123.64187901197059,39.73370037586654],[-123.64178341587235,39.733717333483575],[-123.6417098403367,39.733758527023376],[-123.641705764685,39.733760567830366],[-123.64170143640048,39.73376227055218],[-123.64169690236021,39.73376361674768],[-123.64169221166968,39.733764591837],[-123.64168741513093,39.733765185259564],[-123.64147076617586,39.733783123173595],[-123.64142453501151,39.733819332005915],[-123.64142116298207,39.73382172582527],[-123.64141750329433,39.73382385293333],[-123.64141359119309,39.73382569284486],[-123.64140946435406,39.73382722784052],[-123.64140516252098,39.73382844313738],[-123.64140072712293,39.73382932703151],[-123.64139620087522,39.73382987101047],[-123.64139162736825,39.73383006983546],[-123.64134286227403,39.73383033939198],[-123.64127844443632,39.733852077452966],[-123.64112255437422,39.733974171649514],[-123.64111931555267,39.733976479481036],[-123.64111580925568,39.73397854118114],[-123.64111206674235,39.733980338369555],[-123.64110812137744,39.73398185502417],[-123.64110400833435,39.73398307762383],[-123.64109976428128,39.73398399526896],[-123.64100546594638,39.734000721946124],[-123.64095586378744,39.73403181120829],[-123.64095223938484,39.734033867400356],[-123.64094837549965,39.734035644730966],[-123.64094430800469,39.734037126699135],[-123.64094007466326,39.734038299546015],[-123.64093571477832,39.73403915238271],[-123.64093126882771,39.734039677291356],[-123.64092677808831,39.73403986939862],[-123.64088723232537,39.73404008783743],[-123.64059937494798,39.734256867191554],[-123.64059623156284,39.73425902962315],[-123.64059284860689,39.73426096458633],[-123.6405892536008,39.73426265634005],[-123.64058547579023,39.73426409112172],[-123.64050404102868,39.73429157080181],[-123.64049926057562,39.73429294892141],[-123.64049431385583,39.73429391592762],[-123.6404892599856,39.73429446026418],[-123.64035380027724,39.73430325781005],[-123.6402149348626,39.7344036531653],[-123.64021151085949,39.73440589984255],[-123.64020782292783,39.73440788192258],[-123.64020390524314,39.73440958103777],[-123.64019979411015,39.73441098144259],[-123.64019552762613,39.73441207015971],[-123.64019114532803,39.73441283710013],[-123.64018668782603,39.73441327515667],[-123.64004076030962,39.73442213240062],[-123.64001822663104,39.734439780343514],[-123.64001485452222,39.73444217412244],[-123.64001119475782,39.73444430118658],[-123.64000728258345,39.73444614105115],[-123.64000315567549,39.73444767599723],[-123.63999885377837,39.73444889124238],[-123.63999441832173,39.73444977508318],[-123.63998989202157,39.73445031900769],[-123.63998531846865,39.73445051777764],[-123.63974792867275,39.73445182692341],[-123.63957612527642,39.734586378758046],[-123.63957275314498,39.734588772524255],[-123.63956909335904,39.73459089957459],[-123.63956518116443,39.73459273942439],[-123.63956105423769,39.734594274354855],[-123.63955675232341,39.734595489583754],[-123.63955231685152,39.734596373407754],[-123.63954779053802,39.73459691731514],[-123.63954321697388,39.734597116067754],[-123.6388157158998,39.734601123753436],[-123.63880611756832,39.73460864075821],[-123.63880274540875,39.73461103450227],[-123.63879908559758,39.734613161528536],[-123.63879517338077,39.73461500135257],[-123.63879104643523,39.73461653625581],[-123.63878674450562,39.7346177514563],[-123.63878230902202,39.734618635250975],[-123.6387777827006,39.734619179128394],[-123.63877320913234,39.7346193778507],[-123.63864216665182,39.734620099210034],[-123.63856944113233,39.7346430245781],[-123.63799198449665,39.734646201223306],[-123.63799178871264,39.7346452298335],[-123.63799153141225,39.734641698695675],[-123.63799172363933,39.73463816508609],[-123.63799236354254,39.73463466303531],[-123.63799344495922,39.73463122627002],[-123.63799495747466,39.73462788788808],[-123.63799688652247,39.73462468003999],[-123.63799921352481,39.73462163361901],[-123.63800191607133,39.734618777963824],[-123.63800496813504,39.734616140575945],[-123.63802814076894,39.734597993077855],[-123.63803151295504,39.73459559935606],[-123.63803517278932,39.73459347235381],[-123.63803908502551,39.73459163255523],[-123.63804321198668,39.73459009767856],[-123.638047513928,39.734588882505534],[-123.63805194941949,39.73458799873887],[-123.63805647574499,39.73458745488971],[-123.63806104931356,39.73458725619566],[-123.63850716292424,39.734584802069286],[-123.63861520116671,39.7345507450393],[-123.63861938566203,39.73454960194795],[-123.63862369186124,39.7345487708901],[-123.63862808082666,39.734548259380354],[-123.63863251287223,39.734548072043935],[-123.6387532100982,39.73454740764869],[-123.63876280842706,39.73453989064823],[-123.6387661805846,39.73453749690531],[-123.63876984039281,39.734535369880085],[-123.6387737526058,39.734533530056915],[-123.63877787954682,39.7345319951543],[-123.63878218147124,39.73453077995417],[-123.63878661694922,39.73452989615953],[-123.63879114326473,39.73452935228182],[-123.63879571682692,39.73452915355885],[-123.63952321714463,39.73452514600491],[-123.63969502049429,39.73439059424758],[-123.63969839261183,39.73438820047786],[-123.63970205238303,39.7343860734235],[-123.63970596456234,39.73438423356916],[-123.63971009147325,39.7343826986336],[-123.63971439337149,39.73438148339912],[-123.63971882882745,39.73438059956902],[-123.63972335512534,39.73438005565508],[-123.63972792867447,39.734379856895494],[-123.63996531822359,39.73437854779272],[-123.63998650241155,39.734361956750234],[-123.63999001241521,39.734359474662064],[-123.63999383155146,39.734357281450606],[-123.63999792011037,39.73435539992001],[-123.64000223558068,39.734353849633685],[-123.64000673309187,39.73435264671094],[-123.64001136588048,39.73435180365924],[-123.64001608577672,39.73435132924432],[-123.64016306508145,39.73434240818362],[-123.6403018260251,39.734242088386075],[-123.64030522115628,39.734239858880834],[-123.64030887622016,39.73423788954671],[-123.64031275789227,39.73423619833879],[-123.64031683078213,39.73423480067635],[-123.64032105775581,39.73423370930235],[-123.64032540027465,39.734232934167224],[-123.64032981874645,39.73423248233809],[-123.64047373525544,39.73422313557432],[-123.64054028616941,39.73420067836554],[-123.64083550618122,39.73397835445289],[-123.64083884913543,39.733976067408975],[-123.64084245990074,39.733974037523126],[-123.64084630541669,39.733972283381156],[-123.6408503504733,39.73397082104421],[-123.64085455803365,39.73396966390153],[-123.6408588895729,39.73396882254807],[-123.64086330543108,39.733968304687316],[-123.64086776517613,39.733968115060875],[-123.64090973781205,39.733967883223485],[-123.64095503794275,39.733939490359475],[-123.6409584612785,39.733937537677726],[-123.64096210075107,39.733935833866084],[-123.64096592610078,39.73393439309058],[-123.64096990552252,39.733933227330205],[-123.64097400593023,39.73393234627743],[-123.64106561427542,39.73391609676356],[-123.64121827264081,39.73379653371356],[-123.64122153547733,39.7337942103252],[-123.64122506938617,39.73379213671907],[-123.6412288424129,39.73379033164519],[-123.64123282044085,39.733788811425455],[-123.64131425431407,39.73376133123929],[-123.64131867203214,39.73376004178289],[-123.64132323589628,39.73375910359257],[-123.64132789918476,39.73375852627288],[-123.641332614158,39.733758315734015],[-123.64137162584731,39.733758100096146],[-123.6414159809473,39.73372336063278],[-123.64141934531779,39.7337209717359],[-123.64142299617083,39.73371884834555],[-123.64142689849933,39.73371701082237],[-123.64143101488482,39.73371547678588],[-123.6414353058563,39.7337142609456],[-123.6414397302688,39.733713374959855],[-123.64144424569776,39.73371282732419],[-123.64166510077233,39.7336945411855],[-123.64173630318267,39.73365467632014],[-123.64174022854257,39.73365270274455],[-123.64174439032789,39.733651042862654],[-123.64174874662652,39.73364971339066],[-123.64175325356736,39.73364872771726],[-123.64184486134472,39.73363247759244],[-123.64202068892963,39.73349476524236],[-123.64202424453204,39.73349225396647],[-123.6420281165213,39.733490039102094],[-123.64203226363034,39.733488144254885],[-123.64203664165994,39.73348658961984],[-123.64204120394976,39.733485391765946],[-123.64204590187568,39.73348456345978],[-123.64205068536793,39.73348411352928],[-123.64222783863639,39.73347458022913],[-123.64233565275123,39.7334322107516],[-123.64233959566357,39.73343083497561],[-123.64234368662916,39.733429746998894],[-123.64234789049601,39.733428956170016],[-123.642352171142,39.73342846928423],[-123.64235649178528,39.733428290525175],[-123.64309164487733,39.73342421827371],[-123.64309621347002,39.7334243658801],[-123.64310074143168,39.73342485790778],[-123.64310518531022,39.73342568963504],[-123.64310950246049,39.73342685308031],[-123.64311365145343,39.73342833707873],[-123.64311759247366,39.73343012738926],[-123.64314195840878,39.73344247508971],[-123.64361930956017,39.733457373440444],[-123.6436241418851,39.73345771919347],[-123.64362890159124,39.73345845046067],[-123.64363353722811,39.73345955933737],[-123.6436379986864,39.733461033837045],[-123.64372179554138,39.733492804258965],[-123.64395582794421,39.73349150562941],[-123.64396040464676,39.733491653772084],[-123.64396494049996,39.7334921475563],[-123.64396939182112,39.733492982226686],[-123.64397371574168,39.73349414974487],[-123.64397787061989,39.7334956388671],[-123.64398181644216,39.73349743525229],[-123.643985515208,39.733499521600294],[-123.64398893129638,39.73350187781847],[-123.6442122364504,39.73367182891504],[-123.64421523854956,39.733674341354224],[-123.64421791883676,39.73367706209842],[-123.6442202531984,39.73367996667017],[-123.6442222206332,39.7336830289382],[-123.64422380344081,39.7336862213525],[-123.64422498738135,39.733689515192175],[-123.64422576180326,39.73369288082384],[-123.6442261197393,39.73369628796823],[-123.64424062598603,39.734030582668346],[-123.64425615806972,39.73405414210855],[-123.64465036737855,39.73435415827456],[-123.64465337673599,39.73435667734544],[-123.6446560625819,39.734359405719154],[-123.64465840063026,39.73436231872506],[-123.64466036973984,39.73436539002308],[-123.64469596452915,39.734428262501034],[-123.64469758964516,39.73443156544229],[-123.6446987880442,39.734434975376445],[-123.6446995482076,39.7344384595285],[-123.6447243963279,39.734600502098544],[-123.6447247110402,39.73460403046002],[-123.64472457630124,39.73460756565128],[-123.644724340061,39.73460898739668],[-123.64463180151043,39.73460950156017],[-123.6446316870616,39.734608977146166],[-123.64460765240669,39.73445223808546],[-123.6445784284713,39.73440061858671]]]}},{"type":"Feature","properties":{"uid":"nhd-10680347-1","label":"South Fork Eel River","display_width_m":8.0,"flow_type":"Perennial","source_geometry":"NHD-guided lowest-cost 1 m LiDAR valley trace; inferred cartography, not surveyed channel banks","source_file":"USGS National Hydrography Dataset / MapServer layer 6; accessed 2026-09-16","location_note":"NHD-guided paths along low LiDAR channel terrain. Narrow ribbons are cartographic symbols, not measured banks or current water levels."},"geometry":{"type":"Polygon","coordinates":[[[-123.63713866534326,39.73458331486903],[-123.63706907548884,39.73458369698388],[-123.63706450682903,39.734583549140865],[-123.63705997883112,39.734583056878115],[-123.63705553494762,39.7345822249196],[-123.63705121782388,39.734581061249166],[-123.63704706888883,39.73457957703383],[-123.63704312795736,39.73457778651679],[-123.63694942190754,39.734530293668165],[-123.63680018446586,39.73453111282963],[-123.63679560770585,39.73453096440515],[-123.63679107183181,39.734530470341035],[-123.63678662052673,39.734529635395376],[-123.63678229665913,39.73452846760918],[-123.6367781418703,39.73452697822889],[-123.63677419617316,39.734525181598066],[-123.63677049756699,39.73452309501928],[-123.63676708167137,39.73452073858743],[-123.63671972599361,39.73448469211447],[-123.63664219458575,39.734477641285466],[-123.63663784763554,39.734477084276875],[-123.63663358808607,39.73447621328042],[-123.63662945389558,39.73447503605783],[-123.63662548190506,39.73447356309967],[-123.63662170751013,39.734471807531946],[-123.63661816434558,39.73446978499904],[-123.63661488398557,39.734467513524365],[-123.63656437954937,39.73442907009742],[-123.63642345276335,39.73439643553565],[-123.6364191692871,39.7343952653462],[-123.63641505346837,39.734393779155866],[-123.63641114430607,39.73439199104682],[-123.63640747884081,39.73438991796206],[-123.63640409180417,39.73438757954477],[-123.63629196549618,39.73430222962658],[-123.63623839125485,39.73428191369001],[-123.63619106392406,39.7342821731992],[-123.63618648718162,39.734282024750556],[-123.63618195132804,39.73428153066242],[-123.63617750004612,39.73428069569318],[-123.63617317620418,39.73427952788405],[-123.63616902144328,39.734278038481634],[-123.63616507577608,39.73427624182979],[-123.63616137720153,39.734274155231226],[-123.63615796133892,39.734271798781066],[-123.63604964831406,39.734189350921135],[-123.63602094953123,39.73418397832441],[-123.6360202907399,39.73411223208134],[-123.63602381119067,39.73411194361674],[-123.63602839183034,39.73411191688647],[-123.63603295380182,39.73411223693447],[-123.63603745317087,39.734112900678504],[-123.6360842128195,39.734121654383884],[-123.63608824859838,39.73412256022692],[-123.63609216248274,39.73412374267255],[-123.63609592274237,39.73412519213455],[-123.63609949889243,39.734126896862016],[-123.63610286194077,39.73412884303455],[-123.63610598462274,39.73413101487433],[-123.63620973615525,39.73420999050249],[-123.6362487481391,39.73420977658395],[-123.6362530716946,39.73420990771474],[-123.636257360944,39.73421034738185],[-123.63626157903155,39.73421109180736],[-123.63626568971286,39.73421213459474],[-123.6362696576666,39.73421346678376],[-123.63633992144402,39.73424011157084],[-123.63634428808163,39.7342419981485],[-123.63634836806095,39.73424423477768],[-123.63635211449653,39.734246795756036],[-123.63646137889373,39.73432996716495],[-123.63660230556084,39.73436260168205],[-123.63660658903805,39.73436377186474],[-123.63661070485901,39.73436525804828],[-123.6366146140249,39.73436704615058],[-123.63661827949507,39.73436911922876],[-123.63662166653798,39.734371457639746],[-123.63666902208644,39.7344075041545],[-123.63674655341786,39.734414554966314],[-123.63675090036497,39.73441511197086],[-123.63675515991204,39.73441598296304],[-123.63675929410108,39.73441716018118],[-123.63676326609112,39.734418633134794],[-123.63676704048666,39.73442038869792],[-123.636770583653,39.734422411226284],[-123.63677386401588,39.734424682696535],[-123.63681885612205,39.73445893004286],[-123.63696289180366,39.734458139414265],[-123.63696746045497,39.73445828726137],[-123.63697198844409,39.73445877952782],[-123.63697643231865,39.73445961148962],[-123.63698074943352,39.73446077516293],[-123.63698489835998,39.73446225938073],[-123.63698883928333,39.73446404989986],[-123.63708254526924,39.73451154271773],[-123.63715009761033,39.73451117178373],[-123.63715482518721,39.734511331017735],[-123.63715950758514,39.73451185898616],[-123.6371640966825,39.73451275026298],[-123.63716854531657,39.734513995688445],[-123.63717280776815,39.73451558246315],[-123.63737421102361,39.73460052912373],[-123.63758522745287,39.73460794175122],[-123.63758978778907,39.73460827566177],[-123.63759428377054,39.734608953075345],[-123.63759867209865,39.73460996746808],[-123.63760291051143,39.73461130907085],[-123.63760695819066,39.734612964963304],[-123.6376107761551,39.73461491919828],[-123.63761432763563,39.73461715295547],[-123.6376175784296,39.73461964472263],[-123.63762049723006,39.73462237050265],[-123.63762305592736,39.73462530404485],[-123.63762522987984,39.73462841709762],[-123.6376269981511,39.73463167968057],[-123.63762834371165,39.73463506037329],[-123.63762925360304,39.73463852661784],[-123.63762971906233,39.73464204503246],[-123.6376297356069,39.73464558173281],[-123.63762941466655,39.734648194287224],[-123.63729682268244,39.7346500215656],[-123.63713866534326,39.73458331486903]]]}},{"type":"Feature","properties":{"uid":"nhd-12700785-0","label":"South Fork Eel River","display_width_m":8.0,"flow_type":"Perennial","source_geometry":"NHD-guided lowest-cost 1 m LiDAR valley trace; inferred cartography, not surveyed channel banks","source_file":"USGS National Hydrography Dataset / MapServer layer 6; accessed 2026-09-16","location_note":"NHD-guided paths along low LiDAR channel terrain. Narrow ribbons are cartographic symbols, not measured banks or current water levels."},"geometry":{"type":"Polygon","coordinates":[[[-123.64512888668294,39.724145106143624],[-123.64512824723278,39.724148608236106],[-123.64512716632979,39.72415204506961],[-123.6451256543837,39.724155383545536],[-123.64512372595532,39.724158591512506],[-123.64512139961639,39.72416163807605],[-123.64511869777077,39.72416449389606],[-123.6451156464387,39.7241671314694],[-123.6450552195255,39.72421446897117],[-123.64503560054399,39.72427697393626],[-123.64503442781995,39.72428008998331],[-123.64503289688025,39.72428311194784],[-123.64503102013639,39.724286015330435],[-123.64502881280328,39.724288776593056],[-123.64502629277598,39.72429137334982],[-123.6450234804846,39.72429378454857],[-123.64466671365746,39.72457326764432],[-123.64449534687229,39.72475237155245],[-123.64449104740436,39.72475625558258],[-123.64423819012686,39.724954334951825],[-123.64423914039448,39.725056531989544],[-123.64423897409065,39.72505984137825],[-123.6442384150598,39.725063125007566],[-123.64423746802282,39.72506635514745],[-123.64423614097736,39.725069504519546],[-123.64423444513015,39.725072546527585],[-123.64423239480254,39.72507545548196],[-123.64423000730937,39.725078206816704],[-123.64416991614459,39.72514101010477],[-123.64417344146135,39.725520177369994],[-123.64433707895579,39.725653032247344],[-123.6443399528452,39.7256555970823],[-123.64434250176238,39.725658359172826],[-123.64434470313267,39.72566129405638],[-123.64434653745954,39.725664375740095],[-123.64434798849724,39.72566757693095],[-123.64434904339454,39.725670869277536],[-123.64434969280862,39.72567422362106],[-123.64434993098789,39.72567761025372],[-123.6443503786967,39.72572574977353],[-123.64454813976275,39.725876276388945],[-123.6445513543201,39.725878986239486],[-123.64455419478115,39.725881934782066],[-123.64455663161185,39.725885091358855],[-123.64455863947485,39.725888423149],[-123.64456019749319,39.72589189550986],[-123.64456128946708,39.725895472337115],[-123.64456190404253,39.725899116440324],[-123.64457338019548,39.72601178334532],[-123.64463149104195,39.726056014339534],[-123.64463468211333,39.7260587022468],[-123.64463750509509,39.72606162539147],[-123.64463993108735,39.72606475384836],[-123.64464193525444,39.726068055590396],[-123.64466206841101,39.72610612554884],[-123.64485502498408,39.72625299335689],[-123.644858125199,39.726255596736216],[-123.64486088001676,39.7262584222245],[-123.64486326290702,39.72626144261073],[-123.64486525092119,39.726264628807],[-123.64486682491352,39.7262679501285],[-123.64486796972562,39.72627137458909],[-123.64486867433223,39.72627486920939],[-123.64486893194754,39.72627840033429],[-123.64486999418637,39.72639252170546],[-123.64496658800147,39.72649049470007],[-123.64496895935113,39.72649313655564],[-123.64497101641462,39.72649593105951],[-123.64497274282779,39.726498855981056],[-123.64497412485669,39.72650188805218],[-123.6449751515071,39.7265050031524],[-123.6450235008241,39.72668493534715],[-123.64502421276299,39.726688448137864],[-123.64502447296165,39.726691998005876],[-123.645025144021,39.72676407465417],[-123.64511112138187,39.72688642586643],[-123.64536527922951,39.72708866342607],[-123.64536845944329,39.72709147115021],[-123.64537124677533,39.7270945176581],[-123.64537361136662,39.727097770314266],[-123.64537552788653,39.72710119427488],[-123.64537697580451,39.72710475286108],[-123.6453779396097,39.7271084079518],[-123.64538788422203,39.72715953031149],[-123.64592322141085,39.72756698379671],[-123.64606782777746,39.72761754538695],[-123.64607150005692,39.72761898334328],[-123.64607499391617,39.727620665612484],[-123.64607828216401,39.727622579102196],[-123.64608133920933,39.72762470892053],[-123.64621961395687,39.72772995032792],[-123.64628631811574,39.72776618226361],[-123.64634136998812,39.72776587562431],[-123.6463456937994,39.7277660064254],[-123.64634998333676,39.72776644585768],[-123.64635420173093,39.72776719014418],[-123.64635831272415,39.727768232887584],[-123.64636228098169,39.7277695651254],[-123.6463660723958,39.72777117540679],[-123.64636965437856,39.72777304989113],[-123.64637299614228,39.72777517246691],[-123.64650046726571,39.72786409980048],[-123.64657565756545,39.72786368084447],[-123.64658044372621,39.72786384403378],[-123.646585183004,39.727864385202146],[-123.64658982546597,39.7278652986478],[-123.64659432219939,39.72786657474677],[-123.64659862582681,39.727868200054104],[-123.64660269100544,39.72787015744564],[-123.64660647490463,39.72787242629838],[-123.6466871279886,39.72792612996223],[-123.64673960038522,39.72792583750967],[-123.64674417672276,39.727925985545845],[-123.64674871222783,39.72792647922475],[-123.6467531632211,39.72792731379198],[-123.64675748683715,39.7279284812102],[-123.64676164143724,39.72792997023658],[-123.64676558701032,39.727931766530965],[-123.64676928555843,39.72793385279411],[-123.64677270146255,39.727936208934175],[-123.64680784494536,39.7279629562735],[-123.64690802100797,39.72797012774873],[-123.64691226259764,39.72797058375071],[-123.64691643219973,39.7279713380244],[-123.64692049471141,39.72797238421976],[-123.64692441593134,39.727973713529096],[-123.64692816284762,39.72797531476127],[-123.64701052681455,39.72801442758233],[-123.64709048663376,39.72801398169732],[-123.64709478644095,39.7280141108851],[-123.64709905256206,39.72801454529193],[-123.64710324873606,39.728015281225474],[-123.64710733929651,39.72801631243048],[-123.64711128947464,39.728017630141935],[-123.64711506569488,39.72801922315963],[-123.64711863586021,39.728021077943275],[-123.64712196962513,39.72802317872769],[-123.64723967743328,39.72810461363116],[-123.6473410900706,39.728111873233225],[-123.6473455178554,39.72811235631026],[-123.64734986544246,39.728113164355534],[-123.64735409292393,39.72811428995174],[-123.64735816149458,39.728115722766695],[-123.64736203380774,39.72811744964819],[-123.64736567431831,39.728119454744636],[-123.64741149393059,39.728147341754216],[-123.64750013574069,39.72814684714527],[-123.64750471209413,39.72814699515132],[-123.6475092476188,39.7281474888003],[-123.64751369863518,39.72814832333815],[-123.64751802227762,39.728149490727766],[-123.64752217690713,39.72815097972662],[-123.6475261225124,39.728152775994815],[-123.64752982109512,39.728154862233346],[-123.64753323703596,39.72815721835062],[-123.64755472546358,39.72817357264093],[-123.64757039755267,39.72817348517842],[-123.64757497390798,39.728173633181676],[-123.6475795094349,39.72817412682791],[-123.6475839604538,39.728174961363024],[-123.64758828409907,39.72817612875001],[-123.64759243873168,39.72817761774631],[-123.64759638434029,39.72817941401209],[-123.64760008292654,39.728181500248326],[-123.64760349887108,39.72818385636349],[-123.64768643803416,39.72824697904022],[-123.64775278260485,39.728253919789466],[-123.64775738329503,39.728254583954964],[-123.64776187470225,39.7282556005647],[-123.64776621166176,39.72825695939582],[-123.64777035056186,39.72825864678416],[-123.64777424978257,39.728260645761694],[-123.6478150834002,39.72828393881876],[-123.64798332539846,39.72832620016402],[-123.64798737320933,39.72832737976845],[-123.64799126216651,39.72832884371704],[-123.6479949588538,39.72833057943063],[-123.64799843150696,39.72833257199495],[-123.64800165028696,39.72833480428872],[-123.64863628968753,39.728817800690486],[-123.64863939016038,39.72882040396545],[-123.64864214523573,39.728823229360536],[-123.64864452838064,39.72882624966564],[-123.64864651664412,39.72882943579361],[-123.64864809087805,39.7288327570603],[-123.64864923592168,39.72883618148011],[-123.64864994074753,39.728839676074045],[-123.64865019856768,39.72884320718724],[-123.64865804442375,39.72968109723268],[-123.64865785275386,39.72968463085812],[-123.64865721343557,39.72968813296561],[-123.64865613262582,39.729691569827935],[-123.6486546207334,39.729694908346225],[-123.64865269231852,39.72969811636868],[-123.64865036595292,39.729701163000314],[-123.64864766404062,39.729704018900364],[-123.64864461260257,39.72970665656491],[-123.64859827621972,39.72974295574908],[-123.64859490463955,39.72974534977462],[-123.64859124539075,39.72974747710655],[-123.64858733371395,39.72974931725751],[-123.64858320728075,39.72975085250577],[-123.648578905831,39.72975206806607],[-123.64857447079005,39.72975295223185],[-123.64856994486986,39.72975349648811],[-123.64856537165758,39.72975369559337],[-123.64856079519576,39.729753547630104],[-123.64855625955833,39.7297530540233],[-123.64855180842608,39.72975221952668],[-123.6485474846658,39.729751052176894],[-123.6485433299178,39.729749563216174],[-123.6485393841946,39.72974776698406],[-123.64853568549569,39.72974568077926],[-123.6485322694416,39.729743324693096],[-123.64852916893079,39.729740721416],[-123.64852641382292,39.72973789601895],[-123.64852403065109,39.72973487571211],[-123.64852204236657,39.72973168958274],[-123.64852046811757,39.729728368314966],[-123.64851932306489,39.72972494389448],[-123.648518618236,39.72972144930029],[-123.64851836041869,39.72971791818733],[-123.64851855209581,39.72971438456207],[-123.64851919142137,39.729710882455294],[-123.64852027223823,39.7297074455942],[-123.64852178413749,39.729704107077616],[-123.64852371255863,39.72970089905727],[-123.64852603892987,39.729697852428124],[-123.64852874084696,39.72969499653088],[-123.64853179228898,39.729692358869336],[-123.6485645570658,39.729666691490486],[-123.64855699186094,39.72885865651955],[-123.64794396869493,39.728392110920865],[-123.64777900169545,39.72835067221748],[-123.64777433355093,39.728349281847265],[-123.64776988498451,39.728347513622765],[-123.64776570711732,39.72834538786367],[-123.6477283992352,39.728324106017205],[-123.64765848690516,39.72831679201288],[-123.64765426751687,39.72831619702737],[-123.64765013668567,39.72831530547267],[-123.6476461292962,39.72831412487796],[-123.6476422791907,39.728312665213274],[-123.64763861888314,39.728310938805436],[-123.64763517928459,39.72830896023386],[-123.64763198944229,39.7283067462075],[-123.64755173878586,39.72824566966109],[-123.64753606668033,39.72824575712121],[-123.64753149032029,39.728245609116456],[-123.64752695478899,39.72824511546839],[-123.64752250376621,39.728244280931136],[-123.64751818011774,39.72824311354174],[-123.64751402548272,39.72824162454283],[-123.64751007987266,39.7282398282743],[-123.64750638128592,39.72823774203518],[-123.64750296534197,39.72823538591719],[-123.64748147690703,39.72821903161754],[-123.64739579557767,39.728219509694995],[-123.64739130211169,39.72821936746447],[-123.64738684723699,39.7282188919696],[-123.64738247231331,39.72821808762495],[-123.64737821795808,39.7282169618982],[-123.64737412366942,39.72821552524074],[-123.64737022745935,39.72821379099076],[-123.64736656550087,39.728211775249264],[-123.64731872798319,39.72818266008703],[-123.64721570584216,39.72817528525682],[-123.64721149279612,39.72817483336807],[-123.64720735052724,39.72817408720144],[-123.64720331343746,39.72817305295394],[-123.64719941505513,39.728171739215085],[-123.64719568775665,39.72817015689558],[-123.64719216249763,39.728168319136735],[-123.64718886855559,39.72816624120131],[-123.64707311588411,39.7280861589235],[-123.64699781441678,39.72808657882232],[-123.64699347400739,39.728086446946044],[-123.64698916827653,39.72808600407221],[-123.64698493451768,39.72808525403671],[-123.64698080940082,39.728084203335854],[-123.64697682865504,39.7280828610701],[-123.6469730267589,39.72808123886532],[-123.64688854700768,39.728041121306475],[-123.64678263663096,39.72803353930733],[-123.64677811185938,39.72803304185513],[-123.64677367179577,39.72803220507695],[-123.6467693590149,39.72803103699645],[-123.64676521487105,39.72802954881412],[-123.6467612791014,39.72802775479978],[-123.64675758944517,39.72802567215581],[-123.64675418128155,39.72802332085222],[-123.6467209408106,39.727998021868785],[-123.64667026425097,39.72799830430471],[-123.6466654780807,39.72799814111918],[-123.64666073879313,39.7279975999542],[-123.6466560963213,39.72799668651148],[-123.64665159957825,39.72799541041501],[-123.64664729594165,39.72799378510976],[-123.64664323075449,39.727991827719904],[-123.64663944684749,39.72798955886848],[-123.64655879372533,39.72793585517242],[-123.64648298500082,39.72793627756327],[-123.64647866117865,39.7279361467674],[-123.64647437162998,39.72793570733998],[-123.64647015322424,39.727934963057976],[-123.64646604221942,39.727933920318655],[-123.64646207395039,39.727932588084514],[-123.64645828252519,39.727930977806395],[-123.64645470053179,39.72792910332494],[-123.64645135875807,39.72792698075164],[-123.64632388757987,39.72783805336557],[-123.64627203359079,39.72783834218569],[-123.6462672156115,39.72783817662207],[-123.64626244548363,39.72783762804999],[-123.6462577741373,39.727836702326485],[-123.64625325144787,39.72783540933541],[-123.64624892570353,39.72783376288182],[-123.6462448430897,39.727831780544726],[-123.6461627459224,39.727787187522836],[-123.64615968878049,39.7277853768238],[-123.64615683547498,39.72778337759102],[-123.6460217380782,39.727680554420196],[-123.64587713161188,39.72762999277394],[-123.64587345933582,39.72762855481144],[-123.64586996548098,39.727626872536135],[-123.64586667723862,39.72762495904047],[-123.64586362019983,39.72762282921643],[-123.64531127475753,39.727202430154975],[-123.6453083617377,39.72719999931136],[-123.64530575001544,39.727197372244134],[-123.64530346164653,39.72719457113874],[-123.64530151595613,39.727191619650355],[-123.64529992937544,39.72718854270414],[-123.64529871530301,39.72718536628478],[-123.64529788399156,39.72718211721693],[-123.64528785417939,39.72713055653395],[-123.6450396629263,39.72693306649334],[-123.64503684563438,39.726930610241226],[-123.6450343293281,39.72692796631713],[-123.64503213486434,39.7269251566359],[-123.64493753285832,39.72679053177578],[-123.64493555193233,39.72678735026263],[-123.64493398361579,39.72678403436123],[-123.64493284295608,39.726780615886476],[-123.64493214089732,39.72677712763743],[-123.64493188417558,39.72677360308263],[-123.64493116256244,39.726696085349246],[-123.64488590315857,39.726527651463165],[-123.64478629833327,39.72642662432799],[-123.64478385985365,39.72642389979928],[-123.64478175557892,39.72642101392196],[-123.6447800032795,39.72641799106708],[-123.64477861775347,39.72641485676253],[-123.64477761070144,39.72641163747732],[-123.64477699062788,39.72640836039814],[-123.64477676276917,39.72640505319976],[-123.64477572781088,39.72629384661494],[-123.64458971672812,39.72615226517993],[-123.64458652565412,39.726149577271485],[-123.64458370267086,39.726146654125614],[-123.6445812766782,39.72614352566761],[-123.64457927251176,39.72614022392457],[-123.64455913939048,39.726102153951686],[-123.64449545190591,39.726053678257266],[-123.64449223734248,39.72605096840532],[-123.644489396877,39.72604801986135],[-123.64448696004351,39.72604486328325],[-123.64448495217928,39.72604153149196],[-123.64448339416124,39.72603805913019],[-123.64448230218903,39.72603448230226],[-123.64448168761649,39.7260308381987],[-123.64447021160959,39.725918171283745],[-123.64427108182187,39.72576660268793],[-123.64426798165115,39.725763999292326],[-123.64426522687748,39.725761173789365],[-123.64426284403082,39.725758153390224],[-123.64426085605926,39.725754967183],[-123.64425928210801,39.72575164585262],[-123.64425813733504,39.72574822138539],[-123.64425743276506,39.725744726760766],[-123.64425717518338,39.72574119563391],[-123.64425672125051,39.72569237981491],[-123.64409308381497,39.72555952482466],[-123.64409020993868,39.725556959983415],[-123.64408766103536,39.725554197887185],[-123.6440854596794,39.72555126299859],[-123.6440836253672,39.725548181310565],[-123.64408217434432,39.72554498011621],[-123.64408111946173,39.72554168776701],[-123.64408047006204,39.72553833342179],[-123.64408023189655,39.725534946788386],[-123.6440764629375,39.72512951546542],[-123.64407662924926,39.725126206076936],[-123.64407718828828,39.72512292244835],[-123.64407813533356,39.72511969230975],[-123.6440794623872,39.725116542939396],[-123.64408115824232,39.72511350093359],[-123.64408320857743,39.72511059198183],[-123.64408559607759,39.72510784065006],[-123.64414568729124,39.725045037404875],[-123.64414471006366,39.72493992557568],[-123.64414490195497,39.724936391952944],[-123.64414554146195,39.724932889865855],[-123.64414662242562,39.72492945304143],[-123.64414813443572,39.72492611457815],[-123.64415006293068,39.724922906627235],[-123.644152389338,39.724919860082956],[-123.6441550912531,39.72491700428522],[-123.64415814265503,39.72491436673686],[-123.6444222428455,39.72470748028296],[-123.64459360971202,39.724528376480684],[-123.64459790916011,39.724524492446754],[-123.6449479294697,39.7242502946815],[-123.6449675485236,39.724187789730316],[-123.64496872124916,39.72418467368387],[-123.64497025218954,39.724181651720144],[-123.64497212893318,39.72417874833849],[-123.64497433626512,39.724175987076904],[-123.64497685629026,39.724173390321226],[-123.64497966857843,39.724170979123606],[-123.64503559938628,39.724127163850596],[-123.64503540285251,39.72410605307958],[-123.64503559469645,39.7241025194553],[-123.64503623415096,39.724099017363244],[-123.64503731505766,39.72409558053053],[-123.64503882700677,39.72409224205569],[-123.64504075543731,39.72408903409007],[-123.64504308177746,39.72408598752809],[-123.6450457836232,39.724083131709804],[-123.64504883495425,39.72408049413826],[-123.64505220638469,39.724078100214705],[-123.64505586544573,39.72407597299391],[-123.64505977689868,39.72407413296211],[-123.64506390307412,39.724072597839815],[-123.64506820423478,39.72407138241112],[-123.64507263895814,39.724070498381174],[-123.64507716453551,39.72406995426369],[-123.64508173738314,39.7240697552988],[-123.64508631346206,39.72406990340266],[-123.64509084870224,39.72407039714894],[-123.64509529942684,39.7240712317826],[-123.64509962277309,39.724072399265644],[-123.64510377710482,39.724073888354646],[-123.64510772241357,39.72407568470886],[-123.64511142070393,39.72407777102839],[-123.64511483635933,39.72408012722092],[-123.64511793648516,39.72408273059505],[-123.64512069122553,39.72408555607887],[-123.64512307405074,39.72408857646145],[-123.64512506201285,39.724091762654886],[-123.64512663596668,39.72409508397442],[-123.64512778075411,39.72409850843393],[-123.6451284853502,39.72410200305404],[-123.64512874296916,39.72410553417962],[-123.64512907852216,39.72414157251923],[-123.64512888668294,39.724145106143624]]]}},{"type":"Feature","properties":{"uid":"nhd-15170706-0","label":"Unnamed mapped stream","display_width_m":2.0,"flow_type":"Ephemeral","source_geometry":"NHD-guided lowest-cost 1 m LiDAR valley trace; inferred cartography, not surveyed channel banks","source_file":"USGS National Hydrography Dataset / MapServer layer 6; accessed 2026-09-16","location_note":"NHD-guided paths along low LiDAR channel terrain. Narrow ribbons are cartographic symbols, not measured banks or current water levels."},"geometry":{"type":"Polygon","coordinates":[[[-123.64474889436792,39.724179549723004],[-123.64486629791745,39.72417457856646],[-123.64486734956105,39.72417457069194],[-123.64486839784992,39.724174635972055],[-123.64486943426716,39.72417477387645],[-123.64501182881058,39.72419886849492],[-123.64501293392254,39.72419909990468],[-123.64501400433835,39.724199413844254],[-123.64501502974936,39.72419980729019],[-123.64501600028031,39.72420027645342],[-123.6450169065844,39.72420081681564],[-123.64501773993351,39.724201423172865],[-123.64501849230199,39.724202089685555],[-123.64501915644409,39.72420280993482],[-123.6450197259638,39.724203576984294],[-123.64502019537636,39.724204383446825],[-123.64502056016097,39.72420522155578],[-123.64502081680463,39.72420608323967],[-123.6450209628357,39.72420696020005],[-123.64502099684782,39.7242078439913],[-123.64502091851342,39.72420872610203],[-123.64502072858691,39.72420959803702],[-123.64502042889734,39.72421045139907],[-123.64502002233095,39.72421127796982],[-123.64501951280315,39.72421206978897],[-123.64501890522097,39.72421281923084],[-123.64501820543578,39.72421351907789],[-123.64501742018683,39.72421416259026],[-123.6450165570366,39.72421474357049],[-123.64501562429761,39.724215256423506],[-123.64501463095272,39.7242156962102],[-123.6450135865683,39.724216058695184],[-123.64501250120239,39.72421634038755],[-123.6450113853077,39.72421653857443],[-123.64501024963083,39.724216651347184],[-123.64500910510904,39.72421667761974],[-123.64500796276468,39.724216617139085],[-123.64500683359918,39.72421647048769],[-123.64486598998471,39.72419263830347],[-123.64474510822622,39.72419775673276],[-123.6447439128116,39.72419775999019],[-123.64474272324064,39.72419766877988],[-123.64474155200024,39.72419748405924],[-123.64474041138479,39.72419720776729],[-123.64473931336724,39.72419684280422],[-123.64473826947336,39.72419639300104],[-123.64473729066094,39.724195863079295],[-123.64473638720446,39.724195258601554],[-123.6442781699575,39.723855421705935],[-123.64427737175988,39.72385476755943],[-123.64427666193572,39.723854055257064],[-123.64427604754874,39.72385329188723],[-123.64427553471292,39.72385248504652],[-123.64427512853173,39.72385164276412],[-123.64427483304722,39.7238507734219],[-123.64427465119986,39.72384988567104],[-123.64427458479928,39.723848988345885],[-123.64427416592048,39.7238039404112],[-123.64427421389105,39.72380305700531],[-123.64427437376372,39.72380218148322],[-123.64427464399881,39.72380132227671],[-123.64427502199379,39.72380048766039],[-123.64427550410835,39.72379968567205],[-123.64427570174071,39.723799426857845],[-123.64429588125374,39.72379931481381],[-123.6442960836787,39.72379957140675],[-123.64429658065757,39.72380036795879],[-123.64429697413439,39.723801198291625],[-123.64429726031969,39.72380205440869],[-123.6442974364574,39.723802928065126],[-123.64429750085117,39.72380381084713],[-123.64429788440383,39.72384505816511],[-123.64474889436792,39.724179549723004]]]}},{"type":"Feature","properties":{"uid":"nhd-18090799-0","label":"Unnamed mapped stream","display_width_m":2.0,"flow_type":"Ephemeral","source_geometry":"NHD-guided lowest-cost 1 m LiDAR valley trace; inferred cartography, not surveyed channel banks","source_file":"USGS National Hydrography Dataset / MapServer layer 6; accessed 2026-09-16","location_note":"NHD-guided paths along low LiDAR channel terrain. Narrow ribbons are cartographic symbols, not measured banks or current water levels."},"geometry":{"type":"Polygon","coordinates":[[[-123.63728987295187,39.725603201473014],[-123.63729025297108,39.72564451756045],[-123.63729020509489,39.72564539939971],[-123.63729004570929,39.72564627339142],[-123.63728977634385,39.72564713114843],[-123.63728939958348,39.72564796443937],[-123.63728891904373,39.72564876526761],[-123.63728833933605,39.72564952594809],[-123.63724327445844,39.725702535203496],[-123.63722144895422,39.725772042025646],[-123.63723663208705,39.726158175509],[-123.63723661126163,39.726159052390386],[-123.63723648012449,39.726159923554796],[-123.63723623991822,39.72616078074765],[-123.63723589291885,39.72616161584675],[-123.6372354424143,39.72616242093923],[-123.63719018220233,39.72623357732341],[-123.63715704059652,39.72638486224476],[-123.6371597675374,39.72668139003516],[-123.63715971947414,39.726682273438456],[-123.63715955950484,39.72668314895114],[-123.63715928917011,39.72668400814152],[-123.63715891107337,39.72668484273514],[-123.63715842885594,39.726685644694385],[-123.6371578471618,39.72668640629596],[-123.63715717159299,39.726687120205234],[-123.63715640865563,39.726687779546864],[-123.63708916694404,39.7267404443758],[-123.63707893040231,39.726773043584416],[-123.6370818197921,39.727087270287505],[-123.63708177172765,39.72708815369074],[-123.63708161175649,39.727089029203256],[-123.63708134141926,39.727089888393415],[-123.63708096331945,39.72709072298675],[-123.63708048109834,39.727091524945656],[-123.63707989939995,39.72709228654682],[-123.63707922382642,39.727093000455646],[-123.63707846088384,39.72709365979676],[-123.63705868371851,39.72710914949726],[-123.63705964352324,39.7272135327404],[-123.6370595907843,39.72721445474561],[-123.63705941617124,39.727215367748805],[-123.63705912151619,39.72721626217027],[-123.63705870991086,39.72721712862528],[-123.63705818567398,39.72721795802251],[-123.63695535580618,39.72736149127127],[-123.63688802513511,39.7276128048878],[-123.6368877237149,39.72761369705974],[-123.6368873057861,39.72761456077416],[-123.63688677572547,39.727615386985704],[-123.63688613908418,39.72761616704176],[-123.63688540252947,39.72761689277308],[-123.63688457377508,39.727617556579375],[-123.63658318923656,39.727835451597656],[-123.63658235524899,39.727836000149324],[-123.63658145831074,39.72783648588884],[-123.63658050632854,39.727836904534314],[-123.6365339992213,39.72785517976839],[-123.6365330135429,39.72785552366301],[-123.6365319908603,39.72785579560575],[-123.63653093996093,39.72785599325996],[-123.63652986987476,39.72785611492722],[-123.6365287897967,39.72785615956212],[-123.63628842551827,39.72785747788364],[-123.63604987227704,39.72803541494714],[-123.63598296921725,39.72814059099677],[-123.6359976376206,39.729738439980906],[-123.63619396660457,39.72988789549389],[-123.63619474161862,39.72988854639647],[-123.63619543027178,39.72988925281995],[-123.63619602593194,39.72989000796106],[-123.63619652286258,39.72989080454737],[-123.63619691627795,39.72989163490733],[-123.63619720238925,39.729892491044104],[-123.63619737844111,39.729893364712645],[-123.63619744273804,39.72989424749905],[-123.63619802191043,39.72995731464463],[-123.63619797814712,39.72995816072141],[-123.63619783170917,39.72995899989037],[-123.63619758388994,39.72995982473964],[-123.63619723687832,39.72996062798378],[-123.63619679373919,39.72996140252824],[-123.63619625838658,39.729962141531914],[-123.63612037242763,39.73005622577946],[-123.63611972009693,39.730056952477064],[-123.63611897865789,39.73005762630669],[-123.63611815525093,39.73005824077899],[-123.63611725780589,39.73005878997624],[-123.63611629496569,39.73005926860938],[-123.63611527600301,39.730059672068926],[-123.63611421073104,39.73005999646932],[-123.63611310940888,39.73006023868641],[-123.63611198264292,39.730060396387515],[-123.6361108412845,39.73006046805391],[-123.6361096963255,39.73006045299535],[-123.63610855879261,39.73006035135691],[-123.63610743964081,39.73006016411741],[-123.63610634964819,39.73005989308005],[-123.63610529931194,39.730059540855095],[-123.63610429874743,39.730059110834645],[-123.63610335759059,39.73005860716005],[-123.63610248490528,39.73005803468198],[-123.636101689096,39.730057398913694],[-123.63610097782674,39.730056705977994],[-123.63610035794748,39.73005596254824],[-123.63609983542797,39.73005517578404],[-123.63609941530034,39.730054353262396],[-123.6360991016107,39.730053502904624],[-123.63609889737995,39.730052632900154],[-123.63609880457506,39.73005175162759],[-123.63609882408969,39.73005086757409],[-123.63609895573596,39.73004998925353],[-123.636099198246,39.730049125124644],[-123.63609954928435,39.730048283509475],[-123.63610000547024,39.73004747251322],[-123.6361005624104,39.73004669994623],[-123.63617466088647,39.72995483187594],[-123.63617413998021,39.72989810734775],[-123.63598024476259,39.72975050450353],[-123.63596534513997,39.72812742357679],[-123.63602982487986,39.72802605718452],[-123.63603030866089,39.72802537311674],[-123.63603086719839,39.72802472389251],[-123.63603149631258,39.728024114370285],[-123.63603219129548,39.72802354911137],[-123.63627556857696,39.72784201381853],[-123.63627640235663,39.727841448535514],[-123.6362773019019,39.72784094695825],[-123.63627825907884,39.72784051362213],[-123.63627926523245,39.72784015244548],[-123.63628031126485,39.72783986669416],[-123.6362813877175,39.72783965895199],[-123.63628248485693,39.72783953109743],[-123.63628359276252,39.727839484286584],[-123.63652586976443,39.727838155482644],[-123.63656844703415,39.72782142450152],[-123.6368659219416,39.72760635611007],[-123.63693286175818,39.72735650166329],[-123.63693315634042,39.727355626234925],[-123.63693356311083,39.72735477802326],[-123.63693407796983,39.72735396557668],[-123.63703628570592,39.727211300786315],[-123.63703531332315,39.727105545719354],[-123.63703536138823,39.72710466231616],[-123.63703552136,39.7271037868037],[-123.63703579169784,39.727102927613636],[-123.6370361697983,39.727102093020456],[-123.63703665202003,39.72710129106172],[-123.63703723371894,39.72710052946076],[-123.63703790929301,39.72709981555219],[-123.63703867223599,39.727099156211345],[-123.63705844940303,39.7270836665142],[-123.63705558423594,39.72677206257421],[-123.63705566153578,39.726770961272464],[-123.63705591252068,39.726769875513654],[-123.63706724913152,39.72673377307103],[-123.63706754241284,39.72673299407886],[-123.63706792524862,39.72673223861345],[-123.63706839453512,39.72673151279945],[-123.63706894646779,39.72673082252108],[-123.63706957657207,39.72673017337453],[-123.63707027973967,39.726729570622474],[-123.63713639728223,39.72667778627615],[-123.63713369750577,39.72638420151132],[-123.6371337347499,39.726383415404094],[-123.63713386065172,39.72638263480079],[-123.63716745586986,39.72622927946094],[-123.63716769637217,39.72622843203186],[-123.63716804130934,39.72622760639114],[-123.63716848748332,39.72622681019356],[-123.63721321853583,39.72615648577105],[-123.63719807570817,39.72577137398528],[-123.63719809067554,39.725770568767125],[-123.63719819869506,39.72576976779657],[-123.63719839890378,39.72576897747247],[-123.63722107164926,39.72569677254982],[-123.63722145938827,39.725695787404966],[-123.63722199015427,39.72569484285137],[-123.63722265701568,39.72569395122461],[-123.63726689229591,39.725641917834956],[-123.63726650305635,39.72559959773649],[-123.63726655111766,39.725598714332996],[-123.63726671108324,39.72559783882005],[-123.63726698141257,39.7255969796293],[-123.63726735950219,39.72559614503525],[-123.63726784171092,39.72559534307546],[-123.63726842339481,39.725594581473274],[-123.6372690989519,39.725593867563326],[-123.6372698618762,39.72559320822093],[-123.63743205042698,39.72546617663716],[-123.63743289336821,39.725465578211015],[-123.63743380821128,39.72546504646534],[-123.63743478614582,39.72546458652112],[-123.63743581775371,39.72546420280787],[-123.63743689310004,39.72546389902096],[-123.63743800182866,39.725463678086015],[-123.63743913326188,39.72546354213078],[-123.63744027650336,39.72546349246458],[-123.63770863501223,39.72546201793575],[-123.6377097790521,39.725462055034214],[-123.63771091287283,39.72546217854273],[-123.6377120255551,39.72546238727184],[-123.6377131063832,39.725462679211375],[-123.63771414494815,39.725463051549795],[-123.63771513124804,39.72546350070127],[-123.63771605578425,39.72546402234024],[-123.63771690965298,39.72546461144302],[-123.63771768463101,39.72546526233626],[-123.63771837325488,39.725465968751486],[-123.63771896889276,39.725466723885525],[-123.63771946580835,39.72546752046604],[-123.63771985921603,39.72546835082152],[-123.63772014532714,39.72546920695519],[-123.63772032138621,39.72547008062203],[-123.6377203856977,39.72547096340813],[-123.6377203376423,39.72547184681178],[-123.63772017768274,39.72547272232531],[-123.63771990735954,39.72547358151707],[-123.63771952927604,39.7254744161126],[-123.63771904707343,39.72547521807421],[-123.63771846539555,39.725475979678606],[-123.63771778984429,39.72547669359115],[-123.63771702692553,39.72547735293644],[-123.63771618398668,39.72547795136463],[-123.63771526914563,39.72547848311251],[-123.63771429121282,39.725478943059095],[-123.6377132596063,39.72547932677479],[-123.63771218426096,39.72547963056427],[-123.637711075533,39.7254798515018],[-123.6377099441001,39.72547998745969],[-123.63770880085858,39.72548003712856],[-123.63744527522599,39.72548148510863],[-123.63728987295187,39.725603201473014]]]}},{"type":"Feature","properties":{"uid":"nhd-24377379-0","label":"Elder Creek","display_width_m":4.0,"flow_type":"Perennial","source_geometry":"NHD-guided lowest-cost 1 m LiDAR valley trace; inferred cartography, not surveyed channel banks","source_file":"USGS National Hydrography Dataset / MapServer layer 6; accessed 2026-09-16","location_note":"NHD-guided paths along low LiDAR channel terrain. Narrow ribbons are cartographic symbols, not measured banks or current water levels."},"geometry":{"type":"Polygon","coordinates":[[[-123.63658440783833,39.7300993561935],[-123.63658658577955,39.730099422837995],[-123.63658874616728,39.73009964607988],[-123.63659087015671,39.73010002397183],[-123.63659293922062,39.730100553217575],[-123.63659493531092,39.73010122920055],[-123.63659684101597,39.73010204602428],[-123.63659863971257,39.73010299656373],[-123.63660031571098,39.73010407252748],[-123.63707908708834,39.730441844583474],[-123.63719979074106,39.730483410324545],[-123.63725307874063,39.73048311767548],[-123.63725522178133,39.73048318199504],[-123.63725734812398,39.730483397942294],[-123.6372594398118,39.73048376369359],[-123.63726147918057,39.730484276160176],[-123.63726344900797,39.7304849310143],[-123.63726533265897,39.73048572272578],[-123.63726711422619,39.730486644608646],[-123.63730891502007,39.73051049444146],[-123.63751278091958,39.730526851521034],[-123.63751558848301,39.730527211492515],[-123.63751831841877,39.730527832653394],[-123.63783026782465,39.730615096943254],[-123.63803612032103,39.730613965180154],[-123.63803832163468,39.730614033366656],[-123.63804050481075,39.730614261519676],[-123.63804265039428,39.73061464760605],[-123.63804473926538,39.73061518818528],[-123.63804675280953,39.73061587844009],[-123.63804867308345,39.73061671221944],[-123.63805048297503,39.73061768209324],[-123.63814972617125,39.73067641073464],[-123.63854419544354,39.730674240562166],[-123.6389433626043,39.73050407412875],[-123.63906881335714,39.73041474733246],[-123.6390704606261,39.73041367857149],[-123.63907222837099,39.73041273148817],[-123.63907410156635,39.73041191413248],[-123.63907606429046,39.73041123345176],[-123.6390780998607,39.73041069523163],[-123.63908019097512,39.730410304046835],[-123.63908231985974,39.73041006322236],[-123.63908446841961,39.73040997480514],[-123.63912147621781,39.730409770966155],[-123.63913786054682,39.73039693859107],[-123.6391395465187,39.730395741714254],[-123.63914137630798,39.73039467819598],[-123.63914333229272,39.73039375827856],[-123.63914539563584,39.73039299082123],[-123.63914754646612,39.73039238321507],[-123.63914976406996,39.73039194131164],[-123.63915202709059,39.730391669366696],[-123.639154313734,39.73039156999923],[-123.63928266823724,39.73039086289487],[-123.63928495648182,39.73039093705931],[-123.63928722429075,39.73039118404392],[-123.63928944982389,39.73039160147014],[-123.63929161164813,39.73039218531788],[-123.63929368894392,39.73039292996443],[-123.63929566170576,39.73039382823841],[-123.63929751093492,39.73039487148895],[-123.63929921882233,39.730396049669],[-123.6393932328181,39.73046761199368],[-123.639394726942,39.73046886204637],[-123.63939606174608,39.730470215312856],[-123.63939722533561,39.730471659733794],[-123.63939820734136,39.73047318243751],[-123.63939899901246,39.730474769854766],[-123.63939959329402,39.73047640783962],[-123.63939998489026,39.73047808179552],[-123.63941150624174,39.73054535011537],[-123.63947742486074,39.73061221427603],[-123.63971614807555,39.73079392576409],[-123.63979578836324,39.730793486656005],[-123.63995493626302,39.73074860860791],[-123.63995765626255,39.730747983430646],[-123.63996045442644,39.73074761778763],[-123.64006900312647,39.730738631386664],[-123.64039927443706,39.73048887241703],[-123.64040098410412,39.730487700536045],[-123.6404028340641,39.73048666343383],[-123.64040480656492,39.730485771062334],[-123.6404068826787,39.73048503198469],[-123.64040904248313,39.730484453293],[-123.64041126525301,39.730484040540354],[-123.64041352965879,39.730483797687484],[-123.64041581397146,39.730483727064765],[-123.64113935074113,39.730488741426576],[-123.64114076473508,39.73048878434843],[-123.64129253998122,39.73049695564912],[-123.64129490777593,39.73049717746283],[-123.64129723388027,39.730497584721775],[-123.64129949399766,39.730498173172066],[-123.6413016645209,39.73049893666723],[-123.64130372277849,39.730499867232474],[-123.64133298818159,39.73051469909779],[-123.64165464524734,39.730512920784],[-123.64168261427139,39.73049101394464],[-123.6416842561768,39.73048984540814],[-123.64168603520352,39.730488803380055],[-123.64168793506484,39.73048789740001],[-123.64168993836786,39.73048713576208],[-123.64169202677266,39.73048652543896],[-123.64169418116019,39.730486072018046],[-123.64185056264611,39.73045929197105],[-123.64193840512233,39.73039048861011],[-123.64194009104489,39.73038929169302],[-123.64194192079019,39.730388228131],[-123.64194387673679,39.73038730816668],[-123.64194594004788,39.73038654065986],[-123.64194809085255,39.73038593300201],[-123.64195030843752,39.73038549104524],[-123.64195257144621,39.7303852190458],[-123.6419548580846,39.73038511962319],[-123.64202063775197,39.73038475567408],[-123.64220288218394,39.730330834244576],[-123.64220548789649,39.730330195676814],[-123.64220817244053,39.73032979676409],[-123.64248796752008,39.730301217703264],[-123.6424908608451,39.730301062529115],[-123.64269122851348,39.73029995288399],[-123.6427076121457,39.730287120010736],[-123.64270929805227,39.7302859230826],[-123.64271112778286,39.73028485950855],[-123.6427130837161,39.730283939531375],[-123.64271514701531,39.730283172010964],[-123.64271729780987,39.73028256433894],[-123.64271951538637,39.73028212236754],[-123.64272177838843,39.73028185035315],[-123.64272406502207,39.730281750915445],[-123.64289486165957,39.73028080471477],[-123.64307710511594,39.73022688192004],[-123.64307925067672,39.730226337442495],[-123.6430814543502,39.730225955644514],[-123.6432139415312,39.73020815057683],[-123.6432666156298,39.73016689176303],[-123.64326835979568,39.73016565748175],[-123.64327025684388,39.730164565891],[-123.64327228727817,39.73016362820923],[-123.64327443023153,39.7301628540731],[-123.64327666368057,39.73016225143854],[-123.64343423251482,39.73012654378062],[-123.64404436875638,39.729675669521114],[-123.64404574839709,39.72967472764936],[-123.64404721992366,39.72967387270392],[-123.64430087001281,39.729538265701635],[-123.64438042628116,39.72947594835526],[-123.6443822647862,39.729474654091725],[-123.64438427128337,39.72947351830147],[-123.64438642296902,39.729472553892634],[-123.6443886953895,39.72947177182565],[-123.64447841749454,39.72944522297032],[-123.64463802820612,39.72934694949048],[-123.64463982733625,39.72934594597509],[-123.64464174179008,39.72934507896116],[-123.64464375425231,39.72934435629038],[-123.64464584652123,39.72934378449896],[-123.64464799967334,39.72934336875847],[-123.64465019423447,39.72934311282905],[-123.64465241035589,39.72934301902548],[-123.644724422745,39.72934261891946],[-123.64475239031437,39.72932071134854],[-123.64475416795875,39.72931945566923],[-123.64475610379272,39.72931834819211],[-123.64475817718449,39.72931740072051],[-123.64476036603614,39.72931662335244],[-123.64476264701926,39.72931602437296],[-123.64476499582348,39.7293156101659],[-123.6447673874156,39.7293153851458],[-123.64494773500945,39.729305675203236],[-123.64497737392652,39.729290179358514],[-123.64497943117499,39.72928921922923],[-123.64498160542023,39.72928842759408],[-123.64498387359403,39.72928781285209],[-123.64498621163158,39.72928738152557],[-123.64498859472678,39.72928713819079],[-123.64499099759551,39.72928708542946],[-123.6457589920697,39.729300780434734],[-123.6459625473768,39.729273419209235],[-123.64627282482657,39.72913805183033],[-123.64627494096673,39.72913723495255],[-123.6462771533434,39.729136587702314],[-123.64627943921953,39.72913611673148],[-123.64628177510292,39.72913582688027],[-123.64628413698739,39.72913572112755],[-123.64634636825413,39.72913537449457],[-123.64638660000155,39.72911172427079],[-123.64638825210851,39.729110837266305],[-123.64638999703155,39.72911006344773],[-123.64639182179788,39.729109408568036],[-123.64639371284123,39.72910887749596],[-123.64654506513745,39.729071994078744],[-123.64654731061651,39.72907154032896],[-123.64654960336212,39.729071261052816],[-123.64655192069442,39.72907115901294],[-123.64662569889741,39.729070747888954],[-123.64701306855692,39.72883858254042],[-123.64719765015933,39.7287030211327],[-123.64719931098254,39.72870191150438],[-123.64720109954199,39.72870092733979],[-123.64720299999725,39.728700077355235],[-123.64720499551687,39.72869936907863],[-123.64720706842746,39.72869880878283],[-123.64720920037027,39.72869840143011],[-123.6472113724637,39.7286981506282],[-123.64721356547051,39.72869805859834],[-123.64723890400475,39.72869791726236],[-123.64737112729856,39.7285943370833],[-123.64737266151556,39.72859323839957],[-123.64737431701681,39.728592250241896],[-123.64737608049317,39.728591380554484],[-123.64737793776739,39.72859063632904],[-123.64750586765176,39.72854487229342],[-123.64750817758636,39.72854415881502],[-123.64751057275905,39.728543639263044],[-123.64751302594888,39.728543319542126],[-123.64751550927565,39.7285432032859],[-123.6475641842703,39.72854293165015],[-123.64759215060758,39.72852102340262],[-123.64759383638565,39.728519826404295],[-123.64759566599336,39.728518762753986],[-123.64759762181056,39.72851784269522],[-123.6475996850017,39.72851707508868],[-123.6476018356971,39.72851646732683],[-123.64760405318444,39.72851602526273],[-123.64760631610807,39.7285157531537],[-123.64760860267486,39.72851565362032],[-123.64794698204416,39.728513764566706],[-123.64794907302989,39.72851382532559],[-123.64795114856034,39.728514030458776],[-123.6479531919496,39.72851437831712],[-123.64795518676998,39.728514866104085],[-123.64801495855745,39.72853179362437],[-123.64811082792815,39.72846669566734],[-123.64811261986027,39.72846559444184],[-123.6481145429531,39.728464634137495],[-123.6481165786862,39.728463824002546],[-123.64811870745437,39.72846317183904],[-123.6481209087564,39.72846268392765],[-123.64812316139259,39.72846236496723],[-123.64812544366879,39.72846221802954],[-123.64812773360552,39.728462244529666],[-123.64813000914941,39.72846244421241],[-123.64813224838576,39.7284628151547],[-123.64813442974949,39.72846335378419],[-123.64813653223293,39.72846405491357],[-123.64813853558799,39.72846491179057],[-123.6481404205213,39.72846591616303],[-123.6481421688799,39.728467058358284],[-123.64814376382617,39.72846832737636],[-123.64814518999991,39.72846971099598],[-123.64814643366626,39.728471195892084],[-123.64814748284805,39.72847276776434],[-123.64814832744104,39.72847441147474],[-123.64814895931137,39.728476111193494],[-123.64814937237372,39.72847785055136],[-123.64814956265012,39.72847961279738],[-123.64814952830802,39.728481380960176],[-123.64814926967817,39.72848313801134],[-123.64814878925134,39.72848486702955],[-123.64814809165422,39.728486551363396],[-123.64814718360505,39.728488174791785],[-123.64814607384884,39.72848972168028],[-123.64814477307314,39.72849117713142],[-123.64814329380515,39.72849252712846],[-123.648141650291,39.728493758670155],[-123.64803536089913,39.72856593212],[-123.6480335811253,39.72856702659079],[-123.64803167178329,39.72856798203983],[-123.64802965102159,39.728568789385456],[-123.64802753804777,39.728569440953756],[-123.64802535294595,39.72856993055151],[-123.64802311648576,39.72857025352497],[-123.64802084992505,39.728570406804295],[-123.6480185748078,39.72857038893251],[-123.64801631275924,39.72857020007952],[-123.64801408528042,39.728569842040365],[-123.64801191354384,39.72856931821826],[-123.64794308740422,39.728549826488326],[-123.6476186058798,39.728551637964166],[-123.64759063953876,39.728573546217994],[-123.64758895375934,39.72857474321628],[-123.64758712415005,39.7285758068665],[-123.64758516833108,39.72857672692508],[-123.64758310513797,39.72857749453137],[-123.64758095444051,39.728578102292886],[-123.64757873695105,39.72857854435655],[-123.64757647402524,39.72857881646505],[-123.64757418745631,39.72857891599784],[-123.64752090103583,39.72857921337173],[-123.64740139760836,39.7286219630362],[-123.64726535919021,39.728728531904245],[-123.6472636734013,39.728729728897875],[-123.64726184378284,39.728730792543004],[-123.64725988795506,39.72873171259616],[-123.6472578247537,39.728732480196726],[-123.64725567404844,39.72873308795226],[-123.64725345655182,39.72873353000977],[-123.64725119361958,39.728733802111975],[-123.64724890704497,39.728733901638385],[-123.64722313056129,39.728734045419415],[-123.64704438709796,39.72886531917876],[-123.6470426129649,39.72886649714527],[-123.64664807684912,39.729102957662775],[-123.64664629778545,39.72910392478275],[-123.64664440980918,39.72910475977141],[-123.6466424293304,39.72910545537122],[-123.64664037356306,39.72910600553606],[-123.64663826037555,39.729106405484046],[-123.6466361081354,39.72910665173887],[-123.64663393554949,39.72910674216012],[-123.6465557661366,39.729107177757996],[-123.64641163784945,39.729142300741024],[-123.64636845183172,39.72916768763436],[-123.64636668756422,39.72916862912968],[-123.6463648188135,39.729169441596234],[-123.64636286136106,39.72917011817281],[-123.6463608317375,39.729170653145765],[-123.64635874708287,39.72917104199727],[-123.64635662500196,39.72917128144349],[-123.64635448341564,39.729171369462335],[-123.64629052036015,39.72917172574562],[-123.64598199963518,39.729306326704354],[-123.64597961419113,39.72930723311276],[-123.64597711071373,39.729307924150575],[-123.64597452169349,39.729308390849454],[-123.64576474258203,39.72933658866077],[-123.64576248028898,39.72933680548555],[-123.64576020139371,39.72933685084863],[-123.64499737099003,39.729323247965496],[-123.64496870553234,39.72933823486568],[-123.64496660573764,39.729339212563794],[-123.64496438467854,39.729340014751635],[-123.64496206687416,39.729340632573496],[-123.64495967791157,39.72934105920907],[-123.64495724416348,39.72934128994853],[-123.64477943622126,39.729350863168236],[-123.64475087707322,39.72937323413845],[-123.64474919122459,39.72937443109593],[-123.64474736154985,39.7293754947018],[-123.64474540566978,39.729376414712945],[-123.64474334242065,39.72937718226912],[-123.64474119167258,39.72937778997837],[-123.64473897413853,39.72937823198812],[-123.64473671117459,39.72937850404154],[-123.6447344245743,39.72937860351863],[-123.64466081706509,39.7293790124932],[-123.64450469222577,39.72947513970731],[-123.64450275082882,39.729476214310104],[-123.6445006773395,39.72947713005438],[-123.64449849348078,39.72947787734635],[-123.6444101178869,39.72950402777386],[-123.64433257422233,39.72956476864224],[-123.64433097221757,39.729565911415754],[-123.64432923904478,39.72956693372532],[-123.64407530746931,39.72970269125197],[-123.64346239678844,39.73015561586437],[-123.64346071377992,39.730156745668005],[-123.64345889879036,39.73015774627677],[-123.64345696839364,39.730158608553424],[-123.64345494021745,39.73015932462398],[-123.6434528327825,39.73015988794952],[-123.64329561051275,39.730195517081185],[-123.64324193146108,39.73023756306857],[-123.64324015210576,39.730238819780965],[-123.64323821429737,39.73023992801345],[-123.64323613872565,39.73024087593356],[-123.64323394755117,39.73024165342048],[-123.64323166416877,39.73024225217308],[-123.64322931295787,39.730242665798556],[-123.6430916904201,39.73026116101811],[-123.64290761151878,39.730315626888476],[-123.64290562594105,39.73031613681643],[-123.64290358919085,39.73031650737046],[-123.64290151764239,39.73031673557156],[-123.64289942794959,39.73031681958514],[-123.64273406595281,39.73031773568892],[-123.64271768231839,39.730330568565854],[-123.64271599641086,39.73033176549412],[-123.64271416667914,39.73033282906825],[-123.64271221074452,39.73033374904544],[-123.64271014744376,39.73033451656581],[-123.64270799664756,39.730335124237705],[-123.64270577906926,39.73033556620891],[-123.64270351606537,39.730335838222985],[-123.6427012294299,39.73033593766032],[-123.64249264801211,39.73033709280446],[-123.64221701743217,39.730365246494365],[-123.64203338719099,39.730419577946776],[-123.64203140160362,39.73042008785985],[-123.64202936484546,39.730420458398605],[-123.64202729329075,39.73042068658417],[-123.64202520359355,39.73042077058202],[-123.64196485863059,39.73042110446561],[-123.64187896416888,39.73048838204011],[-123.64187732226686,39.730489550579364],[-123.64187554324307,39.730490592610344],[-123.64187364338417,39.730491498593445],[-123.64187164008311,39.73049226023453],[-123.64186955167976,39.73049287056086],[-123.64186739729318,39.73049332398503],[-123.64171101573714,39.73052010405513],[-123.6416810986782,39.73054353670419],[-123.64167941274734,39.73054473361755],[-123.64167758299382,39.73054579717548],[-123.64167562703915,39.730546717135354],[-123.64167356372023,39.73054748463742],[-123.641671412908,39.73054809229021],[-123.64166919531596,39.73054853424173],[-123.64166693230074,39.73054880623569],[-123.64166464565648,39.73054890565266],[-123.64132625588401,39.7305507764802],[-123.64132397168433,39.73055070264133],[-123.64132170780384,39.730550456591885],[-123.64131948596773,39.730550040693046],[-123.6413173274976,39.730549458935954],[-123.641315253107,39.7305487169034],[-123.64131328270268,39.730547821716215],[-123.64128320871393,39.73053258005535],[-123.64113822368606,39.73052477432486],[-123.6404250414977,39.7305198317546],[-123.64009587523582,39.73076875509753],[-123.64009421176195,39.730769898226185],[-123.64009241475446,39.7307709137353],[-123.64009050057474,39.73077179237879],[-123.64008848665105,39.73077252615683],[-123.64008639131978,39.730773108388476],[-123.64008423365853,39.73077353377262],[-123.64008203331238,39.73077379843621],[-123.63996826754308,39.73078321674768],[-123.63980800305272,39.73082840966039],[-123.63980544967009,39.73082900441866],[-123.63980282507892,39.73082937035944],[-123.63980016355556,39.73082950270362],[-123.63970681424213,39.730830017396514],[-123.63970452598265,39.73082994324053],[-123.63970225815785,39.73082969626421],[-123.63970003260815,39.730829278846095],[-123.63969787076681,39.730828695006124],[-123.63969579345357,39.73082795036703],[-123.6396938206741,39.730827052100075],[-123.63969197142737,39.73082600885606],[-123.63969026352261,39.73082483068203],[-123.63944347510792,39.730636980072674],[-123.63944128941931,39.73063506204434],[-123.63937061238364,39.73056337116985],[-123.63936924735964,39.73056182634279],[-123.6393680970524,39.73056018059791],[-123.63936717385172,39.73055845166125],[-123.63936648770122,39.73055665815488],[-123.63936604599124,39.73055481939635],[-123.63935476193748,39.730488936311275],[-123.63927333422822,39.7304269544964],[-123.63916431282291,39.73042755509528],[-123.6391479284917,39.730440387474054],[-123.63914624251885,39.730441584351],[-123.63914441272844,39.73044264786933],[-123.63914245674232,39.7304435677868],[-123.6391403933977,39.73044433524407],[-123.63913824256574,39.73044494285011],[-123.63913602496011,39.730445384753345],[-123.63913376193763,39.73044565669799],[-123.63913147529242,39.730445756065045],[-123.63909382321215,39.730445963455956],[-123.63897293238668,39.73053204338699],[-123.63897076031498,39.730533413031246],[-123.63896839115739,39.73053457162583],[-123.63856156751667,39.730708002062244],[-123.63855948288656,39.73070878899879],[-123.63855730735243,39.73070941220734],[-123.63855506242122,39.730709865526926],[-123.63855277028594,39.730710144476085],[-123.63855045360634,39.730710246297214],[-123.63814205094884,39.73071249312232],[-123.638139849632,39.730712424937806],[-123.63813766645252,39.73071219678669],[-123.63813552086545,39.730711810702104],[-123.63813343199068,39.73071127012455],[-123.6381314184429,39.73071057987128],[-123.63812949816537,39.73070974609336],[-123.63812768827025,39.73070877622081],[-123.63802844504563,39.73065004756116],[-123.63782641676138,39.73065115828928],[-123.63782434935463,39.730651098849705],[-123.63782229689059,39.73065089827611],[-123.6378202754982,39.730650558144696],[-123.63781830106231,39.73065008112829],[-123.63750510953588,39.73056246937719],[-123.63729775519639,39.73054583239692],[-123.63729529980085,39.73054553260973],[-123.63729289963628,39.73054503286527],[-123.63729058193532,39.73054433883376],[-123.63728837299506,39.730543458389796],[-123.6372862978784,39.73054240152302],[-123.63724563117636,39.73051919875611],[-123.63719506716751,39.7305194764429],[-123.63719258186562,39.730519387692745],[-123.63719012292539,39.73051909516486],[-123.6371877182924,39.73051860218378],[-123.63718539529512,39.73051791435219],[-123.63705662623883,39.730473571190934],[-123.63705440560652,39.73047269377803],[-123.6370523189512,39.73047163836963],[-123.63705039011259,39.73047041702363],[-123.63657558735187,39.73013544476668],[-123.63623468236405,39.73013731454474],[-123.63623253933478,39.730137250206255],[-123.63623041300576,39.73013703424009],[-123.63622832133372,39.7301366684701],[-123.63622628198269,39.73013615598517],[-123.6362243121749,39.73013550111325],[-123.63622242854525,39.73013470938466],[-123.63622064700095,39.730133787485485],[-123.63617372457367,39.73010701462236],[-123.63617195168084,39.73010589515868],[-123.63617032943652,39.73010464690899],[-123.63616887346383,39.730103281894635],[-123.63616759778462,39.730101813261456],[-123.63616651468428,39.73010025515322],[-123.63616563459371,39.730098622575326],[-123.63616496598867,39.73009693125043],[-123.63616451530814,39.73009519746689],[-123.63616428689244,39.73009343792204],[-123.63616428294127,39.73009166956121],[-123.6361645034927,39.7300899094147],[-123.63616494642267,39.73008817443368],[-123.63616560746549,39.73008648132699],[-123.63616648025497,39.73008484640013],[-123.63616755638569,39.73008328539836],[-123.63616882549384,39.73008181335495],[-123.63617027535724,39.730080444446514],[-123.63617189201291,39.73007919185635],[-123.63617365989157,39.73007806764758],[-123.63617556196759,39.73007708264697],[-123.63617757992294,39.730076246340595],[-123.63617969432362,39.730075566782524],[-123.6361818848068,39.73007505051728],[-123.63618413027696,39.730074702516774],[-123.636186409109,39.73007452613244],[-123.63618869935652,39.73007452306295],[-123.63619097896324,39.73007469333786],[-123.6361932259753,39.73007503531734],[-123.63619541875273,39.730075545707955],[-123.63619753617797,39.73007621959434],[-123.63619955785902,39.73007705048663],[-123.63620146432598,39.730078030382856],[-123.6362421304195,39.730101233522475],[-123.63658440783833,39.7300993561935]]]}},{"type":"Feature","properties":{"uid":"nhd-29592048-0","label":"Unnamed mapped stream","display_width_m":2.0,"flow_type":"Intermittent","source_geometry":"NHD-guided lowest-cost 1 m LiDAR valley trace; inferred cartography, not surveyed channel banks","source_file":"USGS National Hydrography Dataset / MapServer layer 6; accessed 2026-09-16","location_note":"NHD-guided paths along low LiDAR channel terrain. Narrow ribbons are cartographic symbols, not measured banks or current water levels."},"geometry":{"type":"Polygon","coordinates":[[[-123.6479361377183,39.734556267017645],[-123.64793544889855,39.734555560665825],[-123.64793485306967,39.73455480558701],[-123.64793435596978,39.73455400905304],[-123.64793396238625,39.734553178734984],[-123.64793367610947,39.73455232262923],[-123.64793349989652,39.73455144898056],[-123.64793343544432,39.7345505662027],[-123.64793279607173,39.73448222157783],[-123.6477025169065,39.734306979452505],[-123.64761052591116,39.734272106677366],[-123.64760959140978,39.73427171053115],[-123.64760870763465,39.73427125019138],[-123.64760788196187,39.734270729500146],[-123.64722363171099,39.73400491562863],[-123.6471697971761,39.734005215911225],[-123.64716871612517,39.73400518321952],[-123.64716764364248,39.73400507336999],[-123.64716658894619,39.73400488730682],[-123.64716556110169,39.73400462662924],[-123.64716456894337,39.734004293577826],[-123.6471636209991,39.73400389101522],[-123.64716272541658,39.7340034224015],[-123.64716188989354,39.73400289176451],[-123.64702430201967,39.7339069169512],[-123.64693548778958,39.733907412180095],[-123.64693438085057,39.73390737775008],[-123.6469332831295,39.73390726243085],[-123.64693220451971,39.73390706726173],[-123.64693115474225,39.73390679400166],[-123.64693014325836,39.73390644511346],[-123.6469291791841,39.73390602374152],[-123.64692827120827,39.733905533683476],[-123.64692742751411,39.73390497935601],[-123.64683824151189,39.73384050220346],[-123.64670076819823,39.73383533918239],[-123.64669962847324,39.73383525294162],[-123.64669850518584,39.733835080864516],[-123.64669740915392,39.73383482460833],[-123.64669635093284,39.73383448664092],[-123.64669534071389,39.733834070217085],[-123.64669438822601,39.73383357934726],[-123.64669350264218,39.73383301875877],[-123.64669269249104,39.73383239385036],[-123.64669196557483,39.733831710640274],[-123.64669132889412,39.733830975708194],[-123.6466907885805,39.733830196131926],[-123.64669034983746,39.73382937941919],[-123.64669001689039,39.733828533435414],[-123.6466897929457,39.733827666327855],[-123.6466896801601,39.73382678644725],[-123.64668967961978,39.73382590226733],[-123.64668979132998,39.73382502230322],[-123.64669001421477,39.73382415502946],[-123.64669034612774,39.733823308798385],[-123.64669078387234,39.73382249175963],[-123.64669132323282,39.733821711781765],[-123.6466919590149,39.73382097637638],[-123.64669268509562,39.7338202926258],[-123.64669349448243,39.733819667114965],[-123.64669437938045,39.733819105867866],[-123.64669533126772,39.7338186142896],[-123.64669634097697,39.733818197114374],[-123.64669739878417,39.733817858359764],[-123.64669849450205,39.73381760128819],[-123.64669961757829,39.733817428375396],[-123.64670075719707,39.7338173412866],[-123.64670190238313,39.73381734086053],[-123.64684365634282,39.73382266464553],[-123.64684482362833,39.73382275405681],[-123.6468459733893,39.733822933495084],[-123.64684709400821,39.733823201147246],[-123.64684817416196,39.73382355430886],[-123.64684920293628,39.73382398941147],[-123.64685016993616,39.73382450205865],[-123.64685106539069,39.73382508707046],[-123.64693997869085,39.73388936706931],[-123.64702867280458,39.733888872506874],[-123.64702975385364,39.73388890519991],[-123.64703082633434,39.73388901505073],[-123.64703188102847,39.73388920111516],[-123.64703290887078,39.73388946179395],[-123.6470339010268,39.73388979484652],[-123.64703484896876,39.73389019741021],[-123.64703574454894,39.73389066602493],[-123.64703658006964,39.73389119666285],[-123.64717416792872,39.73398717146202],[-123.64722797471396,39.73398687133222],[-123.64722904975895,39.73398690362707],[-123.64723011638192,39.73398701222664],[-123.64723116551681,39.73398719620789],[-123.64723218824624,39.733987454007],[-123.64723317587722,39.73398778343274],[-123.64723412001516,39.73398818168506],[-123.64723501263505,39.733988645378915],[-123.64723584614988,39.733989170573025],[-123.64762225749392,39.734256479410135],[-123.64771450331666,39.734291448784056],[-123.64771559505323,39.734291920320814],[-123.64771661513963,39.73429247937742],[-123.64771755185346,39.734293119529376],[-123.64795262223646,39.73447200772731],[-123.64795339741254,39.73447265854951],[-123.64795408623161,39.734473364901255],[-123.64795468205998,39.73447411997998],[-123.6479551791595,39.73447491651387],[-123.64795557274282,39.73447574683187],[-123.64795585901952,39.73447660293758],[-123.64795603523258,39.734477476586214],[-123.647956099685,39.73447835936408],[-123.64795673908058,39.73454670398867],[-123.64800031081472,39.73457986181481],[-123.6480010859925,39.73458051263667],[-123.64800177481315,39.734581218988076],[-123.648002370643,39.73458197406653],[-123.64800286774384,39.73458277060019],[-123.64800326132838,39.734583600918015],[-123.64800354760614,39.73458445702358],[-123.64800372382008,39.734585330672125],[-123.64800378827324,39.734586213449944],[-123.64800374034479,39.734587096855385],[-123.64800358049642,39.734587972380794],[-123.64800331026747,39.734588831594365],[-123.64800293226038,39.73458966622142],[-123.64800245011561,39.73459046822401],[-123.648002252467,39.73459072704423],[-123.6479814929236,39.73459084298121],[-123.64793691289518,39.73455691783993],[-123.6479361377183,39.734556267017645]]]}},{"type":"Feature","properties":{"uid":"nhd-29592120-0","label":"South Fork Eel River","display_width_m":8.0,"flow_type":"Perennial","source_geometry":"NHD-guided lowest-cost 1 m LiDAR valley trace; inferred cartography, not surveyed channel banks","source_file":"USGS National Hydrography Dataset / MapServer layer 6; accessed 2026-09-16","location_note":"NHD-guided paths along low LiDAR channel terrain. Narrow ribbons are cartographic symbols, not measured banks or current water levels."},"geometry":{"type":"Polygon","coordinates":[[[-123.64663974054108,39.73336361506172],[-123.64664249571916,39.7333664405012],[-123.64664487893673,39.733369460844386],[-123.64664686724214,39.73337264700378],[-123.64664844148683,39.73337596829494],[-123.64664958650991,39.73337939273202],[-123.64665029128419,39.73338288733583],[-123.64665054902211,39.73338641845146],[-123.64665161721955,39.73350083333537],[-123.6467368794027,39.73358999040052],[-123.64673957372497,39.73359314067845],[-123.64674182644093,39.733596491285915],[-123.64674361283178,39.73360000545716],[-123.64674491329569,39.73360364463173],[-123.64674571356274,39.73360736887745],[-123.64674600485162,39.733611137328694],[-123.64674709851626,39.733728261700335],[-123.64674690673996,39.73373179532109],[-123.64674626728977,39.7337352974168],[-123.64674518632387,39.73373873426029],[-123.64674367425252,39.73374207275293],[-123.6467417456377,39.73374528074317],[-123.64673941905302,39.733748327336286],[-123.6467367169047,39.73375118319191],[-123.64673366521592,39.73375382080657],[-123.64673029337605,39.73375621477855],[-123.64672663385781,39.733758342052575],[-123.64672272190434,39.733760182141815],[-123.64671859518994,39.73376171732516],[-123.64671429345717,39.733762932817946],[-123.64670985813407,39.73376381691431],[-123.64670533193541,39.7337643610999],[-123.64670075845086,39.7337645601339],[-123.64669618172579,39.7337644120995],[-123.64669164583655,39.733763918422326],[-123.64668719446631,39.73376308385681],[-123.64668287048426,39.73376191644028],[-123.64667871553281,39.73376042741559],[-123.6466747696264,39.733758631122875],[-123.64667107076633,39.73375654486147],[-123.64666765457466,39.733754188723225],[-123.64666455395118,39.73375158539905],[-123.64666179875664,39.73374875996042],[-123.64665941552495,39.73374573961789],[-123.64665742720798,39.733742553459024],[-123.64665585295425,39.73373923216826],[-123.64665470792463,39.73373580773151],[-123.64665400314632,39.73373231312796],[-123.64665374540667,39.73372878201258],[-123.6466527613127,39.73362337670053],[-123.64656749919557,39.733534219573514],[-123.64656480488348,39.733531069291466],[-123.64656255217822,39.73352771868044],[-123.64656076579848,39.73352420450627],[-123.64655946534583,39.7335205653295],[-123.64655866508991,39.73351684108235],[-123.64655837381173,39.73351307263048],[-123.64655733571904,39.73340186622286],[-123.64647708001404,39.733340789029775],[-123.64647397941648,39.733338185700106],[-123.64647122424644,39.733335360256554],[-123.64646884103759,39.733332339909694],[-123.64646685274155,39.73332915374715],[-123.64646527850665,39.73332583245341],[-123.64646413349364,39.7333224080144],[-123.64646342872946,39.733318913409335],[-123.64646317100139,39.73331538229316],[-123.64646336279137,39.73331184867251],[-123.64646400225232,39.73330834657803],[-123.64646508322582,39.73330490973683],[-123.64646659530143,39.73330157124753],[-123.64646852391697,39.73329836326161],[-123.64647085049877,39.73329531667372],[-123.64647355264057,39.733292460824124],[-123.64647660431923,39.73328982321619],[-123.64647997614543,39.733287429251504],[-123.64648363564658,39.733285301985234],[-123.64648754757978,39.73328346190408],[-123.64649167427093,39.73328192672903],[-123.64649597597788,39.733280711244596],[-123.64650041127278,39.73327982715657],[-123.64650493744148,39.7332792829792],[-123.64650951089449,39.73327908395318],[-123.64651408758705,39.733279231995226],[-123.64651862344321,39.73327972567965],[-123.64652307478019,39.733280560251984],[-123.64652739872932,39.733281727674864],[-123.64653155364861,39.733283216705374],[-123.64653549952395,39.73328501300336],[-123.64653919835453,39.733287099269496],[-123.6465426145185,39.73328945541195],[-123.6466366399364,39.73336101173647],[-123.64663974054108,39.73336361506172]]]}},{"type":"Feature","properties":{"uid":"nhd-29592712-0","label":"Unnamed mapped stream","display_width_m":2.0,"flow_type":"Intermittent","source_geometry":"NHD-guided lowest-cost 1 m LiDAR valley trace; inferred cartography, not surveyed channel banks","source_file":"USGS National Hydrography Dataset / MapServer layer 6; accessed 2026-09-16","location_note":"NHD-guided paths along low LiDAR channel terrain. Narrow ribbons are cartographic symbols, not measured banks or current water levels."},"geometry":{"type":"Polygon","coordinates":[[[-123.64979088253591,39.73380111108673],[-123.64978977405515,39.733800868806334],[-123.64978870191887,39.73380054331811],[-123.64978767657637,39.73380013779431],[-123.6497867080209,39.73379965618732],[-123.6496589600695,39.7337290111243],[-123.64956684175218,39.73370292650681],[-123.64956569828671,39.73370254818504],[-123.64956461348297,39.73370207802874],[-123.64956359966969,39.73370152138124],[-123.6495626683687,39.733700884568755],[-123.64950524898825,39.7336571897084],[-123.64934298988328,39.733595681519596],[-123.64934202343152,39.73359527028366],[-123.64934111161323,39.733594790402606],[-123.64914479438782,39.733480611279056],[-123.64910206840055,39.73348085030772],[-123.649100924223,39.73348081332278],[-123.64909979025137,39.733480689926985],[-123.64909867740643,39.733480481308725],[-123.64909759640547,39.733480189477085],[-123.64909655765908,39.733479817242596],[-123.64909557117103,39.733479368190046],[-123.64909464644171,39.73347884664409],[-123.6490937923768,39.7334782576275],[-123.64883822454452,39.733283772901814],[-123.6487139907124,39.733275752849096],[-123.64871284325518,39.733275634280446],[-123.6487117166622,39.733275428511334],[-123.64871062202162,39.73327513756697],[-123.64870957010692,39.73327476431088],[-123.64870857127133,39.73327431241668],[-123.64870763534546,39.733273786332],[-123.6487067715409,39.73327319123465],[-123.64860403505912,39.73319500901943],[-123.64846818444002,39.73318703239193],[-123.64846702352139,39.73318691879375],[-123.64846588317684,39.733186715994876],[-123.64846477487383,39.73318642603471],[-123.64846370975766,39.73318605182912],[-123.64846269853929,39.7331855971412],[-123.64846175138769,39.73318506654332],[-123.6484608778275,39.733184465371274],[-123.64840555338476,39.73314236334975],[-123.64829369649993,39.73314298838091],[-123.6482926249345,39.73314295632344],[-123.64829156170619,39.73314284845144],[-123.64829051579396,39.73314266567587],[-123.64828949603044,39.733142409540264],[-123.64828851102754,39.73314208220769],[-123.6482875691035,39.733141686442416],[-123.64828667821287,39.7331412255867],[-123.64824287771135,39.733116242200644],[-123.64804081809037,39.73311737090254],[-123.6479859879233,39.73315174288759],[-123.64798512714198,39.73315223370085],[-123.64798421174946,39.73315266157189],[-123.64798324944294,39.73315302290285],[-123.64798224831418,39.733153314655404],[-123.64798121678132,39.73315353437632],[-123.64798016351818,39.73315368021802],[-123.64789086471885,39.73316280547482],[-123.64787050580958,39.73317875326692],[-123.6478696628666,39.73317935176808],[-123.64786874800355,39.73317988359548],[-123.6478677700311,39.733180343627346],[-123.64786673836765,39.73318072743327],[-123.64786566294869,39.73318103131705],[-123.64786455413112,39.73318125235206],[-123.64786342259345,39.73318138840963],[-123.64786227923294,39.73318143817947],[-123.64775725784034,39.73318202452718],[-123.64775611366832,39.73318198752893],[-123.64775497970383,39.733181864119935],[-123.64775386686762,39.7331816554887],[-123.64775278587686,39.733181363644434],[-123.6477517471421,39.73318099139779],[-123.64775076066698,39.73318054233368],[-123.64774983595173,39.733180020776864],[-123.64774898190188,39.733179431750216],[-123.64774820674243,39.73317878092636],[-123.64774751793854,39.733178074573125],[-123.6477469221238,39.73317731949305],[-123.64774642503623,39.73317652295799],[-123.64774603146306,39.73317569263901],[-123.64774574519458,39.73317483653252],[-123.64774556898773,39.7331739628833],[-123.64774550453946,39.733173080105104],[-123.64774555247045,39.73317219669952],[-123.64774571231906,39.73317132117426],[-123.64774598254594,39.733170461961095],[-123.64774636054858,39.73316962733472],[-123.64774684268663,39.733168825333046],[-123.64774742431682,39.7331680636798],[-123.64774809983773,39.73316734971008],[-123.64774886274374,39.73316669029982],[-123.64774970568767,39.73316609179953],[-123.64775062055143,39.73316555997305],[-123.6477515985245,39.733165099942184],[-123.64775263018835,39.73316471613727],[-123.64775370560754,39.733164412254546],[-123.64775481442524,39.73316419122059],[-123.64775594596288,39.73316405516406],[-123.64775708932316,39.73316400539528],[-123.64785727721353,39.73316344603594],[-123.64787705364641,39.73314795451774],[-123.64787786310508,39.73314737762982],[-123.6478787394108,39.73314686224354],[-123.64787967475455,39.733146412951676],[-123.64788066080123,39.73314603375799],[-123.64788168876389,39.733145728041585],[-123.64788274948202,39.7331454985268],[-123.64788383350333,39.733145347258905],[-123.64797383507482,39.73313615019039],[-123.64802928511175,39.733101389622306],[-123.64803019114677,39.73310087551952],[-123.64803115705864,39.733100431128385],[-123.64803217387973,39.73310006057466],[-123.64803323216972,39.73309976729864],[-123.64803432210333,39.73309955402313],[-123.64803543356139,39.73309942272819],[-123.64803655622507,39.73309937463281],[-123.64824659874385,39.73309820133922],[-123.64824767030859,39.73309823339711],[-123.64824873353612,39.73309834126953],[-123.64824977944758,39.73309852404548],[-123.64825079921029,39.73309878018144],[-123.64825178421242,39.73309910751436],[-123.64825272613568,39.733099503279924],[-123.64825361702557,39.733099964135924],[-123.64829741752047,39.73312494751806],[-123.64841021816994,39.73312431720935],[-123.64841136234128,39.73312435420117],[-123.6484124963059,39.73312447760374],[-123.64841360914312,39.73312468622868],[-123.6484146901357,39.73312497806677],[-123.64841572887308,39.73312535030745],[-123.6484167153517,39.73312579936587],[-123.64841764007116,39.73312632091736],[-123.64841849412599,39.733126909939045],[-123.64847421670378,39.73316931493945],[-123.64861006728854,39.73317729156022],[-123.64861122820724,39.73317740515697],[-123.64861236855207,39.733177607954396],[-123.6486134768555,39.73317789791316],[-123.64861454197232,39.73317827211737],[-123.6486155531916,39.73317872680398],[-123.64861650034427,39.733179257400586],[-123.64861737390572,39.73317985857146],[-123.64872014576693,39.7332580677047],[-123.6488443795678,39.73326608775112],[-123.64884552702505,39.73326620631848],[-123.64884665361825,39.73326641208629],[-123.6488477482593,39.73326670302936],[-123.64884880017455,39.73326707628421],[-123.64884979901096,39.733267528177194],[-123.6488507349378,39.733268054260705],[-123.64885159874355,39.73326864935699],[-123.64910673302478,39.73346280414175],[-123.64914857588266,39.733462570052225],[-123.64914966297617,39.733462603127165],[-123.64915074135479,39.73346271422422],[-123.64915180164544,39.73346290237779],[-123.64915283463228,39.73346316595246],[-123.64915383133669,39.733463502657266],[-123.64915478309554,39.73346390956566],[-123.64915568163632,39.733464383140834],[-123.64935426984201,39.733579883073084],[-123.64951723487891,39.733641658856556],[-123.64951832661724,39.73364213037643],[-123.64951934670832,39.73364268941719],[-123.64952028342982,39.73364332955461],[-123.64957725125501,39.73368668078629],[-123.64966848465279,39.733712514823715],[-123.64966945317343,39.733712827921245],[-123.64967038132141,39.7337132069674],[-123.64967126158243,39.733713648893406],[-123.64979839953335,39.7337839566205],[-123.65004159845007,39.73382722688891],[-123.65004273977718,39.73382747776069],[-123.65004384220224,39.73382781683002],[-123.65004489432499,39.73382824059056],[-123.65004588526527,39.73382874466016],[-123.65004680477567,39.73382932382617],[-123.65004764334746,39.73382997209936],[-123.65014175768071,39.73391053510085],[-123.65014248203452,39.733911219931464],[-123.65014311595935,39.733911956282284],[-123.6501436533502,39.73391273706183],[-123.65014408903164,39.73391355475078],[-123.65014441880788,39.73391440147436],[-123.65014463950294,39.73391526907812],[-123.65014474899145,39.7339161492066],[-123.65014474621891,39.73391703338366],[-123.65014463121207,39.733917913094196],[-123.65014440507848,39.73391877986612],[-123.65014406999597,39.733919625351945],[-123.65014362919148,39.733920441409175],[-123.65014308691026,39.73392122017873],[-123.65014244837477,39.73392195416063],[-123.6501417197344,39.733922636286216],[-123.65014090800642,39.733923259986284],[-123.65014002100818,39.73392381925422],[-123.65013906728194,39.73392430870398],[-123.65013805601268,39.733924723621904],[-123.6501369969394,39.73392506001209],[-123.65013590026162,39.73392531463492],[-123.65013477654088,39.73392548503823],[-123.6501336365993,39.733925569580954],[-123.65013249141506,39.7339255674489],[-123.650131352017,39.73392547866259],[-123.65013022937812,39.733925304077076],[-123.65012913431006,39.733925045373745],[-123.65012807735889,39.73392470504402],[-123.65012706870368,39.73392428636547],[-123.65012611805828,39.73392379337022],[-123.65012523457797,39.73392323080606],[-123.65012442677113,39.73392260409083],[-123.65003277478888,39.73384414887846],[-123.64979088253591,39.73380111108673]]]}},{"type":"Feature","properties":{"uid":"nhd-29593649-0","label":"South Fork Eel River","display_width_m":8.0,"flow_type":"Perennial","source_geometry":"NHD-guided lowest-cost 1 m LiDAR valley trace; inferred cartography, not surveyed channel banks","source_file":"USGS National Hydrography Dataset / MapServer layer 6; accessed 2026-09-16","location_note":"NHD-guided paths along low LiDAR channel terrain. Narrow ribbons are cartographic symbols, not measured banks or current water levels."},"geometry":{"type":"Polygon","coordinates":[[[-123.65076141776136,39.7238073129605],[-123.65076077860044,39.72381081508171],[-123.65075969798391,39.723814251965386],[-123.65075818631861,39.72381759051244],[-123.65075625816266,39.72382079857082],[-123.65075393208518,39.72382384524516],[-123.65075123048756,39.7238267011943],[-123.65074817938766,39.72382933891385],[-123.65074480816921,39.72383173300112],[-123.65074114929885,39.72383386039968],[-123.6507372380136,39.72383570062155],[-123.6507331119813,39.72383723594433],[-123.65072881093785,39.723838451582],[-123.6507243763048,39.72383933582728],[-123.65071985079007,39.723839880164405],[-123.65071527797696,39.723840079351106],[-123.65071070190422,39.723839931469115],[-123.65070616664202,39.72383943794258],[-123.65070171586741,39.723838603524456],[-123.65069739244392,39.72383743625066],[-123.65069323800847,39.7238359473627],[-123.65068929257065,39.72383415119938],[-123.65068559412718,39.723832065058794],[-123.65068217829614,39.7238297090316],[-123.65067907797382,39.72382710580767],[-123.65067632301808,39.72382428045751],[-123.65067393996056,39.72382126019078],[-123.65067195175139,39.72381807409438],[-123.65067037753809,39.72381475285212],[-123.65066923248116,39.723811328449436],[-123.65066852760803,39.723807833865195],[-123.65066826970696,39.72380430275416],[-123.65066793126438,39.723768264453476],[-123.65066812281897,39.72376473082217],[-123.65066830048396,39.72376375735831],[-123.65076081698368,39.723763238549495],[-123.65076101291424,39.72376420991831],[-123.65076127081988,39.723767741029114],[-123.65076160931123,39.72380377932911],[-123.65076141776136,39.7238073129605]]]}},{"type":"Feature","properties":{"uid":"nhd-29594231-0","label":"Unnamed mapped stream","display_width_m":2.0,"flow_type":"Ephemeral","source_geometry":"NHD-guided lowest-cost 1 m LiDAR valley trace; inferred cartography, not surveyed channel banks","source_file":"USGS National Hydrography Dataset / MapServer layer 6; accessed 2026-09-16","location_note":"NHD-guided paths along low LiDAR channel terrain. Narrow ribbons are cartographic symbols, not measured banks or current water levels."},"geometry":{"type":"Polygon","coordinates":[[[-123.65097907793377,39.73452362700956],[-123.65097923716459,39.73452275300169],[-123.65097950639252,39.734521895215394],[-123.65097988303391,39.734521061882305],[-123.65098036347432,39.73452026099944],[-123.65098094310329,39.734519500252404],[-123.65100208905427,39.734494621360625],[-123.65100087948016,39.73436593774677],[-123.65093610072621,39.73431664463901],[-123.65084571893846,39.73429973686905],[-123.65084471124806,39.73429951087922],[-123.6508437339263,39.73429921591313],[-123.65084279487571,39.734298854355856],[-123.65084190168938,39.73429842913091],[-123.65084106158949,39.73429794367662],[-123.65077326710461,39.73425496487632],[-123.65068322659612,39.73424678746787],[-123.65068213983565,39.73424664834739],[-123.65068107490926,39.734246430727474],[-123.65068004130681,39.73424613654739],[-123.65067904823907,39.73424576842866],[-123.65067810455557,39.7342453296517],[-123.65067721866573,39.734244824126584],[-123.65067639846399,39.73424425635819],[-123.65064457952116,39.73422004366731],[-123.65061440542897,39.734220212867406],[-123.65061326123855,39.734220175897484],[-123.65061212725226,39.7342200525166],[-123.65061101439093,39.73421984391301],[-123.65060993337212,39.73421955209565],[-123.6506088946066,39.734219179874906],[-123.65060790809824,39.73421873083545],[-123.65060698334766,39.734218209301794],[-123.65060612926072,39.73421762029658],[-123.65029169192026,39.733978346933235],[-123.65019065635113,39.73397025213751],[-123.65018954484428,39.733970121036265],[-123.65018845484036,39.73396990795069],[-123.65018739645912,39.733969614859106],[-123.65018637952667,39.73396924448263],[-123.65018541348441,39.73396880025988],[-123.65018450730123,39.7339682863151],[-123.6501836693902,39.733967707419794],[-123.65012490068283,39.73392298655083],[-123.65012412549268,39.73392233574319],[-123.65012343665715,39.73392162940442],[-123.65012284081003,39.73392087433691],[-123.65012234368966,39.73392007781241],[-123.6501219500836,39.73391924750186],[-123.65012166378251,39.73391839140164],[-123.65012148754357,39.733917517756424],[-123.65012142306409,39.73391663497991],[-123.650121470965,39.733915751573726],[-123.65012163078505,39.73391487604554],[-123.650121900985,39.733914016827185],[-123.65012227896275,39.7339131821934],[-123.65012276107811,39.733912380182154],[-123.65012334268805,39.733911618517276],[-123.65012401819135,39.733910904533964],[-123.65012478108258,39.733910245108305],[-123.65012562401463,39.73390964659094],[-123.65012653886963,39.73390911474587],[-123.65012751683702,39.73390865469508],[-123.65012854849846,39.73390827086912],[-123.65012962391845,39.73390796696442],[-123.65013073274011,39.733907745907764],[-123.65013186428493,39.73390760982804],[-123.6501330076555,39.73390756003577],[-123.6501341518405,39.73390759701046],[-123.6501352858209,39.73390772039606],[-123.65013639867576,39.733907929004296],[-123.65013747968774,39.73390822082613],[-123.65013851844607,39.73390859305117],[-123.65013950494698,39.733909042094695],[-123.6501404296899,39.73390956363218],[-123.65014128376903,39.73391015264091],[-123.65019713708003,39.73395265499294],[-123.65029817262402,39.73396074978326],[-123.65029928413088,39.73396088088347],[-123.65030037413499,39.733961093968006],[-123.6503014325166,39.73396138705854],[-123.65030244944951,39.733961757434024],[-123.65030341549242,39.73396220165578],[-123.65030432167639,39.73396271559964],[-123.65030515958838,39.73396329449407],[-123.65061906970396,39.73420216664594],[-123.65064924378824,39.73420199744471],[-123.65065038797836,39.73420203441427],[-123.65065152196443,39.734202157794776],[-123.65065263482559,39.73420236639798],[-123.65065371584431,39.73420265821495],[-123.65065475460983,39.73420303043528],[-123.65065574111826,39.73420347947434],[-123.65065666586901,39.73420400100762],[-123.65065751995618,39.734204590012446],[-123.6506899298733,39.7342292524048],[-123.65077939175966,39.73423737726051],[-123.6507804856978,39.73423751757193],[-123.65078155744554,39.734237737420656],[-123.65078259732456,39.734238034821416],[-123.65078359594443,39.73423840708857],[-123.65078454428729,39.73423885086041],[-123.65078543378928,39.734239362129536],[-123.65085380938756,39.73428270932856],[-123.65094473820571,39.7342997194293],[-123.6509457472001,39.734299945760476],[-123.65094672573568,39.73430024124608],[-123.65094766587943,39.73430060349059],[-123.65094856000943,39.73430102955726],[-123.65094940087694,39.73430151599192],[-123.65095018166495,39.73430205885099],[-123.6510207051501,39.734355723376275],[-123.6510214803535,39.73435637417777],[-123.65102216920259,39.734357080511046],[-123.65102276506333,39.73435783557374],[-123.65102326219726,39.73435863209423],[-123.6510236558167,39.73435946240153],[-123.65102394213088,39.73436031849936],[-123.65102411838242,39.734361192143034],[-123.65102418287398,39.73436207491887],[-123.65102545321291,39.734497218287835],[-123.6510254055078,39.73449810012993],[-123.65102524627757,39.734498974137864],[-123.65102497705034,39.73449983192427],[-123.65102460040961,39.73450066525749],[-123.65102411996983,39.73450146614054],[-123.6510235403415,39.73450222688779],[-123.65100239439599,39.73452710578341],[-123.6510027921885,39.73456942569774],[-123.65100274429854,39.7345703091041],[-123.65100258448831,39.7345711846333],[-123.65100231429687,39.73457204385354],[-123.65100193632635,39.73457287849004],[-123.65100145421673,39.734573680504795],[-123.65100125657948,39.73457393933002],[-123.65098107394067,39.7345740525666],[-123.65098087145886,39.73457379598628],[-123.65098037432384,39.73457299946567],[-123.65097998070368,39.734572169158255],[-123.65097969438912,39.73457131306035],[-123.65097951813755,39.734570439416636],[-123.65097945364636,39.734569556640814],[-123.65097903022804,39.73452450885164],[-123.65097907793377,39.73452362700956]]]}},{"type":"Feature","properties":{"uid":"nhd-29594705-0","label":"Unnamed mapped stream","display_width_m":2.0,"flow_type":"Ephemeral","source_geometry":"NHD-guided lowest-cost 1 m LiDAR valley trace; inferred cartography, not surveyed channel banks","source_file":"USGS National Hydrography Dataset / MapServer layer 6; accessed 2026-09-16","location_note":"NHD-guided paths along low LiDAR channel terrain. Narrow ribbons are cartographic symbols, not measured banks or current water levels."},"geometry":{"type":"Polygon","coordinates":[[[-123.6514220385062,39.73447697234984],[-123.65142083705605,39.734476931248544],[-123.65141964746616,39.73447679489564],[-123.65141848237086,39.734476564739325],[-123.65141735414439,39.734476243223995],[-123.65123168357287,39.73441476429441],[-123.6511283403391,39.73440648551619],[-123.651127199255,39.734406349770765],[-123.65112608113047,39.73440612763219],[-123.6511249969103,39.734405821274905],[-123.65112395720747,39.73440543369768],[-123.65112297219913,39.73440496869435],[-123.65097216159856,39.73432560309649],[-123.65084547830962,39.734299689756725],[-123.65084428938475,39.73429939313251],[-123.65084314835234,39.73429900006465],[-123.65084206829331,39.73429851505932],[-123.65084106158949,39.73429794367662],[-123.65077326710461,39.73425496487632],[-123.65068322659612,39.73424678746787],[-123.65068213983565,39.73424664834739],[-123.65068107490926,39.734246430727474],[-123.65068004130681,39.73424613654739],[-123.65067904823907,39.73424576842866],[-123.65067810455557,39.7342453296517],[-123.65067721866573,39.734244824126584],[-123.65067639846399,39.73424425635819],[-123.65064457952116,39.73422004366731],[-123.65061440542897,39.734220212867406],[-123.65061326123855,39.734220175897484],[-123.65061212725226,39.7342200525166],[-123.65061101439093,39.73421984391301],[-123.65060993337212,39.73421955209565],[-123.6506088946066,39.734219179874906],[-123.65060790809824,39.73421873083545],[-123.65060698334766,39.734218209301794],[-123.65060612926072,39.73421762029658],[-123.65029169192026,39.733978346933235],[-123.65019065635113,39.73397025213751],[-123.65018954484428,39.733970121036265],[-123.65018845484036,39.73396990795069],[-123.65018739645912,39.733969614859106],[-123.65018637952667,39.73396924448263],[-123.65018541348441,39.73396880025988],[-123.65018450730123,39.7339682863151],[-123.6501836693902,39.733967707419794],[-123.65012490068283,39.73392298655083],[-123.65012412549268,39.73392233574319],[-123.65012343665715,39.73392162940442],[-123.65012284081003,39.73392087433691],[-123.65012234368966,39.73392007781241],[-123.6501219500836,39.73391924750186],[-123.65012166378251,39.73391839140164],[-123.65012148754357,39.733917517756424],[-123.65012142306409,39.73391663497991],[-123.650121470965,39.733915751573726],[-123.65012163078505,39.73391487604554],[-123.650121900985,39.733914016827185],[-123.65012227896275,39.7339131821934],[-123.65012276107811,39.733912380182154],[-123.65012334268805,39.733911618517276],[-123.65012401819135,39.733910904533964],[-123.65012478108258,39.733910245108305],[-123.65012562401463,39.73390964659094],[-123.65012653886963,39.73390911474587],[-123.65012751683702,39.73390865469508],[-123.65012854849846,39.73390827086912],[-123.65012962391845,39.73390796696442],[-123.65013073274011,39.733907745907764],[-123.65013186428493,39.73390760982804],[-123.6501330076555,39.73390756003577],[-123.6501341518405,39.73390759701046],[-123.6501352858209,39.73390772039606],[-123.65013639867576,39.733907929004296],[-123.65013747968774,39.73390822082613],[-123.65013851844607,39.73390859305117],[-123.65013950494698,39.733909042094695],[-123.6501404296899,39.73390956363218],[-123.65014128376903,39.73391015264091],[-123.65019713708003,39.73395265499294],[-123.65029817262402,39.73396074978326],[-123.65029928413088,39.73396088088347],[-123.65030037413499,39.733961093968006],[-123.6503014325166,39.73396138705854],[-123.65030244944951,39.733961757434024],[-123.65030341549242,39.73396220165578],[-123.65030432167639,39.73396271559964],[-123.65030515958838,39.73396329449407],[-123.65061906970396,39.73420216664594],[-123.65064924378824,39.73420199744471],[-123.65065038797836,39.73420203441427],[-123.65065152196443,39.734202157794776],[-123.65065263482559,39.73420236639798],[-123.65065371584431,39.73420265821495],[-123.65065475460983,39.73420303043528],[-123.65065574111826,39.73420347947434],[-123.65065666586901,39.73420400100762],[-123.65065751995618,39.734204590012446],[-123.6506899298733,39.7342292524048],[-123.65077939175966,39.73423737726051],[-123.6507804856978,39.73423751757193],[-123.65078155744554,39.734237737420656],[-123.65078259732456,39.734238034821416],[-123.65078359594443,39.73423840708857],[-123.65078454428729,39.73423885086041],[-123.65078543378928,39.734239362129536],[-123.6508539100956,39.73428277317308],[-123.6509800711941,39.73430857969484],[-123.65098132515982,39.73430889574244],[-123.65098252491545,39.73430931903443],[-123.65098365513126,39.73430984416228],[-123.65113368149892,39.73438879704754],[-123.65123585715024,39.7343969822894],[-123.65123701660066,39.734397120955045],[-123.65123815215509,39.7343973488099],[-123.65123925233458,39.73439766355064],[-123.65142430997969,39.73445893953128],[-123.65164358479281,39.73445770824514],[-123.65164460130018,39.73445773676425],[-123.65164561072844,39.73445783351912],[-123.65164660540816,39.73445799777465],[-123.65164757778204,39.73445822828284],[-123.6517762786879,39.73449354552681],[-123.65177733763257,39.73449388215817],[-123.6517781317628,39.73449420821788],[-123.65177827849357,39.73450979981788],[-123.65177738207565,39.73451017163789],[-123.65177632497706,39.734510511726604],[-123.65177522979451,39.7345107701803],[-123.65177410707517,39.734510944509886],[-123.65177296763153,39.7345110330365],[-123.65177182243698,39.73451103490756],[-123.65177068252044,39.73451095010508],[-123.65176955885991,39.73451077944573],[-123.65176846227686,39.734510524573054],[-123.65164169850277,39.73447573890454],[-123.6514220385062,39.73447697234984]]]}},{"type":"Feature","properties":{"uid":"nhd-29594833-0","label":"Unnamed mapped stream","display_width_m":2.0,"flow_type":"Intermittent","source_geometry":"NHD-guided lowest-cost 1 m LiDAR valley trace; inferred cartography, not surveyed channel banks","source_file":"USGS National Hydrography Dataset / MapServer layer 6; accessed 2026-09-16","location_note":"NHD-guided paths along low LiDAR channel terrain. Narrow ribbons are cartographic symbols, not measured banks or current water levels."},"geometry":{"type":"Polygon","coordinates":[[[-123.64748559581695,39.733198921904105],[-123.64748475287031,39.7331995204025],[-123.647483838004,39.73320005222691],[-123.64748286002863,39.733200512255536],[-123.64748182836273,39.73320089605808],[-123.64748075294172,39.733201199938286],[-123.64747964412253,39.73320142096964],[-123.6474785125837,39.733201557023484],[-123.64747736922257,39.73320160678953],[-123.64734134438767,39.73320236576428],[-123.64724005491779,39.73326410313432],[-123.647239159029,39.7332645980445],[-123.64723820669003,39.73326502552589],[-123.64723720638744,39.733265381769016],[-123.64723616703529,39.733265663599326],[-123.64723509789546,39.733265868505356],[-123.64723400849542,39.73326599466109],[-123.64723290854315,39.73326604094235],[-123.64695768459391,39.73326757585943],[-123.64682205865708,39.73337381346109],[-123.64682121570254,39.73337441195474],[-123.64682030082871,39.73337494377395],[-123.64681932284641,39.73337540379705],[-123.64681829117411,39.73337578759373],[-123.64681721574738,39.73337609146783],[-123.64681610692315,39.73337631249289],[-123.64681497538005,39.73337644854029],[-123.64681383201548,39.73337649829983],[-123.64674478330403,39.73337688319513],[-123.64660587404765,39.73339555486836],[-123.64660473755804,39.73339566359326],[-123.64660359273937,39.733395685787514],[-123.64660245061683,39.7333956212374],[-123.64660132218972,39.73339547056456],[-123.64660021832542,39.733395235220044],[-123.64659914965475,39.73339491747038],[-123.64659812646957,39.733394520375626],[-123.64659715862372,39.733394047760065],[-123.6465962554381,39.73339350417522],[-123.6465954256109,39.73339289485612],[-123.64659467713379,39.73339222567085],[-123.64659401721498,39.73339150306402],[-123.6465934522099,39.73339073399475],[-123.64659298755984,39.733389925869574],[-123.64659262773962,39.73338908647119],[-123.64659237621451,39.73338822388346],[-123.64659223540683,39.73338734641359],[-123.64659220667262,39.73338646251208],[-123.64659229028862,39.7333855806914],[-123.64659248544956,39.73338470944394],[-123.64659279027592,39.73338385716031],[-123.64659320183203,39.73338303204846],[-123.64659371615441,39.73338224205468],[-123.64659432828984,39.733381494787025],[-123.6465950323431,39.73338079744208],[-123.64659582153381,39.733380156735684],[-123.64659668826162,39.73337957883817],[-123.64659762417945,39.733379069315],[-123.64659862027389,39.73337863307318],[-123.64659966695204,39.733378274313935],[-123.64660075413383,39.73337799649233],[-123.64660187134908,39.73337780228392],[-123.6467417320483,39.73335900272101],[-123.64674268710303,39.73335890550647],[-123.64674364928797,39.73335886944319],[-123.64680883025414,39.733358506109475],[-123.64694445618174,39.733252268523074],[-123.64694529913373,39.73325167002855],[-123.64694621400494,39.733251138208345],[-123.64694719198465,39.733250678184206],[-123.64694822365438,39.733250294386394],[-123.64694929907854,39.73324999051109],[-123.64695040790028,39.733249769484786],[-123.64695153944103,39.73324963343609],[-123.64695268280342,39.733249583675196],[-123.64722873641884,39.733248044142215],[-123.64733002587556,39.73318630678199],[-123.6473309217627,39.7331858118711],[-123.64733187409999,39.73318538438899],[-123.64733287440089,39.73318502814505],[-123.64733391375148,39.733184746313874],[-123.64733498288975,39.733184541406956],[-123.64733607228828,39.73318441525027],[-123.64733717223919,39.73318436896805],[-123.6474723673018,39.73318361462861],[-123.64749214382779,39.733168123175254],[-123.64749298677395,39.7331675246768],[-123.64749390163978,39.733166992852325],[-123.6474948796146,39.73316653282361],[-123.64749591127992,39.733166149020946],[-123.64749698670032,39.733165845140604],[-123.64749809551886,39.73316562410909],[-123.64749922705708,39.733165488055064],[-123.6475003704176,39.73316543828881],[-123.64775708932316,39.73316400539528],[-123.64775823349491,39.73316404239352],[-123.64775936745909,39.733164165802485],[-123.64776048029505,39.73316437443369],[-123.64776156128558,39.73316466627787],[-123.64776260002012,39.73316503852443],[-123.64776358649513,39.733165487588444],[-123.64776451121028,39.733166009145144],[-123.64776536526007,39.73316659817169],[-123.64776614041955,39.73316724899542],[-123.64776682922351,39.733167955348556],[-123.64776742503838,39.73316871042852],[-123.64776792212612,39.7331695069635],[-123.64776831569957,39.73317033728241],[-123.6477686019683,39.73317119338884],[-123.64776877817542,39.733172067038005],[-123.64776884262399,39.7331729498162],[-123.64776879469329,39.733173833221784],[-123.64776863484495,39.73317470874708],[-123.64776836461836,39.7331755679603],[-123.64776798661595,39.73317640258673],[-123.6477675044781,39.73317720458849],[-123.64776692284806,39.73317796624184],[-123.64776624732723,39.73317868021166],[-123.64776548442126,39.73317933962203],[-123.6477646414773,39.73317993812245],[-123.64776372661345,39.73318046994903],[-123.64776274864026,39.73318092998001],[-123.64776171697623,39.73318131378501],[-123.6477606415568,39.73318161766782],[-123.64775953273885,39.73318183870181],[-123.64775840120093,39.73318197475838],[-123.64775725784034,39.73318202452718],[-123.64750537234428,39.73318343044852],[-123.64748559581695,39.733198921904105]]]}},{"type":"Feature","properties":{"uid":"nhd-29595537-0","label":"Unnamed mapped stream","display_width_m":2.0,"flow_type":"Intermittent","source_geometry":"NHD-guided lowest-cost 1 m LiDAR valley trace; inferred cartography, not surveyed channel banks","source_file":"USGS National Hydrography Dataset / MapServer layer 6; accessed 2026-09-16","location_note":"NHD-guided paths along low LiDAR channel terrain. Narrow ribbons are cartographic symbols, not measured banks or current water levels."},"geometry":{"type":"Polygon","coordinates":[[[-123.65157628743725,39.73191689195492],[-123.6515752109691,39.73191709983893],[-123.65157411379525,39.73191722783826],[-123.65157300583658,39.73191727479548],[-123.65151949511527,39.73191757527214],[-123.65132595831498,39.73206919347168],[-123.65132511541576,39.73206979199769],[-123.65132420059435,39.732070323852064],[-123.65132322266098,39.73207078391279],[-123.65132219103369,39.73207116774918],[-123.65132111564766,39.73207147166473],[-123.65132000685938,39.73207169273255],[-123.65131887534713,39.73207182882363],[-123.651317732008,39.73207187862732],[-123.6511193615914,39.7320729919703],[-123.65111831165638,39.732072961339426],[-123.6511172695467,39.73207285791539],[-123.65111624371079,39.73207268253669],[-123.65111524246527,39.73207243662511],[-123.65111427392733,39.73207212217426],[-123.651113345949,39.732071741733485],[-123.65105660620708,39.73204588731875],[-123.65086127407835,39.73202040108691],[-123.65043264982923,39.73203175122516],[-123.65027145529113,39.7320772220687],[-123.65027009531363,39.732077534777915],[-123.65026869623378,39.73207771772365],[-123.65015480240083,39.73208715658424],[-123.65006417519947,39.73213159912953],[-123.650063177613,39.732132036741724],[-123.65006212918946,39.732132396598324],[-123.65006104006439,39.73213267522046],[-123.65005992076676,39.73213286991458],[-123.64992253099179,39.73215134170324],[-123.64985492976511,39.73218668776924],[-123.6498539529855,39.732187146278456],[-123.64985292278966,39.73218752879696],[-123.64985184906374,39.732187831653924],[-123.64985074211165,39.73218805194305],[-123.64984961255617,39.73218818755033],[-123.64984847123694,39.732188237174434],[-123.64950323850063,39.732190170187636],[-123.64922041386498,39.732411725972774],[-123.64922097001882,39.73247106103967],[-123.64922092210706,39.732471944445784],[-123.64922076227869,39.73247281997301],[-123.64922049207287,39.73247367918952],[-123.64922011409183,39.732474513820605],[-123.64921963197577,39.73247531582831],[-123.64921905036765,39.73247607748884],[-123.64921837486875,39.73247679146702],[-123.64921761198447,39.73247745088681],[-123.64868472295967,39.73289489298643],[-123.64868388002725,39.732895491493444],[-123.6486829651743,39.73289602332721],[-123.64868198721139,39.73289648336586],[-123.6486809555568,39.73289686717898],[-123.64867988014595,39.73289717107023],[-123.64867877133564,39.73289739211297],[-123.64867763980433,39.73289752817844],[-123.64867649644921,39.73289757795625],[-123.64826124611311,39.73289989870413],[-123.64817196172413,39.73296983881574],[-123.6481711187863,39.732970437319075],[-123.64817020392837,39.73297096914883],[-123.64816922596091,39.732971429183195],[-123.6481681943023,39.73297181299177],[-123.64816711888795,39.73297211687831],[-123.64816601007475,39.73297233791617],[-123.6481648785411,39.732972473976666],[-123.64816373518435,39.73297252374943],[-123.64781849840665,39.73297445178627],[-123.64776736084941,39.73301450951165],[-123.64776884262399,39.7331729498162],[-123.64776879469329,39.733173833221784],[-123.64776863484495,39.73317470874708],[-123.64776836461836,39.7331755679603],[-123.64776798661595,39.73317640258673],[-123.6477675044781,39.73317720458849],[-123.64776692284806,39.73317796624184],[-123.64776624732723,39.73317868021166],[-123.64776548442126,39.73317933962203],[-123.6477646414773,39.73317993812245],[-123.64776372661345,39.73318046994903],[-123.64776274864026,39.73318092998001],[-123.64776171697623,39.73318131378501],[-123.6477606415568,39.73318161766782],[-123.64775953273885,39.73318183870181],[-123.64775840120093,39.73318197475838],[-123.64775725784034,39.73318202452718],[-123.64775611366832,39.73318198752893],[-123.64775497970383,39.733181864119935],[-123.64775386686762,39.7331816554887],[-123.64775278587686,39.733181363644434],[-123.6477517471421,39.73318099139779],[-123.64775076066698,39.73318054233368],[-123.64774983595173,39.733180020776864],[-123.64774898190188,39.733179431750216],[-123.64774820674243,39.73317878092636],[-123.64774751793854,39.733178074573125],[-123.6477469221238,39.73317731949305],[-123.64774642503623,39.73317652295799],[-123.64774603146306,39.73317569263901],[-123.64774574519458,39.73317483653252],[-123.64774556898773,39.7331739628833],[-123.64774550453946,39.733173080105104],[-123.64774398791835,39.73301090791526],[-123.64774403584929,39.73301002450966],[-123.6477441956976,39.73300914898439],[-123.64774446592386,39.733008289771206],[-123.64774484392566,39.73300745514482],[-123.6477453260626,39.73300665314314],[-123.64774590769149,39.73300589148988],[-123.64774658321085,39.73300517752017],[-123.6477473461151,39.73300451810993],[-123.64780526986189,39.73295914454839],[-123.64780611280277,39.73295854604768],[-123.64780702766342,39.73295801422076],[-123.64780800563312,39.73295755418943],[-123.64780903729358,39.73295717038404],[-123.6478101127093,39.73295686650081],[-123.64781122152348,39.73295664546634],[-123.64781235305759,39.732956509409284],[-123.6478134964144,39.73295645963997],[-123.64815873310232,39.73295453161878],[-123.6482480174853,39.73288459151722],[-123.6482488604214,39.73288399301334],[-123.64824977527758,39.73288346118297],[-123.64825075324325,39.73288300114793],[-123.64825178490008,39.732882617338625],[-123.64825286031264,39.73288231345131],[-123.64825396912416,39.73288209241263],[-123.6482551006561,39.73288195635129],[-123.64825624401128,39.73288190657763],[-123.64867149423945,39.732879585848565],[-123.64919759720036,39.73246745973468],[-123.64919704106674,39.73240812466746],[-123.64919708897871,39.73240724126133],[-123.64919724880728,39.73240636573414],[-123.64919751901311,39.73240550651766],[-123.64919789699405,39.73240467188664],[-123.6491983791099,39.73240386987902],[-123.64919896071764,39.73240310821859],[-123.64919963621605,39.73240239424053],[-123.6492003990997,39.73240173482085],[-123.64949000973729,39.7321748631416],[-123.64949085265393,39.732174264628775],[-123.64949176749104,39.73217373278873],[-123.64949274543828,39.732173272743324],[-123.64949377707747,39.732172888923095],[-123.64949485247337,39.73217258502438],[-123.64949596126935,39.73217236397395],[-123.6494970927871,39.7321722279006],[-123.6494982361294,39.732172178114816],[-123.64984476913045,39.73217023783448],[-123.64991151871206,39.73213533706149],[-123.64991257476053,39.73213484563838],[-123.6499136920711,39.73213444299414],[-123.64991485816908,39.732134133624236],[-123.64991606003507,39.732133920982776],[-123.65005362603273,39.73211542550469],[-123.65014459085437,39.732070817395304],[-123.65014552004517,39.73207040665863],[-123.65014649408285,39.73207006340839],[-123.65014750476715,39.732069790534354],[-123.65014854358935,39.73206959033375],[-123.65014960180385,39.732069464492064],[-123.65026478694276,39.73205991861788],[-123.65042638751382,39.73201433323682],[-123.65042756210144,39.73201405506572],[-123.65042876805704,39.732013873787864],[-123.65042999201249,39.73201379141272],[-123.65086165440361,39.73200236082546],[-123.65086283054195,39.7320023754815],[-123.65086399879253,39.73200248148667],[-123.65106262307717,39.73202839726664],[-123.65106366556098,39.73202857145675],[-123.65106468308916,39.73202881841489],[-123.65106566716035,39.73202913607776],[-123.6510666095528,39.73202952179135],[-123.65112242428549,39.73205495471024],[-123.6513127291735,39.73205388663634],[-123.65150626596068,39.73190226845858],[-123.6515071088563,39.73190166993129],[-123.65150802367407,39.73190113807547],[-123.6515090016038,39.73190067801321],[-123.65151003322744,39.731900294175176],[-123.65151110860998,39.731899990257894],[-123.65151221739487,39.73189976918828],[-123.65151334890389,39.73189963309535],[-123.65151449224,39.73189958328974],[-123.65157058912101,39.73189926829297],[-123.65174303231534,39.731844884022415],[-123.65174411241512,39.73184459024898],[-123.65174522460674,39.73184437963146],[-123.65174635817924,39.7318442541982],[-123.65174750221561,39.73184421515717],[-123.65174864569826,39.73184426288437],[-123.65174977761474,39.73184439692016],[-123.65175088706415,39.73184461597371],[-123.65175196336185,39.731844917935405],[-123.65175299614252,39.73184529989719],[-123.65175320577985,39.73184539799951],[-123.65175335242066,39.73186098211266],[-123.65175289472069,39.73186119157167],[-123.65175185711452,39.73186156567186],[-123.651577333466,39.731916606065994],[-123.65157628743725,39.73191689195492]]]}},{"type":"Feature","properties":{"uid":"nhd-29595721-0","label":"South Fork Eel River","display_width_m":8.0,"flow_type":"Perennial","source_geometry":"NHD-guided lowest-cost 1 m LiDAR valley trace; inferred cartography, not surveyed channel banks","source_file":"USGS National Hydrography Dataset / MapServer layer 6; accessed 2026-09-16","location_note":"NHD-guided paths along low LiDAR channel terrain. Narrow ribbons are cartographic symbols, not measured banks or current water levels."},"geometry":{"type":"Polygon","coordinates":[[[-123.6485891303666,39.72979861299807],[-123.64858893869291,39.72980214662335],[-123.64858829937012,39.729805648730434],[-123.6485872185552,39.72980908559209],[-123.6485857066569,39.72981242410946],[-123.64858377823562,39.729815632130766],[-123.64858145186301,39.72981867876102],[-123.64857874994331,39.729821534659465],[-123.6485756984975,39.72982417232221],[-123.64851976539093,39.72986798927842],[-123.64852013172829,39.72990711915257],[-123.64851994005082,39.72991065277772],[-123.64851930072359,39.72991415488439],[-123.64851821990356,39.72991759174537],[-123.64851670799965,39.72992093026184],[-123.64851477957217,39.729924138282016],[-123.6485124531929,39.72992718491086],[-123.64850975126615,39.729930040807716],[-123.64850669981291,39.729932678468664],[-123.64845076657497,39.72997649539194],[-123.64845087985542,39.72998859655711],[-123.64845069600156,39.72999206322189],[-123.6484500812629,39.72999550017413],[-123.64844904133687,39.72999887555904],[-123.64844758586185,39.730002158092574],[-123.6484457283275,39.73000531735121],[-123.64844348595003,39.73000832405394],[-123.6484408795124,39.73001115033374],[-123.64843793317182,39.73001376999574],[-123.6480665403703,39.7303135280793],[-123.64805737228733,39.73037368695835],[-123.64805662234582,39.73037714690532],[-123.6480554402858,39.73038053416622],[-123.64805383730742,39.73038381664648],[-123.64805182859887,39.73038696324425],[-123.64804943319294,39.730389944145244],[-123.64804667378615,39.730392731105105],[-123.64798490346595,39.730449195198005],[-123.64795347815956,39.73056655925406],[-123.64795236577858,39.73056989885006],[-123.6479508451227,39.73057314107692],[-123.64794893011322,39.73057625625252],[-123.64794663828167,39.73057921585792],[-123.64794399060943,39.73058199279838],[-123.64794101133546,39.73058456165143],[-123.6479132116374,39.73060633888192],[-123.64786250560635,39.730710368265676],[-123.64786294861226,39.73075773418001],[-123.64786276438527,39.73076120379886],[-123.64786214853565,39.73076464362479],[-123.64786110678095,39.73076802172195],[-123.6478596487929,39.73077130672759],[-123.64785778810766,39.73077446814325],[-123.64785554199999,39.73077747661788],[-123.6478529313231,39.73078030422037],[-123.64772254395014,39.73090802796196],[-123.64771303001389,39.730978792078155],[-123.64771237136874,39.73098214538462],[-123.64771130737387,39.730985436038075],[-123.6477098474526,39.730988634894274],[-123.647708004535,39.730991713622025],[-123.64770579494305,39.730994644954066],[-123.64744446411838,39.731306582229166],[-123.64740094526664,39.73143634198562],[-123.64739947073399,39.73143994742197],[-123.64739751510116,39.73144341374371],[-123.64739509989244,39.731446702799424],[-123.64739225169028,39.73144977838866],[-123.64738900184294,39.73145260666052],[-123.64730989753909,39.73151457238576],[-123.64731009482078,39.73153568311988],[-123.64730990398166,39.73153920908314],[-123.6473092674166,39.73154270373359],[-123.64730819122936,39.73154613356187],[-123.6473066857392,39.731549465680196],[-123.64730476538183,39.731552668137674],[-123.64730244857107,39.73155571022673],[-123.64729975752218,39.73155856277744],[-123.64720612212197,39.73164823855583],[-123.64720650701499,39.73168943162651],[-123.64720630343399,39.73169306391107],[-123.64720562691004,39.731696661879305],[-123.647204484328,39.73170018891458],[-123.64720288731596,39.7317036091221],[-123.64720085212672,39.73170688769432],[-123.64719839947233,39.731709991265056],[-123.64710268724411,39.73181839927364],[-123.64710317125832,39.731870208748255],[-123.64710301379502,39.731873437831595],[-123.64710248235703,39.73187664304778],[-123.64710158121673,39.73187979862889],[-123.6471003176187,39.73188287920595],[-123.64706598445802,39.73195515098384],[-123.64706402433312,39.73195868236987],[-123.6470615884549,39.7319620325816],[-123.64705870450697,39.73196516354413],[-123.64705540526506,39.731968039674335],[-123.64695517679054,39.73204655165582],[-123.64689153028036,39.73212980999837],[-123.646849793072,39.73222886156793],[-123.646850327419,39.73228608034419],[-123.64685011297358,39.73228980055528],[-123.6468494024691,39.73229348382438],[-123.64684820349143,39.73229709082576],[-123.64684652884183,39.73230058304795],[-123.64684439640023,39.73230392320496],[-123.64684182893436,39.73230707563438],[-123.64678917243307,39.73236487113531],[-123.64676859506088,39.73243042754935],[-123.64676742228174,39.732433543610064],[-123.64676589124214,39.73243656559412],[-123.64676401435437,39.732439469001946],[-123.64676180683455,39.7324422302953],[-123.64675928657923,39.73244482708807],[-123.64675647402039,39.732447238327744],[-123.64672005579507,39.73247576546371],[-123.64670023079442,39.73255527616398],[-123.64669914750185,39.73255870610907],[-123.64669763475061,39.73256203776264],[-123.64669570705752,39.73256523915284],[-123.64669338292153,39.73256827955779],[-123.64669068464593,39.732571129800554],[-123.64668763812443,39.732573762529],[-123.646620116757,39.732626653183154],[-123.64662031383537,39.73264776391622],[-123.64662012205481,39.73265129753747],[-123.64661948260745,39.732654799633075],[-123.64661840165141,39.732658236475935],[-123.64661688959688,39.732661574967395],[-123.64661496100571,39.73266478295591],[-123.64661263445117,39.7326678295468],[-123.64660993233932,39.732670685399675],[-123.64660688069286,39.73267332301111],[-123.64659728348492,39.73268084065299],[-123.64659798519146,39.73275600879869],[-123.64659780089684,39.732759478414934],[-123.64659718496752,39.73276291823366],[-123.64659614312185,39.73276629631911],[-123.64659468503238,39.732769581308624],[-123.64659282423617,39.732772742703894],[-123.64659057800912,39.73277575115405],[-123.64658796720542,39.732778578728194],[-123.64655184779595,39.73281395828689],[-123.64655307539805,39.73294546984096],[-123.64655288361342,39.732949003461954],[-123.64655224416009,39.732952505557066],[-123.64655116319621,39.7329559423992],[-123.64654965113208,39.7329592808897],[-123.64654772252962,39.73296248887703],[-123.64654539596224,39.732965535466526],[-123.64654269383608,39.73296839131782],[-123.64653964217403,39.73297102892748],[-123.64651846000166,39.73298762115262],[-123.64652100268563,39.73326002734175],[-123.6465496987764,39.73329635766633],[-123.6465518890113,39.73329946388736],[-123.64655367436158,39.73330272090679],[-123.64655503763335,39.73330609735775],[-123.64655596569744,39.73330956072319],[-123.6465564496161,39.733313077649015],[-123.64655648472879,39.733316614265306],[-123.6465560706973,39.733320136512546],[-123.64655521150893,39.733323610469526],[-123.64655391543809,39.73332700268017],[-123.64655219496655,39.733330280475585],[-123.64655006666335,39.7333334122888],[-123.6465475510252,39.73333636795873],[-123.646544672279,39.73333911902064],[-123.64654145814868,39.73334163898027],[-123.64653793958803,39.733343903569],[-123.64653415048275,39.73334589097758],[-123.64653012732403,39.73334758206615],[-123.6465259088571,39.73334896054858],[-123.64652153570816,39.73335001314933],[-123.6465170499931,39.73335072973123],[-123.64651249491178,39.73335110339321],[-123.64650791433232,39.733351130536704],[-123.64650335236819,39.73335081090031],[-123.64649885295371,39.73335014756228],[-123.64649445942074,39.73334914691093],[-123.64649021408144,39.733347818583134],[-123.64648615782085,39.733346175371395],[-123.64648232970299,39.733344233100766],[-123.64647876659475,39.73334201047641],[-123.64647550281083,39.733339528903436],[-123.64647256978328,39.73333681228078],[-123.6464699957587,39.733333886771],[-123.6464345681099,39.7332890339707],[-123.64643254362599,39.73328619031264],[-123.64643085863544,39.73328321758233],[-123.64642952679857,39.7332801398801],[-123.6464285589127,39.733276982157186],[-123.64642796282457,39.733273770013604],[-123.64642774336669,39.73327052949053],[-123.64642496857546,39.73297321373024],[-123.64642516036668,39.73296968010943],[-123.64642579982666,39.732966178014955],[-123.64642688079692,39.73296274117394],[-123.6464283928671,39.732959402685],[-123.64643032147505,39.7329561946996],[-123.64643264804724,39.73295314811237],[-123.64643535017741,39.73295029226359],[-123.64643840184259,39.73294765465662],[-123.64645958402227,39.732931062445935],[-123.64645837793466,39.73280183688704],[-123.6464585622364,39.732798367270966],[-123.64645917817293,39.732794927452936],[-123.64646022002574,39.73279154936868],[-123.6464616781221,39.73278826438081],[-123.64646353892472,39.7327851029876],[-123.64646578515769,39.732782094539836],[-123.64646839596656,39.7327792669684],[-123.64650451540126,39.73274388743526],[-123.64650379245988,39.7326664332899],[-123.64650398424645,39.73266289966881],[-123.64650462369976,39.732659397573784],[-123.64650570466148,39.732655960731925],[-123.64650721672129,39.732652622241865],[-123.64650914531718,39.7326494142551],[-123.64651147187568,39.732646367666256],[-123.64651417399074,39.732643511815624],[-123.64651722563946,39.73264087420658],[-123.64652682285073,39.73263335657125],[-123.64652662580104,39.73261224583772],[-123.64652681758633,39.732608712216575],[-123.64652745703802,39.73260521012141],[-123.6465285379978,39.73260177327932],[-123.64653005005535,39.73259843478896],[-123.64653197864872,39.7325952268018],[-123.6465343052044,39.7325921802125],[-123.64653700731641,39.732589324361335],[-123.64654005896186,39.7325866867517],[-123.64661123182198,39.73253093588451],[-123.64663105691884,39.732451425198285],[-123.64663214021316,39.732447995253764],[-123.64663365296519,39.732444663600965],[-123.64663558065786,39.73244146221174],[-123.64663790479221,39.7324384218079],[-123.64664060306491,39.73243557156633],[-123.64664364958222,39.73243293883908],[-123.64668091292664,39.73240374973561],[-123.64670053262536,39.732341244572616],[-123.6467017620451,39.732338000720176],[-123.64670337963842,39.73233486005461],[-123.64670537117807,39.73233185019899],[-123.64670771914784,39.732328997625935],[-123.64675686842664,39.73227505171449],[-123.64675638738746,39.73222353373815],[-123.64675661955471,39.732219674536935],[-123.64675738542964,39.73221585669426],[-123.64675867621096,39.73221212408319],[-123.64680434216488,39.73210374907146],[-123.64680618293585,39.73210007608391],[-123.64680853179463,39.732096580107886],[-123.6468777035639,39.73200609410828],[-123.64688090361955,39.73200243922324],[-123.64688465806945,39.73199911360537],[-123.64698182277972,39.731923001634655],[-123.64700975962798,39.73186419433939],[-123.64700923157181,39.73180766233945],[-123.64700943516341,39.73180403005522],[-123.64701011169863,39.7318004320881],[-123.64701125429222,39.73179690505471],[-123.64701285131588,39.73179348484975],[-123.64701488651663,39.731790206280806],[-123.64701733918211,39.73178710271389],[-123.6471130515027,39.731678694774295],[-123.64711265165415,39.73163589486762],[-123.64711284250356,39.73163236890467],[-123.64711347907937,39.731628874255264],[-123.64711455527753,39.73162544442873],[-123.64711606077863,39.73162211231284],[-123.64711798114669,39.731618909858426],[-123.64712029796773,39.73161586777302],[-123.64712298902629,39.7316130152264],[-123.64721662448832,39.73152333951403],[-123.64721640795733,39.731500165581366],[-123.6472165997049,39.73149663195874],[-123.647217239112,39.731493129859516],[-123.6472183200206,39.731489693010786],[-123.64721983202101,39.73148635451129],[-123.64722176055174,39.731483146512595],[-123.6472240870399,39.73148009990946],[-123.64722678908014,39.73147724404233],[-123.64722984065035,39.731474606414714],[-123.64731371646629,39.73140890303817],[-123.64735598566152,39.73128286983621],[-123.64735749247485,39.731279198045975],[-123.64735949819978,39.731275671385816],[-123.64736197992632,39.73127233013819],[-123.64762133291632,39.73096275419026],[-123.64763108772732,39.73089019916924],[-123.64763174517904,39.73088685047974],[-123.6476328068669,39.73088356422915],[-123.64763426341395,39.73088036944199],[-123.6476361019557,39.73087729433499],[-123.64763830625395,39.7308743660678],[-123.64764085683998,39.730871610503236],[-123.64776948132665,39.73074561380953],[-123.64776909402678,39.730704197936745],[-123.64776925963733,39.73070089340517],[-123.64776981685843,39.730697614504145],[-123.64777076099817,39.73069438884241],[-123.6477720841067,39.730691243580424],[-123.64782933183166,39.73057379344692],[-123.64783128622256,39.73057034254266],[-123.64783369638866,39.730567067970746],[-123.64783653600588,39.7305640054961],[-123.64783977405999,39.73056118856708],[-123.64786485096221,39.730541544292116],[-123.64789588625608,39.73042563735743],[-123.64789705115358,39.7304221673639],[-123.647898656742,39.73041880388486],[-123.64790068713666,39.73041558019656],[-123.64790312224999,39.730412528192176],[-123.64790593799039,39.73040967806637],[-123.64796630141902,39.73035450007836],[-123.6479756553024,39.730293122541354],[-123.64797635540234,39.73028984143019],[-123.64797744420139,39.73028662410799],[-123.6479789124297,39.73028349796619],[-123.64798074758714,39.73028048961995],[-123.64798293404962,39.730277624681534],[-123.64798545320208,39.73027492754228],[-123.64798828359719,39.730272421164905],[-123.64835739506063,39.729974504749244],[-123.64835727885676,39.72996208948662],[-123.64835747054266,39.729958555861714],[-123.64835810987852,39.72995505375589],[-123.64835919070707,39.72995161689633],[-123.64836070261931,39.729948278381876],[-123.64836263105467,39.729945070364195],[-123.64836495744119,39.72994202373829],[-123.64836765937443,39.72993916784477],[-123.64837071083335,39.72993653018743],[-123.64842664409056,39.72989271330226],[-123.64842627780644,39.72985358342724],[-123.64842646948857,39.729850049802195],[-123.64842710881999,39.729846547695956],[-123.64842818964345,39.729843110835745],[-123.64842970155007,39.729839772320354],[-123.64843162997923,39.729836564301564],[-123.64843395635906,39.72983351767425],[-123.64843665828528,39.72983066177915],[-123.64843970973673,39.72982802411998],[-123.64849564286264,39.72978420720191],[-123.64849527654077,39.72974507732671],[-123.64849546748083,39.72974154995854],[-123.64849610448938,39.72973805393716],[-123.6484971814534,39.72973462281173],[-123.64849868803782,39.72973128950876],[-123.64850060978483,39.72972808601591],[-123.64850292825248,39.72972504307516],[-123.64852601212075,39.729697883934236],[-123.64852871016751,39.72969502585633],[-123.64853175803461,39.72969238573174],[-123.6485351263694,39.72968998898624],[-123.64853878273301,39.72968785870181],[-123.64854269191268,39.729686015394215],[-123.6485468162609,39.72968447681548],[-123.648551116058,39.72968325778295],[-123.6485555498946,39.729682370036564],[-123.6485600750705,39.72968182212578],[-123.64856464800589,39.729681619327266],[-123.64856922466093,39.729681763594094],[-123.64857376095999,39.72968225353691],[-123.64857821321614,39.729683084437255],[-123.64858253855171,39.72968424829315],[-123.64858669531147,39.72968573389605],[-123.64859064346358,39.72968752693876],[-123.6485943449852,39.72968961015338],[-123.64859776422871,39.729691963477414],[-123.6486008682649,39.72969456424709],[-123.64860362720019,39.729697387415605],[-123.64860601446455,39.729700405794304],[-123.64860800706722,39.72970359031461],[-123.64860958581839,39.729706910307854],[-123.64861073551371,39.7297103338007],[-123.64861144508097,39.729713827823055],[-123.64861170768654,39.729717358725594],[-123.64861152080135,39.72972089250379],[-123.6486108862251,39.72972439512544],[-123.64860981006908,39.72972783285835],[-123.64860830269718,39.72973117259527],[-123.64860637862616,39.72973438217271],[-123.64860405638584,39.72973743068064],[-123.64858872638924,39.72975546709271],[-123.6485891303666,39.72979861299807]]]}},{"type":"Feature","properties":{"uid":"nhd-29596185-0","label":"South Fork Eel River","display_width_m":8.0,"flow_type":"Perennial","source_geometry":"NHD-guided lowest-cost 1 m LiDAR valley trace; inferred cartography, not surveyed channel banks","source_file":"USGS National Hydrography Dataset / MapServer layer 6; accessed 2026-09-16","location_note":"NHD-guided paths along low LiDAR channel terrain. Narrow ribbons are cartographic symbols, not measured banks or current water levels."},"geometry":{"type":"Polygon","coordinates":[[[-123.64674833692624,39.73388495795723],[-123.64674769747484,39.733888460052846],[-123.64674661650672,39.73389189689629],[-123.64674510443214,39.73389523538889],[-123.64674317581321,39.733898443379104],[-123.64674084922349,39.73390148997221],[-123.64673814706936,39.733904345827845],[-123.6467350953739,39.73390698344252],[-123.64666982441497,39.733958110390155],[-123.64659568048639,39.73405789117986],[-123.64656330963535,39.73416987167158],[-123.64656200531843,39.73417348674547],[-123.64656022117931,39.73417697750541],[-123.64655797656292,39.73418030610202],[-123.64655529580696,39.73418343644412],[-123.64645128195463,39.73429213642305],[-123.64644698201032,39.73429602052343],[-123.64605689024384,39.73460157529038],[-123.64595044786353,39.734602167921956],[-123.64595025196772,39.734601196546514],[-123.6459499942602,39.7345976654298],[-123.6459501860792,39.73459413181052],[-123.64595082557727,39.73459062971931],[-123.64595190659563,39.73458719288325],[-123.64595341872342,39.73458385440092],[-123.64595534739803,39.73458064642374],[-123.64595767404515,39.73457759984623],[-123.64596037625789,39.734574744008576],[-123.64596342801245,39.73457210641406],[-123.64637816647486,39.73424724655668],[-123.64647434503235,39.734146734997715],[-123.6465061096872,39.73403685200303],[-123.6465073586224,39.73403336514818],[-123.64650905403933,39.73402999253321],[-123.64651117885364,39.73402676814311],[-123.6465918538742,39.73391819816894],[-123.6465939926889,39.73391558606094],[-123.64659641347501,39.73391312502336],[-123.64659909843301,39.733910833151576],[-123.64665503601675,39.7338670171125],[-123.64665374540667,39.73372878201258],[-123.64665393718775,39.73372524839192],[-123.64665457664255,39.733721746296695],[-123.64665565761271,39.73371830945398],[-123.64665716968784,39.733714970962446],[-123.64665909830579,39.733711762973584],[-123.64666142489281,39.73370871638202],[-123.64666412704264,39.73370586052812],[-123.64666717873203,39.73370322291527],[-123.64667055057153,39.7337008289451],[-123.6466742100885,39.733698701672836],[-123.64667812203983,39.73369686158524],[-123.64668224875129,39.73369532640333],[-123.64668655048045,39.733694110911735],[-123.64669098579934,39.733693226816285],[-123.64669551199351,39.7336926826313],[-123.64670008547326,39.733692483597544],[-123.64670466219359,39.73369263163184],[-123.64670919807824,39.733693125308534],[-123.6467136494442,39.733693959873264],[-123.64671797342247,39.7336951272887],[-123.64672212837078,39.73369661631203],[-123.64672607427482,39.73369841260317],[-123.64672977313342,39.733700498862845],[-123.64673318932451,39.733702854999294],[-123.64673628994834,39.73370545832165],[-123.64673904514416,39.73370828375852],[-123.64674142837798,39.73371130409942],[-123.64674341669787,39.73371449025686],[-123.64674499095524,39.733717811546406],[-123.64674613598902,39.73372123598224],[-123.64674684077187,39.73372473058519],[-123.64674709851626,39.733728261700335],[-123.64674852870283,39.73388142433654],[-123.64674833692624,39.73388495795723]]]}}]}