{"type":"FeatureCollection","features":[{"type":"Feature","properties":{"id":1,"descriptio":"Level 5 rain gauge","category":"rain gauge","layer":"well15_northside","n":0.78,"e":2.79,"z":0.29,"noffset":null,"eoffset":null,"zoffset":null,"uid":"well15_northside-1","archived_description":"Level 5 rain gauge","description":"Level 5 rain gauge","label":"Survey 1 · Level 5 rain gauge","metadata_source":"Maps/Total station surve/points_offsets.xlsx / Sheet1; joined by id","survey_group":"well15_northside","raw_z_m":0.29,"qa_flag":"Raw relative z retained; elevation not adjusted","placement":"Rigid fit to known wells; provisional","source_file":"Raw CSVs in Maps/Total station surve; reference geometry in Maps/Rivendell Wells Trees Siting/surveypoints","location_note":"Provisional rigid fits for the two northern groups. Southern group retains original placement. Fit residuals measure agreement with existing wells, not independently established absolute accuracy."},"geometry":{"type":"Point","coordinates":[-123.64388208527876,39.72840181449044]}},{"type":"Feature","properties":{"id":2,"descriptio":"tree tag 45 madrone","category":"tree","layer":"well15_northside","n":2.65,"e":-0.83,"z":-0.3,"noffset":null,"eoffset":null,"zoffset":null,"uid":"well15_northside-2","archived_description":"tree tag 45 madrone","description":"tree tag 45 madrone","label":"Survey 2 · tree tag 45 madrone","metadata_source":"Maps/Total station surve/points_offsets.xlsx / Sheet1; joined by id","survey_group":"well15_northside","raw_z_m":-0.3,"qa_flag":"Raw relative z retained; elevation not adjusted","placement":"Rigid fit to known wells; provisional","source_file":"Raw CSVs in Maps/Total station surve; reference geometry in Maps/Rivendell Wells Trees Siting/surveypoints","location_note":"Provisional rigid fits for the two northern groups. Southern group retains original placement. Fit residuals measure agreement with existing wells, not independently established absolute accuracy."},"geometry":{"type":"Point","coordinates":[-123.64392295406918,39.728420570972446]}},{"type":"Feature","properties":{"id":3,"descriptio":"N04_Ridge soil sample","category":"soil sample","layer":"well15_northside","n":10.18,"e":5.79,"z":-1.11,"noffset":null,"eoffset":null,"zoffset":null,"uid":"well15_northside-3","archived_description":"N04_Ridge soil sample","description":"N04_Ridge soil sample","label":"Survey 3 · N04_Ridge soil sample","metadata_source":"Maps/Total station surve/points_offsets.xlsx / Sheet1; joined by id","survey_group":"well15_northside","raw_z_m":-1.11,"qa_flag":"Raw relative z retained; elevation not adjusted","placement":"Rigid fit to known wells; provisional","source_file":"Raw CSVs in Maps/Total station surve; reference geometry in Maps/Rivendell Wells Trees Siting/surveypoints","location_note":"Provisional rigid fits for the two northern groups. Southern group retains original placement. Fit residuals measure agreement with existing wells, not independently established absolute accuracy."},"geometry":{"type":"Point","coordinates":[-123.64384062329331,39.728484751099835]}},{"type":"Feature","properties":{"id":4,"descriptio":"sap flow douglas fir with no tree tag","category":"tree","layer":"well15_northside","n":12.08,"e":1.31,"z":-2.32,"noffset":null,"eoffset":null,"zoffset":null,"uid":"well15_northside-4","archived_description":"sap flow douglas fir with no tree tag","description":"sap flow douglas fir with no tree tag","label":"Survey 4 · sap flow douglas fir with no tree tag","metadata_source":"Maps/Total station surve/points_offsets.xlsx / Sheet1; joined by id","survey_group":"well15_northside","raw_z_m":-2.32,"qa_flag":"Raw relative z retained; elevation not adjusted","placement":"Rigid fit to known wells; provisional","source_file":"Raw CSVs in Maps/Total station surve; reference geometry in Maps/Rivendell Wells Trees Siting/surveypoints","location_note":"Provisional rigid fits for the two northern groups. Southern group retains original placement. Fit residuals measure agreement with existing wells, not independently established absolute accuracy."},"geometry":{"type":"Point","coordinates":[-123.64389148854754,39.7285042377985]}},{"type":"Feature","properties":{"id":5,"descriptio":"yellow flag labeled R1 Dralle 3/28/17","category":"unclassified","layer":"well15_northside","n":8.98,"e":-0.74,"z":-1.7,"noffset":null,"eoffset":null,"zoffset":null,"uid":"well15_northside-5","archived_description":"yellow flag labeled R1 Dralle 3/28/17","description":"yellow flag labeled R1 Dralle 3/28/17","label":"Survey 5 · yellow flag labeled R1 Dralle 3/28/17","metadata_source":"Maps/Total station surve/points_offsets.xlsx / Sheet1; joined by id","survey_group":"well15_northside","raw_z_m":-1.7,"qa_flag":"Raw relative z retained; elevation not adjusted","placement":"Rigid fit to known wells; provisional","source_file":"Raw CSVs in Maps/Total station surve; reference geometry in Maps/Rivendell Wells Trees Siting/surveypoints","location_note":"Provisional rigid fits for the two northern groups. Southern group retains original placement. Fit residuals measure agreement with existing wells, not independently established absolute accuracy."},"geometry":{"type":"Point","coordinates":[-123.6439175164217,39.728477454150735]}},{"type":"Feature","properties":{"id":6,"descriptio":"ERT flag 67","category":"geophysics","layer":"well15_northside","n":7.39,"e":-8.06,"z":-2.33,"noffset":null,"eoffset":null,"zoffset":null,"uid":"well15_northside-6","archived_description":"ERT flag 67","description":"ERT flag 67","label":"Survey 6 · ERT flag 67","metadata_source":"Maps/Total station surve/points_offsets.xlsx / Sheet1; joined by id","survey_group":"well15_northside","raw_z_m":-2.33,"qa_flag":"Raw relative z retained; elevation not adjusted","placement":"Rigid fit to known wells; provisional","source_file":"Raw CSVs in Maps/Total station surve; reference geometry in Maps/Rivendell Wells Trees Siting/surveypoints","location_note":"Provisional rigid fits for the two northern groups. Southern group retains original placement. Fit residuals measure agreement with existing wells, not independently established absolute accuracy."},"geometry":{"type":"Point","coordinates":[-123.6440038818302,39.728467072435116]}},{"type":"Feature","properties":{"id":7,"descriptio":"N05_SW_VV, 2 m south of surveyed point","category":"soil sample","layer":"well15_northside","n":3.54,"e":-14.2,"z":-3.69,"noffset":null,"eoffset":null,"zoffset":null,"uid":"well15_northside-7","archived_description":"N05_SW_VV, 2 m south of surveyed point","description":"N05_SW_VV, 2 m south of surveyed point","label":"Survey 7 · N05_SW_VV, 2 m south of surveyed point","metadata_source":"Maps/Total station surve/points_offsets.xlsx / Sheet1; joined by id","survey_group":"well15_northside","raw_z_m":-3.69,"qa_flag":"Raw relative z retained; elevation not adjusted","placement":"Rigid fit to known wells; provisional","source_file":"Raw CSVs in Maps/Total station surve; reference geometry in Maps/Rivendell Wells Trees Siting/surveypoints","location_note":"Provisional rigid fits for the two northern groups. Southern group retains original placement. Fit residuals measure agreement with existing wells, not independently established absolute accuracy."},"geometry":{"type":"Point","coordinates":[-123.64407806972861,39.728435732781236]}},{"type":"Feature","properties":{"id":8,"descriptio":"Romeo sap flow tree","category":"tree","layer":"well15_northside","n":15.07,"e":-7.85,"z":-4.35,"noffset":null,"eoffset":null,"zoffset":null,"uid":"well15_northside-8","archived_description":"Romeo sap flow tree","description":"Romeo sap flow tree","label":"Survey 8 · Romeo sap flow tree","metadata_source":"Maps/Total station surve/points_offsets.xlsx / Sheet1; joined by id","survey_group":"well15_northside","raw_z_m":-4.35,"qa_flag":"Raw relative z retained; elevation not adjusted","placement":"Rigid fit to known wells; provisional","source_file":"Raw CSVs in Maps/Total station surve; reference geometry in Maps/Rivendell Wells Trees Siting/surveypoints","location_note":"Provisional rigid fits for the two northern groups. Southern group retains original placement. Fit residuals measure agreement with existing wells, not independently established absolute accuracy."},"geometry":{"type":"Point","coordinates":[-123.64399611039183,39.72853603313681]}},{"type":"Feature","properties":{"id":9,"descriptio":"madrone tree tag 87 yellow flagging","category":"tree","layer":"well15_northside","n":17.4,"e":-13.63,"z":-6.09,"noffset":null,"eoffset":null,"zoffset":null,"uid":"well15_northside-9","archived_description":"madrone tree tag 87 yellow flagging","description":"madrone tree tag 87 yellow flagging","label":"Survey 9 · madrone tree tag 87 yellow flagging","metadata_source":"Maps/Total station surve/points_offsets.xlsx / Sheet1; joined by id","survey_group":"well15_northside","raw_z_m":-6.09,"qa_flag":"Raw relative z retained; elevation not adjusted","placement":"Rigid fit to known wells; provisional","source_file":"Raw CSVs in Maps/Total station surve; reference geometry in Maps/Rivendell Wells Trees Siting/surveypoints","location_note":"Provisional rigid fits for the two northern groups. Southern group retains original placement. Fit residuals measure agreement with existing wells, not independently established absolute accuracy."},"geometry":{"type":"Point","coordinates":[-123.64406181989939,39.72856008305169]}},{"type":"Feature","properties":{"id":10,"descriptio":"madrone tree tag 289 pink flagging","category":"tree","layer":"well15_northside","n":20.93,"e":-6.51,"z":-6.44,"noffset":null,"eoffset":null,"zoffset":null,"uid":"well15_northside-10","archived_description":"madrone tree tag 289 pink flagging","description":"madrone tree tag 289 pink flagging","label":"Survey 10 · madrone tree tag 289 pink flagging","metadata_source":"Maps/Total station surve/points_offsets.xlsx / Sheet1; joined by id","survey_group":"well15_northside","raw_z_m":-6.44,"qa_flag":"Raw relative z retained; elevation not adjusted","placement":"Rigid fit to known wells; provisional","source_file":"Raw CSVs in Maps/Total station surve; reference geometry in Maps/Rivendell Wells Trees Siting/surveypoints","location_note":"Provisional rigid fits for the two northern groups. Southern group retains original placement. Fit residuals measure agreement with existing wells, not independently established absolute accuracy."},"geometry":{"type":"Point","coordinates":[-123.64397643875624,39.72858802003304]}},{"type":"Feature","properties":{"id":11,"descriptio":"bay laurel tree tag 288, note that trees 65 and 64 are approximately 8 m east, but were out of view of total station","category":"unclassified","layer":"well15_northside","n":18.96,"e":1.01,"z":-5.2,"noffset":null,"eoffset":null,"zoffset":null,"uid":"well15_northside-11","archived_description":"bay laurel tree tag 288, note that trees 65 and 64 are approximately 8 m east, but were out of view of total station","description":"bay laurel tree tag 288, note that trees 65 and 64 are approximately 8 m east, but were out of view of total station","label":"Survey 11 · bay laurel tree tag 288, note that trees 65 and 64 are approximately 8 m east, but were out of view of total station","metadata_source":"Maps/Total station surve/points_offsets.xlsx / Sheet1; joined by id","survey_group":"well15_northside","raw_z_m":-5.2,"qa_flag":"Raw relative z retained; elevation not adjusted","placement":"Rigid fit to known wells; provisional","source_file":"Raw CSVs in Maps/Total station surve; reference geometry in Maps/Rivendell Wells Trees Siting/surveypoints","location_note":"Provisional rigid fits for the two northern groups. Southern group retains original placement. Fit residuals measure agreement with existing wells, not independently established absolute accuracy."},"geometry":{"type":"Point","coordinates":[-123.64389021218628,39.72856627639657]}},{"type":"Feature","properties":{"id":12,"descriptio":"sierra sap flow tree","category":"tree","layer":"well15_northside","n":24.9,"e":-12.61,"z":-8.52,"noffset":null,"eoffset":null,"zoffset":null,"uid":"well15_northside-12","archived_description":"sierra sap flow tree","description":"sierra sap flow tree","label":"Survey 12 · sierra sap flow tree","metadata_source":"Maps/Total station surve/points_offsets.xlsx / Sheet1; joined by id","survey_group":"well15_northside","raw_z_m":-8.52,"qa_flag":"Raw relative z retained; elevation not adjusted","placement":"Rigid fit to known wells; provisional","source_file":"Raw CSVs in Maps/Total station surve; reference geometry in Maps/Rivendell Wells Trees Siting/surveypoints","location_note":"Provisional rigid fits for the two northern groups. Southern group retains original placement. Fit residuals measure agreement with existing wells, not independently established absolute accuracy."},"geometry":{"type":"Point","coordinates":[-123.64404473847323,39.72862699124874]}},{"type":"Feature","properties":{"id":13,"descriptio":"PSME tree tag 76","category":"tree","layer":"well15_northside","n":29.12,"e":-14.17,"z":-10.42,"noffset":null,"eoffset":null,"zoffset":null,"uid":"well15_northside-13","archived_description":"PSME tree tag 76","description":"PSME tree tag 76","label":"Survey 13 · PSME tree tag 76","metadata_source":"Maps/Total station surve/points_offsets.xlsx / Sheet1; joined by id","survey_group":"well15_northside","raw_z_m":-10.42,"qa_flag":"Raw relative z retained; elevation not adjusted","placement":"Rigid fit to known wells; provisional","source_file":"Raw CSVs in Maps/Total station surve; reference geometry in Maps/Rivendell Wells Trees Siting/surveypoints","location_note":"Provisional rigid fits for the two northern groups. Southern group retains original placement. Fit residuals measure agreement with existing wells, not independently established absolute accuracy."},"geometry":{"type":"Point","coordinates":[-123.64405998314163,39.728665780580904]}},{"type":"Feature","properties":{"id":14,"descriptio":"Uniform sap flow tree tag 42","category":"tree","layer":"well15_northside","n":29.72,"e":-10.04,"z":-9.91,"noffset":null,"eoffset":null,"zoffset":null,"uid":"well15_northside-14","archived_description":"Uniform sap flow tree tag 42","description":"Uniform sap flow tree tag 42","label":"Survey 14 · Uniform sap flow tree tag 42","metadata_source":"Maps/Total station surve/points_offsets.xlsx / Sheet1; joined by id","survey_group":"well15_northside","raw_z_m":-9.91,"qa_flag":"Raw relative z retained; elevation not adjusted","placement":"Rigid fit to known wells; provisional","source_file":"Raw CSVs in Maps/Total station surve; reference geometry in Maps/Rivendell Wells Trees Siting/surveypoints","location_note":"Provisional rigid fits for the two northern groups. Southern group retains original placement. Fit residuals measure agreement with existing wells, not independently established absolute accuracy."},"geometry":{"type":"Point","coordinates":[-123.64401146099023,39.72866896605877]}},{"type":"Feature","properties":{"id":15,"descriptio":"tree tag 43 with yellow and blue flagging","category":"tree","layer":"well15_northside","n":31.03,"e":-12.2,"z":-11.08,"noffset":null,"eoffset":null,"zoffset":null,"uid":"well15_northside-15","archived_description":"tree tag 43 with yellow and blue flagging","description":"tree tag 43 with yellow and blue flagging","label":"Survey 15 · tree tag 43 with yellow and blue flagging","metadata_source":"Maps/Total station surve/points_offsets.xlsx / Sheet1; joined by id","survey_group":"well15_northside","raw_z_m":-11.08,"qa_flag":"Raw relative z retained; elevation not adjusted","placement":"Rigid fit to known wells; provisional","source_file":"Raw CSVs in Maps/Total station surve; reference geometry in Maps/Rivendell Wells Trees Siting/surveypoints","location_note":"Provisional rigid fits for the two northern groups. Southern group retains original placement. Fit residuals measure agreement with existing wells, not independently established absolute accuracy."},"geometry":{"type":"Point","coordinates":[-123.64403571224244,39.728681904349465]}},{"type":"Feature","properties":{"id":16,"descriptio":"level 3 rain gauge","category":"rain gauge","layer":"well15_northside","n":32.84,"e":-9.95,"z":-11.63,"noffset":null,"eoffset":null,"zoffset":null,"uid":"well15_northside-16","archived_description":"level 3 rain gauge","description":"level 3 rain gauge","label":"Survey 16 · level 3 rain gauge","metadata_source":"Maps/Total station surve/points_offsets.xlsx / Sheet1; joined by id","survey_group":"well15_northside","raw_z_m":-11.63,"qa_flag":"Raw relative z retained; elevation not adjusted","placement":"Rigid fit to known wells; provisional","source_file":"Raw CSVs in Maps/Total station surve; reference geometry in Maps/Rivendell Wells Trees Siting/surveypoints","location_note":"Provisional rigid fits for the two northern groups. Southern group retains original placement. Fit residuals measure agreement with existing wells, not independently established absolute accuracy."},"geometry":{"type":"Point","coordinates":[-123.64400824924022,39.72869697883396]}},{"type":"Feature","properties":{"id":17,"descriptio":"old rain gauge level 3","category":"rain gauge","layer":"well15_northside","n":33.68,"e":-10.25,"z":-11.95,"noffset":null,"eoffset":null,"zoffset":null,"uid":"well15_northside-17","archived_description":"old rain gauge level 3","description":"old rain gauge level 3","label":"Survey 17 · old rain gauge level 3","metadata_source":"Maps/Total station surve/points_offsets.xlsx / Sheet1; joined by id","survey_group":"well15_northside","raw_z_m":-11.95,"qa_flag":"Raw relative z retained; elevation not adjusted","placement":"Rigid fit to known wells; provisional","source_file":"Raw CSVs in Maps/Total station surve; reference geometry in Maps/Rivendell Wells Trees Siting/surveypoints","location_note":"Provisional rigid fits for the two northern groups. Southern group retains original placement. Fit residuals measure agreement with existing wells, not independently established absolute accuracy."},"geometry":{"type":"Point","coordinates":[-123.64401116116957,39.72870469430204]}},{"type":"Feature","properties":{"id":18,"descriptio":"unknown soil sensors, likely soil temperature or psychrometer","category":"sensor","layer":"well15_northside","n":32.42,"e":-8.37,"z":-11.4,"noffset":null,"eoffset":null,"zoffset":null,"uid":"well15_northside-18","archived_description":"unknown soil sensors, likely soil temperature or psychrometer","description":"unknown soil sensors, likely soil temperature or psychrometer","label":"Survey 18 · unknown soil sensors, likely soil temperature or psychrometer","metadata_source":"Maps/Total station surve/points_offsets.xlsx / Sheet1; joined by id","survey_group":"well15_northside","raw_z_m":-11.4,"qa_flag":"Raw relative z retained; elevation not adjusted","placement":"Rigid fit to known wells; provisional","source_file":"Raw CSVs in Maps/Total station surve; reference geometry in Maps/Rivendell Wells Trees Siting/surveypoints","location_note":"Provisional rigid fits for the two northern groups. Southern group retains original placement. Fit residuals measure agreement with existing wells, not independently established absolute accuracy."},"geometry":{"type":"Point","coordinates":[-123.64399013667546,39.728692355591164]}},{"type":"Feature","properties":{"id":19,"descriptio":"Level 3 TDR","category":"sensor","layer":"well15_northside","n":33.22,"e":-7.6,"z":-11.69,"noffset":null,"eoffset":null,"zoffset":null,"uid":"well15_northside-19","archived_description":"Level 3 TDR","description":"Level 3 TDR","label":"Survey 19 · Level 3 TDR","metadata_source":"Maps/Total station surve/points_offsets.xlsx / Sheet1; joined by id","survey_group":"well15_northside","raw_z_m":-11.69,"qa_flag":"Raw relative z retained; elevation not adjusted","placement":"Rigid fit to known wells; provisional","source_file":"Raw CSVs in Maps/Total station surve; reference geometry in Maps/Rivendell Wells Trees Siting/surveypoints","location_note":"Provisional rigid fits for the two northern groups. Southern group retains original placement. Fit residuals measure agreement with existing wells, not independently established absolute accuracy."},"geometry":{"type":"Point","coordinates":[-123.6439806130075,39.728699138509455]}},{"type":"Feature","properties":{"id":20,"descriptio":"tree tag 44 madrone, offset by 20 cm to the S","category":"tree","layer":"well15_northside","n":31.95,"e":-15.07,"z":-11.53,"noffset":null,"eoffset":null,"zoffset":null,"uid":"well15_northside-20","archived_description":"tree tag 44 madrone, offset by 20 cm to the S","description":"tree tag 44 madrone, offset by 20 cm to the S","label":"Survey 20 · tree tag 44 madrone, offset by 20 cm to the S","metadata_source":"Maps/Total station surve/points_offsets.xlsx / Sheet1; joined by id","survey_group":"well15_northside","raw_z_m":-11.53,"qa_flag":"Raw relative z retained; elevation not adjusted","placement":"Rigid fit to known wells; provisional","source_file":"Raw CSVs in Maps/Total station surve; reference geometry in Maps/Rivendell Wells Trees Siting/surveypoints","location_note":"Provisional rigid fits for the two northern groups. Southern group retains original placement. Fit residuals measure agreement with existing wells, not independently established absolute accuracy."},"geometry":{"type":"Point","coordinates":[-123.64406850399077,39.72869171508871]}},{"type":"Feature","properties":{"id":21,"descriptio":"Tango sap flow, tree tag covered","category":"tree","layer":"well15_northside","n":31.74,"e":-17.01,"z":-11.6,"noffset":null,"eoffset":null,"zoffset":null,"uid":"well15_northside-21","archived_description":"Tango sap flow, tree tag covered","description":"Tango sap flow, tree tag covered","label":"Survey 21 · Tango sap flow, tree tag covered","metadata_source":"Maps/Total station surve/points_offsets.xlsx / Sheet1; joined by id","survey_group":"well15_northside","raw_z_m":-11.6,"qa_flag":"Raw relative z retained; elevation not adjusted","placement":"Rigid fit to known wells; provisional","source_file":"Raw CSVs in Maps/Total station surve; reference geometry in Maps/Rivendell Wells Trees Siting/surveypoints","location_note":"Provisional rigid fits for the two northern groups. Southern group retains original placement. Fit residuals measure agreement with existing wells, not independently established absolute accuracy."},"geometry":{"type":"Point","coordinates":[-123.64409124667127,39.728690864877045]}},{"type":"Feature","properties":{"id":22,"descriptio":"tree tag 93","category":"tree","layer":"well15_northside","n":33.03,"e":-19.18,"z":-12.22,"noffset":null,"eoffset":null,"zoffset":null,"uid":"well15_northside-22","archived_description":"tree tag 93","description":"tree tag 93","label":"Survey 22 · tree tag 93","metadata_source":"Maps/Total station surve/points_offsets.xlsx / Sheet1; joined by id","survey_group":"well15_northside","raw_z_m":-12.22,"qa_flag":"Raw relative z retained; elevation not adjusted","placement":"Rigid fit to known wells; provisional","source_file":"Raw CSVs in Maps/Total station surve; reference geometry in Maps/Rivendell Wells Trees Siting/surveypoints","location_note":"Provisional rigid fits for the two northern groups. Southern group retains original placement. Fit residuals measure agreement with existing wells, not independently established absolute accuracy."},"geometry":{"type":"Point","coordinates":[-123.64411562829362,39.728703628626]}},{"type":"Feature","properties":{"id":23,"descriptio":"data logger hut level 3","category":"datalogger","layer":"well15_northside","n":35.15,"e":-10.07,"z":-12.37,"noffset":null,"eoffset":null,"zoffset":null,"uid":"well15_northside-23","archived_description":"data logger hut level 3","description":"data logger hut level 3","label":"Survey 23 · data logger hut level 3","metadata_source":"Maps/Total station surve/points_offsets.xlsx / Sheet1; joined by id","survey_group":"well15_northside","raw_z_m":-12.37,"qa_flag":"Raw relative z retained; elevation not adjusted","placement":"Rigid fit to known wells; provisional","source_file":"Raw CSVs in Maps/Total station surve; reference geometry in Maps/Rivendell Wells Trees Siting/surveypoints","location_note":"Provisional rigid fits for the two northern groups. Southern group retains original placement. Fit residuals measure agreement with existing wells, not independently established absolute accuracy."},"geometry":{"type":"Point","coordinates":[-123.64400804522398,39.72871781897082]}},{"type":"Feature","properties":{"id":24,"descriptio":"Well 10","category":"well/hole","layer":"well15_northside","n":36.75,"e":-11.56,"z":-12.91,"noffset":null,"eoffset":null,"zoffset":null,"uid":"well15_northside-24","archived_description":"Well 10","description":"Well 10","label":"Survey 24 · Well 10","metadata_source":"Maps/Total station surve/points_offsets.xlsx / Sheet1; joined by id","survey_group":"well15_northside","raw_z_m":-12.91,"qa_flag":"Raw relative z retained; elevation not adjusted","placement":"Rigid fit to known wells; provisional","source_file":"Raw CSVs in Maps/Total station surve; reference geometry in Maps/Rivendell Wells Trees Siting/surveypoints","location_note":"Provisional rigid fits for the two northern groups. Southern group retains original placement. Fit residuals measure agreement with existing wells, not independently established absolute accuracy."},"geometry":{"type":"Point","coordinates":[-123.64402429125917,39.72873300682881]}},{"type":"Feature","properties":{"id":25,"descriptio":"tree tag 94 douglas fir","category":"tree","layer":"well15_northside","n":36.81,"e":-22.56,"z":-14.41,"noffset":null,"eoffset":null,"zoffset":null,"uid":"well15_northside-25","archived_description":"tree tag 94 douglas fir","description":"tree tag 94 douglas fir","label":"Survey 25 · tree tag 94 douglas fir","metadata_source":"Maps/Total station surve/points_offsets.xlsx / Sheet1; joined by id","survey_group":"well15_northside","raw_z_m":-14.41,"qa_flag":"Raw relative z retained; elevation not adjusted","placement":"Rigid fit to known wells; provisional","source_file":"Raw CSVs in Maps/Total station surve; reference geometry in Maps/Rivendell Wells Trees Siting/surveypoints","location_note":"Provisional rigid fits for the two northern groups. Southern group retains original placement. Fit residuals measure agreement with existing wells, not independently established absolute accuracy."},"geometry":{"type":"Point","coordinates":[-123.64415237743746,39.72873943489113]}},{"type":"Feature","properties":{"id":26,"descriptio":"tree tag 32 live oak","category":"tree","layer":"well15_northside","n":40.0,"e":-22.7,"z":-15.3,"noffset":null,"eoffset":null,"zoffset":null,"uid":"well15_northside-26","archived_description":"tree tag 32 live oak","description":"tree tag 32 live oak","label":"Survey 26 · tree tag 32 live oak","metadata_source":"Maps/Total station surve/points_offsets.xlsx / Sheet1; joined by id","survey_group":"well15_northside","raw_z_m":-15.3,"qa_flag":"Raw relative z retained; elevation not adjusted","placement":"Rigid fit to known wells; provisional","source_file":"Raw CSVs in Maps/Total station surve; reference geometry in Maps/Rivendell Wells Trees Siting/surveypoints","location_note":"Provisional rigid fits for the two northern groups. Southern group retains original placement. Fit residuals measure agreement with existing wells, not independently established absolute accuracy."},"geometry":{"type":"Point","coordinates":[-123.6441517962413,39.728768200362374]}},{"type":"Feature","properties":{"id":27,"descriptio":"N02_WV soil sample","category":"soil sample","layer":"well15_northside","n":40.24,"e":-24.45,"z":-16.06,"noffset":null,"eoffset":null,"zoffset":null,"uid":"well15_northside-27","archived_description":"N02_WV soil sample","description":"N02_WV soil sample","label":"Survey 27 · N02_WV soil sample","metadata_source":"Maps/Total station surve/points_offsets.xlsx / Sheet1; joined by id","survey_group":"well15_northside","raw_z_m":-16.06,"qa_flag":"Raw relative z retained; elevation not adjusted","placement":"Rigid fit to known wells; provisional","source_file":"Raw CSVs in Maps/Total station surve; reference geometry in Maps/Rivendell Wells Trees Siting/surveypoints","location_note":"Provisional rigid fits for the two northern groups. Southern group retains original placement. Fit residuals measure agreement with existing wells, not independently established absolute accuracy."},"geometry":{"type":"Point","coordinates":[-123.64417201380407,39.72877129567988]}},{"type":"Feature","properties":{"id":28,"descriptio":"soil cores (2 of them)","category":"soil sample","layer":"well15_northside","n":41.15,"e":-23.84,"z":-16.25,"noffset":null,"eoffset":null,"zoffset":null,"uid":"well15_northside-28","archived_description":"soil cores (2 of them)","description":"soil cores (2 of them)","label":"Survey 28 · soil cores (2 of them)","metadata_source":"Maps/Total station surve/points_offsets.xlsx / Sheet1; joined by id","survey_group":"well15_northside","raw_z_m":-16.25,"qa_flag":"Raw relative z retained; elevation not adjusted","placement":"Rigid fit to known wells; provisional","source_file":"Raw CSVs in Maps/Total station surve; reference geometry in Maps/Rivendell Wells Trees Siting/surveypoints","location_note":"Provisional rigid fits for the two northern groups. Southern group retains original placement. Fit residuals measure agreement with existing wells, not independently established absolute accuracy."},"geometry":{"type":"Point","coordinates":[-123.64416427754871,39.728779153590146]}},{"type":"Feature","properties":{"id":29,"descriptio":"tree tag 296 dendrometer","category":"tree","layer":"well15_northside","n":43.89,"e":-23.37,"z":-17.13,"noffset":null,"eoffset":null,"zoffset":null,"uid":"well15_northside-29","archived_description":"tree tag 296 dendrometer","description":"tree tag 296 dendrometer","label":"Survey 29 · tree tag 296 dendrometer","metadata_source":"Maps/Total station surve/points_offsets.xlsx / Sheet1; joined by id","survey_group":"well15_northside","raw_z_m":-17.13,"qa_flag":"Raw relative z retained; elevation not adjusted","placement":"Rigid fit to known wells; provisional","source_file":"Raw CSVs in Maps/Total station surve; reference geometry in Maps/Rivendell Wells Trees Siting/surveypoints","location_note":"Provisional rigid fits for the two northern groups. Southern group retains original placement. Fit residuals measure agreement with existing wells, not independently established absolute accuracy."},"geometry":{"type":"Point","coordinates":[-123.64415690310722,39.728803545272335]}},{"type":"Feature","properties":{"id":30,"descriptio":"tree tag 34","category":"tree","layer":"well15_northside","n":42.38,"e":-16.18,"z":-15.21,"noffset":null,"eoffset":null,"zoffset":null,"uid":"well15_northside-30","archived_description":"tree tag 34","description":"tree tag 34","label":"Survey 30 · tree tag 34","metadata_source":"Maps/Total station surve/points_offsets.xlsx / Sheet1; joined by id","survey_group":"well15_northside","raw_z_m":-15.21,"qa_flag":"Raw relative z retained; elevation not adjusted","placement":"Rigid fit to known wells; provisional","source_file":"Raw CSVs in Maps/Total station surve; reference geometry in Maps/Rivendell Wells Trees Siting/surveypoints","location_note":"Provisional rigid fits for the two northern groups. Southern group retains original placement. Fit residuals measure agreement with existing wells, not independently established absolute accuracy."},"geometry":{"type":"Point","coordinates":[-123.64407420108364,39.72878611561886]}},{"type":"Feature","properties":{"id":31,"descriptio":"whiskey sap flow madrone tree 36","category":"tree","layer":"well15_northside","n":41.05,"e":-9.84,"z":-14.24,"noffset":null,"eoffset":null,"zoffset":null,"uid":"well15_northside-31","archived_description":"whiskey sap flow madrone tree 36","description":"whiskey sap flow madrone tree 36","label":"Survey 31 · whiskey sap flow madrone tree 36","metadata_source":"Maps/Total station surve/points_offsets.xlsx / Sheet1; joined by id","survey_group":"well15_northside","raw_z_m":-14.24,"qa_flag":"Raw relative z retained; elevation not adjusted","placement":"Rigid fit to known wells; provisional","source_file":"Raw CSVs in Maps/Total station surve; reference geometry in Maps/Rivendell Wells Trees Siting/surveypoints","location_note":"Provisional rigid fits for the two northern groups. Southern group retains original placement. Fit residuals measure agreement with existing wells, not independently established absolute accuracy."},"geometry":{"type":"Point","coordinates":[-123.64400127507471,39.72877075982996]}},{"type":"Feature","properties":{"id":32,"descriptio":"tree tag 37 dendrometer","category":"tree","layer":"well15_northside","n":40.14,"e":-6.92,"z":-13.98,"noffset":null,"eoffset":null,"zoffset":null,"uid":"well15_northside-32","archived_description":"tree tag 37 dendrometer","description":"tree tag 37 dendrometer","label":"Survey 32 · tree tag 37 dendrometer","metadata_source":"Maps/Total station surve/points_offsets.xlsx / Sheet1; joined by id","survey_group":"well15_northside","raw_z_m":-13.98,"qa_flag":"Raw relative z retained; elevation not adjusted","placement":"Rigid fit to known wells; provisional","source_file":"Raw CSVs in Maps/Total station surve; reference geometry in Maps/Rivendell Wells Trees Siting/surveypoints","location_note":"Provisional rigid fits for the two northern groups. Southern group retains original placement. Fit residuals measure agreement with existing wells, not independently established absolute accuracy."},"geometry":{"type":"Point","coordinates":[-123.64396789396467,39.72876101224487]}},{"type":"Feature","properties":{"id":33,"descriptio":"tree tag 38","category":"tree","layer":"well15_northside","n":37.61,"e":-1.92,"z":-13.43,"noffset":null,"eoffset":null,"zoffset":null,"uid":"well15_northside-33","archived_description":"tree tag 38","description":"tree tag 38","label":"Survey 33 · tree tag 38","metadata_source":"Maps/Total station surve/points_offsets.xlsx / Sheet1; joined by id","survey_group":"well15_northside","raw_z_m":-13.43,"qa_flag":"Raw relative z retained; elevation not adjusted","placement":"Rigid fit to known wells; provisional","source_file":"Raw CSVs in Maps/Total station surve; reference geometry in Maps/Rivendell Wells Trees Siting/surveypoints","location_note":"Provisional rigid fits for the two northern groups. Southern group retains original placement. Fit residuals measure agreement with existing wells, not independently established absolute accuracy."},"geometry":{"type":"Point","coordinates":[-123.64391140840479,39.72873558105737]}},{"type":"Feature","properties":{"id":34,"descriptio":"ERP level 3","category":"sensor","layer":"well15_northside","n":34.37,"e":-3.38,"z":-11.98,"noffset":null,"eoffset":null,"zoffset":null,"uid":"well15_northside-34","archived_description":"ERP level 3","description":"ERP level 3","label":"Survey 34 · ERP level 3","metadata_source":"Maps/Total station surve/points_offsets.xlsx / Sheet1; joined by id","survey_group":"well15_northside","raw_z_m":-11.98,"qa_flag":"Raw relative z retained; elevation not adjusted","placement":"Rigid fit to known wells; provisional","source_file":"Raw CSVs in Maps/Total station surve; reference geometry in Maps/Rivendell Wells Trees Siting/surveypoints","location_note":"Provisional rigid fits for the two northern groups. Southern group retains original placement. Fit residuals measure agreement with existing wells, not independently established absolute accuracy."},"geometry":{"type":"Point","coordinates":[-123.64393066113082,39.728707222417164]}},{"type":"Feature","properties":{"id":35,"descriptio":"T-series TDR (?)","category":"sensor","layer":"well15_northside","n":33.45,"e":-5.05,"z":-11.64,"noffset":null,"eoffset":null,"zoffset":null,"uid":"well15_northside-35","archived_description":"T-series TDR (?)","description":"T-series TDR (?)","label":"Survey 35 · T-series TDR (?)","metadata_source":"Maps/Total station surve/points_offsets.xlsx / Sheet1; joined by id","survey_group":"well15_northside","raw_z_m":-11.64,"qa_flag":"Raw relative z retained; elevation not adjusted","placement":"Rigid fit to known wells; provisional","source_file":"Raw CSVs in Maps/Total station surve; reference geometry in Maps/Rivendell Wells Trees Siting/surveypoints","location_note":"Provisional rigid fits for the two northern groups. Southern group retains original placement. Fit residuals measure agreement with existing wells, not independently established absolute accuracy."},"geometry":{"type":"Point","coordinates":[-123.64395075119067,39.72869984202901]}},{"type":"Feature","properties":{"id":36,"descriptio":"tree tag 39","category":"tree","layer":"well15_northside","n":32.86,"e":-4.34,"z":-11.38,"noffset":null,"eoffset":null,"zoffset":null,"uid":"well15_northside-36","archived_description":"tree tag 39","description":"tree tag 39","label":"Survey 36 · tree tag 39","metadata_source":"Maps/Total station surve/points_offsets.xlsx / Sheet1; joined by id","survey_group":"well15_northside","raw_z_m":-11.38,"qa_flag":"Raw relative z retained; elevation not adjusted","placement":"Rigid fit to known wells; provisional","source_file":"Raw CSVs in Maps/Total station surve; reference geometry in Maps/Rivendell Wells Trees Siting/surveypoints","location_note":"Provisional rigid fits for the two northern groups. Southern group retains original placement. Fit residuals measure agreement with existing wells, not independently established absolute accuracy."},"geometry":{"type":"Point","coordinates":[-123.64394289024565,39.72869415554941]}},{"type":"Feature","properties":{"id":37,"descriptio":"victor sap flow","category":"tree","layer":"well15_northside","n":32.76,"e":-3.49,"z":-11.38,"noffset":null,"eoffset":null,"zoffset":null,"uid":"well15_northside-37","archived_description":"victor sap flow","description":"victor sap flow","label":"Survey 37 · victor sap flow","metadata_source":"Maps/Total station surve/points_offsets.xlsx / Sheet1; joined by id","survey_group":"well15_northside","raw_z_m":-11.38,"qa_flag":"Raw relative z retained; elevation not adjusted","placement":"Rigid fit to known wells; provisional","source_file":"Raw CSVs in Maps/Total station surve; reference geometry in Maps/Rivendell Wells Trees Siting/surveypoints","location_note":"Provisional rigid fits for the two northern groups. Southern group retains original placement. Fit residuals measure agreement with existing wells, not independently established absolute accuracy."},"geometry":{"type":"Point","coordinates":[-123.64393305881117,39.72869280113209]}},{"type":"Feature","properties":{"id":38,"descriptio":"Tree tag 40 sapflow","category":"tree","layer":"well15_northside","n":31.63,"e":-4.88,"z":-11.09,"noffset":null,"eoffset":null,"zoffset":null,"uid":"well15_northside-38","archived_description":"Tree tag 40 sapflow","description":"Tree tag 40 sapflow","label":"Survey 38 · Tree tag 40 sapflow","metadata_source":"Maps/Total station surve/points_offsets.xlsx / Sheet1; joined by id","survey_group":"well15_northside","raw_z_m":-11.09,"qa_flag":"Raw relative z retained; elevation not adjusted","placement":"Rigid fit to known wells; provisional","source_file":"Raw CSVs in Maps/Total station surve; reference geometry in Maps/Rivendell Wells Trees Siting/surveypoints","location_note":"Provisional rigid fits for the two northern groups. Southern group retains original placement. Fit residuals measure agreement with existing wells, not independently established absolute accuracy."},"geometry":{"type":"Point","coordinates":[-123.64395003305208,39.72868338213439]}},{"type":"Feature","properties":{"id":39,"descriptio":"tree tag 41 ursula","category":"tree","layer":"well15_northside","n":28.75,"e":-6.53,"z":-10.08,"noffset":null,"eoffset":null,"zoffset":null,"uid":"well15_northside-39","archived_description":"tree tag 41 ursula","description":"tree tag 41 ursula","label":"Survey 39 · tree tag 41 ursula","metadata_source":"Maps/Total station surve/points_offsets.xlsx / Sheet1; joined by id","survey_group":"well15_northside","raw_z_m":-10.08,"qa_flag":"Raw relative z retained; elevation not adjusted","placement":"Rigid fit to known wells; provisional","source_file":"Raw CSVs in Maps/Total station surve; reference geometry in Maps/Rivendell Wells Trees Siting/surveypoints","location_note":"Provisional rigid fits for the two northern groups. Southern group retains original placement. Fit residuals measure agreement with existing wells, not independently established absolute accuracy."},"geometry":{"type":"Point","coordinates":[-123.64397124923282,39.728658363001614]}},{"type":"Feature","properties":{"id":40,"descriptio":"CO2 soil flux","category":"soil co2 flux","layer":"well15_northside","n":40.56,"e":-11.08,"z":-14.28,"noffset":null,"eoffset":null,"zoffset":null,"uid":"well15_northside-40","archived_description":"CO2 soil flux","description":"CO2 soil flux","label":"Survey 40 · CO2 soil flux","metadata_source":"Maps/Total station surve/points_offsets.xlsx / Sheet1; joined by id","survey_group":"well15_northside","raw_z_m":-14.28,"qa_flag":"Raw relative z retained; elevation not adjusted","placement":"Rigid fit to known wells; provisional","source_file":"Raw CSVs in Maps/Total station surve; reference geometry in Maps/Rivendell Wells Trees Siting/surveypoints","location_note":"Provisional rigid fits for the two northern groups. Southern group retains original placement. Fit residuals measure agreement with existing wells, not independently established absolute accuracy."},"geometry":{"type":"Point","coordinates":[-123.64401605834668,39.72876701661758]}},{"type":"Feature","properties":{"id":41,"descriptio":"VMS VSP 9 Sleeve A","category":"vms","layer":"well15_northside","n":42.85,"e":-11.65,"z":-15.22,"noffset":null,"eoffset":null,"zoffset":null,"uid":"well15_northside-41","archived_description":"VMS VSP 9 Sleeve A","description":"VMS VSP 9 Sleeve A","label":"Survey 41 · VMS VSP 9 Sleeve A","metadata_source":"Maps/Total station surve/points_offsets.xlsx / Sheet1; joined by id","survey_group":"well15_northside","raw_z_m":-15.22,"qa_flag":"Raw relative z retained; elevation not adjusted","placement":"Rigid fit to known wells; provisional","source_file":"Raw CSVs in Maps/Total station surve; reference geometry in Maps/Rivendell Wells Trees Siting/surveypoints","location_note":"Provisional rigid fits for the two northern groups. Southern group retains original placement. Fit residuals measure agreement with existing wells, not independently established absolute accuracy."},"geometry":{"type":"Point","coordinates":[-123.64402110979584,39.72878791776967]}},{"type":"Feature","properties":{"id":42,"descriptio":"VMS VSP 7 Sleeve A","category":"vms","layer":"well15_northside","n":43.32,"e":-9.54,"z":-15.36,"noffset":null,"eoffset":null,"zoffset":null,"uid":"well15_northside-42","archived_description":"VMS VSP 7 Sleeve A","description":"VMS VSP 7 Sleeve A","label":"Survey 42 · VMS VSP 7 Sleeve A","metadata_source":"Maps/Total station surve/points_offsets.xlsx / Sheet1; joined by id","survey_group":"well15_northside","raw_z_m":-15.36,"qa_flag":"Raw relative z retained; elevation not adjusted","placement":"Rigid fit to known wells; provisional","source_file":"Raw CSVs in Maps/Total station surve; reference geometry in Maps/Rivendell Wells Trees Siting/surveypoints","location_note":"Provisional rigid fits for the two northern groups. Southern group retains original placement. Fit residuals measure agreement with existing wells, not independently established absolute accuracy."},"geometry":{"type":"Point","coordinates":[-123.64399620663752,39.7287910153761]}},{"type":"Feature","properties":{"id":43,"descriptio":"VMS VSP 6 Sleeve A","category":"vms","layer":"well15_northside","n":43.49,"e":-8.58,"z":-15.52,"noffset":null,"eoffset":null,"zoffset":null,"uid":"well15_northside-43","archived_description":"VMS VSP 6 Sleeve A","description":"VMS VSP 6 Sleeve A","label":"Survey 43 · VMS VSP 6 Sleeve A","metadata_source":"Maps/Total station surve/points_offsets.xlsx / Sheet1; joined by id","survey_group":"well15_northside","raw_z_m":-15.52,"qa_flag":"Raw relative z retained; elevation not adjusted","placement":"Rigid fit to known wells; provisional","source_file":"Raw CSVs in Maps/Total station surve; reference geometry in Maps/Rivendell Wells Trees Siting/surveypoints","location_note":"Provisional rigid fits for the two northern groups. Southern group retains original placement. Fit residuals measure agreement with existing wells, not independently established absolute accuracy."},"geometry":{"type":"Point","coordinates":[-123.64398490668825,39.72879203042974]}},{"type":"Feature","properties":{"id":44,"descriptio":"VMS VSP 4 Sleeve A","category":"vms","layer":"well15_northside","n":43.91,"e":-6.5,"z":-15.78,"noffset":null,"eoffset":null,"zoffset":null,"uid":"well15_northside-44","archived_description":"VMS VSP 4 Sleeve A","description":"VMS VSP 4 Sleeve A","label":"Survey 44 · VMS VSP 4 Sleeve A","metadata_source":"Maps/Total station surve/points_offsets.xlsx / Sheet1; joined by id","survey_group":"well15_northside","raw_z_m":-15.78,"qa_flag":"Raw relative z retained; elevation not adjusted","placement":"Rigid fit to known wells; provisional","source_file":"Raw CSVs in Maps/Total station surve; reference geometry in Maps/Rivendell Wells Trees Siting/surveypoints","location_note":"Provisional rigid fits for the two northern groups. Southern group retains original placement. Fit residuals measure agreement with existing wells, not independently established absolute accuracy."},"geometry":{"type":"Point","coordinates":[-123.64396038763712,39.728794694393414]}},{"type":"Feature","properties":{"id":45,"descriptio":"VMS VSP 2 Sleeve A","category":"vms","layer":"well15_northside","n":44.45,"e":-4.58,"z":-16.01,"noffset":null,"eoffset":null,"zoffset":null,"uid":"well15_northside-45","archived_description":"VMS VSP 2 Sleeve A","description":"VMS VSP 2 Sleeve A","label":"Survey 45 · VMS VSP 2 Sleeve A","metadata_source":"Maps/Total station surve/points_offsets.xlsx / Sheet1; joined by id","survey_group":"well15_northside","raw_z_m":-16.01,"qa_flag":"Raw relative z retained; elevation not adjusted","placement":"Rigid fit to known wells; provisional","source_file":"Raw CSVs in Maps/Total station surve; reference geometry in Maps/Rivendell Wells Trees Siting/surveypoints","location_note":"Provisional rigid fits for the two northern groups. Southern group retains original placement. Fit residuals measure agreement with existing wells, not independently established absolute accuracy."},"geometry":{"type":"Point","coordinates":[-123.64393764905222,39.72879852327162]}},{"type":"Feature","properties":{"id":46,"descriptio":"VMS VSP 1 Sleeve A","category":"vms","layer":"well15_northside","n":44.5,"e":-3.47,"z":-16.12,"noffset":null,"eoffset":null,"zoffset":null,"uid":"well15_northside-46","archived_description":"VMS VSP 1 Sleeve A","description":"VMS VSP 1 Sleeve A","label":"Survey 46 · VMS VSP 1 Sleeve A","metadata_source":"Maps/Total station surve/points_offsets.xlsx / Sheet1; joined by id","survey_group":"well15_northside","raw_z_m":-16.12,"qa_flag":"Raw relative z retained; elevation not adjusted","placement":"Rigid fit to known wells; provisional","source_file":"Raw CSVs in Maps/Total station surve; reference geometry in Maps/Rivendell Wells Trees Siting/surveypoints","location_note":"Provisional rigid fits for the two northern groups. Southern group retains original placement. Fit residuals measure agreement with existing wells, not independently established absolute accuracy."},"geometry":{"type":"Point","coordinates":[-123.6439246851127,39.72879837875298]}},{"type":"Feature","properties":{"id":47,"descriptio":"CO2 soil flux","category":"soil co2 flux","layer":"well15_northside","n":43.4,"e":-3.29,"z":-15.71,"noffset":null,"eoffset":null,"zoffset":null,"uid":"well15_northside-47","archived_description":"CO2 soil flux","description":"CO2 soil flux","label":"Survey 47 · CO2 soil flux","metadata_source":"Maps/Total station surve/points_offsets.xlsx / Sheet1; joined by id","survey_group":"well15_northside","raw_z_m":-15.71,"qa_flag":"Raw relative z retained; elevation not adjusted","placement":"Rigid fit to known wells; provisional","source_file":"Raw CSVs in Maps/Total station surve; reference geometry in Maps/Rivendell Wells Trees Siting/surveypoints","location_note":"Provisional rigid fits for the two northern groups. Southern group retains original placement. Fit residuals measure agreement with existing wells, not independently established absolute accuracy."},"geometry":{"type":"Point","coordinates":[-123.64392335123672,39.72878838910951]}},{"type":"Feature","properties":{"id":48,"descriptio":"SW corner of VMS sampling hut","category":"infrastructure","layer":"well15_northside","n":44.28,"e":-2.21,"z":-16.2,"noffset":null,"eoffset":null,"zoffset":null,"uid":"well15_northside-48","archived_description":"SW corner of VMS sampling hut","description":"SW corner of VMS sampling hut","label":"Survey 48 · SW corner of VMS sampling hut","metadata_source":"Maps/Total station surve/points_offsets.xlsx / Sheet1; joined by id","survey_group":"well15_northside","raw_z_m":-16.2,"qa_flag":"Raw relative z retained; elevation not adjusted","placement":"Rigid fit to known wells; provisional","source_file":"Raw CSVs in Maps/Total station surve; reference geometry in Maps/Rivendell Wells Trees Siting/surveypoints","location_note":"Provisional rigid fits for the two northern groups. Southern group retains original placement. Fit residuals measure agreement with existing wells, not independently established absolute accuracy."},"geometry":{"type":"Point","coordinates":[-123.64391016119866,39.72879572558187]}},{"type":"Feature","properties":{"id":49,"descriptio":"VMS FS1 Sleeve B","category":"vms","layer":"well15_northside","n":45.78,"e":-3.35,"z":-16.77,"noffset":null,"eoffset":null,"zoffset":null,"uid":"well15_northside-49","archived_description":"VMS FS1 Sleeve B","description":"VMS FS1 Sleeve B","label":"Survey 49 · VMS FS1 Sleeve B","metadata_source":"Maps/Total station surve/points_offsets.xlsx / Sheet1; joined by id","survey_group":"well15_northside","raw_z_m":-16.77,"qa_flag":"Raw relative z retained; elevation not adjusted","placement":"Rigid fit to known wells; provisional","source_file":"Raw CSVs in Maps/Total station surve; reference geometry in Maps/Rivendell Wells Trees Siting/surveypoints","location_note":"Provisional rigid fits for the two northern groups. Southern group retains original placement. Fit residuals measure agreement with existing wells, not independently established absolute accuracy."},"geometry":{"type":"Point","coordinates":[-123.64392239977602,39.72880982669908]}},{"type":"Feature","properties":{"id":50,"descriptio":"VMS FS2 Sleeve B","category":"vms","layer":"well15_northside","n":45.65,"e":-5.15,"z":-16.54,"noffset":null,"eoffset":null,"zoffset":null,"uid":"well15_northside-50","archived_description":"VMS FS2 Sleeve B","description":"VMS FS2 Sleeve B","label":"Survey 50 · VMS FS2 Sleeve B","metadata_source":"Maps/Total station surve/points_offsets.xlsx / Sheet1; joined by id","survey_group":"well15_northside","raw_z_m":-16.54,"qa_flag":"Raw relative z retained; elevation not adjusted","placement":"Rigid fit to known wells; provisional","source_file":"Raw CSVs in Maps/Total station surve; reference geometry in Maps/Rivendell Wells Trees Siting/surveypoints","location_note":"Provisional rigid fits for the two northern groups. Southern group retains original placement. Fit residuals measure agreement with existing wells, not independently established absolute accuracy."},"geometry":{"type":"Point","coordinates":[-123.6439434563054,39.72880962108165]}},{"type":"Feature","properties":{"id":51,"descriptio":"VMS FS4 Sleeve B","category":"vms","layer":"well15_northside","n":45.39,"e":-6.48,"z":-16.4,"noffset":null,"eoffset":null,"zoffset":null,"uid":"well15_northside-51","archived_description":"VMS FS4 Sleeve B","description":"VMS FS4 Sleeve B","label":"Survey 51 · VMS FS4 Sleeve B","metadata_source":"Maps/Total station surve/points_offsets.xlsx / Sheet1; joined by id","survey_group":"well15_northside","raw_z_m":-16.4,"qa_flag":"Raw relative z retained; elevation not adjusted","placement":"Rigid fit to known wells; provisional","source_file":"Raw CSVs in Maps/Total station surve; reference geometry in Maps/Rivendell Wells Trees Siting/surveypoints","location_note":"Provisional rigid fits for the two northern groups. Southern group retains original placement. Fit residuals measure agreement with existing wells, not independently established absolute accuracy."},"geometry":{"type":"Point","coordinates":[-123.64395912842251,39.728807994651646]}},{"type":"Feature","properties":{"id":52,"descriptio":"VMS FS6 Sleeve B","category":"vms","layer":"well15_northside","n":45.24,"e":-8.6,"z":-16.3,"noffset":null,"eoffset":null,"zoffset":null,"uid":"well15_northside-52","archived_description":"VMS FS6 Sleeve B","description":"VMS FS6 Sleeve B","label":"Survey 52 · VMS FS6 Sleeve B","metadata_source":"Maps/Total station surve/points_offsets.xlsx / Sheet1; joined by id","survey_group":"well15_northside","raw_z_m":-16.3,"qa_flag":"Raw relative z retained; elevation not adjusted","placement":"Rigid fit to known wells; provisional","source_file":"Raw CSVs in Maps/Total station surve; reference geometry in Maps/Rivendell Wells Trees Siting/surveypoints","location_note":"Provisional rigid fits for the two northern groups. Southern group retains original placement. Fit residuals measure agreement with existing wells, not independently established absolute accuracy."},"geometry":{"type":"Point","coordinates":[-123.6439839261767,39.72880778045278]}},{"type":"Feature","properties":{"id":53,"descriptio":"Xray sap flow","category":"tree","layer":"well15_northside","n":49.83,"e":-3.96,"z":-18.29,"noffset":null,"eoffset":null,"zoffset":null,"uid":"well15_northside-53","archived_description":"Xray sap flow","description":"Xray sap flow","label":"Survey 53 · Xray sap flow","metadata_source":"Maps/Total station surve/points_offsets.xlsx / Sheet1; joined by id","survey_group":"well15_northside","raw_z_m":-18.29,"qa_flag":"Raw relative z retained; elevation not adjusted","placement":"Rigid fit to known wells; provisional","source_file":"Raw CSVs in Maps/Total station surve; reference geometry in Maps/Rivendell Wells Trees Siting/surveypoints","location_note":"Provisional rigid fits for the two northern groups. Southern group retains original placement. Fit residuals measure agreement with existing wells, not independently established absolute accuracy."},"geometry":{"type":"Point","coordinates":[-123.6439266967008,39.72884657852339]}},{"type":"Feature","properties":{"id":54,"descriptio":"CO2 soil flux","category":"soil co2 flux","layer":"well15_northside","n":47.47,"e":-4.76,"z":-17.33,"noffset":null,"eoffset":null,"zoffset":null,"uid":"well15_northside-54","archived_description":"CO2 soil flux","description":"CO2 soil flux","label":"Survey 54 · CO2 soil flux","metadata_source":"Maps/Total station surve/points_offsets.xlsx / Sheet1; joined by id","survey_group":"well15_northside","raw_z_m":-17.33,"qa_flag":"Raw relative z retained; elevation not adjusted","placement":"Rigid fit to known wells; provisional","source_file":"Raw CSVs in Maps/Total station surve; reference geometry in Maps/Rivendell Wells Trees Siting/surveypoints","location_note":"Provisional rigid fits for the two northern groups. Southern group retains original placement. Fit residuals measure agreement with existing wells, not independently established absolute accuracy."},"geometry":{"type":"Point","coordinates":[-123.64393765156726,39.72882578119319]}},{"type":"Feature","properties":{"id":55,"descriptio":"tree live oak sampled no number","category":"tree","layer":"well15_northside","n":51.58,"e":-7.13,"z":-19.6,"noffset":null,"eoffset":null,"zoffset":null,"uid":"well15_northside-55","archived_description":"tree live oak sampled no number","description":"tree live oak sampled no number","label":"Survey 55 · tree live oak sampled no number","metadata_source":"Maps/Total station surve/points_offsets.xlsx / Sheet1; joined by id","survey_group":"well15_northside","raw_z_m":-19.6,"qa_flag":"Raw relative z retained; elevation not adjusted","placement":"Rigid fit to known wells; provisional","source_file":"Raw CSVs in Maps/Total station surve; reference geometry in Maps/Rivendell Wells Trees Siting/surveypoints","location_note":"Provisional rigid fits for the two northern groups. Southern group retains original placement. Fit residuals measure agreement with existing wells, not independently established absolute accuracy."},"geometry":{"type":"Point","coordinates":[-123.64396240737764,39.72886401482274]}},{"type":"Feature","properties":{"id":56,"descriptio":"betwen Zulu and Yankee sap flow trees","category":"tree","layer":"well15_northside","n":49.28,"e":-16.92,"z":-19.24,"noffset":null,"eoffset":null,"zoffset":null,"uid":"well15_northside-56","archived_description":"betwen Zulu and Yankee sap flow trees","description":"betwen Zulu and Yankee sap flow trees","label":"Survey 56 · betwen Zulu and Yankee sap flow trees","metadata_source":"Maps/Total station surve/points_offsets.xlsx / Sheet1; joined by id","survey_group":"well15_northside","raw_z_m":-19.24,"qa_flag":"Raw relative z retained; elevation not adjusted","placement":"Rigid fit to known wells; provisional","source_file":"Raw CSVs in Maps/Total station surve; reference geometry in Maps/Rivendell Wells Trees Siting/surveypoints","location_note":"Provisional rigid fits for the two northern groups. Southern group retains original placement. Fit residuals measure agreement with existing wells, not independently established absolute accuracy."},"geometry":{"type":"Point","coordinates":[-123.64407803613653,39.72884856963013]}},{"type":"Feature","properties":{"id":57,"descriptio":"VMS soil lysimeter 30 cm","category":"water sample","layer":"well15_northside","n":40.58,"e":-1.22,"z":-14.8,"noffset":null,"eoffset":null,"zoffset":null,"uid":"well15_northside-57","archived_description":"VMS soil lysimeter 30 cm","description":"VMS soil lysimeter 30 cm","label":"Survey 57 · VMS soil lysimeter 30 cm","metadata_source":"Maps/Total station surve/points_offsets.xlsx / Sheet1; joined by id","survey_group":"well15_northside","raw_z_m":-14.8,"qa_flag":"Raw relative z retained; elevation not adjusted","placement":"Rigid fit to known wells; provisional","source_file":"Raw CSVs in Maps/Total station surve; reference geometry in Maps/Rivendell Wells Trees Siting/surveypoints","location_note":"Provisional rigid fits for the two northern groups. Southern group retains original placement. Fit residuals measure agreement with existing wells, not independently established absolute accuracy."},"geometry":{"type":"Point","coordinates":[-123.64390119535476,39.72876191819425]}},{"type":"Feature","properties":{"id":58,"descriptio":"VMS soil lysimeter 15 cm","category":"water sample","layer":"well15_northside","n":41.93,"e":1.06,"z":-15.24,"noffset":null,"eoffset":null,"zoffset":null,"uid":"well15_northside-58","archived_description":"VMS soil lysimeter 15 cm","description":"VMS soil lysimeter 15 cm","label":"Survey 58 · VMS soil lysimeter 15 cm","metadata_source":"Maps/Total station surve/points_offsets.xlsx / Sheet1; joined by id","survey_group":"well15_northside","raw_z_m":-15.24,"qa_flag":"Raw relative z retained; elevation not adjusted","placement":"Rigid fit to known wells; provisional","source_file":"Raw CSVs in Maps/Total station surve; reference geometry in Maps/Rivendell Wells Trees Siting/surveypoints","location_note":"Provisional rigid fits for the two northern groups. Southern group retains original placement. Fit residuals measure agreement with existing wells, not independently established absolute accuracy."},"geometry":{"type":"Point","coordinates":[-123.64387370182764,39.728772839395695]}},{"type":"Feature","properties":{"id":59,"descriptio":"Hyprop sample N1","category":"soil sample","layer":"well15_northside","n":39.89,"e":-0.38,"z":-14.65,"noffset":null,"eoffset":null,"zoffset":null,"uid":"well15_northside-59","archived_description":"Hyprop sample N1","description":"Hyprop sample N1","label":"Survey 59 · Hyprop sample N1","metadata_source":"Maps/Total station surve/points_offsets.xlsx / Sheet1; joined by id","survey_group":"well15_northside","raw_z_m":-14.65,"qa_flag":"Raw relative z retained; elevation not adjusted","placement":"Rigid fit to known wells; provisional","source_file":"Raw CSVs in Maps/Total station surve; reference geometry in Maps/Rivendell Wells Trees Siting/surveypoints","location_note":"Provisional rigid fits for the two northern groups. Southern group retains original placement. Fit residuals measure agreement with existing wells, not independently established absolute accuracy."},"geometry":{"type":"Point","coordinates":[-123.64389188951134,39.72875526272887]}},{"type":"Feature","properties":{"id":60,"descriptio":"Hyprop sample N2","category":"soil sample","layer":"well15_northside","n":39.63,"e":0.25,"z":-1469.0,"noffset":null,"eoffset":null,"zoffset":null,"uid":"well15_northside-60","archived_description":"Hyprop sample N2","description":"Hyprop sample N2","label":"Survey 60 · Hyprop sample N2","metadata_source":"Maps/Total station surve/points_offsets.xlsx / Sheet1; joined by id","survey_group":"well15_northside","raw_z_m":-1469.0,"qa_flag":"Suspect raw z: -1469 m; not corrected or used","placement":"Rigid fit to known wells; provisional","source_file":"Raw CSVs in Maps/Total station surve; reference geometry in Maps/Rivendell Wells Trees Siting/surveypoints","location_note":"Provisional rigid fits for the two northern groups. Southern group retains original placement. Fit residuals measure agreement with existing wells, not independently established absolute accuracy."},"geometry":{"type":"Point","coordinates":[-123.64388473157305,39.72875258705722]}},{"type":"Feature","properties":{"id":61,"descriptio":"Flux Hole 1","category":"soil sample","layer":"well15_northside","n":36.37,"e":0.79,"z":-13.18,"noffset":null,"eoffset":null,"zoffset":null,"uid":"well15_northside-61","archived_description":"Flux Hole 1","description":"Flux Hole 1","label":"Survey 61 · Flux Hole 1","metadata_source":"Maps/Total station surve/points_offsets.xlsx / Sheet1; joined by id","survey_group":"well15_northside","raw_z_m":-13.18,"qa_flag":"Raw relative z retained; elevation not adjusted","placement":"Rigid fit to known wells; provisional","source_file":"Raw CSVs in Maps/Total station surve; reference geometry in Maps/Rivendell Wells Trees Siting/surveypoints","location_note":"Provisional rigid fits for the two northern groups. Southern group retains original placement. Fit residuals measure agreement with existing wells, not independently established absolute accuracy."},"geometry":{"type":"Point","coordinates":[-123.64388070222965,39.7287229778807]}},{"type":"Feature","properties":{"id":62,"descriptio":"Hyprop sample N3","category":"soil sample","layer":"well15_northside","n":37.04,"e":2.15,"z":-13.66,"noffset":null,"eoffset":null,"zoffset":null,"uid":"well15_northside-62","archived_description":"Hyprop sample N3","description":"Hyprop sample N3","label":"Survey 62 · Hyprop sample N3","metadata_source":"Maps/Total station surve/points_offsets.xlsx / Sheet1; joined by id","survey_group":"well15_northside","raw_z_m":-13.66,"qa_flag":"Raw relative z retained; elevation not adjusted","placement":"Rigid fit to known wells; provisional","source_file":"Raw CSVs in Maps/Total station surve; reference geometry in Maps/Rivendell Wells Trees Siting/surveypoints","location_note":"Provisional rigid fits for the two northern groups. Southern group retains original placement. Fit residuals measure agreement with existing wells, not independently established absolute accuracy."},"geometry":{"type":"Point","coordinates":[-123.64386439638535,39.72872827573681]}},{"type":"Feature","properties":{"id":63,"descriptio":"Hyprop sample N4","category":"soil sample","layer":"well15_northside","n":39.26,"e":6.3,"z":-14.93,"noffset":null,"eoffset":null,"zoffset":null,"uid":"well15_northside-63","archived_description":"Hyprop sample N4","description":"Hyprop sample N4","label":"Survey 63 · Hyprop sample N4","metadata_source":"Maps/Total station surve/points_offsets.xlsx / Sheet1; joined by id","survey_group":"well15_northside","raw_z_m":-14.93,"qa_flag":"Raw relative z retained; elevation not adjusted","placement":"Rigid fit to known wells; provisional","source_file":"Raw CSVs in Maps/Total station surve; reference geometry in Maps/Rivendell Wells Trees Siting/surveypoints","location_note":"Provisional rigid fits for the two northern groups. Southern group retains original placement. Fit residuals measure agreement with existing wells, not independently established absolute accuracy."},"geometry":{"type":"Point","coordinates":[-123.64381451785762,39.7287460205356]}},{"type":"Feature","properties":{"id":64,"descriptio":"yellow flag labeled C16 12/19/06","category":"unclassified","layer":"well15_northside","n":40.12,"e":7.8,"z":-15.31,"noffset":null,"eoffset":null,"zoffset":null,"uid":"well15_northside-64","archived_description":"yellow flag labeled C16 12/19/06","description":"yellow flag labeled C16 12/19/06","label":"Survey 64 · yellow flag labeled C16 12/19/06","metadata_source":"Maps/Total station surve/points_offsets.xlsx / Sheet1; joined by id","survey_group":"well15_northside","raw_z_m":-15.31,"qa_flag":"Raw relative z retained; elevation not adjusted","placement":"Rigid fit to known wells; provisional","source_file":"Raw CSVs in Maps/Total station surve; reference geometry in Maps/Rivendell Wells Trees Siting/surveypoints","location_note":"Provisional rigid fits for the two northern groups. Southern group retains original placement. Fit residuals measure agreement with existing wells, not independently established absolute accuracy."},"geometry":{"type":"Point","coordinates":[-123.64379644953246,39.728752952274704]}},{"type":"Feature","properties":{"id":65,"descriptio":"Tree tag 636","category":"tree","layer":"well15_northside","n":37.53,"e":10.88,"z":-13.78,"noffset":null,"eoffset":null,"zoffset":null,"uid":"well15_northside-65","archived_description":"Tree tag 636","description":"Tree tag 636","label":"Survey 65 · Tree tag 636","metadata_source":"Maps/Total station surve/points_offsets.xlsx / Sheet1; joined by id","survey_group":"well15_northside","raw_z_m":-13.78,"qa_flag":"Raw relative z retained; elevation not adjusted","placement":"Rigid fit to known wells; provisional","source_file":"Raw CSVs in Maps/Total station surve; reference geometry in Maps/Rivendell Wells Trees Siting/surveypoints","location_note":"Provisional rigid fits for the two northern groups. Southern group retains original placement. Fit residuals measure agreement with existing wells, not independently established absolute accuracy."},"geometry":{"type":"Point","coordinates":[-123.6437623697629,39.72872800923297]}},{"type":"Feature","properties":{"id":66,"descriptio":"tree tag 637","category":"tree","layer":"well15_northside","n":35.2,"e":9.6,"z":-12.77,"noffset":null,"eoffset":null,"zoffset":null,"uid":"well15_northside-66","archived_description":"tree tag 637","description":"tree tag 637","label":"Survey 66 · tree tag 637","metadata_source":"Maps/Total station surve/points_offsets.xlsx / Sheet1; joined by id","survey_group":"well15_northside","raw_z_m":-12.77,"qa_flag":"Raw relative z retained; elevation not adjusted","placement":"Rigid fit to known wells; provisional","source_file":"Raw CSVs in Maps/Total station surve; reference geometry in Maps/Rivendell Wells Trees Siting/surveypoints","location_note":"Provisional rigid fits for the two northern groups. Southern group retains original placement. Fit residuals measure agreement with existing wells, not independently established absolute accuracy."},"geometry":{"type":"Point","coordinates":[-123.6437788948848,39.72870773869911]}},{"type":"Feature","properties":{"id":67,"descriptio":"tree tag 638","category":"tree","layer":"well15_northside","n":31.49,"e":7.3,"z":-11.05,"noffset":null,"eoffset":null,"zoffset":null,"uid":"well15_northside-67","archived_description":"tree tag 638","description":"tree tag 638","label":"Survey 67 · tree tag 638","metadata_source":"Maps/Total station surve/points_offsets.xlsx / Sheet1; joined by id","survey_group":"well15_northside","raw_z_m":-11.05,"qa_flag":"Raw relative z retained; elevation not adjusted","placement":"Rigid fit to known wells; provisional","source_file":"Raw CSVs in Maps/Total station surve; reference geometry in Maps/Rivendell Wells Trees Siting/surveypoints","location_note":"Provisional rigid fits for the two northern groups. Southern group retains original placement. Fit residuals measure agreement with existing wells, not independently established absolute accuracy."},"geometry":{"type":"Point","coordinates":[-123.64380825786587,39.72867560263587]}},{"type":"Feature","properties":{"id":68,"descriptio":"tree tag 639","category":"tree","layer":"well15_northside","n":32.29,"e":2.98,"z":-11.36,"noffset":null,"eoffset":null,"zoffset":null,"uid":"well15_northside-68","archived_description":"tree tag 639","description":"tree tag 639","label":"Survey 68 · tree tag 639","metadata_source":"Maps/Total station surve/points_offsets.xlsx / Sheet1; joined by id","survey_group":"well15_northside","raw_z_m":-11.36,"qa_flag":"Raw relative z retained; elevation not adjusted","placement":"Rigid fit to known wells; provisional","source_file":"Raw CSVs in Maps/Total station surve; reference geometry in Maps/Rivendell Wells Trees Siting/surveypoints","location_note":"Provisional rigid fits for the two northern groups. Southern group retains original placement. Fit residuals measure agreement with existing wells, not independently established absolute accuracy."},"geometry":{"type":"Point","coordinates":[-123.64385802234773,39.72868511040914]}},{"type":"Feature","properties":{"id":69,"descriptio":"tree tag 640","category":"tree","layer":"well15_northside","n":33.05,"e":-1.72,"z":-11.8,"noffset":null,"eoffset":null,"zoffset":null,"uid":"well15_northside-69","archived_description":"tree tag 640","description":"tree tag 640","label":"Survey 69 · tree tag 640","metadata_source":"Maps/Total station surve/points_offsets.xlsx / Sheet1; joined by id","survey_group":"well15_northside","raw_z_m":-11.8,"qa_flag":"Raw relative z retained; elevation not adjusted","placement":"Rigid fit to known wells; provisional","source_file":"Raw CSVs in Maps/Total station surve; reference geometry in Maps/Rivendell Wells Trees Siting/surveypoints","location_note":"Provisional rigid fits for the two northern groups. Southern group retains original placement. Fit residuals measure agreement with existing wells, not independently established absolute accuracy."},"geometry":{"type":"Point","coordinates":[-123.64391224080923,39.728694461830415]}},{"type":"Feature","properties":{"id":70,"descriptio":"tracer hole","category":"well/hole","layer":"well15_northside","n":31.06,"e":-4.36,"z":-11.11,"noffset":null,"eoffset":null,"zoffset":null,"uid":"well15_northside-70","archived_description":"tracer hole","description":"tracer hole","label":"Survey 70 · tracer hole","metadata_source":"Maps/Total station surve/points_offsets.xlsx / Sheet1; joined by id","survey_group":"well15_northside","raw_z_m":-11.11,"qa_flag":"Raw relative z retained; elevation not adjusted","placement":"Rigid fit to known wells; provisional","source_file":"Raw CSVs in Maps/Total station surve; reference geometry in Maps/Rivendell Wells Trees Siting/surveypoints","location_note":"Provisional rigid fits for the two northern groups. Southern group retains original placement. Fit residuals measure agreement with existing wells, not independently established absolute accuracy."},"geometry":{"type":"Point","coordinates":[-123.64394437135492,39.72867797724465]}},{"type":"Feature","properties":{"id":71,"descriptio":"tracer hole","category":"well/hole","layer":"well15_northside","n":26.27,"e":-4.64,"z":-8.96,"noffset":null,"eoffset":null,"zoffset":null,"uid":"well15_northside-71","archived_description":"tracer hole","description":"tracer hole","label":"Survey 71 · tracer hole","metadata_source":"Maps/Total station surve/points_offsets.xlsx / Sheet1; joined by id","survey_group":"well15_northside","raw_z_m":-8.96,"qa_flag":"Raw relative z retained; elevation not adjusted","placement":"Rigid fit to known wells; provisional","source_file":"Raw CSVs in Maps/Total station surve; reference geometry in Maps/Rivendell Wells Trees Siting/surveypoints","location_note":"Provisional rigid fits for the two northern groups. Southern group retains original placement. Fit residuals measure agreement with existing wells, not independently established absolute accuracy."},"geometry":{"type":"Point","coordinates":[-123.64395095424698,39.72863504637774]}},{"type":"Feature","properties":{"id":72,"descriptio":"tracer hole","category":"well/hole","layer":"well15_northside","n":26.8,"e":-5.35,"z":-9.21,"noffset":null,"eoffset":null,"zoffset":null,"uid":"well15_northside-72","archived_description":"tracer hole","description":"tracer hole","label":"Survey 72 · tracer hole","metadata_source":"Maps/Total station surve/points_offsets.xlsx / Sheet1; joined by id","survey_group":"well15_northside","raw_z_m":-9.21,"qa_flag":"Raw relative z retained; elevation not adjusted","placement":"Rigid fit to known wells; provisional","source_file":"Raw CSVs in Maps/Total station surve; reference geometry in Maps/Rivendell Wells Trees Siting/surveypoints","location_note":"Provisional rigid fits for the two northern groups. Southern group retains original placement. Fit residuals measure agreement with existing wells, not independently established absolute accuracy."},"geometry":{"type":"Point","coordinates":[-123.64395885679072,39.728640193223164]}},{"type":"Feature","properties":{"id":73,"descriptio":"tracer hole","category":"well/hole","layer":"well15_northside","n":27.99,"e":-10.19,"z":-9.68,"noffset":null,"eoffset":null,"zoffset":null,"uid":"well15_northside-73","archived_description":"tracer hole","description":"tracer hole","label":"Survey 73 · tracer hole","metadata_source":"Maps/Total station surve/points_offsets.xlsx / Sheet1; joined by id","survey_group":"well15_northside","raw_z_m":-9.68,"qa_flag":"Raw relative z retained; elevation not adjusted","placement":"Rigid fit to known wells; provisional","source_file":"Raw CSVs in Maps/Total station surve; reference geometry in Maps/Rivendell Wells Trees Siting/surveypoints","location_note":"Provisional rigid fits for the two northern groups. Southern group retains original placement. Fit residuals measure agreement with existing wells, not independently established absolute accuracy."},"geometry":{"type":"Point","coordinates":[-123.64401440777995,39.728653486917395]}},{"type":"Feature","properties":{"id":74,"descriptio":"tracer hole","category":"well/hole","layer":"well15_northside","n":30.71,"e":-10.97,"z":-10.95,"noffset":null,"eoffset":null,"zoffset":null,"uid":"well15_northside-74","archived_description":"tracer hole","description":"tracer hole","label":"Survey 74 · tracer hole","metadata_source":"Maps/Total station surve/points_offsets.xlsx / Sheet1; joined by id","survey_group":"well15_northside","raw_z_m":-10.95,"qa_flag":"Raw relative z retained; elevation not adjusted","placement":"Rigid fit to known wells; provisional","source_file":"Raw CSVs in Maps/Total station surve; reference geometry in Maps/Rivendell Wells Trees Siting/surveypoints","location_note":"Provisional rigid fits for the two northern groups. Southern group retains original placement. Fit residuals measure agreement with existing wells, not independently established absolute accuracy."},"geometry":{"type":"Point","coordinates":[-123.64402160712869,39.72867836786203]}},{"type":"Feature","properties":{"id":75,"descriptio":"well 15 resurveyed","category":"well/hole","layer":"well15_northside","n":-0.12,"e":0.0,"z":-0.02,"noffset":null,"eoffset":null,"zoffset":null,"uid":"well15_northside-75","archived_description":"well 15 resurveyed","description":"well 15 resurveyed","label":"Survey 75 · well 15 resurveyed","metadata_source":"Maps/Total station surve/points_offsets.xlsx / Sheet1; joined by id","survey_group":"well15_northside","raw_z_m":-0.02,"qa_flag":"Raw relative z retained; elevation not adjusted","placement":"Rigid fit to known wells; provisional","source_file":"Raw CSVs in Maps/Total station surve; reference geometry in Maps/Rivendell Wells Trees Siting/surveypoints","location_note":"Provisional rigid fits for the two northern groups. Southern group retains original placement. Fit residuals measure agreement with existing wells, not independently established absolute accuracy."},"geometry":{"type":"Point","coordinates":[-123.64391520705892,39.7283952135588]}},{"type":"Feature","properties":{"id":76,"descriptio":"stake #122","category":"infrastructure","layer":"well15_northside","n":37.28,"e":13.96,"z":-13.92,"noffset":null,"eoffset":null,"zoffset":null,"uid":"well15_northside-76","archived_description":"stake #122","description":"stake #122","label":"Survey 76 · stake #122","metadata_source":"Maps/Total station surve/points_offsets.xlsx / Sheet1; joined by id","survey_group":"well15_northside","raw_z_m":-13.92,"qa_flag":"Raw relative z retained; elevation not adjusted","placement":"Rigid fit to known wells; provisional","source_file":"Raw CSVs in Maps/Total station surve; reference geometry in Maps/Rivendell Wells Trees Siting/surveypoints","location_note":"Provisional rigid fits for the two northern groups. Southern group retains original placement. Fit residuals measure agreement with existing wells, not independently established absolute accuracy."},"geometry":{"type":"Point","coordinates":[-123.6437266673567,39.72872411189306]}},{"type":"Feature","properties":{"id":77,"descriptio":"tree tag 630","category":"tree","layer":"well15_northside","n":40.66,"e":30.22,"z":-15.69,"noffset":null,"eoffset":null,"zoffset":null,"uid":"well15_northside-77","archived_description":"tree tag 630","description":"tree tag 630","label":"Survey 77 · tree tag 630","metadata_source":"Maps/Total station surve/points_offsets.xlsx / Sheet1; joined by id","survey_group":"well15_northside","raw_z_m":-15.69,"qa_flag":"Raw relative z retained; elevation not adjusted","placement":"Rigid fit to known wells; provisional","source_file":"Raw CSVs in Maps/Total station surve; reference geometry in Maps/Rivendell Wells Trees Siting/surveypoints","location_note":"Provisional rigid fits for the two northern groups. Southern group retains original placement. Fit residuals measure agreement with existing wells, not independently established absolute accuracy."},"geometry":{"type":"Point","coordinates":[-123.6435349273625,39.7287458063383]}},{"type":"Feature","properties":{"id":78,"descriptio":"auger hole near huge douglas fir","category":"well/hole","layer":"well15_northside","n":39.52,"e":34.62,"z":-15.2,"noffset":null,"eoffset":null,"zoffset":null,"uid":"well15_northside-78","archived_description":"auger hole near huge douglas fir","description":"auger hole near huge douglas fir","label":"Survey 78 · auger hole near huge douglas fir","metadata_source":"Maps/Total station surve/points_offsets.xlsx / Sheet1; joined by id","survey_group":"well15_northside","raw_z_m":-15.2,"qa_flag":"Raw relative z retained; elevation not adjusted","placement":"Rigid fit to known wells; provisional","source_file":"Raw CSVs in Maps/Total station surve; reference geometry in Maps/Rivendell Wells Trees Siting/surveypoints","location_note":"Provisional rigid fits for the two northern groups. Southern group retains original placement. Fit residuals measure agreement with existing wells, not independently established absolute accuracy."},"geometry":{"type":"Point","coordinates":[-123.64348446682342,39.72873319767328]}},{"type":"Feature","properties":{"id":79,"descriptio":"tree tag 631","category":"tree","layer":"well15_northside","n":42.27,"e":29.72,"z":-16.75,"noffset":null,"eoffset":null,"zoffset":null,"uid":"well15_northside-79","archived_description":"tree tag 631","description":"tree tag 631","label":"Survey 79 · tree tag 631","metadata_source":"Maps/Total station surve/points_offsets.xlsx / Sheet1; joined by id","survey_group":"well15_northside","raw_z_m":-16.75,"qa_flag":"Raw relative z retained; elevation not adjusted","placement":"Rigid fit to known wells; provisional","source_file":"Raw CSVs in Maps/Total station surve; reference geometry in Maps/Rivendell Wells Trees Siting/surveypoints","location_note":"Provisional rigid fits for the two northern groups. Southern group retains original placement. Fit residuals measure agreement with existing wells, not independently established absolute accuracy."},"geometry":{"type":"Point","coordinates":[-123.64353963486535,39.72876055418969]}},{"type":"Feature","properties":{"id":80,"descriptio":"tree tag 629","category":"tree","layer":"well15_northside","n":41.73,"e":32.21,"z":-16.2,"noffset":null,"eoffset":null,"zoffset":null,"uid":"well15_northside-80","archived_description":"tree tag 629","description":"tree tag 629","label":"Survey 80 · tree tag 629","metadata_source":"Maps/Total station surve/points_offsets.xlsx / Sheet1; joined by id","survey_group":"well15_northside","raw_z_m":-16.2,"qa_flag":"Raw relative z retained; elevation not adjusted","placement":"Rigid fit to known wells; provisional","source_file":"Raw CSVs in Maps/Total station surve; reference geometry in Maps/Rivendell Wells Trees Siting/surveypoints","location_note":"Provisional rigid fits for the two northern groups. Southern group retains original placement. Fit residuals measure agreement with existing wells, not independently established absolute accuracy."},"geometry":{"type":"Point","coordinates":[-123.64351100586943,39.72875436442067]}},{"type":"Feature","properties":{"id":81,"descriptio":"well 7, offset to the west by 49 cm, same elevation","category":"well/hole","layer":"well15_northside","n":64.51,"e":3.7,"z":-24.71,"noffset":null,"eoffset":null,"zoffset":null,"uid":"well15_northside-81","archived_description":"well 7, offset to the west by 49 cm, same elevation","description":"well 7, offset to the west by 49 cm, same elevation","label":"Survey 81 · well 7, offset to the west by 49 cm, same elevation","metadata_source":"Maps/Total station surve/points_offsets.xlsx / Sheet1; joined by id","survey_group":"well15_northside","raw_z_m":-24.71,"qa_flag":"Raw relative z retained; elevation not adjusted","placement":"Rigid fit to known wells; provisional","source_file":"Raw CSVs in Maps/Total station surve; reference geometry in Maps/Rivendell Wells Trees Siting/surveypoints","location_note":"Provisional rigid fits for the two northern groups. Southern group retains original placement. Fit residuals measure agreement with existing wells, not independently established absolute accuracy."},"geometry":{"type":"Point","coordinates":[-123.64382729344705,39.72897450824692]}},{"type":"Feature","properties":{"id":82,"descriptio":"trail","category":"infrastructure","layer":"well15_northside","n":0.26,"e":-5.47,"z":-0.94,"noffset":null,"eoffset":null,"zoffset":null,"uid":"well15_northside-82","archived_description":"trail","description":"trail","label":"Survey 82 · trail","metadata_source":"Maps/Total station surve/points_offsets.xlsx / Sheet1; joined by id","survey_group":"well15_northside","raw_z_m":-0.94,"qa_flag":"Raw relative z retained; elevation not adjusted","placement":"Rigid fit to known wells; provisional","source_file":"Raw CSVs in Maps/Total station surve; reference geometry in Maps/Rivendell Wells Trees Siting/surveypoints","location_note":"Provisional rigid fits for the two northern groups. Southern group retains original placement. Fit residuals measure agreement with existing wells, not independently established absolute accuracy."},"geometry":{"type":"Point","coordinates":[-123.64397865769614,39.72840155947458]}},{"type":"Feature","properties":{"id":83,"descriptio":"trail","category":"infrastructure","layer":"well15_northside","n":1.6,"e":-9.09,"z":-1.92,"noffset":null,"eoffset":null,"zoffset":null,"uid":"well15_northside-83","archived_description":"trail","description":"trail","label":"Survey 83 · trail","metadata_source":"Maps/Total station surve/points_offsets.xlsx / Sheet1; joined by id","survey_group":"well15_northside","raw_z_m":-1.92,"qa_flag":"Raw relative z retained; elevation not adjusted","placement":"Rigid fit to known wells; provisional","source_file":"Raw CSVs in Maps/Total station surve; reference geometry in Maps/Rivendell Wells Trees Siting/surveypoints","location_note":"Provisional rigid fits for the two northern groups. Southern group retains original placement. Fit residuals measure agreement with existing wells, not independently established absolute accuracy."},"geometry":{"type":"Point","coordinates":[-123.64401989401658,39.7284155491575]}},{"type":"Feature","properties":{"id":84,"descriptio":"trail","category":"infrastructure","layer":"well15_northside","n":6.54,"e":-9.56,"z":-2.66,"noffset":null,"eoffset":null,"zoffset":null,"uid":"well15_northside-84","archived_description":"trail","description":"trail","label":"Survey 84 · trail","metadata_source":"Maps/Total station surve/points_offsets.xlsx / Sheet1; joined by id","survey_group":"well15_northside","raw_z_m":-2.66,"qa_flag":"Raw relative z retained; elevation not adjusted","placement":"Rigid fit to known wells; provisional","source_file":"Raw CSVs in Maps/Total station surve; reference geometry in Maps/Rivendell Wells Trees Siting/surveypoints","location_note":"Provisional rigid fits for the two northern groups. Southern group retains original placement. Fit residuals measure agreement with existing wells, not independently established absolute accuracy."},"geometry":{"type":"Point","coordinates":[-123.64402194312552,39.72846023060318]}},{"type":"Feature","properties":{"id":85,"descriptio":"trail","category":"infrastructure","layer":"well15_northside","n":13.49,"e":-9.06,"z":-3.4,"noffset":null,"eoffset":null,"zoffset":null,"uid":"well15_northside-85","archived_description":"trail","description":"trail","label":"Survey 85 · trail","metadata_source":"Maps/Total station surve/points_offsets.xlsx / Sheet1; joined by id","survey_group":"well15_northside","raw_z_m":-3.4,"qa_flag":"Raw relative z retained; elevation not adjusted","placement":"Rigid fit to known wells; provisional","source_file":"Raw CSVs in Maps/Total station surve; reference geometry in Maps/Rivendell Wells Trees Siting/surveypoints","location_note":"Provisional rigid fits for the two northern groups. Southern group retains original placement. Fit residuals measure agreement with existing wells, not independently established absolute accuracy."},"geometry":{"type":"Point","coordinates":[-123.64401129998862,39.72852247051944]}},{"type":"Feature","properties":{"id":86,"descriptio":"trail","category":"infrastructure","layer":"well15_northside","n":17.37,"e":-11.47,"z":4.57,"noffset":null,"eoffset":null,"zoffset":null,"uid":"well15_northside-86","archived_description":"trail","description":"trail","label":"Survey 86 · trail","metadata_source":"Maps/Total station surve/points_offsets.xlsx / Sheet1; joined by id","survey_group":"well15_northside","raw_z_m":4.57,"qa_flag":"Raw relative z retained; elevation not adjusted","placement":"Rigid fit to known wells; provisional","source_file":"Raw CSVs in Maps/Total station surve; reference geometry in Maps/Rivendell Wells Trees Siting/surveypoints","location_note":"Provisional rigid fits for the two northern groups. Southern group retains original placement. Fit residuals measure agreement with existing wells, not independently established absolute accuracy."},"geometry":{"type":"Point","coordinates":[-123.64403668112932,39.728558656952494]}},{"type":"Feature","properties":{"id":87,"descriptio":"trail","category":"infrastructure","layer":"well15_northside","n":19.91,"e":-12.13,"z":-5.88,"noffset":null,"eoffset":null,"zoffset":null,"uid":"well15_northside-87","archived_description":"trail","description":"trail","label":"Survey 87 · trail","metadata_source":"Maps/Total station surve/points_offsets.xlsx / Sheet1; joined by id","survey_group":"well15_northside","raw_z_m":-5.88,"qa_flag":"Raw relative z retained; elevation not adjusted","placement":"Rigid fit to known wells; provisional","source_file":"Raw CSVs in Maps/Total station surve; reference geometry in Maps/Rivendell Wells Trees Siting/surveypoints","location_note":"Provisional rigid fits for the two northern groups. Southern group retains original placement. Fit residuals measure agreement with existing wells, not independently established absolute accuracy."},"geometry":{"type":"Point","coordinates":[-123.6440426075337,39.72858185475695]}},{"type":"Feature","properties":{"id":88,"descriptio":"trail","category":"infrastructure","layer":"well15_northside","n":22.09,"e":-10.32,"z":-6.71,"noffset":null,"eoffset":null,"zoffset":null,"uid":"well15_northside-88","archived_description":"trail","description":"trail","label":"Survey 88 · trail","metadata_source":"Maps/Total station surve/points_offsets.xlsx / Sheet1; joined by id","survey_group":"well15_northside","raw_z_m":-6.71,"qa_flag":"Raw relative z retained; elevation not adjusted","placement":"Rigid fit to known wells; provisional","source_file":"Raw CSVs in Maps/Total station surve; reference geometry in Maps/Rivendell Wells Trees Siting/surveypoints","location_note":"Provisional rigid fits for the two northern groups. Southern group retains original placement. Fit residuals measure agreement with existing wells, not independently established absolute accuracy."},"geometry":{"type":"Point","coordinates":[-123.64402001311313,39.72860049252474]}},{"type":"Feature","properties":{"id":89,"descriptio":"trail","category":"infrastructure","layer":"well15_northside","n":28.49,"e":-12.54,"z":-7.66,"noffset":null,"eoffset":null,"zoffset":null,"uid":"well15_northside-89","archived_description":"trail","description":"trail","label":"Survey 89 · trail","metadata_source":"Maps/Total station surve/points_offsets.xlsx / Sheet1; joined by id","survey_group":"well15_northside","raw_z_m":-7.66,"qa_flag":"Raw relative z retained; elevation not adjusted","placement":"Rigid fit to known wells; provisional","source_file":"Raw CSVs in Maps/Total station surve; reference geometry in Maps/Rivendell Wells Trees Siting/surveypoints","location_note":"Provisional rigid fits for the two northern groups. Southern group retains original placement. Fit residuals measure agreement with existing wells, not independently established absolute accuracy."},"geometry":{"type":"Point","coordinates":[-123.64404143379814,39.72865924186222]}},{"type":"Feature","properties":{"id":90,"descriptio":"trail","category":"infrastructure","layer":"well15_northside","n":32.72,"e":-7.81,"z":-10.02,"noffset":null,"eoffset":null,"zoffset":null,"uid":"well15_northside-90","archived_description":"trail","description":"trail","label":"Survey 90 · trail","metadata_source":"Maps/Total station surve/points_offsets.xlsx / Sheet1; joined by id","survey_group":"well15_northside","raw_z_m":-10.02,"qa_flag":"Raw relative z retained; elevation not adjusted","placement":"Rigid fit to known wells; provisional","source_file":"Raw CSVs in Maps/Total station surve; reference geometry in Maps/Rivendell Wells Trees Siting/surveypoints","location_note":"Provisional rigid fits for the two northern groups. Southern group retains original placement. Fit residuals measure agreement with existing wells, not independently established absolute accuracy."},"geometry":{"type":"Point","coordinates":[-123.64398340578762,39.72869475397948]}},{"type":"Feature","properties":{"id":91,"descriptio":"trail","category":"infrastructure","layer":"well15_northside","n":36.87,"e":-6.6,"z":-11.51,"noffset":null,"eoffset":null,"zoffset":null,"uid":"well15_northside-91","archived_description":"trail","description":"trail","label":"Survey 91 · trail","metadata_source":"Maps/Total station surve/points_offsets.xlsx / Sheet1; joined by id","survey_group":"well15_northside","raw_z_m":-11.51,"qa_flag":"Raw relative z retained; elevation not adjusted","placement":"Rigid fit to known wells; provisional","source_file":"Raw CSVs in Maps/Total station surve; reference geometry in Maps/Rivendell Wells Trees Siting/surveypoints","location_note":"Provisional rigid fits for the two northern groups. Southern group retains original placement. Fit residuals measure agreement with existing wells, not independently established absolute accuracy."},"geometry":{"type":"Point","coordinates":[-123.6439664340745,39.72873143090395]}},{"type":"Feature","properties":{"id":92,"descriptio":"trail","category":"infrastructure","layer":"well15_northside","n":42.45,"e":-9.0,"z":-13.03,"noffset":null,"eoffset":null,"zoffset":null,"uid":"well15_northside-92","archived_description":"trail","description":"trail","label":"Survey 92 · trail","metadata_source":"Maps/Total station surve/points_offsets.xlsx / Sheet1; joined by id","survey_group":"well15_northside","raw_z_m":-13.03,"qa_flag":"Raw relative z retained; elevation not adjusted","placement":"Rigid fit to known wells; provisional","source_file":"Raw CSVs in Maps/Total station surve; reference geometry in Maps/Rivendell Wells Trees Siting/surveypoints","location_note":"Provisional rigid fits for the two northern groups. Southern group retains original placement. Fit residuals measure agreement with existing wells, not independently established absolute accuracy."},"geometry":{"type":"Point","coordinates":[-123.6439905199914,39.72878290161381]}},{"type":"Feature","properties":{"id":93,"descriptio":"trail","category":"infrastructure","layer":"well15_northside","n":49.6,"e":-17.76,"z":-15.53,"noffset":null,"eoffset":null,"zoffset":null,"uid":"well15_northside-93","archived_description":"trail","description":"trail","label":"Survey 93 · trail","metadata_source":"Maps/Total station surve/points_offsets.xlsx / Sheet1; joined by id","survey_group":"well15_northside","raw_z_m":-15.53,"qa_flag":"Raw relative z retained; elevation not adjusted","placement":"Rigid fit to known wells; provisional","source_file":"Raw CSVs in Maps/Total station surve; reference geometry in Maps/Rivendell Wells Trees Siting/surveypoints","location_note":"Provisional rigid fits for the two northern groups. Southern group retains original placement. Fit residuals measure agreement with existing wells, not independently established absolute accuracy."},"geometry":{"type":"Point","coordinates":[-123.64408759856812,39.728851897338856]}},{"type":"Feature","properties":{"id":94,"descriptio":"trail","category":"infrastructure","layer":"well15_northside","n":53.63,"e":-3.26,"z":-18.33,"noffset":null,"eoffset":null,"zoffset":null,"uid":"well15_northside-94","archived_description":"trail","description":"trail","label":"Survey 94 · trail","metadata_source":"Maps/Total station surve/points_offsets.xlsx / Sheet1; joined by id","survey_group":"well15_northside","raw_z_m":-18.33,"qa_flag":"Raw relative z retained; elevation not adjusted","placement":"Rigid fit to known wells; provisional","source_file":"Raw CSVs in Maps/Total station surve; reference geometry in Maps/Rivendell Wells Trees Siting/surveypoints","location_note":"Provisional rigid fits for the two northern groups. Southern group retains original placement. Fit residuals measure agreement with existing wells, not independently established absolute accuracy."},"geometry":{"type":"Point","coordinates":[-123.64391590810075,39.72888038059385]}},{"type":"Feature","properties":{"id":95,"descriptio":"trail","category":"infrastructure","layer":"well15_northside","n":53.63,"e":2.91,"z":-20.04,"noffset":null,"eoffset":null,"zoffset":null,"uid":"well15_northside-95","archived_description":"trail","description":"trail","label":"Survey 95 · trail","metadata_source":"Maps/Total station surve/points_offsets.xlsx / Sheet1; joined by id","survey_group":"well15_northside","raw_z_m":-20.04,"qa_flag":"Raw relative z retained; elevation not adjusted","placement":"Rigid fit to known wells; provisional","source_file":"Raw CSVs in Maps/Total station surve; reference geometry in Maps/Rivendell Wells Trees Siting/surveypoints","location_note":"Provisional rigid fits for the two northern groups. Southern group retains original placement. Fit residuals measure agreement with existing wells, not independently established absolute accuracy."},"geometry":{"type":"Point","coordinates":[-123.6438440399226,39.72887707759301]}},{"type":"Feature","properties":{"id":96,"descriptio":"oshun tdr level 5","category":"sensor","layer":"well15_southside","n":-4.04,"e":-0.91,"z":-0.14,"noffset":-0.48,"eoffset":null,"zoffset":null,"uid":"well15_southside-96","archived_description":"oshun tdr level 5","description":"oshun tdr level 5","label":"Survey 96 · oshun tdr level 5","metadata_source":"Maps/Total station surve/points_offsets.xlsx / Sheet1; joined by id","survey_group":"well15_southside","raw_z_m":-0.14,"qa_flag":"Raw relative z retained; elevation not adjusted","placement":"Original placement retained; insufficient independent controls","source_file":"Raw CSVs in Maps/Total station surve; reference geometry in Maps/Rivendell Wells Trees Siting/surveypoints","location_note":"Provisional rigid fits for the two northern groups. Southern group retains original placement. Fit residuals measure agreement with existing wells, not independently established absolute accuracy."},"geometry":{"type":"Point","coordinates":[-123.6438490630727,39.728335405058836]}},{"type":"Feature","properties":{"id":97,"descriptio":"oshun lysimeter, they’re broken","category":"water sample","layer":"well15_southside","n":-5.25,"e":1.04,"z":-0.02,"noffset":-0.7,"eoffset":null,"zoffset":null,"uid":"well15_southside-97","archived_description":"oshun lysimeter, they?re broken","description":"oshun lysimeter, they’re broken","label":"Survey 97 · oshun lysimeter, they’re broken","metadata_source":"Maps/Total station surve/points_offsets.xlsx / Sheet1; joined by id","survey_group":"well15_southside","raw_z_m":-0.02,"qa_flag":"Raw relative z retained; elevation not adjusted","placement":"Original placement retained; insufficient independent controls","source_file":"Raw CSVs in Maps/Total station surve; reference geometry in Maps/Rivendell Wells Trees Siting/surveypoints","location_note":"Provisional rigid fits for the two northern groups. Southern group retains original placement. Fit residuals measure agreement with existing wells, not independently established absolute accuracy."},"geometry":{"type":"Point","coordinates":[-123.6438265857263,39.7283222352247]}},{"type":"Feature","properties":{"id":98,"descriptio":"tree tag 47 yellow and pink flag","category":"tree","layer":"well15_southside","n":-18.34,"e":2.05,"z":-3.16,"noffset":null,"eoffset":null,"zoffset":null,"uid":"well15_southside-98","archived_description":"tree tag 47 yellow and pink flag","description":"tree tag 47 yellow and pink flag","label":"Survey 98 · tree tag 47 yellow and pink flag","metadata_source":"Maps/Total station surve/points_offsets.xlsx / Sheet1; joined by id","survey_group":"well15_southside","raw_z_m":-3.16,"qa_flag":"Raw relative z retained; elevation not adjusted","placement":"Original placement retained; insufficient independent controls","source_file":"Raw CSVs in Maps/Total station surve; reference geometry in Maps/Rivendell Wells Trees Siting/surveypoints","location_note":"Provisional rigid fits for the two northern groups. Southern group retains original placement. Fit residuals measure agreement with existing wells, not independently established absolute accuracy."},"geometry":{"type":"Point","coordinates":[-123.64381716957122,39.72821046966047]}},{"type":"Feature","properties":{"id":99,"descriptio":"TDR T1 plot","category":"sensor","layer":"well15_southside","n":-17.18,"e":33.77,"z":-4.55,"noffset":null,"eoffset":null,"zoffset":null,"uid":"well15_southside-99","archived_description":"TDR T1 plot","description":"TDR T1 plot","label":"Survey 99 · TDR T1 plot","metadata_source":"Maps/Total station surve/points_offsets.xlsx / Sheet1; joined by id","survey_group":"well15_southside","raw_z_m":-4.55,"qa_flag":"Raw relative z retained; elevation not adjusted","placement":"Original placement retained; insufficient independent controls","source_file":"Raw CSVs in Maps/Total station surve; reference geometry in Maps/Rivendell Wells Trees Siting/surveypoints","location_note":"Provisional rigid fits for the two northern groups. Southern group retains original placement. Fit residuals measure agreement with existing wells, not independently established absolute accuracy."},"geometry":{"type":"Point","coordinates":[-123.64344687230367,39.728216241884994]}},{"type":"Feature","properties":{"id":100,"descriptio":"TDR T2 plot","category":"sensor","layer":"well15_southside","n":-19.43,"e":43.19,"z":5.72,"noffset":null,"eoffset":null,"zoffset":null,"uid":"well15_southside-100","archived_description":"TDR T2 plot","description":"TDR T2 plot","label":"Survey 100 · TDR T2 plot","metadata_source":"Maps/Total station surve/points_offsets.xlsx / Sheet1; joined by id","survey_group":"well15_southside","raw_z_m":5.72,"qa_flag":"Raw relative z retained; elevation not adjusted","placement":"Original placement retained; insufficient independent controls","source_file":"Raw CSVs in Maps/Total station surve; reference geometry in Maps/Rivendell Wells Trees Siting/surveypoints","location_note":"Provisional rigid fits for the two northern groups. Southern group retains original placement. Fit residuals measure agreement with existing wells, not independently established absolute accuracy."},"geometry":{"type":"Point","coordinates":[-123.64333739972345,39.72819458312203]}},{"type":"Feature","properties":{"id":101,"descriptio":"TDR T3 plot","category":"sensor","layer":"well15_southside","n":-21.93,"e":53.43,"z":7.24,"noffset":-1.8,"eoffset":null,"zoffset":null,"uid":"well15_southside-101","archived_description":"TDR T3 plot","description":"TDR T3 plot","label":"Survey 101 · TDR T3 plot","metadata_source":"Maps/Total station surve/points_offsets.xlsx / Sheet1; joined by id","survey_group":"well15_southside","raw_z_m":7.24,"qa_flag":"Raw relative z retained; elevation not adjusted","placement":"Original placement retained; insufficient independent controls","source_file":"Raw CSVs in Maps/Total station surve; reference geometry in Maps/Rivendell Wells Trees Siting/surveypoints","location_note":"Provisional rigid fits for the two northern groups. Southern group retains original placement. Fit residuals measure agreement with existing wells, not independently established absolute accuracy."},"geometry":{"type":"Point","coordinates":[-123.64321875219301,39.72815433565206]}},{"type":"Feature","properties":{"id":102,"descriptio":"TDR T4 plot","category":"sensor","layer":"well15_southside","n":-24.15,"e":40.18,"z":2.06,"noffset":null,"eoffset":null,"zoffset":null,"uid":"well15_southside-102","archived_description":"TDR T4 plot","description":"TDR T4 plot","label":"Survey 102 · TDR T4 plot","metadata_source":"Maps/Total station surve/points_offsets.xlsx / Sheet1; joined by id","survey_group":"well15_southside","raw_z_m":2.06,"qa_flag":"Raw relative z retained; elevation not adjusted","placement":"Original placement retained; insufficient independent controls","source_file":"Raw CSVs in Maps/Total station surve; reference geometry in Maps/Rivendell Wells Trees Siting/surveypoints","location_note":"Provisional rigid fits for the two northern groups. Southern group retains original placement. Fit residuals measure agreement with existing wells, not independently established absolute accuracy."},"geometry":{"type":"Point","coordinates":[-123.64337341939671,39.728152506467936]}},{"type":"Feature","properties":{"id":103,"descriptio":"TDR T5 plot","category":"sensor","layer":"well15_southside","n":-25.62,"e":43.08,"z":1.89,"noffset":null,"eoffset":null,"zoffset":null,"uid":"well15_southside-103","archived_description":"TDR T5 plot","description":"TDR T5 plot","label":"Survey 103 · TDR T5 plot","metadata_source":"Maps/Total station surve/points_offsets.xlsx / Sheet1; joined by id","survey_group":"well15_southside","raw_z_m":1.89,"qa_flag":"Raw relative z retained; elevation not adjusted","placement":"Original placement retained; insufficient independent controls","source_file":"Raw CSVs in Maps/Total station surve; reference geometry in Maps/Rivendell Wells Trees Siting/surveypoints","location_note":"Provisional rigid fits for the two northern groups. Southern group retains original placement. Fit residuals measure agreement with existing wells, not independently established absolute accuracy."},"geometry":{"type":"Point","coordinates":[-123.6433398662573,39.728138836071416]}},{"type":"Feature","properties":{"id":104,"descriptio":"TDR T6 plot","category":"sensor","layer":"well15_southside","n":-30.24,"e":52.9,"z":1.64,"noffset":null,"eoffset":null,"zoffset":null,"uid":"well15_southside-104","archived_description":"TDR T6 plot","description":"TDR T6 plot","label":"Survey 104 · TDR T6 plot","metadata_source":"Maps/Total station surve/points_offsets.xlsx / Sheet1; joined by id","survey_group":"well15_southside","raw_z_m":1.64,"qa_flag":"Raw relative z retained; elevation not adjusted","placement":"Original placement retained; insufficient independent controls","source_file":"Raw CSVs in Maps/Total station surve; reference geometry in Maps/Rivendell Wells Trees Siting/surveypoints","location_note":"Provisional rigid fits for the two northern groups. Southern group retains original placement. Fit residuals measure agreement with existing wells, not independently established absolute accuracy."},"geometry":{"type":"Point","coordinates":[-123.64322618010183,39.72809576780348]}},{"type":"Feature","properties":{"id":105,"descriptio":"sapflow moss foot, box november","category":"tree","layer":"well15_southside","n":-35.41,"e":29.97,"z":-5.16,"noffset":null,"eoffset":null,"zoffset":null,"uid":"well15_southside-105","archived_description":"sapflow moss foot, box november","description":"sapflow moss foot, box november","label":"Survey 105 · sapflow moss foot, box november","metadata_source":"Maps/Total station surve/points_offsets.xlsx / Sheet1; joined by id","survey_group":"well15_southside","raw_z_m":-5.16,"qa_flag":"Raw relative z retained; elevation not adjusted","placement":"Original placement retained; insufficient independent controls","source_file":"Raw CSVs in Maps/Total station surve; reference geometry in Maps/Rivendell Wells Trees Siting/surveypoints","location_note":"Provisional rigid fits for the two northern groups. Southern group retains original placement. Fit residuals measure agreement with existing wells, not independently established absolute accuracy."},"geometry":{"type":"Point","coordinates":[-123.64349469086224,39.728052575431654]}},{"type":"Feature","properties":{"id":106,"descriptio":"tracer hole","category":"well/hole","layer":"well15_southside","n":-31.5,"e":29.99,"z":-2.76,"noffset":null,"eoffset":null,"zoffset":null,"uid":"well15_southside-106","archived_description":"tracer hole","description":"tracer hole","label":"Survey 106 · tracer hole","metadata_source":"Maps/Total station surve/points_offsets.xlsx / Sheet1; joined by id","survey_group":"well15_southside","raw_z_m":-2.76,"qa_flag":"Raw relative z retained; elevation not adjusted","placement":"Original placement retained; insufficient independent controls","source_file":"Raw CSVs in Maps/Total station surve; reference geometry in Maps/Rivendell Wells Trees Siting/surveypoints","location_note":"Provisional rigid fits for the two northern groups. Southern group retains original placement. Fit residuals measure agreement with existing wells, not independently established absolute accuracy."},"geometry":{"type":"Point","coordinates":[-123.64349371023742,39.72808779613515]}},{"type":"Feature","properties":{"id":107,"descriptio":"tree tag 83 small douglas fir sampled","category":"tree","layer":"well15_southside","n":-31.84,"e":31.39,"z":-2.48,"noffset":null,"eoffset":null,"zoffset":null,"uid":"well15_southside-107","archived_description":"tree tag 83 small douglas fir sampled","description":"tree tag 83 small douglas fir sampled","label":"Survey 107 · tree tag 83 small douglas fir sampled","metadata_source":"Maps/Total station surve/points_offsets.xlsx / Sheet1; joined by id","survey_group":"well15_southside","raw_z_m":-2.48,"qa_flag":"Raw relative z retained; elevation not adjusted","placement":"Original placement retained; insufficient independent controls","source_file":"Raw CSVs in Maps/Total station surve; reference geometry in Maps/Rivendell Wells Trees Siting/surveypoints","location_note":"Provisional rigid fits for the two northern groups. Southern group retains original placement. Fit residuals measure agreement with existing wells, not independently established absolute accuracy."},"geometry":{"type":"Point","coordinates":[-123.64347744152249,39.728084526729454]}},{"type":"Feature","properties":{"id":108,"descriptio":"tree 79 madrone","category":"tree","layer":"well15_southside","n":-32.19,"e":31.73,"z":-2.56,"noffset":-0.3,"eoffset":null,"zoffset":null,"uid":"well15_southside-108","archived_description":"tree 79 madrone","description":"tree 79 madrone","label":"Survey 108 · tree 79 madrone","metadata_source":"Maps/Total station surve/points_offsets.xlsx / Sheet1; joined by id","survey_group":"well15_southside","raw_z_m":-2.56,"qa_flag":"Raw relative z retained; elevation not adjusted","placement":"Original placement retained; insufficient independent controls","source_file":"Raw CSVs in Maps/Total station surve; reference geometry in Maps/Rivendell Wells Trees Siting/surveypoints","location_note":"Provisional rigid fits for the two northern groups. Southern group retains original placement. Fit residuals measure agreement with existing wells, not independently established absolute accuracy."},"geometry":{"type":"Point","coordinates":[-123.64347359899861,39.728078620989606]}},{"type":"Feature","properties":{"id":109,"descriptio":"tree tag 80 madrone","category":"tree","layer":"well15_southside","n":-32.94,"e":30.29,"z":-3.21,"noffset":null,"eoffset":null,"zoffset":null,"uid":"well15_southside-109","archived_description":"tree tag 80 madrone","description":"tree tag 80 madrone","label":"Survey 109 · tree tag 80 madrone","metadata_source":"Maps/Total station surve/points_offsets.xlsx / Sheet1; joined by id","survey_group":"well15_southside","raw_z_m":-3.21,"qa_flag":"Raw relative z retained; elevation not adjusted","placement":"Original placement retained; insufficient independent controls","source_file":"Raw CSVs in Maps/Total station surve; reference geometry in Maps/Rivendell Wells Trees Siting/surveypoints","location_note":"Provisional rigid fits for the two northern groups. Southern group retains original placement. Fit residuals measure agreement with existing wells, not independently established absolute accuracy."},"geometry":{"type":"Point","coordinates":[-123.64349048537565,39.72807477949578]}},{"type":"Feature","properties":{"id":110,"descriptio":"tree tag 81 oak","category":"tree","layer":"well15_southside","n":-30.48,"e":29.36,"z":-2.17,"noffset":null,"eoffset":null,"zoffset":null,"uid":"well15_southside-110","archived_description":"tree tag 81 oak","description":"tree tag 81 oak","label":"Survey 110 · tree tag 81 oak","metadata_source":"Maps/Total station surve/points_offsets.xlsx / Sheet1; joined by id","survey_group":"well15_southside","raw_z_m":-2.17,"qa_flag":"Raw relative z retained; elevation not adjusted","placement":"Original placement retained; insufficient independent controls","source_file":"Raw CSVs in Maps/Total station surve; reference geometry in Maps/Rivendell Wells Trees Siting/surveypoints","location_note":"Provisional rigid fits for the two northern groups. Southern group retains original placement. Fit residuals measure agreement with existing wells, not independently established absolute accuracy."},"geometry":{"type":"Point","coordinates":[-123.64350086545777,39.728097077829155]}},{"type":"Feature","properties":{"id":111,"descriptio":"tracer hole","category":"well/hole","layer":"well15_southside","n":-31.66,"e":27.81,"z":-3.37,"noffset":null,"eoffset":null,"zoffset":null,"uid":"well15_southside-111","archived_description":"tracer hole","description":"tracer hole","label":"Survey 111 · tracer hole","metadata_source":"Maps/Total station surve/points_offsets.xlsx / Sheet1; joined by id","survey_group":"well15_southside","raw_z_m":-3.37,"qa_flag":"Raw relative z retained; elevation not adjusted","placement":"Original placement retained; insufficient independent controls","source_file":"Raw CSVs in Maps/Total station surve; reference geometry in Maps/Rivendell Wells Trees Siting/surveypoints","location_note":"Provisional rigid fits for the two northern groups. Southern group retains original placement. Fit residuals measure agreement with existing wells, not independently established absolute accuracy."},"geometry":{"type":"Point","coordinates":[-123.6435191747163,39.72808667627132]}},{"type":"Feature","properties":{"id":112,"descriptio":"tracer hole","category":"well/hole","layer":"well15_southside","n":-30.15,"e":27.57,"z":-2.94,"noffset":null,"eoffset":null,"zoffset":null,"uid":"well15_southside-112","archived_description":"tracer hole","description":"tracer hole","label":"Survey 112 · tracer hole","metadata_source":"Maps/Total station surve/points_offsets.xlsx / Sheet1; joined by id","survey_group":"well15_southside","raw_z_m":-2.94,"qa_flag":"Raw relative z retained; elevation not adjusted","placement":"Original placement retained; insufficient independent controls","source_file":"Raw CSVs in Maps/Total station surve; reference geometry in Maps/Rivendell Wells Trees Siting/surveypoints","location_note":"Provisional rigid fits for the two northern groups. Southern group retains original placement. Fit residuals measure agreement with existing wells, not independently established absolute accuracy."},"geometry":{"type":"Point","coordinates":[-123.64352168619011,39.72810031466339]}},{"type":"Feature","properties":{"id":113,"descriptio":"sapflow spdf box oscar","category":"tree","layer":"well15_southside","n":-30.97,"e":26.01,"z":-3.49,"noffset":null,"eoffset":null,"zoffset":null,"uid":"well15_southside-113","archived_description":"sapflow spdf box oscar","description":"sapflow spdf box oscar","label":"Survey 113 · sapflow spdf box oscar","metadata_source":"Maps/Total station surve/points_offsets.xlsx / Sheet1; joined by id","survey_group":"well15_southside","raw_z_m":-3.49,"qa_flag":"Raw relative z retained; elevation not adjusted","placement":"Original placement retained; insufficient independent controls","source_file":"Raw CSVs in Maps/Total station surve; reference geometry in Maps/Rivendell Wells Trees Siting/surveypoints","location_note":"Provisional rigid fits for the two northern groups. Southern group retains original placement. Fit residuals measure agreement with existing wells, not independently established absolute accuracy."},"geometry":{"type":"Point","coordinates":[-123.64354004331389,39.72809315767559]}},{"type":"Feature","properties":{"id":114,"descriptio":"tree tag 71 dendrometer old sapflow","category":"tree","layer":"well15_southside","n":-30.35,"e":24.4,"z":-3.7,"noffset":null,"eoffset":null,"zoffset":null,"uid":"well15_southside-114","archived_description":"tree tag 71 dendrometer old sapflow","description":"tree tag 71 dendrometer old sapflow","label":"Survey 114 · tree tag 71 dendrometer old sapflow","metadata_source":"Maps/Total station surve/points_offsets.xlsx / Sheet1; joined by id","survey_group":"well15_southside","raw_z_m":-3.7,"qa_flag":"Raw relative z retained; elevation not adjusted","placement":"Original placement retained; insufficient independent controls","source_file":"Raw CSVs in Maps/Total station surve; reference geometry in Maps/Rivendell Wells Trees Siting/surveypoints","location_note":"Provisional rigid fits for the two northern groups. Southern group retains original placement. Fit residuals measure agreement with existing wells, not independently established absolute accuracy."},"geometry":{"type":"Point","coordinates":[-123.64355870857686,39.728098980452806]}},{"type":"Feature","properties":{"id":115,"descriptio":"tracer hole","category":"well/hole","layer":"well15_southside","n":-29.79,"e":23.82,"z":-3.75,"noffset":null,"eoffset":null,"zoffset":null,"uid":"well15_southside-115","archived_description":"tracer hole","description":"tracer hole","label":"Survey 115 · tracer hole","metadata_source":"Maps/Total station surve/points_offsets.xlsx / Sheet1; joined by id","survey_group":"well15_southside","raw_z_m":-3.75,"qa_flag":"Raw relative z retained; elevation not adjusted","placement":"Original placement retained; insufficient independent controls","source_file":"Raw CSVs in Maps/Total station surve; reference geometry in Maps/Rivendell Wells Trees Siting/surveypoints","location_note":"Provisional rigid fits for the two northern groups. Southern group retains original placement. Fit residuals measure agreement with existing wells, not independently established absolute accuracy."},"geometry":{"type":"Point","coordinates":[-123.64356536837236,39.72810411080965]}},{"type":"Feature","properties":{"id":116,"descriptio":"tracer hole","category":"well/hole","layer":"well15_southside","n":-28.85,"e":23.01,"z":-3.76,"noffset":-0.3,"eoffset":null,"zoffset":null,"uid":"well15_southside-116","archived_description":"tracer hole","description":"tracer hole","label":"Survey 116 · tracer hole","metadata_source":"Maps/Total station surve/points_offsets.xlsx / Sheet1; joined by id","survey_group":"well15_southside","raw_z_m":-3.76,"qa_flag":"Raw relative z retained; elevation not adjusted","placement":"Original placement retained; insufficient independent controls","source_file":"Raw CSVs in Maps/Total station surve; reference geometry in Maps/Rivendell Wells Trees Siting/surveypoints","location_note":"Provisional rigid fits for the two northern groups. Southern group retains original placement. Fit residuals measure agreement with existing wells, not independently established absolute accuracy."},"geometry":{"type":"Point","coordinates":[-123.64357469627387,39.72810999577424]}},{"type":"Feature","properties":{"id":117,"descriptio":"tree tag 78 tan oak","category":"well/hole","layer":"well15_southside","n":-27.17,"e":24.11,"z":-2.18,"noffset":null,"eoffset":null,"zoffset":null,"uid":"well15_southside-117","archived_description":"tree tag 78 tan oak","description":"tree tag 78 tan oak","label":"Survey 117 · tree tag 78 tan oak","metadata_source":"Maps/Total station surve/points_offsets.xlsx / Sheet1; joined by id","survey_group":"well15_southside","raw_z_m":-2.18,"qa_flag":"Raw relative z retained; elevation not adjusted","placement":"Original placement retained; insufficient independent controls","source_file":"Raw CSVs in Maps/Total station surve; reference geometry in Maps/Rivendell Wells Trees Siting/surveypoints","location_note":"Provisional rigid fits for the two northern groups. Southern group retains original placement. Fit residuals measure agreement with existing wells, not independently established absolute accuracy."},"geometry":{"type":"Point","coordinates":[-123.64356148424666,39.728127670591334]}},{"type":"Feature","properties":{"id":118,"descriptio":"tracer hole","category":"well/hole","layer":"well15_southside","n":-27.24,"e":22.83,"z":-2.68,"noffset":null,"eoffset":null,"zoffset":null,"uid":"well15_southside-118","archived_description":"tracer hole","description":"tracer hole","label":"Survey 118 · tracer hole","metadata_source":"Maps/Total station surve/points_offsets.xlsx / Sheet1; joined by id","survey_group":"well15_southside","raw_z_m":-2.68,"qa_flag":"Raw relative z retained; elevation not adjusted","placement":"Original placement retained; insufficient independent controls","source_file":"Raw CSVs in Maps/Total station surve; reference geometry in Maps/Rivendell Wells Trees Siting/surveypoints","location_note":"Provisional rigid fits for the two northern groups. Southern group retains original placement. Fit residuals measure agreement with existing wells, not independently established absolute accuracy."},"geometry":{"type":"Point","coordinates":[-123.64357643129912,39.728127228759156]}},{"type":"Feature","properties":{"id":119,"descriptio":"tree tag 77 live oak","category":"well/hole","layer":"well15_southside","n":-28.13,"e":22.07,"z":-3.14,"noffset":null,"eoffset":null,"zoffset":null,"uid":"well15_southside-119","archived_description":"tree tag 77 live oak","description":"tree tag 77 live oak","label":"Survey 119 · tree tag 77 live oak","metadata_source":"Maps/Total station surve/points_offsets.xlsx / Sheet1; joined by id","survey_group":"well15_southside","raw_z_m":-3.14,"qa_flag":"Raw relative z retained; elevation not adjusted","placement":"Original placement retained; insufficient independent controls","source_file":"Raw CSVs in Maps/Total station surve; reference geometry in Maps/Rivendell Wells Trees Siting/surveypoints","location_note":"Provisional rigid fits for the two northern groups. Southern group retains original placement. Fit residuals measure agreement with existing wells, not independently established absolute accuracy."},"geometry":{"type":"Point","coordinates":[-123.64358546825629,39.72811932318048]}},{"type":"Feature","properties":{"id":120,"descriptio":"tree tag 73 live oak box quebec","category":"tree","layer":"well15_southside","n":-28.28,"e":21.2,"z":-3.59,"noffset":null,"eoffset":null,"zoffset":null,"uid":"well15_southside-120","archived_description":"tree tag 73 live oak box quebec","description":"tree tag 73 live oak box quebec","label":"Survey 120 · tree tag 73 live oak box quebec","metadata_source":"Maps/Total station surve/points_offsets.xlsx / Sheet1; joined by id","survey_group":"well15_southside","raw_z_m":-3.59,"qa_flag":"Raw relative z retained; elevation not adjusted","placement":"Original placement retained; insufficient independent controls","source_file":"Raw CSVs in Maps/Total station surve; reference geometry in Maps/Rivendell Wells Trees Siting/surveypoints","location_note":"Provisional rigid fits for the two northern groups. Southern group retains original placement. Fit residuals measure agreement with existing wells, not independently established absolute accuracy."},"geometry":{"type":"Point","coordinates":[-123.6435956471534,39.72811810019239]}},{"type":"Feature","properties":{"id":121,"descriptio":"tree tag 99, live oak, dendrometer and old sapflow","category":"tree","layer":"well15_southside","n":-27.61,"e":18.99,"z":-4.27,"noffset":null,"eoffset":null,"zoffset":null,"uid":"well15_southside-121","archived_description":"tree tag 99, live oak, dendrometer and old sapflow","description":"tree tag 99, live oak, dendrometer and old sapflow","label":"Survey 121 · tree tag 99, live oak, dendrometer and old sapflow","metadata_source":"Maps/Total station surve/points_offsets.xlsx / Sheet1; joined by id","survey_group":"well15_southside","raw_z_m":-4.27,"qa_flag":"Raw relative z retained; elevation not adjusted","placement":"Original placement retained; insufficient independent controls","source_file":"Raw CSVs in Maps/Total station surve; reference geometry in Maps/Rivendell Wells Trees Siting/surveypoints","location_note":"Provisional rigid fits for the two northern groups. Southern group retains original placement. Fit residuals measure agreement with existing wells, not independently established absolute accuracy."},"geometry":{"type":"Point","coordinates":[-123.64362130303209,39.72812446187403]}},{"type":"Feature","properties":{"id":122,"descriptio":"solar panel control box, Todd and Lydia differntial GPS surveey point","category":"infrastructure","layer":"well15_southside","n":-33.29,"e":23.04,"z":-6.45,"noffset":null,"eoffset":null,"zoffset":null,"uid":"well15_southside-122","archived_description":"solar panel control box, Todd and Lydia differntial GPS surveey point","description":"solar panel control box, Todd and Lydia differntial GPS surveey point","label":"Survey 122 · solar panel control box, Todd and Lydia differntial GPS surveey point","metadata_source":"Maps/Total station surve/points_offsets.xlsx / Sheet1; joined by id","survey_group":"well15_southside","raw_z_m":-6.45,"qa_flag":"Raw relative z retained; elevation not adjusted","placement":"Original placement retained; insufficient independent controls","source_file":"Raw CSVs in Maps/Total station surve; reference geometry in Maps/Rivendell Wells Trees Siting/surveypoints","location_note":"Provisional rigid fits for the two northern groups. Southern group retains original placement. Fit residuals measure agreement with existing wells, not independently established absolute accuracy."},"geometry":{"type":"Point","coordinates":[-123.64357513746688,39.72807269571716]}},{"type":"Feature","properties":{"id":123,"descriptio":"tree tag 50, tan oak","category":"tree","layer":"well15_southside","n":-22.28,"e":13.86,"z":-6.71,"noffset":null,"eoffset":null,"zoffset":null,"uid":"well15_southside-123","archived_description":"tree tag 50, tan oak","description":"tree tag 50, tan oak","label":"Survey 123 · tree tag 50, tan oak","metadata_source":"Maps/Total station surve/points_offsets.xlsx / Sheet1; joined by id","survey_group":"well15_southside","raw_z_m":-6.71,"qa_flag":"Raw relative z retained; elevation not adjusted","placement":"Original placement retained; insufficient independent controls","source_file":"Raw CSVs in Maps/Total station surve; reference geometry in Maps/Rivendell Wells Trees Siting/surveypoints","location_note":"Provisional rigid fits for the two northern groups. Southern group retains original placement. Fit residuals measure agreement with existing wells, not independently established absolute accuracy."},"geometry":{"type":"Point","coordinates":[-123.6436801358481,39.72817323426258]}},{"type":"Feature","properties":{"id":124,"descriptio":"tree tag 70, madrone, old sap flow and dendrometer","category":"tree","layer":"well15_southside","n":-29.37,"e":9.8,"z":-7.46,"noffset":null,"eoffset":null,"zoffset":null,"uid":"well15_southside-124","archived_description":"tree tag 70, madrone, old sap flow and dendrometer","description":"tree tag 70, madrone, old sap flow and dendrometer","label":"Survey 124 · tree tag 70, madrone, old sap flow and dendrometer","metadata_source":"Maps/Total station surve/points_offsets.xlsx / Sheet1; joined by id","survey_group":"well15_southside","raw_z_m":-7.46,"qa_flag":"Raw relative z retained; elevation not adjusted","placement":"Original placement retained; insufficient independent controls","source_file":"Raw CSVs in Maps/Total station surve; reference geometry in Maps/Rivendell Wells Trees Siting/surveypoints","location_note":"Provisional rigid fits for the two northern groups. Southern group retains original placement. Fit residuals measure agreement with existing wells, not independently established absolute accuracy."},"geometry":{"type":"Point","coordinates":[-123.64372885846693,39.72810996193976]}},{"type":"Feature","properties":{"id":125,"descriptio":"tree tag 51, madrone, (#15 or 1S?)","category":"tree","layer":"well15_southside","n":-30.23,"e":9.16,"z":-8.28,"noffset":null,"eoffset":null,"zoffset":null,"uid":"well15_southside-125","archived_description":"tree tag 51, madrone, (#15 or 1S?)","description":"tree tag 51, madrone, (#15 or 1S?)","label":"Survey 125 · tree tag 51, madrone, (#15 or 1S?)","metadata_source":"Maps/Total station surve/points_offsets.xlsx / Sheet1; joined by id","survey_group":"well15_southside","raw_z_m":-8.28,"qa_flag":"Raw relative z retained; elevation not adjusted","placement":"Original placement retained; insufficient independent controls","source_file":"Raw CSVs in Maps/Total station surve; reference geometry in Maps/Rivendell Wells Trees Siting/surveypoints","location_note":"Provisional rigid fits for the two northern groups. Southern group retains original placement. Fit residuals measure agreement with existing wells, not independently established absolute accuracy."},"geometry":{"type":"Point","coordinates":[-123.64373648964002,39.728102308912355]}},{"type":"Feature","properties":{"id":126,"descriptio":"Well 16","category":"well/hole","layer":"well15_southside","n":-34.89,"e":6.7,"z":-11.58,"noffset":null,"eoffset":null,"zoffset":null,"uid":"well15_southside-126","archived_description":"Well 16","description":"Well 16","label":"Survey 126 · Well 16","metadata_source":"Maps/Total station surve/points_offsets.xlsx / Sheet1; joined by id","survey_group":"well15_southside","raw_z_m":-11.58,"qa_flag":"Raw relative z retained; elevation not adjusted","placement":"Original placement retained; insufficient independent controls","source_file":"Raw CSVs in Maps/Total station surve; reference geometry in Maps/Rivendell Wells Trees Siting/surveypoints","location_note":"Provisional rigid fits for the two northern groups. Southern group retains original placement. Fit residuals measure agreement with existing wells, not independently established absolute accuracy."},"geometry":{"type":"Point","coordinates":[-123.64376608074843,39.728060691551484]}},{"type":"Feature","properties":{"id":127,"descriptio":"repeat of #122, solar panel control box","category":"infrastructure","layer":"well15_southside","n":-33.3,"e":23.02,"z":-6.44,"noffset":null,"eoffset":null,"zoffset":null,"uid":"well15_southside-127","archived_description":"repeat of #122, solar panel control box","description":"repeat of #122, solar panel control box","label":"Survey 127 · repeat of #122, solar panel control box","metadata_source":"Maps/Total station surve/points_offsets.xlsx / Sheet1; joined by id","survey_group":"well15_southside","raw_z_m":-6.44,"qa_flag":"Raw relative z retained; elevation not adjusted","placement":"Original placement retained; insufficient independent controls","source_file":"Raw CSVs in Maps/Total station surve; reference geometry in Maps/Rivendell Wells Trees Siting/surveypoints","location_note":"Provisional rigid fits for the two northern groups. Southern group retains original placement. Fit residuals measure agreement with existing wells, not independently established absolute accuracy."},"geometry":{"type":"Point","coordinates":[-123.64357537271647,39.72807260858061]}},{"type":"Feature","properties":{"id":128,"descriptio":"sapflow wye, box papa","category":"tree","layer":"well15_southside","n":-31.74,"e":3.44,"z":-9.84,"noffset":null,"eoffset":null,"zoffset":null,"uid":"well15_southside-128","archived_description":"sapflow wye, box papa","description":"sapflow wye, box papa","label":"Survey 128 · sapflow wye, box papa","metadata_source":"Maps/Total station surve/points_offsets.xlsx / Sheet1; joined by id","survey_group":"well15_southside","raw_z_m":-9.84,"qa_flag":"Raw relative z retained; elevation not adjusted","placement":"Original placement retained; insufficient independent controls","source_file":"Raw CSVs in Maps/Total station surve; reference geometry in Maps/Rivendell Wells Trees Siting/surveypoints","location_note":"Provisional rigid fits for the two northern groups. Southern group retains original placement. Fit residuals measure agreement with existing wells, not independently established absolute accuracy."},"geometry":{"type":"Point","coordinates":[-123.6438035130085,39.72808954936775]}},{"type":"Feature","properties":{"id":129,"descriptio":"tree tag 53, nearly dead","category":"tree","layer":"well15_southside","n":-31.42,"e":-0.49,"z":-10.08,"noffset":null,"eoffset":null,"zoffset":null,"uid":"well15_southside-129","archived_description":"tree tag 53, nearly dead","description":"tree tag 53, nearly dead","label":"Survey 129 · tree tag 53, nearly dead","metadata_source":"Maps/Total station surve/points_offsets.xlsx / Sheet1; joined by id","survey_group":"well15_southside","raw_z_m":-10.08,"qa_flag":"Raw relative z retained; elevation not adjusted","placement":"Original placement retained; insufficient independent controls","source_file":"Raw CSVs in Maps/Total station surve; reference geometry in Maps/Rivendell Wells Trees Siting/surveypoints","location_note":"Provisional rigid fits for the two northern groups. Southern group retains original placement. Fit residuals measure agreement with existing wells, not independently established absolute accuracy."},"geometry":{"type":"Point","coordinates":[-123.64384930288801,39.7280930116044]}},{"type":"Feature","properties":{"id":130,"descriptio":"vertical hobo upper south side","category":"sensor","layer":"well15_southside","n":-27.27,"e":0.67,"z":-7.84,"noffset":null,"eoffset":null,"zoffset":null,"uid":"well15_southside-130","archived_description":"vertical hobo upper south side","description":"vertical hobo upper south side","label":"Survey 130 · vertical hobo upper south side","metadata_source":"Maps/Total station surve/points_offsets.xlsx / Sheet1; joined by id","survey_group":"well15_southside","raw_z_m":-7.84,"qa_flag":"Raw relative z retained; elevation not adjusted","placement":"Original placement retained; insufficient independent controls","source_file":"Raw CSVs in Maps/Total station surve; reference geometry in Maps/Rivendell Wells Trees Siting/surveypoints","location_note":"Provisional rigid fits for the two northern groups. Southern group retains original placement. Fit residuals measure agreement with existing wells, not independently established absolute accuracy."},"geometry":{"type":"Point","coordinates":[-123.64383497628113,39.72813022628247]}},{"type":"Feature","properties":{"id":131,"descriptio":"tree tag 52","category":"tree","layer":"well15_southside","n":-27.77,"e":-4.39,"z":-8.32,"noffset":null,"eoffset":null,"zoffset":null,"uid":"well15_southside-131","archived_description":"tree tag 52","description":"tree tag 52","label":"Survey 131 · tree tag 52","metadata_source":"Maps/Total station surve/points_offsets.xlsx / Sheet1; joined by id","survey_group":"well15_southside","raw_z_m":-8.32,"qa_flag":"Raw relative z retained; elevation not adjusted","placement":"Original placement retained; insufficient independent controls","source_file":"Raw CSVs in Maps/Total station surve; reference geometry in Maps/Rivendell Wells Trees Siting/surveypoints","location_note":"Provisional rigid fits for the two northern groups. Southern group retains original placement. Fit residuals measure agreement with existing wells, not independently established absolute accuracy."},"geometry":{"type":"Point","coordinates":[-123.64389410650232,39.728126468061255]}},{"type":"Feature","properties":{"id":132,"descriptio":"tree tag 621, oak","category":"tree","layer":"well15_southside","n":-28.19,"e":-14.5,"z":-10.19,"noffset":null,"eoffset":null,"zoffset":null,"uid":"well15_southside-132","archived_description":"tree tag 621, oak","description":"tree tag 621, oak","label":"Survey 132 · tree tag 621, oak","metadata_source":"Maps/Total station surve/points_offsets.xlsx / Sheet1; joined by id","survey_group":"well15_southside","raw_z_m":-10.19,"qa_flag":"Raw relative z retained; elevation not adjusted","placement":"Original placement retained; insufficient independent controls","source_file":"Raw CSVs in Maps/Total station surve; reference geometry in Maps/Rivendell Wells Trees Siting/surveypoints","location_note":"Provisional rigid fits for the two northern groups. Southern group retains original placement. Fit residuals measure agreement with existing wells, not independently established absolute accuracy."},"geometry":{"type":"Point","coordinates":[-123.6440121394434,39.72812417504646]}},{"type":"Feature","properties":{"id":133,"descriptio":"tree tag 95 oak","category":"tree","layer":"well15_southside","n":-29.58,"e":-7.65,"z":-9.61,"noffset":null,"eoffset":null,"zoffset":null,"uid":"well15_southside-133","archived_description":"tree tag 95 oak","description":"tree tag 95 oak","label":"Survey 133 · tree tag 95 oak","metadata_source":"Maps/Total station surve/points_offsets.xlsx / Sheet1; joined by id","survey_group":"well15_southside","raw_z_m":-9.61,"qa_flag":"Raw relative z retained; elevation not adjusted","placement":"Original placement retained; insufficient independent controls","source_file":"Raw CSVs in Maps/Total station surve; reference geometry in Maps/Rivendell Wells Trees Siting/surveypoints","location_note":"Provisional rigid fits for the two northern groups. Southern group retains original placement. Fit residuals measure agreement with existing wells, not independently established absolute accuracy."},"geometry":{"type":"Point","coordinates":[-123.64393248653236,39.72811064314402]}},{"type":"Feature","properties":{"id":134,"descriptio":"tree tag 300 dendrometer and old sap flow","category":"tree","layer":"well15_southside","n":-30.26,"e":-5.63,"z":-9.62,"noffset":null,"eoffset":null,"zoffset":null,"uid":"well15_southside-134","archived_description":"tree tag 300 dendrometer and old sap flow","description":"tree tag 300 dendrometer and old sap flow","label":"Survey 134 · tree tag 300 dendrometer and old sap flow","metadata_source":"Maps/Total station surve/points_offsets.xlsx / Sheet1; joined by id","survey_group":"well15_southside","raw_z_m":-9.62,"qa_flag":"Raw relative z retained; elevation not adjusted","placement":"Original placement retained; insufficient independent controls","source_file":"Raw CSVs in Maps/Total station surve; reference geometry in Maps/Rivendell Wells Trees Siting/surveypoints","location_note":"Provisional rigid fits for the two northern groups. Southern group retains original placement. Fit residuals measure agreement with existing wells, not independently established absolute accuracy."},"geometry":{"type":"Point","coordinates":[-123.64390904925833,39.7281042194594]}},{"type":"Feature","properties":{"id":135,"descriptio":"tree tag 61","category":"tree","layer":"well15_southside","n":-36.98,"e":-22.7,"z":-14.9,"noffset":null,"eoffset":null,"zoffset":-0.68,"uid":"well15_southside-135","archived_description":"tree tag 61","description":"tree tag 61","label":"Survey 135 · tree tag 61","metadata_source":"Maps/Total station surve/points_offsets.xlsx / Sheet1; joined by id","survey_group":"well15_southside","raw_z_m":-14.9,"qa_flag":"Raw relative z retained; elevation not adjusted","placement":"Original placement retained; insufficient independent controls","source_file":"Raw CSVs in Maps/Total station surve; reference geometry in Maps/Rivendell Wells Trees Siting/surveypoints","location_note":"Provisional rigid fits for the two northern groups. Southern group retains original placement. Fit residuals measure agreement with existing wells, not independently established absolute accuracy."},"geometry":{"type":"Point","coordinates":[-123.64410948755136,39.728046198293896]}},{"type":"Feature","properties":{"id":136,"descriptio":"tree tag 60 small madrone","category":"tree","layer":"well15_southside","n":-37.8,"e":-21.11,"z":-15.93,"noffset":null,"eoffset":null,"zoffset":null,"uid":"well15_southside-136","archived_description":"tree tag 60 small madrone","description":"tree tag 60 small madrone","label":"Survey 136 · tree tag 60 small madrone","metadata_source":"Maps/Total station surve/points_offsets.xlsx / Sheet1; joined by id","survey_group":"well15_southside","raw_z_m":-15.93,"qa_flag":"Raw relative z retained; elevation not adjusted","placement":"Original placement retained; insufficient independent controls","source_file":"Raw CSVs in Maps/Total station surve; reference geometry in Maps/Rivendell Wells Trees Siting/surveypoints","location_note":"Provisional rigid fits for the two northern groups. Southern group retains original placement. Fit residuals measure agreement with existing wells, not independently established absolute accuracy."},"geometry":{"type":"Point","coordinates":[-123.64409109380458,39.7280385768325]}},{"type":"Feature","properties":{"id":137,"descriptio":"tree tag 62 big oak","category":"tree","layer":"well15_southside","n":-39.37,"e":-25.67,"z":-17.74,"noffset":null,"eoffset":null,"zoffset":null,"uid":"well15_southside-137","archived_description":"tree tag 62 big oak","description":"tree tag 62 big oak","label":"Survey 137 · tree tag 62 big oak","metadata_source":"Maps/Total station surve/points_offsets.xlsx / Sheet1; joined by id","survey_group":"well15_southside","raw_z_m":-17.74,"qa_flag":"Raw relative z retained; elevation not adjusted","placement":"Original placement retained; insufficient independent controls","source_file":"Raw CSVs in Maps/Total station surve; reference geometry in Maps/Rivendell Wells Trees Siting/surveypoints","location_note":"Provisional rigid fits for the two northern groups. Southern group retains original placement. Fit residuals measure agreement with existing wells, not independently established absolute accuracy."},"geometry":{"type":"Point","coordinates":[-123.64414459488196,39.72802510556229]}},{"type":"Feature","properties":{"id":138,"descriptio":"tree tag huge double oak","category":"tree","layer":"well15_southside","n":-37.19,"e":-8.63,"z":-13.04,"noffset":null,"eoffset":null,"zoffset":null,"uid":"well15_southside-138","archived_description":"tree tag huge double oak","description":"tree tag huge double oak","label":"Survey 138 · tree tag huge double oak","metadata_source":"Maps/Total station surve/points_offsets.xlsx / Sheet1; joined by id","survey_group":"well15_southside","raw_z_m":-13.04,"qa_flag":"Raw relative z retained; elevation not adjusted","placement":"Original placement retained; insufficient independent controls","source_file":"Raw CSVs in Maps/Total station surve; reference geometry in Maps/Rivendell Wells Trees Siting/surveypoints","location_note":"Provisional rigid fits for the two northern groups. Southern group retains original placement. Fit residuals measure agreement with existing wells, not independently established absolute accuracy."},"geometry":{"type":"Point","coordinates":[-123.64394537411383,39.728042232134335]}},{"type":"Feature","properties":{"id":139,"descriptio":"peripheral stake #113","category":"infrastructure","layer":"well15_southside","n":-39.32,"e":-9.06,"z":-14.19,"noffset":1.5,"eoffset":null,"zoffset":null,"uid":"well15_southside-139","archived_description":"peripheral stake #113","description":"peripheral stake #113","label":"Survey 139 · peripheral stake #113","metadata_source":"Maps/Total station surve/points_offsets.xlsx / Sheet1; joined by id","survey_group":"well15_southside","raw_z_m":-14.19,"qa_flag":"Raw relative z retained; elevation not adjusted","placement":"Original placement retained; insufficient independent controls","source_file":"Raw CSVs in Maps/Total station surve; reference geometry in Maps/Rivendell Wells Trees Siting/surveypoints","location_note":"Provisional rigid fits for the two northern groups. Southern group retains original placement. Fit residuals measure agreement with existing wells, not independently established absolute accuracy."},"geometry":{"type":"Point","coordinates":[-123.64395051125825,39.728036620110466]}},{"type":"Feature","properties":{"id":140,"descriptio":"tree tag 55 madrone","category":"unclassified","layer":"well15_southside","n":-38.73,"e":-2.12,"z":-13.55,"noffset":null,"eoffset":null,"zoffset":null,"uid":"well15_southside-140","archived_description":"tree tag 55 madrone","description":"tree tag 55 madrone","label":"Survey 140 · tree tag 55 madrone","metadata_source":"Maps/Total station surve/points_offsets.xlsx / Sheet1; joined by id","survey_group":"well15_southside","raw_z_m":-13.55,"qa_flag":"Raw relative z retained; elevation not adjusted","placement":"Original placement retained; insufficient independent controls","source_file":"Raw CSVs in Maps/Total station surve; reference geometry in Maps/Rivendell Wells Trees Siting/surveypoints","location_note":"Provisional rigid fits for the two northern groups. Southern group retains original placement. Fit residuals measure agreement with existing wells, not independently established absolute accuracy."},"geometry":{"type":"Point","coordinates":[-123.64386971672276,39.72802739902585]}},{"type":"Feature","properties":{"id":141,"descriptio":"tree tag 56 small bay","category":"tree","layer":"well15_southside","n":-36.62,"e":-0.61,"z":-12.69,"noffset":null,"eoffset":null,"zoffset":null,"uid":"well15_southside-141","archived_description":"tree tag 56 small bay","description":"tree tag 56 small bay","label":"Survey 141 · tree tag 56 small bay","metadata_source":"Maps/Total station surve/points_offsets.xlsx / Sheet1; joined by id","survey_group":"well15_southside","raw_z_m":-12.69,"qa_flag":"Raw relative z retained; elevation not adjusted","placement":"Original placement retained; insufficient independent controls","source_file":"Raw CSVs in Maps/Total station surve; reference geometry in Maps/Rivendell Wells Trees Siting/surveypoints","location_note":"Provisional rigid fits for the two northern groups. Southern group retains original placement. Fit residuals measure agreement with existing wells, not independently established absolute accuracy."},"geometry":{"type":"Point","coordinates":[-123.64385169651031,39.72804618454112]}},{"type":"Feature","properties":{"id":142,"descriptio":"TDR WCRD","category":"sensor","layer":"well15_southside","n":-39.12,"e":1.99,"z":-14.06,"noffset":-1.5,"eoffset":null,"zoffset":null,"uid":"well15_southside-142","archived_description":"TDR WCRD","description":"TDR WCRD","label":"Survey 142 · TDR WCRD","metadata_source":"Maps/Total station surve/points_offsets.xlsx / Sheet1; joined by id","survey_group":"well15_southside","raw_z_m":-14.06,"qa_flag":"Raw relative z retained; elevation not adjusted","placement":"Original placement retained; insufficient independent controls","source_file":"Raw CSVs in Maps/Total station surve; reference geometry in Maps/Rivendell Wells Trees Siting/surveypoints","location_note":"Provisional rigid fits for the two northern groups. Southern group retains original placement. Fit residuals measure agreement with existing wells, not independently established absolute accuracy."},"geometry":{"type":"Point","coordinates":[-123.64382212683499,39.72800976674228]}},{"type":"Feature","properties":{"id":143,"descriptio":"TDR 57 (did you mean tree tag) madrone","category":"unclassified","layer":"well15_southside","n":-39.26,"e":2.55,"z":-13.9,"noffset":null,"eoffset":null,"zoffset":null,"uid":"well15_southside-143","archived_description":"TDR 57 (did you mean tree tag) madrone","description":"TDR 57 (did you mean tree tag) madrone","label":"Survey 143 · TDR 57 (did you mean tree tag) madrone","metadata_source":"Maps/Total station surve/points_offsets.xlsx / Sheet1; joined by id","survey_group":"well15_southside","raw_z_m":-13.9,"qa_flag":"Raw relative z retained; elevation not adjusted","placement":"Original placement retained; insufficient independent controls","source_file":"Raw CSVs in Maps/Total station surve; reference geometry in Maps/Rivendell Wells Trees Siting/surveypoints","location_note":"Provisional rigid fits for the two northern groups. Southern group retains original placement. Fit residuals measure agreement with existing wells, not independently established absolute accuracy."},"geometry":{"type":"Point","coordinates":[-123.64381533349486,39.72802193587503]}},{"type":"Feature","properties":{"id":144,"descriptio":"top of ladder below well 16","category":"infrastructure","layer":"well15_southside","n":-36.21,"e":5.32,"z":-12.32,"noffset":null,"eoffset":null,"zoffset":null,"uid":"well15_southside-144","archived_description":"top of ladder below well 16","description":"top of ladder below well 16","label":"Survey 144 · top of ladder below well 16","metadata_source":"Maps/Total station surve/points_offsets.xlsx / Sheet1; joined by id","survey_group":"well15_southside","raw_z_m":-12.32,"qa_flag":"Raw relative z retained; elevation not adjusted","placement":"Original placement retained; insufficient independent controls","source_file":"Raw CSVs in Maps/Total station surve; reference geometry in Maps/Rivendell Wells Trees Siting/surveypoints","location_note":"Provisional rigid fits for the two northern groups. Southern group retains original placement. Fit residuals measure agreement with existing wells, not independently established absolute accuracy."},"geometry":{"type":"Point","coordinates":[-123.64378243333213,39.72804900367976]}},{"type":"Feature","properties":{"id":145,"descriptio":"sap flow tree white beard box mike","category":"tree","layer":"well15_southside","n":-37.63,"e":6.17,"z":-12.92,"noffset":null,"eoffset":null,"zoffset":null,"uid":"well15_southside-145","archived_description":"sap flow tree white beard box mike","description":"sap flow tree white beard box mike","label":"Survey 145 · sap flow tree white beard box mike","metadata_source":"Maps/Total station surve/points_offsets.xlsx / Sheet1; joined by id","survey_group":"well15_southside","raw_z_m":-12.92,"qa_flag":"Raw relative z retained; elevation not adjusted","placement":"Original placement retained; insufficient independent controls","source_file":"Raw CSVs in Maps/Total station surve; reference geometry in Maps/Rivendell Wells Trees Siting/surveypoints","location_note":"Provisional rigid fits for the two northern groups. Southern group retains original placement. Fit residuals measure agreement with existing wells, not independently established absolute accuracy."},"geometry":{"type":"Point","coordinates":[-123.64377278779128,39.72803608612004]}},{"type":"Feature","properties":{"id":146,"descriptio":"TDR WCR 3","category":"sensor","layer":"well15_southside","n":-37.3,"e":9.87,"z":-12.38,"noffset":null,"eoffset":null,"zoffset":null,"uid":"well15_southside-146","archived_description":"TDR WCR 3","description":"TDR WCR 3","label":"Survey 146 · TDR WCR 3","metadata_source":"Maps/Total station surve/points_offsets.xlsx / Sheet1; joined by id","survey_group":"well15_southside","raw_z_m":-12.38,"qa_flag":"Raw relative z retained; elevation not adjusted","placement":"Original placement retained; insufficient independent controls","source_file":"Raw CSVs in Maps/Total station surve; reference geometry in Maps/Rivendell Wells Trees Siting/surveypoints","location_note":"Provisional rigid fits for the two northern groups. Southern group retains original placement. Fit residuals measure agreement with existing wells, not independently established absolute accuracy."},"geometry":{"type":"Point","coordinates":[-123.64372955713485,39.728038513363465]}},{"type":"Feature","properties":{"id":147,"descriptio":"TDR WCR EF2","category":"sensor","layer":"well15_southside","n":-37.65,"e":14.47,"z":-11.78,"noffset":null,"eoffset":null,"zoffset":null,"uid":"well15_southside-147","archived_description":"TDR WCR EF2","description":"TDR WCR EF2","label":"Survey 147 · TDR WCR EF2","metadata_source":"Maps/Total station surve/points_offsets.xlsx / Sheet1; joined by id","survey_group":"well15_southside","raw_z_m":-11.78,"qa_flag":"Raw relative z retained; elevation not adjusted","placement":"Original placement retained; insufficient independent controls","source_file":"Raw CSVs in Maps/Total station surve; reference geometry in Maps/Rivendell Wells Trees Siting/surveypoints","location_note":"Provisional rigid fits for the two northern groups. Southern group retains original placement. Fit residuals measure agreement with existing wells, not independently established absolute accuracy."},"geometry":{"type":"Point","coordinates":[-123.64367595619498,39.7280346820189]}},{"type":"Feature","properties":{"id":148,"descriptio":"Banana slug sap flow kilo box","category":"tree","layer":"well15_southside","n":-38.93,"e":17.23,"z":-11.45,"noffset":null,"eoffset":null,"zoffset":null,"uid":"well15_southside-148","archived_description":"Banana slug sap flow kilo box","description":"Banana slug sap flow kilo box","label":"Survey 148 · Banana slug sap flow kilo box","metadata_source":"Maps/Total station surve/points_offsets.xlsx / Sheet1; joined by id","survey_group":"well15_southside","raw_z_m":-11.45,"qa_flag":"Raw relative z retained; elevation not adjusted","placement":"Original placement retained; insufficient independent controls","source_file":"Raw CSVs in Maps/Total station surve; reference geometry in Maps/Rivendell Wells Trees Siting/surveypoints","location_note":"Provisional rigid fits for the two northern groups. Southern group retains original placement. Fit residuals measure agreement with existing wells, not independently established absolute accuracy."},"geometry":{"type":"Point","coordinates":[-123.64364400011316,39.72802274399067]}},{"type":"Feature","properties":{"id":149,"descriptio":"bottom of first ladder on south side","category":"infrastructure","layer":"well15_southside","n":-38.71,"e":4.63,"z":-13.83,"noffset":null,"eoffset":null,"zoffset":null,"uid":"well15_southside-149","archived_description":"bottom of first ladder on south side","description":"bottom of first ladder on south side","label":"Survey 149 · bottom of first ladder on south side","metadata_source":"Maps/Total station surve/points_offsets.xlsx / Sheet1; joined by id","survey_group":"well15_southside","raw_z_m":-13.83,"qa_flag":"Raw relative z retained; elevation not adjusted","placement":"Original placement retained; insufficient independent controls","source_file":"Raw CSVs in Maps/Total station surve; reference geometry in Maps/Rivendell Wells Trees Siting/surveypoints","location_note":"Provisional rigid fits for the two northern groups. Southern group retains original placement. Fit residuals measure agreement with existing wells, not independently established absolute accuracy."},"geometry":{"type":"Point","coordinates":[-123.64379096121473,39.72802658390586]}},{"type":"Feature","properties":{"id":150,"descriptio":"top of second ladder","category":"infrastructure","layer":"well15_southside","n":-39.19,"e":5.66,"z":-14.06,"noffset":null,"eoffset":null,"zoffset":null,"uid":"well15_southside-150","archived_description":"top of second ladder","description":"top of second ladder","label":"Survey 150 · top of second ladder","metadata_source":"Maps/Total station surve/points_offsets.xlsx / Sheet1; joined by id","survey_group":"well15_southside","raw_z_m":-14.06,"qa_flag":"Raw relative z retained; elevation not adjusted","placement":"Original placement retained; insufficient independent controls","source_file":"Raw CSVs in Maps/Total station surve; reference geometry in Maps/Rivendell Wells Trees Siting/surveypoints","location_note":"Provisional rigid fits for the two northern groups. Southern group retains original placement. Fit residuals measure agreement with existing wells, not independently established absolute accuracy."},"geometry":{"type":"Point","coordinates":[-123.64377903601147,39.728022107895505]}},{"type":"Feature","properties":{"id":151,"descriptio":"bottom of second ladder","category":"infrastructure","layer":"well15_southside","n":-41.28,"e":6.39,"z":-15.14,"noffset":null,"eoffset":null,"zoffset":null,"uid":"well15_southside-151","archived_description":"bottom of second ladder","description":"bottom of second ladder","label":"Survey 151 · bottom of second ladder","metadata_source":"Maps/Total station surve/points_offsets.xlsx / Sheet1; joined by id","survey_group":"well15_southside","raw_z_m":-15.14,"qa_flag":"Raw relative z retained; elevation not adjusted","placement":"Original placement retained; insufficient independent controls","source_file":"Raw CSVs in Maps/Total station surve; reference geometry in Maps/Rivendell Wells Trees Siting/surveypoints","location_note":"Provisional rigid fits for the two northern groups. Southern group retains original placement. Fit residuals measure agreement with existing wells, not independently established absolute accuracy."},"geometry":{"type":"Point","coordinates":[-123.64377091853204,39.72800317226342]}},{"type":"Feature","properties":{"id":152,"descriptio":"sap flow \"another\"","category":"tree","layer":"well15_southside","n":-43.08,"e":5.88,"z":-15.67,"noffset":null,"eoffset":null,"zoffset":null,"uid":"well15_southside-152","archived_description":"sap flow another\"\"\"ap flow \"","description":"sap flow \"another\"","label":"Survey 152 · sap flow \"another\"","metadata_source":"Maps/Total station surve/points_offsets.xlsx / Sheet1; joined by id","survey_group":"well15_southside","raw_z_m":-15.67,"qa_flag":"Raw relative z retained; elevation not adjusted","placement":"Original placement retained; insufficient independent controls","source_file":"Raw CSVs in Maps/Total station surve; reference geometry in Maps/Rivendell Wells Trees Siting/surveypoints","location_note":"Provisional rigid fits for the two northern groups. Southern group retains original placement. Fit residuals measure agreement with existing wells, not independently established absolute accuracy."},"geometry":{"type":"Point","coordinates":[-123.64377721261002,39.72798703197319]}},{"type":"Feature","properties":{"id":153,"descriptio":"TDR WCR 9","category":"sensor","layer":"well15_southside","n":-43.36,"e":3.82,"z":-16.24,"noffset":null,"eoffset":null,"zoffset":null,"uid":"well15_southside-153","archived_description":"TDR WCR 9","description":"TDR WCR 9","label":"Survey 153 · TDR WCR 9","metadata_source":"Maps/Total station surve/points_offsets.xlsx / Sheet1; joined by id","survey_group":"well15_southside","raw_z_m":-16.24,"qa_flag":"Raw relative z retained; elevation not adjusted","placement":"Original placement retained; insufficient independent controls","source_file":"Raw CSVs in Maps/Total station surve; reference geometry in Maps/Rivendell Wells Trees Siting/surveypoints","location_note":"Provisional rigid fits for the two northern groups. Southern group retains original placement. Fit residuals measure agreement with existing wells, not independently established absolute accuracy."},"geometry":{"type":"Point","coordinates":[-123.64380129994696,39.72798481332021]}},{"type":"Feature","properties":{"id":154,"descriptio":"TDR WCR 1, 2, 3","category":"sensor","layer":"well15_southside","n":-44.56,"e":9.89,"z":-16.54,"noffset":null,"eoffset":null,"zoffset":null,"uid":"well15_southside-154","archived_description":"TDR WCR 1, 2, 3","description":"TDR WCR 1, 2, 3","label":"Survey 154 · TDR WCR 1, 2, 3","metadata_source":"Maps/Total station surve/points_offsets.xlsx / Sheet1; joined by id","survey_group":"well15_southside","raw_z_m":-16.54,"qa_flag":"Raw relative z retained; elevation not adjusted","placement":"Original placement retained; insufficient independent controls","source_file":"Raw CSVs in Maps/Total station surve; reference geometry in Maps/Rivendell Wells Trees Siting/surveypoints","location_note":"Provisional rigid fits for the two northern groups. Southern group retains original placement. Fit residuals measure agreement with existing wells, not independently established absolute accuracy."},"geometry":{"type":"Point","coordinates":[-123.64373071111682,39.727973107926196]}},{"type":"Feature","properties":{"id":155,"descriptio":"weather station south side","category":"sensor","layer":"well15_southside","n":-46.38,"e":9.39,"z":-17.26,"noffset":null,"eoffset":null,"zoffset":null,"uid":"well15_southside-155","archived_description":"weather station south side","description":"weather station south side","label":"Survey 155 · weather station south side","metadata_source":"Maps/Total station surve/points_offsets.xlsx / Sheet1; joined by id","survey_group":"well15_southside","raw_z_m":-17.26,"qa_flag":"Raw relative z retained; elevation not adjusted","placement":"Original placement retained; insufficient independent controls","source_file":"Raw CSVs in Maps/Total station surve; reference geometry in Maps/Rivendell Wells Trees Siting/surveypoints","location_note":"Provisional rigid fits for the two northern groups. Southern group retains original placement. Fit residuals measure agreement with existing wells, not independently established absolute accuracy."},"geometry":{"type":"Point","coordinates":[-123.64373689235437,39.72795678599127]}},{"type":"Feature","properties":{"id":156,"descriptio":"TDR WCR0","category":"sensor","layer":"well15_southside","n":-46.83,"e":5.37,"z":-17.67,"noffset":null,"eoffset":1.0,"zoffset":null,"uid":"well15_southside-156","archived_description":"TDR WCR0","description":"TDR WCR0","label":"Survey 156 · TDR WCR0","metadata_source":"Maps/Total station surve/points_offsets.xlsx / Sheet1; joined by id","survey_group":"well15_southside","raw_z_m":-17.67,"qa_flag":"Raw relative z retained; elevation not adjusted","placement":"Original placement retained; insufficient independent controls","source_file":"Raw CSVs in Maps/Total station surve; reference geometry in Maps/Rivendell Wells Trees Siting/surveypoints","location_note":"Provisional rigid fits for the two northern groups. Southern group retains original placement. Fit residuals measure agreement with existing wells, not independently established absolute accuracy."},"geometry":{"type":"Point","coordinates":[-123.64377221239472,39.72795317744241]}},{"type":"Feature","properties":{"id":157,"descriptio":"TDR WCR1","category":"sensor","layer":"well15_southside","n":-57.29,"e":12.83,"z":-18.57,"noffset":null,"eoffset":1.0,"zoffset":null,"uid":"well15_southside-157","archived_description":"TDR WCR1","description":"TDR WCR1","label":"Survey 157 · TDR WCR1","metadata_source":"Maps/Total station surve/points_offsets.xlsx / Sheet1; joined by id","survey_group":"well15_southside","raw_z_m":-18.57,"qa_flag":"Raw relative z retained; elevation not adjusted","placement":"Original placement retained; insufficient independent controls","source_file":"Raw CSVs in Maps/Total station surve; reference geometry in Maps/Rivendell Wells Trees Siting/surveypoints","location_note":"Provisional rigid fits for the two northern groups. Southern group retains original placement. Fit residuals measure agreement with existing wells, not independently established absolute accuracy."},"geometry":{"type":"Point","coordinates":[-123.64368717616222,39.72785784735086]}},{"type":"Feature","properties":{"id":158,"descriptio":"sap flow fary fir, juliet box","category":"tree","layer":"well15_southside","n":-50.3,"e":16.8,"z":-17.23,"noffset":null,"eoffset":-1.0,"zoffset":null,"uid":"well15_southside-158","archived_description":"sap flow fary fir, juliet box","description":"sap flow fary fir, juliet box","label":"Survey 158 · sap flow fary fir, juliet box","metadata_source":"Maps/Total station surve/points_offsets.xlsx / Sheet1; joined by id","survey_group":"well15_southside","raw_z_m":-17.23,"qa_flag":"Raw relative z retained; elevation not adjusted","placement":"Original placement retained; insufficient independent controls","source_file":"Raw CSVs in Maps/Total station surve; reference geometry in Maps/Rivendell Wells Trees Siting/surveypoints","location_note":"Provisional rigid fits for the two northern groups. Southern group retains original placement. Fit residuals measure agreement with existing wells, not independently established absolute accuracy."},"geometry":{"type":"Point","coordinates":[-123.64366285660769,39.72792052700703]}},{"type":"Feature","properties":{"id":159,"descriptio":"TDR WCR5","category":"sensor","layer":"well15_southside","n":-57.42,"e":12.67,"z":-20.61,"noffset":null,"eoffset":1.2,"zoffset":null,"uid":"well15_southside-159","archived_description":"TDR WCR5","description":"TDR WCR5","label":"Survey 159 · TDR WCR5","metadata_source":"Maps/Total station surve/points_offsets.xlsx / Sheet1; joined by id","survey_group":"well15_southside","raw_z_m":-20.61,"qa_flag":"Raw relative z retained; elevation not adjusted","placement":"Original placement retained; insufficient independent controls","source_file":"Raw CSVs in Maps/Total station surve; reference geometry in Maps/Rivendell Wells Trees Siting/surveypoints","location_note":"Provisional rigid fits for the two northern groups. Southern group retains original placement. Fit residuals measure agreement with existing wells, not independently established absolute accuracy."},"geometry":{"type":"Point","coordinates":[-123.64368673432925,39.727856670333296]}},{"type":"Feature","properties":{"id":160,"descriptio":"sapflow left, box india","category":"tree","layer":"well15_southside","n":-58.69,"e":21.64,"z":-17.7,"noffset":null,"eoffset":null,"zoffset":null,"uid":"well15_southside-160","archived_description":"sapflow left, box india","description":"sapflow left, box india","label":"Survey 160 · sapflow left, box india","metadata_source":"Maps/Total station surve/points_offsets.xlsx / Sheet1; joined by id","survey_group":"well15_southside","raw_z_m":-17.7,"qa_flag":"Raw relative z retained; elevation not adjusted","placement":"Original placement retained; insufficient independent controls","source_file":"Raw CSVs in Maps/Total station surve; reference geometry in Maps/Rivendell Wells Trees Siting/surveypoints","location_note":"Provisional rigid fits for the two northern groups. Southern group retains original placement. Fit residuals measure agreement with existing wells, not independently established absolute accuracy."},"geometry":{"type":"Point","coordinates":[-123.64359632532124,39.727844083560626]}},{"type":"Feature","properties":{"id":161,"descriptio":"sapflow lumpy, box golf","category":"tree","layer":"well15_southside","n":-60.43,"e":9.45,"z":-22.34,"noffset":null,"eoffset":null,"zoffset":null,"uid":"well15_southside-161","archived_description":"sapflow lumpy, box golf","description":"sapflow lumpy, box golf","label":"Survey 161 · sapflow lumpy, box golf","metadata_source":"Maps/Total station surve/points_offsets.xlsx / Sheet1; joined by id","survey_group":"well15_southside","raw_z_m":-22.34,"qa_flag":"Raw relative z retained; elevation not adjusted","placement":"Original placement retained; insufficient independent controls","source_file":"Raw CSVs in Maps/Total station surve; reference geometry in Maps/Rivendell Wells Trees Siting/surveypoints","location_note":"Provisional rigid fits for the two northern groups. Southern group retains original placement. Fit residuals measure agreement with existing wells, not independently established absolute accuracy."},"geometry":{"type":"Point","coordinates":[-123.6437388771526,39.72783020621045]}},{"type":"Feature","properties":{"id":162,"descriptio":"TDR WCR 8","category":"sensor","layer":"well15_southside","n":-61.94,"e":12.13,"z":-22.19,"noffset":null,"eoffset":0.5,"zoffset":null,"uid":"well15_southside-162","archived_description":"TDR WCR 8","description":"TDR WCR 8","label":"Survey 162 · TDR WCR 8","metadata_source":"Maps/Total station surve/points_offsets.xlsx / Sheet1; joined by id","survey_group":"well15_southside","raw_z_m":-22.19,"qa_flag":"Raw relative z retained; elevation not adjusted","placement":"Original placement retained; insufficient independent controls","source_file":"Raw CSVs in Maps/Total station surve; reference geometry in Maps/Rivendell Wells Trees Siting/surveypoints","location_note":"Provisional rigid fits for the two northern groups. Southern group retains original placement. Fit residuals measure agreement with existing wells, not independently established absolute accuracy."},"geometry":{"type":"Point","coordinates":[-123.64370206501698,39.727816134283934]}},{"type":"Feature","properties":{"id":163,"descriptio":"TDR WCR 7","category":"sensor","layer":"well15_southside","n":-61.39,"e":6.29,"z":-23.42,"noffset":null,"eoffset":0.5,"zoffset":null,"uid":"well15_southside-163","archived_description":"TDR WCR 7","description":"TDR WCR 7","label":"Survey 163 · TDR WCR 7","metadata_source":"Maps/Total station surve/points_offsets.xlsx / Sheet1; joined by id","survey_group":"well15_southside","raw_z_m":-23.42,"qa_flag":"Raw relative z retained; elevation not adjusted","placement":"Original placement retained; insufficient independent controls","source_file":"Raw CSVs in Maps/Total station surve; reference geometry in Maps/Rivendell Wells Trees Siting/surveypoints","location_note":"Provisional rigid fits for the two northern groups. Southern group retains original placement. Fit residuals measure agreement with existing wells, not independently established absolute accuracy."},"geometry":{"type":"Point","coordinates":[-123.64377009450402,39.72782195018718]}},{"type":"Feature","properties":{"id":164,"descriptio":"TDR WCR A/B/C","category":"sensor","layer":"well15_southside","n":-57.72,"e":4.75,"z":-22.51,"noffset":null,"eoffset":0.5,"zoffset":null,"uid":"well15_southside-164","archived_description":"TDR WCR A/B/C","description":"TDR WCR A/B/C","label":"Survey 164 · TDR WCR A/B/C","metadata_source":"Maps/Total station surve/points_offsets.xlsx / Sheet1; joined by id","survey_group":"well15_southside","raw_z_m":-22.51,"qa_flag":"Raw relative z retained; elevation not adjusted","placement":"Original placement retained; insufficient independent controls","source_file":"Raw CSVs in Maps/Total station surve; reference geometry in Maps/Rivendell Wells Trees Siting/surveypoints","location_note":"Provisional rigid fits for the two northern groups. Southern group retains original placement. Fit residuals measure agreement with existing wells, not independently established absolute accuracy."},"geometry":{"type":"Point","coordinates":[-123.64378736022647,39.727855238859]}},{"type":"Feature","properties":{"id":165,"descriptio":"Sapflow, hotel box, differential gps box with Todd and Kelly, vertical profile","category":"tree","layer":"well15_southside","n":-54.1,"e":1.36,"z":-20.92,"noffset":null,"eoffset":null,"zoffset":null,"uid":"well15_southside-165","archived_description":"Sapflow, hotel box, differential gps box with Todd and Kelly, vertical profile","description":"Sapflow, hotel box, differential gps box with Todd and Kelly, vertical profile","label":"Survey 165 · Sapflow, hotel box, differential gps box with Todd and Kelly, vertical profile","metadata_source":"Maps/Total station surve/points_offsets.xlsx / Sheet1; joined by id","survey_group":"well15_southside","raw_z_m":-20.92,"qa_flag":"Raw relative z retained; elevation not adjusted","placement":"Original placement retained; insufficient independent controls","source_file":"Raw CSVs in Maps/Total station surve; reference geometry in Maps/Rivendell Wells Trees Siting/surveypoints","location_note":"Provisional rigid fits for the two northern groups. Southern group retains original placement. Fit residuals measure agreement with existing wells, not independently established absolute accuracy."},"geometry":{"type":"Point","coordinates":[-123.64383205271844,39.727888423609976]}},{"type":"Feature","properties":{"id":166,"descriptio":"TDR WCR 6","category":"sensor","layer":"well15_southside","n":-52.5,"e":5.04,"z":-20.43,"noffset":1.0,"eoffset":null,"zoffset":null,"uid":"well15_southside-166","archived_description":"TDR WCR 6","description":"TDR WCR 6","label":"Survey 166 · TDR WCR 6","metadata_source":"Maps/Total station surve/points_offsets.xlsx / Sheet1; joined by id","survey_group":"well15_southside","raw_z_m":-20.43,"qa_flag":"Raw relative z retained; elevation not adjusted","placement":"Original placement retained; insufficient independent controls","source_file":"Raw CSVs in Maps/Total station surve; reference geometry in Maps/Rivendell Wells Trees Siting/surveypoints","location_note":"Provisional rigid fits for the two northern groups. Southern group retains original placement. Fit residuals measure agreement with existing wells, not independently established absolute accuracy."},"geometry":{"type":"Point","coordinates":[-123.64378862173598,39.72791130336252]}},{"type":"Feature","properties":{"id":167,"descriptio":"trail","category":"infrastructure","layer":"well15_southside","n":-48.29,"e":9.67,"z":-17.9,"noffset":null,"eoffset":null,"zoffset":null,"uid":"well15_southside-167","archived_description":"trail","description":"trail","label":"Survey 167 · trail","metadata_source":"Maps/Total station surve/points_offsets.xlsx / Sheet1; joined by id","survey_group":"well15_southside","raw_z_m":-17.9,"qa_flag":"Raw relative z retained; elevation not adjusted","placement":"Original placement retained; insufficient independent controls","source_file":"Raw CSVs in Maps/Total station surve; reference geometry in Maps/Rivendell Wells Trees Siting/surveypoints","location_note":"Provisional rigid fits for the two northern groups. Southern group retains original placement. Fit residuals measure agreement with existing wells, not independently established absolute accuracy."},"geometry":{"type":"Point","coordinates":[-123.64373399060375,39.727939538262504]}},{"type":"Feature","properties":{"id":168,"descriptio":"trail","category":"infrastructure","layer":"well15_southside","n":-34.4,"e":4.64,"z":-11.53,"noffset":null,"eoffset":null,"zoffset":null,"uid":"well15_southside-168","archived_description":"trail","description":"trail","label":"Survey 168 · trail","metadata_source":"Maps/Total station surve/points_offsets.xlsx / Sheet1; joined by id","survey_group":"well15_southside","raw_z_m":-11.53,"qa_flag":"Raw relative z retained; elevation not adjusted","placement":"Original placement retained; insufficient independent controls","source_file":"Raw CSVs in Maps/Total station surve; reference geometry in Maps/Rivendell Wells Trees Siting/surveypoints","location_note":"Provisional rigid fits for the two northern groups. Southern group retains original placement. Fit residuals measure agreement with existing wells, not independently established absolute accuracy."},"geometry":{"type":"Point","coordinates":[-123.6437900209774,39.728065409528085]}},{"type":"Feature","properties":{"id":169,"descriptio":"trail bend","category":"infrastructure","layer":"well15_southside","n":-31.03,"e":0.37,"z":-9.94,"noffset":null,"eoffset":null,"zoffset":null,"uid":"well15_southside-169","archived_description":"trail bend","description":"trail bend","label":"Survey 169 · trail bend","metadata_source":"Maps/Total station surve/points_offsets.xlsx / Sheet1; joined by id","survey_group":"well15_southside","raw_z_m":-9.94,"qa_flag":"Raw relative z retained; elevation not adjusted","placement":"Original placement retained; insufficient independent controls","source_file":"Raw CSVs in Maps/Total station surve; reference geometry in Maps/Rivendell Wells Trees Siting/surveypoints","location_note":"Provisional rigid fits for the two northern groups. Southern group retains original placement. Fit residuals measure agreement with existing wells, not independently established absolute accuracy."},"geometry":{"type":"Point","coordinates":[-123.64383919481028,39.728096398154854]}},{"type":"Feature","properties":{"id":170,"descriptio":"trail bend","category":"infrastructure","layer":"well15_southside","n":-30.42,"e":19.92,"z":-5.69,"noffset":null,"eoffset":null,"zoffset":null,"uid":"well15_southside-170","archived_description":"trail bend","description":"trail bend","label":"Survey 170 · trail bend","metadata_source":"Maps/Total station surve/points_offsets.xlsx / Sheet1; joined by id","survey_group":"well15_southside","raw_z_m":-5.69,"qa_flag":"Raw relative z retained; elevation not adjusted","placement":"Original placement retained; insufficient independent controls","source_file":"Raw CSVs in Maps/Total station surve; reference geometry in Maps/Rivendell Wells Trees Siting/surveypoints","location_note":"Provisional rigid fits for the two northern groups. Southern group retains original placement. Fit residuals measure agreement with existing wells, not independently established absolute accuracy."},"geometry":{"type":"Point","coordinates":[-123.64361098979425,39.72809901053947]}},{"type":"Feature","properties":{"id":171,"descriptio":"trail junction","category":"infrastructure","layer":"well15_southside","n":-10.33,"e":7.26,"z":0.31,"noffset":null,"eoffset":null,"zoffset":null,"uid":"well15_southside-171","archived_description":"trail junction","description":"trail junction","label":"Survey 171 · trail junction","metadata_source":"Maps/Total station surve/points_offsets.xlsx / Sheet1; joined by id","survey_group":"well15_southside","raw_z_m":0.31,"qa_flag":"Raw relative z retained; elevation not adjusted","placement":"Original placement retained; insufficient independent controls","source_file":"Raw CSVs in Maps/Total station surve; reference geometry in Maps/Rivendell Wells Trees Siting/surveypoints","location_note":"Provisional rigid fits for the two northern groups. Southern group retains original placement. Fit residuals measure agreement with existing wells, not independently established absolute accuracy."},"geometry":{"type":"Point","coordinates":[-123.6437548541613,39.728281860361605]}},{"type":"Feature","properties":{"id":172,"descriptio":"trail to Lydia","category":"infrastructure","layer":"well15_southside","n":-18.19,"e":24.8,"z":2.22,"noffset":null,"eoffset":null,"zoffset":null,"uid":"well15_southside-172","archived_description":"trail to Lydia","description":"trail to Lydia","label":"Survey 172 · trail to Lydia","metadata_source":"Maps/Total station surve/points_offsets.xlsx / Sheet1; joined by id","survey_group":"well15_southside","raw_z_m":2.22,"qa_flag":"Raw relative z retained; elevation not adjusted","placement":"Original placement retained; insufficient independent controls","source_file":"Raw CSVs in Maps/Total station surve; reference geometry in Maps/Rivendell Wells Trees Siting/surveypoints","location_note":"Provisional rigid fits for the two northern groups. Southern group retains original placement. Fit residuals measure agreement with existing wells, not independently established absolute accuracy."},"geometry":{"type":"Point","coordinates":[-123.64355171785627,39.72820846612087]}},{"type":"Feature","properties":{"id":173,"descriptio":"Tree tag Ridge #84","category":"tree","layer":"well15_southside","n":-1.71,"e":15.88,"z":4.57,"noffset":null,"eoffset":null,"zoffset":null,"uid":"well15_southside-173","archived_description":"Tree tag Ridge #84","description":"Tree tag Ridge #84","label":"Survey 173 · Tree tag Ridge #84","metadata_source":"Maps/Total station surve/points_offsets.xlsx / Sheet1; joined by id","survey_group":"well15_southside","raw_z_m":4.57,"qa_flag":"Raw relative z retained; elevation not adjusted","placement":"Original placement retained; insufficient independent controls","source_file":"Raw CSVs in Maps/Total station surve; reference geometry in Maps/Rivendell Wells Trees Siting/surveypoints","location_note":"Provisional rigid fits for the two northern groups. Southern group retains original placement. Fit residuals measure agreement with existing wells, not independently established absolute accuracy."},"geometry":{"type":"Point","coordinates":[-123.64365263767809,39.72835824342032]}},{"type":"Feature","properties":{"id":174,"descriptio":"hyprop sample S1","category":"soil sample","layer":"well15_southside","n":-33.19,"e":1.35,"z":-11.36,"noffset":null,"eoffset":null,"zoffset":null,"uid":"well15_southside-174","archived_description":"hyprop sample S1","description":"hyprop sample S1","label":"Survey 174 · hyprop sample S1","metadata_source":"Maps/Total station surve/points_offsets.xlsx / Sheet1; joined by id","survey_group":"well15_southside","raw_z_m":-11.36,"qa_flag":"Raw relative z retained; elevation not adjusted","placement":"Original placement retained; insufficient independent controls","source_file":"Raw CSVs in Maps/Total station surve; reference geometry in Maps/Rivendell Wells Trees Siting/surveypoints","location_note":"Provisional rigid fits for the two northern groups. Southern group retains original placement. Fit residuals measure agreement with existing wells, not independently established absolute accuracy."},"geometry":{"type":"Point","coordinates":[-123.64382817394959,39.72807679506226]}},{"type":"Feature","properties":{"id":175,"descriptio":"hyprop samples S2","category":"soil sample","layer":"well15_southside","n":-33.82,"e":8.52,"z":-10.53,"noffset":null,"eoffset":null,"zoffset":null,"uid":"well15_southside-175","archived_description":"hyprop samples S2","description":"hyprop samples S2","label":"Survey 175 · hyprop samples S2","metadata_source":"Maps/Total station surve/points_offsets.xlsx / Sheet1; joined by id","survey_group":"well15_southside","raw_z_m":-10.53,"qa_flag":"Raw relative z retained; elevation not adjusted","placement":"Original placement retained; insufficient independent controls","source_file":"Raw CSVs in Maps/Total station surve; reference geometry in Maps/Rivendell Wells Trees Siting/surveypoints","location_note":"Provisional rigid fits for the two northern groups. Southern group retains original placement. Fit residuals measure agreement with existing wells, not independently established absolute accuracy."},"geometry":{"type":"Point","coordinates":[-123.6437446424848,39.72807006238721]}},{"type":"Feature","properties":{"id":176,"descriptio":"hyprop sample S4","category":"soil sample","layer":"well15_southside","n":-36.37,"e":9.6,"z":-11.94,"noffset":null,"eoffset":null,"zoffset":null,"uid":"well15_southside-176","archived_description":"hyprop sample S4","description":"hyprop sample S4","label":"Survey 176 · hyprop sample S4","metadata_source":"Maps/Total station surve/points_offsets.xlsx / Sheet1; joined by id","survey_group":"well15_southside","raw_z_m":-11.94,"qa_flag":"Raw relative z retained; elevation not adjusted","placement":"Original placement retained; insufficient independent controls","source_file":"Raw CSVs in Maps/Total station surve; reference geometry in Maps/Rivendell Wells Trees Siting/surveypoints","location_note":"Provisional rigid fits for the two northern groups. Southern group retains original placement. Fit residuals measure agreement with existing wells, not independently established absolute accuracy."},"geometry":{"type":"Point","coordinates":[-123.64373252948853,39.72804693118247]}},{"type":"Feature","properties":{"id":177,"descriptio":"core sample for bulk density","category":"soil sample","layer":"well15_southside","n":-37.4,"e":14.26,"z":-11.68,"noffset":null,"eoffset":null,"zoffset":null,"uid":"well15_southside-177","archived_description":"core sample for bulk density","description":"core sample for bulk density","label":"Survey 177 · core sample for bulk density","metadata_source":"Maps/Total station surve/points_offsets.xlsx / Sheet1; joined by id","survey_group":"well15_southside","raw_z_m":-11.68,"qa_flag":"Raw relative z retained; elevation not adjusted","placement":"Original placement retained; insufficient independent controls","source_file":"Raw CSVs in Maps/Total station surve; reference geometry in Maps/Rivendell Wells Trees Siting/surveypoints","location_note":"Provisional rigid fits for the two northern groups. Southern group retains original placement. Fit residuals measure agreement with existing wells, not independently established absolute accuracy."},"geometry":{"type":"Point","coordinates":[-123.64367835847328,39.72803696513854]}},{"type":"Feature","properties":{"id":178,"descriptio":"hyprop sample S3","category":"soil sample","layer":"well15_southside","n":-32.05,"e":5.25,"z":-10.09,"noffset":null,"eoffset":null,"zoffset":null,"uid":"well15_southside-178","archived_description":"hyprop sample S3","description":"hyprop sample S3","label":"Survey 178 · hyprop sample S3","metadata_source":"Maps/Total station surve/points_offsets.xlsx / Sheet1; joined by id","survey_group":"well15_southside","raw_z_m":-10.09,"qa_flag":"Raw relative z retained; elevation not adjusted","placement":"Original placement retained; insufficient independent controls","source_file":"Raw CSVs in Maps/Total station surve; reference geometry in Maps/Rivendell Wells Trees Siting/surveypoints","location_note":"Provisional rigid fits for the two northern groups. Southern group retains original placement. Fit residuals measure agreement with existing wells, not independently established absolute accuracy."},"geometry":{"type":"Point","coordinates":[-123.64378245510665,39.72808648980718]}},{"type":"Feature","properties":{"id":179,"descriptio":"sandstone hole 31","category":"well/hole","layer":"well7_northside","n":15.25,"e":2.05,"z":-5.45,"noffset":null,"eoffset":null,"zoffset":null,"uid":"well7_northside-179","archived_description":"sandstone hole 31","description":"sandstone hole 31","label":"Survey 179 · sandstone hole 31","metadata_source":"Maps/Total station surve/points_offsets.xlsx / Sheet1; joined by id","survey_group":"well7_northside","raw_z_m":-5.45,"qa_flag":"Raw relative z retained; elevation not adjusted","placement":"Rigid fit to known wells; provisional","source_file":"Raw CSVs in Maps/Total station surve; reference geometry in Maps/Rivendell Wells Trees Siting/surveypoints","location_note":"Provisional rigid fits for the two northern groups. Southern group retains original placement. Fit residuals measure agreement with existing wells, not independently established absolute accuracy."},"geometry":{"type":"Point","coordinates":[-123.64379867635432,39.729110438847265]}},{"type":"Feature","properties":{"id":180,"descriptio":"sonic anemometer, offset 1m upslope","category":"sensor","layer":"well7_northside","n":17.33,"e":0.35,"z":-7.32,"noffset":null,"eoffset":null,"zoffset":null,"uid":"well7_northside-180","archived_description":"sonic anemometer, offset 1m upslope","description":"sonic anemometer, offset 1m upslope","label":"Survey 180 · sonic anemometer, offset 1m upslope","metadata_source":"Maps/Total station surve/points_offsets.xlsx / Sheet1; joined by id","survey_group":"well7_northside","raw_z_m":-7.32,"qa_flag":"Raw relative z retained; elevation not adjusted","placement":"Rigid fit to known wells; provisional","source_file":"Raw CSVs in Maps/Total station surve; reference geometry in Maps/Rivendell Wells Trees Siting/surveypoints","location_note":"Provisional rigid fits for the two northern groups. Southern group retains original placement. Fit residuals measure agreement with existing wells, not independently established absolute accuracy."},"geometry":{"type":"Point","coordinates":[-123.64381621466052,39.729130499081236]}},{"type":"Feature","properties":{"id":181,"descriptio":"level 4 TDR nest in road cut; offset 1m upslope east of where cables go in ground","category":"sensor","layer":"well7_northside","n":-4.8,"e":-0.59,"z":0.24,"noffset":null,"eoffset":null,"zoffset":null,"uid":"well7_northside-181","archived_description":"level 4 TDR nest in road cut; offset 1m upslope east of where cables go in ground","description":"level 4 TDR nest in road cut; offset 1m upslope east of where cables go in ground","label":"Survey 181 · level 4 TDR nest in road cut; offset 1m upslope east of where cables go in ground","metadata_source":"Maps/Total station surve/points_offsets.xlsx / Sheet1; joined by id","survey_group":"well7_northside","raw_z_m":0.24,"qa_flag":"Raw relative z retained; elevation not adjusted","placement":"Rigid fit to known wells; provisional","source_file":"Raw CSVs in Maps/Total station surve; reference geometry in Maps/Rivendell Wells Trees Siting/surveypoints","location_note":"Provisional rigid fits for the two northern groups. Southern group retains original placement. Fit residuals measure agreement with existing wells, not independently established absolute accuracy."},"geometry":{"type":"Point","coordinates":[-123.64385071001206,39.72893271729731]}},{"type":"Feature","properties":{"id":182,"descriptio":"level 4 TDR nest in road cut; sensor no 22","category":"sensor","layer":"well7_northside","n":-6.35,"e":-6.5,"z":-0.79,"noffset":null,"eoffset":null,"zoffset":null,"uid":"well7_northside-182","archived_description":"level 4 TDR nest in road cut; sensor no 22","description":"level 4 TDR nest in road cut; sensor no 22","label":"Survey 182 · level 4 TDR nest in road cut; sensor no 22","metadata_source":"Maps/Total station surve/points_offsets.xlsx / Sheet1; joined by id","survey_group":"well7_northside","raw_z_m":-0.79,"qa_flag":"Raw relative z retained; elevation not adjusted","placement":"Rigid fit to known wells; provisional","source_file":"Raw CSVs in Maps/Total station surve; reference geometry in Maps/Rivendell Wells Trees Siting/surveypoints","location_note":"Provisional rigid fits for the two northern groups. Southern group retains original placement. Fit residuals measure agreement with existing wells, not independently established absolute accuracy."},"geometry":{"type":"Point","coordinates":[-123.64392103473237,39.728923670636675]}},{"type":"Feature","properties":{"id":183,"descriptio":"level 4 TDR","category":"sensor","layer":"well7_northside","n":-6.37,"e":-7.37,"z":-1.09,"noffset":null,"eoffset":null,"zoffset":null,"uid":"well7_northside-183","archived_description":"level 4 TDR","description":"level 4 TDR","label":"Survey 183 · level 4 TDR","metadata_source":"Maps/Total station surve/points_offsets.xlsx / Sheet1; joined by id","survey_group":"well7_northside","raw_z_m":-1.09,"qa_flag":"Raw relative z retained; elevation not adjusted","placement":"Rigid fit to known wells; provisional","source_file":"Raw CSVs in Maps/Total station surve; reference geometry in Maps/Rivendell Wells Trees Siting/surveypoints","location_note":"Provisional rigid fits for the two northern groups. Southern group retains original placement. Fit residuals measure agreement with existing wells, not independently established absolute accuracy."},"geometry":{"type":"Point","coordinates":[-123.64393116536071,39.72892420665781]}},{"type":"Feature","properties":{"id":184,"descriptio":"well 6","category":"well/hole","layer":"well7_northside","n":-6.25,"e":-13.55,"z":-2.5,"noffset":null,"eoffset":null,"zoffset":null,"uid":"well7_northside-184","archived_description":"well 6","description":"well 6","label":"Survey 184 · well 6","metadata_source":"Maps/Total station surve/points_offsets.xlsx / Sheet1; joined by id","survey_group":"well7_northside","raw_z_m":-2.5,"qa_flag":"Raw relative z retained; elevation not adjusted","placement":"Rigid fit to known wells; provisional","source_file":"Raw CSVs in Maps/Total station surve; reference geometry in Maps/Rivendell Wells Trees Siting/surveypoints","location_note":"Provisional rigid fits for the two northern groups. Southern group retains original placement. Fit residuals measure agreement with existing wells, not independently established absolute accuracy."},"geometry":{"type":"Point","coordinates":[-123.64400284861277,39.72893036556682]}},{"type":"Feature","properties":{"id":185,"descriptio":"Hobo pro v2 temp rh","category":"sensor","layer":"well7_northside","n":-3.47,"e":-20.68,"z":-4.46,"noffset":null,"eoffset":null,"zoffset":null,"uid":"well7_northside-185","archived_description":"Hobo pro v2 temp rh","description":"Hobo pro v2 temp rh","label":"Survey 185 · Hobo pro v2 temp rh","metadata_source":"Maps/Total station surve/points_offsets.xlsx / Sheet1; joined by id","survey_group":"well7_northside","raw_z_m":-4.46,"qa_flag":"Raw relative z retained; elevation not adjusted","placement":"Rigid fit to known wells; provisional","source_file":"Raw CSVs in Maps/Total station surve; reference geometry in Maps/Rivendell Wells Trees Siting/surveypoints","location_note":"Provisional rigid fits for the two northern groups. Southern group retains original placement. Fit residuals measure agreement with existing wells, not independently established absolute accuracy."},"geometry":{"type":"Point","coordinates":[-123.64408273748758,39.72896117173412]}},{"type":"Feature","properties":{"id":186,"descriptio":"well 5; 30 cm north of measurement point","category":"well/hole","layer":"well7_northside","n":-4.44,"e":-25.86,"z":-5.16,"noffset":null,"eoffset":null,"zoffset":null,"uid":"well7_northside-186","archived_description":"well 5; 30 cm north of measurement point","description":"well 5; 30 cm north of measurement point","label":"Survey 186 · well 5; 30 cm north of measurement point","metadata_source":"Maps/Total station surve/points_offsets.xlsx / Sheet1; joined by id","survey_group":"well7_northside","raw_z_m":-5.16,"qa_flag":"Raw relative z retained; elevation not adjusted","placement":"Rigid fit to known wells; provisional","source_file":"Raw CSVs in Maps/Total station surve; reference geometry in Maps/Rivendell Wells Trees Siting/surveypoints","location_note":"Provisional rigid fits for the two northern groups. Southern group retains original placement. Fit residuals measure agreement with existing wells, not independently established absolute accuracy."},"geometry":{"type":"Point","coordinates":[-123.6441439618773,39.72895672849492]}},{"type":"Feature","properties":{"id":187,"descriptio":"tree sap flow delta box","category":"tree","layer":"well7_northside","n":-0.85,"e":-24.71,"z":-6.44,"noffset":null,"eoffset":null,"zoffset":null,"uid":"well7_northside-187","archived_description":"tree sap flow delta box","description":"tree sap flow delta box","label":"Survey 187 · tree sap flow delta box","metadata_source":"Maps/Total station surve/points_offsets.xlsx / Sheet1; joined by id","survey_group":"well7_northside","raw_z_m":-6.44,"qa_flag":"Raw relative z retained; elevation not adjusted","placement":"Rigid fit to known wells; provisional","source_file":"Raw CSVs in Maps/Total station surve; reference geometry in Maps/Rivendell Wells Trees Siting/surveypoints","location_note":"Provisional rigid fits for the two northern groups. Southern group retains original placement. Fit residuals measure agreement with existing wells, not independently established absolute accuracy."},"geometry":{"type":"Point","coordinates":[-123.64412677508282,39.72898799300245]}},{"type":"Feature","properties":{"id":188,"descriptio":"well 14","category":"well/hole","layer":"well7_northside","n":-3.83,"e":-44.58,"z":-9.66,"noffset":null,"eoffset":null,"zoffset":null,"uid":"well7_northside-188","archived_description":"well 14","description":"well 14","label":"Survey 188 · well 14","metadata_source":"Maps/Total station surve/points_offsets.xlsx / Sheet1; joined by id","survey_group":"well7_northside","raw_z_m":-9.66,"qa_flag":"Raw relative z retained; elevation not adjusted","placement":"Rigid fit to known wells; provisional","source_file":"Raw CSVs in Maps/Total station surve; reference geometry in Maps/Rivendell Wells Trees Siting/surveypoints","location_note":"Provisional rigid fits for the two northern groups. Southern group retains original placement. Fit residuals measure agreement with existing wells, not independently established absolute accuracy."},"geometry":{"type":"Point","coordinates":[-123.64436083713036,39.728977595764114]}},{"type":"Feature","properties":{"id":189,"descriptio":"tree tag 615","category":"tree","layer":"well7_northside","n":-5.31,"e":-72.95,"z":-17.46,"noffset":null,"eoffset":null,"zoffset":null,"uid":"well7_northside-189","archived_description":"tree tag 615","description":"tree tag 615","label":"Survey 189 · tree tag 615","metadata_source":"Maps/Total station surve/points_offsets.xlsx / Sheet1; joined by id","survey_group":"well7_northside","raw_z_m":-17.46,"qa_flag":"Raw relative z retained; elevation not adjusted","placement":"Rigid fit to known wells; provisional","source_file":"Raw CSVs in Maps/Total station surve; reference geometry in Maps/Rivendell Wells Trees Siting/surveypoints","location_note":"Provisional rigid fits for the two northern groups. Southern group retains original placement. Fit residuals measure agreement with existing wells, not independently established absolute accuracy."},"geometry":{"type":"Point","coordinates":[-123.64469207088487,39.72898764593241]}},{"type":"Feature","properties":{"id":190,"descriptio":"tree tag 614; offset 50cm","category":"tree","layer":"well7_northside","n":0.38,"e":-77.52,"z":-20.56,"noffset":null,"eoffset":null,"zoffset":null,"uid":"well7_northside-190","archived_description":"tree tag 614; offset 50cm","description":"tree tag 614; offset 50cm","label":"Survey 190 · tree tag 614; offset 50cm","metadata_source":"Maps/Total station surve/points_offsets.xlsx / Sheet1; joined by id","survey_group":"well7_northside","raw_z_m":-20.56,"qa_flag":"Raw relative z retained; elevation not adjusted","placement":"Rigid fit to known wells; provisional","source_file":"Raw CSVs in Maps/Total station surve; reference geometry in Maps/Rivendell Wells Trees Siting/surveypoints","location_note":"Provisional rigid fits for the two northern groups. Southern group retains original placement. Fit residuals measure agreement with existing wells, not independently established absolute accuracy."},"geometry":{"type":"Point","coordinates":[-123.64473911373203,39.72904245568677]}},{"type":"Feature","properties":{"id":191,"descriptio":"tree tag 613","category":"tree","layer":"well7_northside","n":1.92,"e":-74.9,"z":-21.19,"noffset":null,"eoffset":null,"zoffset":null,"uid":"well7_northside-191","archived_description":"tree tag 613","description":"tree tag 613","label":"Survey 191 · tree tag 613","metadata_source":"Maps/Total station surve/points_offsets.xlsx / Sheet1; joined by id","survey_group":"well7_northside","raw_z_m":-21.19,"qa_flag":"Raw relative z retained; elevation not adjusted","placement":"Rigid fit to known wells; provisional","source_file":"Raw CSVs in Maps/Total station surve; reference geometry in Maps/Rivendell Wells Trees Siting/surveypoints","location_note":"Provisional rigid fits for the two northern groups. Southern group retains original placement. Fit residuals measure agreement with existing wells, not independently established absolute accuracy."},"geometry":{"type":"Point","coordinates":[-123.64470702926943,39.72905411847883]}},{"type":"Feature","properties":{"id":192,"descriptio":"tree tag 611","category":"tree","layer":"well7_northside","n":5.84,"e":-66.24,"z":-22.04,"noffset":null,"eoffset":null,"zoffset":null,"uid":"well7_northside-192","archived_description":"tree tag 611","description":"tree tag 611","label":"Survey 192 · tree tag 611","metadata_source":"Maps/Total station surve/points_offsets.xlsx / Sheet1; joined by id","survey_group":"well7_northside","raw_z_m":-22.04,"qa_flag":"Raw relative z retained; elevation not adjusted","placement":"Rigid fit to known wells; provisional","source_file":"Raw CSVs in Maps/Total station surve; reference geometry in Maps/Rivendell Wells Trees Siting/surveypoints","location_note":"Provisional rigid fits for the two northern groups. Southern group retains original placement. Fit residuals measure agreement with existing wells, not independently established absolute accuracy."},"geometry":{"type":"Point","coordinates":[-123.64460222541926,39.72908216841239]}},{"type":"Feature","properties":{"id":193,"descriptio":"tree red tape. sampled no tag","category":"unclassified","layer":"well7_northside","n":2.38,"e":-68.15,"z":-20.19,"noffset":null,"eoffset":null,"zoffset":null,"uid":"well7_northside-193","archived_description":"tree red tape. sampled no tag","description":"tree red tape. sampled no tag","label":"Survey 193 · tree red tape. sampled no tag","metadata_source":"Maps/Total station surve/points_offsets.xlsx / Sheet1; joined by id","survey_group":"well7_northside","raw_z_m":-20.19,"qa_flag":"Raw relative z retained; elevation not adjusted","placement":"Rigid fit to known wells; provisional","source_file":"Raw CSVs in Maps/Total station surve; reference geometry in Maps/Rivendell Wells Trees Siting/surveypoints","location_note":"Provisional rigid fits for the two northern groups. Southern group retains original placement. Fit residuals measure agreement with existing wells, not independently established absolute accuracy."},"geometry":{"type":"Point","coordinates":[-123.64462810471538,39.72905269517448]}},{"type":"Feature","properties":{"id":194,"descriptio":"trail","category":"infrastructure","layer":"well7_northside","n":0.4,"e":-66.67,"z":-19.14,"noffset":null,"eoffset":null,"zoffset":null,"uid":"well7_northside-194","archived_description":"trail","description":"trail","label":"Survey 194 · trail","metadata_source":"Maps/Total station surve/points_offsets.xlsx / Sheet1; joined by id","survey_group":"well7_northside","raw_z_m":-19.14,"qa_flag":"Raw relative z retained; elevation not adjusted","placement":"Rigid fit to known wells; provisional","source_file":"Raw CSVs in Maps/Total station surve; reference geometry in Maps/Rivendell Wells Trees Siting/surveypoints","location_note":"Provisional rigid fits for the two northern groups. Southern group retains original placement. Fit residuals measure agreement with existing wells, not independently established absolute accuracy."},"geometry":{"type":"Point","coordinates":[-123.64461301607275,39.729033713192614]}},{"type":"Feature","properties":{"id":195,"descriptio":"tree tag 610","category":"tree","layer":"well7_northside","n":5.92,"e":-60.46,"z":-21.32,"noffset":null,"eoffset":null,"zoffset":null,"uid":"well7_northside-195","archived_description":"tree tag 610","description":"tree tag 610","label":"Survey 195 · tree tag 610","metadata_source":"Maps/Total station surve/points_offsets.xlsx / Sheet1; joined by id","survey_group":"well7_northside","raw_z_m":-21.32,"qa_flag":"Raw relative z retained; elevation not adjusted","placement":"Rigid fit to known wells; provisional","source_file":"Raw CSVs in Maps/Total station surve; reference geometry in Maps/Rivendell Wells Trees Siting/surveypoints","location_note":"Provisional rigid fits for the two northern groups. Southern group retains original placement. Fit residuals measure agreement with existing wells, not independently established absolute accuracy."},"geometry":{"type":"Point","coordinates":[-123.64453497691954,39.72907813324204]}},{"type":"Feature","properties":{"id":196,"descriptio":"trail","category":"infrastructure","layer":"well7_northside","n":7.65,"e":-56.56,"z":-21.74,"noffset":null,"eoffset":null,"zoffset":null,"uid":"well7_northside-196","archived_description":"trail","description":"trail","label":"Survey 196 · trail","metadata_source":"Maps/Total station surve/points_offsets.xlsx / Sheet1; joined by id","survey_group":"well7_northside","raw_z_m":-21.74,"qa_flag":"Raw relative z retained; elevation not adjusted","placement":"Rigid fit to known wells; provisional","source_file":"Raw CSVs in Maps/Total station surve; reference geometry in Maps/Rivendell Wells Trees Siting/surveypoints","location_note":"Provisional rigid fits for the two northern groups. Southern group retains original placement. Fit residuals measure agreement with existing wells, not independently established absolute accuracy."},"geometry":{"type":"Point","coordinates":[-123.64448781650256,39.72909044813224]}},{"type":"Feature","properties":{"id":197,"descriptio":"tree tag 609","category":"tree","layer":"well7_northside","n":8.71,"e":-51.69,"z":-20.99,"noffset":null,"eoffset":null,"zoffset":null,"uid":"well7_northside-197","archived_description":"tree tag 609","description":"tree tag 609","label":"Survey 197 · tree tag 609","metadata_source":"Maps/Total station surve/points_offsets.xlsx / Sheet1; joined by id","survey_group":"well7_northside","raw_z_m":-20.99,"qa_flag":"Raw relative z retained; elevation not adjusted","placement":"Rigid fit to known wells; provisional","source_file":"Raw CSVs in Maps/Total station surve; reference geometry in Maps/Rivendell Wells Trees Siting/surveypoints","location_note":"Provisional rigid fits for the two northern groups. Southern group retains original placement. Fit residuals measure agreement with existing wells, not independently established absolute accuracy."},"geometry":{"type":"Point","coordinates":[-123.64443009834262,39.729095953972276]}},{"type":"Feature","properties":{"id":198,"descriptio":"Pink flag w13_0, 0-40cm","category":"soil sample","layer":"well7_northside","n":10.25,"e":-47.82,"z":-21.56,"noffset":null,"eoffset":null,"zoffset":null,"uid":"well7_northside-198","archived_description":"Pink flag w13_0, 0-40cm","description":"Pink flag w13_0, 0-40cm","label":"Survey 198 · Pink flag w13_0, 0-40cm","metadata_source":"Maps/Total station surve/points_offsets.xlsx / Sheet1; joined by id","survey_group":"well7_northside","raw_z_m":-21.56,"qa_flag":"Raw relative z retained; elevation not adjusted","placement":"Rigid fit to known wells; provisional","source_file":"Raw CSVs in Maps/Total station surve; reference geometry in Maps/Rivendell Wells Trees Siting/surveypoints","location_note":"Provisional rigid fits for the two northern groups. Southern group retains original placement. Fit residuals measure agreement with existing wells, not independently established absolute accuracy."},"geometry":{"type":"Point","coordinates":[-123.64438348886505,39.72910658877078]}},{"type":"Feature","properties":{"id":199,"descriptio":"trail","category":"infrastructure","layer":"well7_northside","n":11.19,"e":-48.25,"z":-22.46,"noffset":null,"eoffset":null,"zoffset":null,"uid":"well7_northside-199","archived_description":"trail","description":"trail","label":"Survey 199 · trail","metadata_source":"Maps/Total station surve/points_offsets.xlsx / Sheet1; joined by id","survey_group":"well7_northside","raw_z_m":-22.46,"qa_flag":"Raw relative z retained; elevation not adjusted","placement":"Rigid fit to known wells; provisional","source_file":"Raw CSVs in Maps/Total station surve; reference geometry in Maps/Rivendell Wells Trees Siting/surveypoints","location_note":"Provisional rigid fits for the two northern groups. Southern group retains original placement. Fit residuals measure agreement with existing wells, not independently established absolute accuracy."},"geometry":{"type":"Point","coordinates":[-123.6443874842331,39.72911537624528]}},{"type":"Feature","properties":{"id":200,"descriptio":"pink flag soil sample w13_02, 0-40cm","category":"soil sample","layer":"well7_northside","n":12.06,"e":-43.17,"z":-21.18,"noffset":null,"eoffset":null,"zoffset":null,"uid":"well7_northside-200","archived_description":"pink flag soil sample w13_02, 0-40cm","description":"pink flag soil sample w13_02, 0-40cm","label":"Survey 200 · pink flag soil sample w13_02, 0-40cm","metadata_source":"Maps/Total station surve/points_offsets.xlsx / Sheet1; joined by id","survey_group":"well7_northside","raw_z_m":-21.18,"qa_flag":"Raw relative z retained; elevation not adjusted","placement":"Rigid fit to known wells; provisional","source_file":"Raw CSVs in Maps/Total station surve; reference geometry in Maps/Rivendell Wells Trees Siting/surveypoints","location_note":"Provisional rigid fits for the two northern groups. Southern group retains original placement. Fit residuals measure agreement with existing wells, not independently established absolute accuracy."},"geometry":{"type":"Point","coordinates":[-123.64432752822772,39.72911900462663]}},{"type":"Feature","properties":{"id":201,"descriptio":"pink flag soil sample, 0-40cm","category":"soil sample","layer":"well7_northside","n":13.83,"e":-38.72,"z":-20.88,"noffset":null,"eoffset":null,"zoffset":null,"uid":"well7_northside-201","archived_description":"pink flag soil sample, 0-40cm","description":"pink flag soil sample, 0-40cm","label":"Survey 201 · pink flag soil sample, 0-40cm","metadata_source":"Maps/Total station surve/points_offsets.xlsx / Sheet1; joined by id","survey_group":"well7_northside","raw_z_m":-20.88,"qa_flag":"Raw relative z retained; elevation not adjusted","placement":"Rigid fit to known wells; provisional","source_file":"Raw CSVs in Maps/Total station surve; reference geometry in Maps/Rivendell Wells Trees Siting/surveypoints","location_note":"Provisional rigid fits for the two northern groups. Southern group retains original placement. Fit residuals measure agreement with existing wells, not independently established absolute accuracy."},"geometry":{"type":"Point","coordinates":[-123.64427393416567,39.7291312260352]}},{"type":"Feature","properties":{"id":202,"descriptio":"well 13","category":"well/hole","layer":"well7_northside","n":13.7,"e":-40.09,"z":-21.46,"noffset":null,"eoffset":null,"zoffset":null,"uid":"well7_northside-202","archived_description":"well 13","description":"well 13","label":"Survey 202 · well 13","metadata_source":"Maps/Total station surve/points_offsets.xlsx / Sheet1; joined by id","survey_group":"well7_northside","raw_z_m":-21.46,"qa_flag":"Raw relative z retained; elevation not adjusted","placement":"Rigid fit to known wells; provisional","source_file":"Raw CSVs in Maps/Total station surve; reference geometry in Maps/Rivendell Wells Trees Siting/surveypoints","location_note":"Provisional rigid fits for the two northern groups. Southern group retains original placement. Fit residuals measure agreement with existing wells, not independently established absolute accuracy."},"geometry":{"type":"Point","coordinates":[-123.64428999196743,39.729131186251315]}},{"type":"Feature","properties":{"id":203,"descriptio":"tree tag 608","category":"tree","layer":"well7_northside","n":17.35,"e":-38.95,"z":-22.31,"noffset":null,"eoffset":null,"zoffset":null,"uid":"well7_northside-203","archived_description":"tree tag 608","description":"tree tag 608","label":"Survey 203 · tree tag 608","metadata_source":"Maps/Total station surve/points_offsets.xlsx / Sheet1; joined by id","survey_group":"well7_northside","raw_z_m":-22.31,"qa_flag":"Raw relative z retained; elevation not adjusted","placement":"Rigid fit to known wells; provisional","source_file":"Raw CSVs in Maps/Total station surve; reference geometry in Maps/Rivendell Wells Trees Siting/surveypoints","location_note":"Provisional rigid fits for the two northern groups. Southern group retains original placement. Fit residuals measure agreement with existing wells, not independently established absolute accuracy."},"geometry":{"type":"Point","coordinates":[-123.64427285748864,39.72916299733501]}},{"type":"Feature","properties":{"id":204,"descriptio":"tree tag 606","category":"tree","layer":"well7_northside","n":16.92,"e":-36.02,"z":-21.59,"noffset":null,"eoffset":null,"zoffset":null,"uid":"well7_northside-204","archived_description":"tree tag 606","description":"tree tag 606","label":"Survey 204 · tree tag 606","metadata_source":"Maps/Total station surve/points_offsets.xlsx / Sheet1; joined by id","survey_group":"well7_northside","raw_z_m":-21.59,"qa_flag":"Raw relative z retained; elevation not adjusted","placement":"Rigid fit to known wells; provisional","source_file":"Raw CSVs in Maps/Total station surve; reference geometry in Maps/Rivendell Wells Trees Siting/surveypoints","location_note":"Provisional rigid fits for the two northern groups. Southern group retains original placement. Fit residuals measure agreement with existing wells, not independently established absolute accuracy."},"geometry":{"type":"Point","coordinates":[-123.64423926902298,39.72915672982964]}},{"type":"Feature","properties":{"id":205,"descriptio":"tdr level 253","category":"sensor","layer":"well7_northside","n":16.29,"e":-34.19,"z":-21.16,"noffset":null,"eoffset":null,"zoffset":null,"uid":"well7_northside-205","archived_description":"tdr level 253","description":"tdr level 253","label":"Survey 205 · tdr level 253","metadata_source":"Maps/Total station surve/points_offsets.xlsx / Sheet1; joined by id","survey_group":"well7_northside","raw_z_m":-21.16,"qa_flag":"Raw relative z retained; elevation not adjusted","placement":"Rigid fit to known wells; provisional","source_file":"Raw CSVs in Maps/Total station surve; reference geometry in Maps/Rivendell Wells Trees Siting/surveypoints","location_note":"Provisional rigid fits for the two northern groups. Southern group retains original placement. Fit residuals measure agreement with existing wells, not independently established absolute accuracy."},"geometry":{"type":"Point","coordinates":[-123.64421867554165,39.72914957245284]}},{"type":"Feature","properties":{"id":206,"descriptio":"ERP level 2","category":"sensor","layer":"well7_northside","n":16.82,"e":-33.67,"z":-21.49,"noffset":null,"eoffset":null,"zoffset":null,"uid":"well7_northside-206","archived_description":"ERP level 2","description":"ERP level 2","label":"Survey 206 · ERP level 2","metadata_source":"Maps/Total station surve/points_offsets.xlsx / Sheet1; joined by id","survey_group":"well7_northside","raw_z_m":-21.49,"qa_flag":"Raw relative z retained; elevation not adjusted","placement":"Rigid fit to known wells; provisional","source_file":"Raw CSVs in Maps/Total station surve; reference geometry in Maps/Rivendell Wells Trees Siting/surveypoints","location_note":"Provisional rigid fits for the two northern groups. Southern group retains original placement. Fit residuals measure agreement with existing wells, not independently established absolute accuracy."},"geometry":{"type":"Point","coordinates":[-123.6442120686407,39.72915390010217]}},{"type":"Feature","properties":{"id":207,"descriptio":"top of ladder","category":"infrastructure","layer":"well7_northside","n":17.35,"e":-31.16,"z":-21.14,"noffset":null,"eoffset":null,"zoffset":null,"uid":"well7_northside-207","archived_description":"top of ladder","description":"top of ladder","label":"Survey 207 · top of ladder","metadata_source":"Maps/Total station surve/points_offsets.xlsx / Sheet1; joined by id","survey_group":"well7_northside","raw_z_m":-21.14,"qa_flag":"Raw relative z retained; elevation not adjusted","placement":"Rigid fit to known wells; provisional","source_file":"Raw CSVs in Maps/Total station surve; reference geometry in Maps/Rivendell Wells Trees Siting/surveypoints","location_note":"Provisional rigid fits for the two northern groups. Southern group retains original placement. Fit residuals measure agreement with existing wells, not independently established absolute accuracy."},"geometry":{"type":"Point","coordinates":[-123.6441823380268,39.72915659128144]}},{"type":"Feature","properties":{"id":208,"descriptio":"well 2","category":"well/hole","layer":"well7_northside","n":16.82,"e":-29.84,"z":-21.08,"noffset":null,"eoffset":null,"zoffset":null,"uid":"well7_northside-208","archived_description":"well 2","description":"well 2","label":"Survey 208 · well 2","metadata_source":"Maps/Total station surve/points_offsets.xlsx / Sheet1; joined by id","survey_group":"well7_northside","raw_z_m":-21.08,"qa_flag":"Raw relative z retained; elevation not adjusted","placement":"Rigid fit to known wells; provisional","source_file":"Raw CSVs in Maps/Total station surve; reference geometry in Maps/Rivendell Wells Trees Siting/surveypoints","location_note":"Provisional rigid fits for the two northern groups. Southern group retains original placement. Fit residuals measure agreement with existing wells, not independently established absolute accuracy."},"geometry":{"type":"Point","coordinates":[-123.64416756421333,39.729150750513156]}},{"type":"Feature","properties":{"id":209,"descriptio":"jasper tree re-1 yew tag17, and temp RH meter","category":"tree","layer":"well7_northside","n":17.4,"e":-28.44,"z":-21.22,"noffset":null,"eoffset":null,"zoffset":null,"uid":"well7_northside-209","archived_description":"jasper tree re-1 yew tag17, and temp RH meter","description":"jasper tree re-1 yew tag17, and temp RH meter","label":"Survey 209 · jasper tree re-1 yew tag17, and temp RH meter","metadata_source":"Maps/Total station surve/points_offsets.xlsx / Sheet1; joined by id","survey_group":"well7_northside","raw_z_m":-21.22,"qa_flag":"Raw relative z retained; elevation not adjusted","placement":"Rigid fit to known wells; provisional","source_file":"Raw CSVs in Maps/Total station surve; reference geometry in Maps/Rivendell Wells Trees Siting/surveypoints","location_note":"Provisional rigid fits for the two northern groups. Southern group retains original placement. Fit residuals measure agreement with existing wells, not independently established absolute accuracy."},"geometry":{"type":"Point","coordinates":[-123.6441506784912,39.72915480310145]}},{"type":"Feature","properties":{"id":210,"descriptio":"level 2 new rain gauge","category":"sensor","layer":"well7_northside","n":14.58,"e":-27.52,"z":-19.41,"noffset":null,"eoffset":null,"zoffset":null,"uid":"well7_northside-210","archived_description":"level 2 new rain gauge","description":"level 2 new rain gauge","label":"Survey 210 · level 2 new rain gauge","metadata_source":"Maps/Total station surve/points_offsets.xlsx / Sheet1; joined by id","survey_group":"well7_northside","raw_z_m":-19.41,"qa_flag":"Raw relative z retained; elevation not adjusted","placement":"Rigid fit to known wells; provisional","source_file":"Raw CSVs in Maps/Total station surve; reference geometry in Maps/Rivendell Wells Trees Siting/surveypoints","location_note":"Provisional rigid fits for the two northern groups. Southern group retains original placement. Fit residuals measure agreement with existing wells, not independently established absolute accuracy."},"geometry":{"type":"Point","coordinates":[-123.64414299185486,39.72912874492271]}},{"type":"Feature","properties":{"id":211,"descriptio":"level 2 old rain gauge","category":"sensor","layer":"well7_northside","n":15.2,"e":-27.64,"z":-19.86,"noffset":null,"eoffset":null,"zoffset":null,"uid":"well7_northside-211","archived_description":"level 2 old rain gauge","description":"level 2 old rain gauge","label":"Survey 211 · level 2 old rain gauge","metadata_source":"Maps/Total station surve/points_offsets.xlsx / Sheet1; joined by id","survey_group":"well7_northside","raw_z_m":-19.86,"qa_flag":"Raw relative z retained; elevation not adjusted","placement":"Rigid fit to known wells; provisional","source_file":"Raw CSVs in Maps/Total station surve; reference geometry in Maps/Rivendell Wells Trees Siting/surveypoints","location_note":"Provisional rigid fits for the two northern groups. Southern group retains original placement. Fit residuals measure agreement with existing wells, not independently established absolute accuracy."},"geometry":{"type":"Point","coordinates":[-123.64414372585641,39.72913440637144]}},{"type":"Feature","properties":{"id":212,"descriptio":"datalogger boxes","category":"infrastructure","layer":"well7_northside","n":14.87,"e":-25.99,"z":-19.77,"noffset":null,"eoffset":null,"zoffset":null,"uid":"well7_northside-212","archived_description":"datalogger boxes","description":"datalogger boxes","label":"Survey 212 · datalogger boxes","metadata_source":"Maps/Total station surve/points_offsets.xlsx / Sheet1; joined by id","survey_group":"well7_northside","raw_z_m":-19.77,"qa_flag":"Raw relative z retained; elevation not adjusted","placement":"Rigid fit to known wells; provisional","source_file":"Raw CSVs in Maps/Total station surve; reference geometry in Maps/Rivendell Wells Trees Siting/surveypoints","location_note":"Provisional rigid fits for the two northern groups. Southern group retains original placement. Fit residuals measure agreement with existing wells, not independently established absolute accuracy."},"geometry":{"type":"Point","coordinates":[-123.64412490443699,39.729130088662345]}},{"type":"Feature","properties":{"id":213,"descriptio":"L2S3 TDR","category":"sensor","layer":"well7_northside","n":14.91,"e":-25.01,"z":-19.98,"noffset":null,"eoffset":null,"zoffset":null,"uid":"well7_northside-213","archived_description":"L2S3 TDR","description":"L2S3 TDR","label":"Survey 213 · L2S3 TDR","metadata_source":"Maps/Total station surve/points_offsets.xlsx / Sheet1; joined by id","survey_group":"well7_northside","raw_z_m":-19.98,"qa_flag":"Raw relative z retained; elevation not adjusted","placement":"Rigid fit to known wells; provisional","source_file":"Raw CSVs in Maps/Total station surve; reference geometry in Maps/Rivendell Wells Trees Siting/surveypoints","location_note":"Provisional rigid fits for the two northern groups. Southern group retains original placement. Fit residuals measure agreement with existing wells, not independently established absolute accuracy."},"geometry":{"type":"Point","coordinates":[-123.64411347427951,39.72912964164346]}},{"type":"Feature","properties":{"id":214,"descriptio":"datalogger hut","category":"infrastructure","layer":"well7_northside","n":15.12,"e":-24.67,"z":-20.04,"noffset":null,"eoffset":null,"zoffset":null,"uid":"well7_northside-214","archived_description":"datalogger hut","description":"datalogger hut","label":"Survey 214 · datalogger hut","metadata_source":"Maps/Total station surve/points_offsets.xlsx / Sheet1; joined by id","survey_group":"well7_northside","raw_z_m":-20.04,"qa_flag":"Raw relative z retained; elevation not adjusted","placement":"Rigid fit to known wells; provisional","source_file":"Raw CSVs in Maps/Total station surve; reference geometry in Maps/Rivendell Wells Trees Siting/surveypoints","location_note":"Provisional rigid fits for the two northern groups. Southern group retains original placement. Fit residuals measure agreement with existing wells, not independently established absolute accuracy."},"geometry":{"type":"Point","coordinates":[-123.64410929981416,39.7291312462056]}},{"type":"Feature","properties":{"id":215,"descriptio":"ERP level 2","category":"sensor","layer":"well7_northside","n":15.36,"e":-22.73,"z":-20.17,"noffset":null,"eoffset":null,"zoffset":null,"uid":"well7_northside-215","archived_description":"ERP level 2","description":"ERP level 2","label":"Survey 215 · ERP level 2","metadata_source":"Maps/Total station surve/points_offsets.xlsx / Sheet1; joined by id","survey_group":"well7_northside","raw_z_m":-20.17,"qa_flag":"Raw relative z retained; elevation not adjusted","placement":"Rigid fit to known wells; provisional","source_file":"Raw CSVs in Maps/Total station surve; reference geometry in Maps/Rivendell Wells Trees Siting/surveypoints","location_note":"Provisional rigid fits for the two northern groups. Southern group retains original placement. Fit residuals measure agreement with existing wells, not independently established absolute accuracy."},"geometry":{"type":"Point","coordinates":[-123.64408650147301,39.72913180416337]}},{"type":"Feature","properties":{"id":216,"descriptio":"old level 2 rain gauge","category":"sensor","layer":"well7_northside","n":14.47,"e":-22.9,"z":-19.44,"noffset":null,"eoffset":null,"zoffset":null,"uid":"well7_northside-216","archived_description":"old level 2 rain gauge","description":"old level 2 rain gauge","label":"Survey 216 · old level 2 rain gauge","metadata_source":"Maps/Total station surve/points_offsets.xlsx / Sheet1; joined by id","survey_group":"well7_northside","raw_z_m":-19.44,"qa_flag":"Raw relative z retained; elevation not adjusted","placement":"Rigid fit to known wells; provisional","source_file":"Raw CSVs in Maps/Total station surve; reference geometry in Maps/Rivendell Wells Trees Siting/surveypoints","location_note":"Provisional rigid fits for the two northern groups. Southern group retains original placement. Fit residuals measure agreement with existing wells, not independently established absolute accuracy."},"geometry":{"type":"Point","coordinates":[-123.64408942485372,39.72912395870288]}},{"type":"Feature","properties":{"id":217,"descriptio":"sap flow tree bravo box power box","category":"tree","layer":"well7_northside","n":16.49,"e":-21.27,"z":-20.13,"noffset":null,"eoffset":null,"zoffset":null,"uid":"well7_northside-217","archived_description":"sap flow tree bravo box power box","description":"sap flow tree bravo box power box","label":"Survey 217 · sap flow tree bravo box power box","metadata_source":"Maps/Total station surve/points_offsets.xlsx / Sheet1; joined by id","survey_group":"well7_northside","raw_z_m":-20.13,"qa_flag":"Raw relative z retained; elevation not adjusted","placement":"Rigid fit to known wells; provisional","source_file":"Raw CSVs in Maps/Total station surve; reference geometry in Maps/Rivendell Wells Trees Siting/surveypoints","location_note":"Provisional rigid fits for the two northern groups. Southern group retains original placement. Fit residuals measure agreement with existing wells, not independently established absolute accuracy."},"geometry":{"type":"Point","coordinates":[-123.64406833271602,39.72914074211025]}},{"type":"Feature","properties":{"id":218,"descriptio":"tree tag 18 huge Dfir","category":"tree","layer":"well7_northside","n":17.18,"e":-20.07,"z":-19.84,"noffset":null,"eoffset":null,"zoffset":null,"uid":"well7_northside-218","archived_description":"tree tag 18 huge Dfir","description":"tree tag 18 huge Dfir","label":"Survey 218 · tree tag 18 huge Dfir","metadata_source":"Maps/Total station surve/points_offsets.xlsx / Sheet1; joined by id","survey_group":"well7_northside","raw_z_m":-19.84,"qa_flag":"Raw relative z retained; elevation not adjusted","placement":"Rigid fit to known wells; provisional","source_file":"Raw CSVs in Maps/Total station surve; reference geometry in Maps/Rivendell Wells Trees Siting/surveypoints","location_note":"Provisional rigid fits for the two northern groups. Southern group retains original placement. Fit residuals measure agreement with existing wells, not independently established absolute accuracy."},"geometry":{"type":"Point","coordinates":[-123.64405365381306,39.72914594609868]}},{"type":"Feature","properties":{"id":219,"descriptio":"well 3","category":"well/hole","layer":"well7_northside","n":16.44,"e":-18.89,"z":-19.72,"noffset":null,"eoffset":null,"zoffset":null,"uid":"well7_northside-219","archived_description":"well 3","description":"well 3","label":"Survey 219 · well 3","metadata_source":"Maps/Total station surve/points_offsets.xlsx / Sheet1; joined by id","survey_group":"well7_northside","raw_z_m":-19.72,"qa_flag":"Raw relative z retained; elevation not adjusted","placement":"Rigid fit to known wells; provisional","source_file":"Raw CSVs in Maps/Total station surve; reference geometry in Maps/Rivendell Wells Trees Siting/surveypoints","location_note":"Provisional rigid fits for the two northern groups. Southern group retains original placement. Fit residuals measure agreement with existing wells, not independently established absolute accuracy."},"geometry":{"type":"Point","coordinates":[-123.64404073048989,39.7291383362819]}},{"type":"Feature","properties":{"id":220,"descriptio":"well 3 ISCO","category":"water sample","layer":"well7_northside","n":16.18,"e":-18.15,"z":-18.24,"noffset":null,"eoffset":null,"zoffset":null,"uid":"well7_northside-220","archived_description":"well 3 ISCO","description":"well 3 ISCO","label":"Survey 220 · well 3 ISCO","metadata_source":"Maps/Total station surve/points_offsets.xlsx / Sheet1; joined by id","survey_group":"well7_northside","raw_z_m":-18.24,"qa_flag":"Raw relative z retained; elevation not adjusted","placement":"Rigid fit to known wells; provisional","source_file":"Raw CSVs in Maps/Total station surve; reference geometry in Maps/Rivendell Wells Trees Siting/surveypoints","location_note":"Provisional rigid fits for the two northern groups. Southern group retains original placement. Fit residuals measure agreement with existing wells, not independently established absolute accuracy."},"geometry":{"type":"Point","coordinates":[-123.64403240866882,39.72913539496091]}},{"type":"Feature","properties":{"id":221,"descriptio":"top of ladder","category":"infrastructure","layer":"well7_northside","n":12.74,"e":-17.86,"z":-16.79,"noffset":null,"eoffset":null,"zoffset":null,"uid":"well7_northside-221","archived_description":"top of ladder","description":"top of ladder","label":"Survey 221 · top of ladder","metadata_source":"Maps/Total station surve/points_offsets.xlsx / Sheet1; joined by id","survey_group":"well7_northside","raw_z_m":-16.79,"qa_flag":"Raw relative z retained; elevation not adjusted","placement":"Rigid fit to known wells; provisional","source_file":"Raw CSVs in Maps/Total station surve; reference geometry in Maps/Rivendell Wells Trees Siting/surveypoints","location_note":"Provisional rigid fits for the two northern groups. Southern group retains original placement. Fit residuals measure agreement with existing wells, not independently established absolute accuracy."},"geometry":{"type":"Point","coordinates":[-123.6440327030466,39.729104292096714]}},{"type":"Feature","properties":{"id":222,"descriptio":"tree tag 20 BA-1","category":"tree","layer":"well7_northside","n":14.27,"e":-19.16,"z":-17.96,"noffset":null,"eoffset":null,"zoffset":null,"uid":"well7_northside-222","archived_description":"tree tag 20 BA-1","description":"tree tag 20 BA-1","label":"Survey 222 · tree tag 20 BA-1","metadata_source":"Maps/Total station surve/points_offsets.xlsx / Sheet1; joined by id","survey_group":"well7_northside","raw_z_m":-17.96,"qa_flag":"Raw relative z retained; elevation not adjusted","placement":"Rigid fit to known wells; provisional","source_file":"Raw CSVs in Maps/Total station surve; reference geometry in Maps/Rivendell Wells Trees Siting/surveypoints","location_note":"Provisional rigid fits for the two northern groups. Southern group retains original placement. Fit residuals measure agreement with existing wells, not independently established absolute accuracy."},"geometry":{"type":"Point","coordinates":[-123.64404617927833,39.72911908863846]}},{"type":"Feature","properties":{"id":223,"descriptio":"t-series tdr L2","category":"sensor","layer":"well7_northside","n":10.84,"e":-17.97,"z":-15.59,"noffset":null,"eoffset":null,"zoffset":null,"uid":"well7_northside-223","archived_description":"t-series tdr L2","description":"t-series tdr L2","label":"Survey 223 · t-series tdr L2","metadata_source":"Maps/Total station surve/points_offsets.xlsx / Sheet1; joined by id","survey_group":"well7_northside","raw_z_m":-15.59,"qa_flag":"Raw relative z retained; elevation not adjusted","placement":"Rigid fit to known wells; provisional","source_file":"Raw CSVs in Maps/Total station surve; reference geometry in Maps/Rivendell Wells Trees Siting/surveypoints","location_note":"Provisional rigid fits for the two northern groups. Southern group retains original placement. Fit residuals measure agreement with existing wells, not independently established absolute accuracy."},"geometry":{"type":"Point","coordinates":[-123.64403600505011,39.729087335370444]}},{"type":"Feature","properties":{"id":224,"descriptio":"shallow augur hole","category":"well/hole","layer":"well7_northside","n":10.56,"e":-16.44,"z":-14.84,"noffset":null,"eoffset":null,"zoffset":null,"uid":"well7_northside-224","archived_description":"shallow augur hole","description":"shallow augur hole","label":"Survey 224 · shallow augur hole","metadata_source":"Maps/Total station surve/points_offsets.xlsx / Sheet1; joined by id","survey_group":"well7_northside","raw_z_m":-14.84,"qa_flag":"Raw relative z retained; elevation not adjusted","placement":"Rigid fit to known wells; provisional","source_file":"Raw CSVs in Maps/Total station surve; reference geometry in Maps/Rivendell Wells Trees Siting/surveypoints","location_note":"Provisional rigid fits for the two northern groups. Southern group retains original placement. Fit residuals measure agreement with existing wells, not independently established absolute accuracy."},"geometry":{"type":"Point","coordinates":[-123.64401852478484,39.729083564937554]}},{"type":"Feature","properties":{"id":225,"descriptio":"soil temp psychrometer","category":"sensor","layer":"well7_northside","n":10.76,"e":-16.47,"z":-14.87,"noffset":null,"eoffset":null,"zoffset":null,"uid":"well7_northside-225","archived_description":"soil temp psychrometer","description":"soil temp psychrometer","label":"Survey 225 · soil temp psychrometer","metadata_source":"Maps/Total station surve/points_offsets.xlsx / Sheet1; joined by id","survey_group":"well7_northside","raw_z_m":-14.87,"qa_flag":"Raw relative z retained; elevation not adjusted","placement":"Rigid fit to known wells; provisional","source_file":"Raw CSVs in Maps/Total station surve; reference geometry in Maps/Rivendell Wells Trees Siting/surveypoints","location_note":"Provisional rigid fits for the two northern groups. Southern group retains original placement. Fit residuals measure agreement with existing wells, not independently established absolute accuracy."},"geometry":{"type":"Point","coordinates":[-123.64401866035007,39.72908538404912]}},{"type":"Feature","properties":{"id":226,"descriptio":"abandoned sap flow","category":"unclassified","layer":"well7_northside","n":12.88,"e":-14.18,"z":-15.26,"noffset":null,"eoffset":null,"zoffset":null,"uid":"well7_northside-226","archived_description":"abandoned sap flow","description":"abandoned sap flow","label":"Survey 226 · abandoned sap flow","metadata_source":"Maps/Total station surve/points_offsets.xlsx / Sheet1; joined by id","survey_group":"well7_northside","raw_z_m":-15.26,"qa_flag":"Raw relative z retained; elevation not adjusted","placement":"Rigid fit to known wells; provisional","source_file":"Raw CSVs in Maps/Total station surve; reference geometry in Maps/Rivendell Wells Trees Siting/surveypoints","location_note":"Provisional rigid fits for the two northern groups. Southern group retains original placement. Fit residuals measure agreement with existing wells, not independently established absolute accuracy."},"geometry":{"type":"Point","coordinates":[-123.64398979252654,39.729102521902036]}},{"type":"Feature","properties":{"id":227,"descriptio":"ERT 27","category":"geophysics","layer":"well7_northside","n":9.37,"e":-20.08,"z":-15.11,"noffset":null,"eoffset":null,"zoffset":null,"uid":"well7_northside-227","archived_description":"ERT 27","description":"ERT 27","label":"Survey 227 · ERT 27","metadata_source":"Maps/Total station surve/points_offsets.xlsx / Sheet1; joined by id","survey_group":"well7_northside","raw_z_m":-15.11,"qa_flag":"Raw relative z retained; elevation not adjusted","placement":"Rigid fit to known wells; provisional","source_file":"Raw CSVs in Maps/Total station surve; reference geometry in Maps/Rivendell Wells Trees Siting/surveypoints","location_note":"Provisional rigid fits for the two northern groups. Southern group retains original placement. Fit residuals measure agreement with existing wells, not independently established absolute accuracy."},"geometry":{"type":"Point","coordinates":[-123.64406208891322,39.72907588141366]}},{"type":"Feature","properties":{"id":228,"descriptio":"Base of ladder","category":"infrastructure","layer":"well7_northside","n":9.61,"e":-19.59,"z":-15.36,"noffset":null,"eoffset":null,"zoffset":null,"uid":"well7_northside-228","archived_description":"Base of ladder","description":"Base of ladder","label":"Survey 228 · Base of ladder","metadata_source":"Maps/Total station surve/points_offsets.xlsx / Sheet1; joined by id","survey_group":"well7_northside","raw_z_m":-15.36,"qa_flag":"Raw relative z retained; elevation not adjusted","placement":"Rigid fit to known wells; provisional","source_file":"Raw CSVs in Maps/Total station surve; reference geometry in Maps/Rivendell Wells Trees Siting/surveypoints","location_note":"Provisional rigid fits for the two northern groups. Southern group retains original placement. Fit residuals measure agreement with existing wells, not independently established absolute accuracy."},"geometry":{"type":"Point","coordinates":[-123.64405613950395,39.72907763178598]}},{"type":"Feature","properties":{"id":229,"descriptio":"T-series TDR","category":"sensor","layer":"well7_northside","n":9.74,"e":-23.09,"z":-15.51,"noffset":null,"eoffset":null,"zoffset":null,"uid":"well7_northside-229","archived_description":"T-series TDR","description":"T-series TDR","label":"Survey 229 · T-series TDR","metadata_source":"Maps/Total station surve/points_offsets.xlsx / Sheet1; joined by id","survey_group":"well7_northside","raw_z_m":-15.51,"qa_flag":"Raw relative z retained; elevation not adjusted","placement":"Rigid fit to known wells; provisional","source_file":"Raw CSVs in Maps/Total station surve; reference geometry in Maps/Rivendell Wells Trees Siting/surveypoints","location_note":"Provisional rigid fits for the two northern groups. Southern group retains original placement. Fit residuals measure agreement with existing wells, not independently established absolute accuracy."},"geometry":{"type":"Point","coordinates":[-123.64409667082866,39.72908167642715]}},{"type":"Feature","properties":{"id":230,"descriptio":"soil temp psychrometer","category":"sensor","layer":"well7_northside","n":10.35,"e":-20.4,"z":-15.81,"noffset":null,"eoffset":null,"zoffset":null,"uid":"well7_northside-230","archived_description":"soil temp psychrometer","description":"soil temp psychrometer","label":"Survey 230 · soil temp psychrometer","metadata_source":"Maps/Total station surve/points_offsets.xlsx / Sheet1; joined by id","survey_group":"well7_northside","raw_z_m":-15.81,"qa_flag":"Raw relative z retained; elevation not adjusted","placement":"Rigid fit to known wells; provisional","source_file":"Raw CSVs in Maps/Total station surve; reference geometry in Maps/Rivendell Wells Trees Siting/surveypoints","location_note":"Provisional rigid fits for the two northern groups. Southern group retains original placement. Fit residuals measure agreement with existing wells, not independently established absolute accuracy."},"geometry":{"type":"Point","coordinates":[-123.64406476343868,39.729084937328224]}},{"type":"Feature","properties":{"id":231,"descriptio":"tree 22 pink flagging","category":"tree","layer":"well7_northside","n":11.63,"e":-22.56,"z":-17.01,"noffset":null,"eoffset":null,"zoffset":null,"uid":"well7_northside-231","archived_description":"tree 22 pink flagging","description":"tree 22 pink flagging","label":"Survey 231 · tree 22 pink flagging","metadata_source":"Maps/Total station surve/points_offsets.xlsx / Sheet1; joined by id","survey_group":"well7_northside","raw_z_m":-17.01,"qa_flag":"Raw relative z retained; elevation not adjusted","placement":"Rigid fit to known wells; provisional","source_file":"Raw CSVs in Maps/Total station surve; reference geometry in Maps/Rivendell Wells Trees Siting/surveypoints","location_note":"Provisional rigid fits for the two northern groups. Southern group retains original placement. Fit residuals measure agreement with existing wells, not independently established absolute accuracy."},"geometry":{"type":"Point","coordinates":[-123.64408849911509,39.72909819804305]}},{"type":"Feature","properties":{"id":232,"descriptio":"tree 21","category":"tree","layer":"well7_northside","n":12.95,"e":-16.56,"z":-16.53,"noffset":null,"eoffset":null,"zoffset":null,"uid":"well7_northside-232","archived_description":"tree 21","description":"tree 21","label":"Survey 232 · tree 21","metadata_source":"Maps/Total station surve/points_offsets.xlsx / Sheet1; joined by id","survey_group":"well7_northside","raw_z_m":-16.53,"qa_flag":"Raw relative z retained; elevation not adjusted","placement":"Rigid fit to known wells; provisional","source_file":"Raw CSVs in Maps/Total station surve; reference geometry in Maps/Rivendell Wells Trees Siting/surveypoints","location_note":"Provisional rigid fits for the two northern groups. Southern group retains original placement. Fit residuals measure agreement with existing wells, not independently established absolute accuracy."},"geometry":{"type":"Point","coordinates":[-123.6440173734334,39.72910510718671]}},{"type":"Feature","properties":{"id":233,"descriptio":"soil sample w3 gravel colluvium 06/08/17, 1m upslope from ErP","category":"soil sample","layer":"well7_northside","n":17.08,"e":-16.4,"z":-18.95,"noffset":null,"eoffset":null,"zoffset":null,"uid":"well7_northside-233","archived_description":"soil sample w3 gravel colluvium 06/08/17, 1m upslope from ErP","description":"soil sample w3 gravel colluvium 06/08/17, 1m upslope from ErP","label":"Survey 233 · soil sample w3 gravel colluvium 06/08/17, 1m upslope from ErP","metadata_source":"Maps/Total station surve/points_offsets.xlsx / Sheet1; joined by id","survey_group":"well7_northside","raw_z_m":-18.95,"qa_flag":"Raw relative z retained; elevation not adjusted","placement":"Rigid fit to known wells; provisional","source_file":"Raw CSVs in Maps/Total station surve; reference geometry in Maps/Rivendell Wells Trees Siting/surveypoints","location_note":"Provisional rigid fits for the two northern groups. Southern group retains original placement. Fit residuals measure agreement with existing wells, not independently established absolute accuracy."},"geometry":{"type":"Point","coordinates":[-123.64401111510611,39.72914203080691]}},{"type":"Feature","properties":{"id":234,"descriptio":"L2S1 TDR","category":"sensor","layer":"well7_northside","n":15.65,"e":-15.39,"z":-17.43,"noffset":null,"eoffset":null,"zoffset":null,"uid":"well7_northside-234","archived_description":"L2S1 TDR","description":"L2S1 TDR","label":"Survey 234 · L2S1 TDR","metadata_source":"Maps/Total station surve/points_offsets.xlsx / Sheet1; joined by id","survey_group":"well7_northside","raw_z_m":-17.43,"qa_flag":"Raw relative z retained; elevation not adjusted","placement":"Rigid fit to known wells; provisional","source_file":"Raw CSVs in Maps/Total station surve; reference geometry in Maps/Rivendell Wells Trees Siting/surveypoints","location_note":"Provisional rigid fits for the two northern groups. Southern group retains original placement. Fit residuals measure agreement with existing wells, not independently established absolute accuracy."},"geometry":{"type":"Point","coordinates":[-123.64400090214565,39.72912836996759]}},{"type":"Feature","properties":{"id":235,"descriptio":"tree tag 23 blue flagging; measurement 30cm upslope from tree","category":"tree","layer":"well7_northside","n":17.44,"e":-14.04,"z":-17.14,"noffset":null,"eoffset":null,"zoffset":null,"uid":"well7_northside-235","archived_description":"tree tag 23 blue flagging; measurement 30cm upslope from tree","description":"tree tag 23 blue flagging; measurement 30cm upslope from tree","label":"Survey 235 · tree tag 23 blue flagging; measurement 30cm upslope from tree","metadata_source":"Maps/Total station surve/points_offsets.xlsx / Sheet1; joined by id","survey_group":"well7_northside","raw_z_m":-17.14,"qa_flag":"Raw relative z retained; elevation not adjusted","placement":"Rigid fit to known wells; provisional","source_file":"Raw CSVs in Maps/Total station surve; reference geometry in Maps/Rivendell Wells Trees Siting/surveypoints","location_note":"Provisional rigid fits for the two northern groups. Southern group retains original placement. Fit residuals measure agreement with existing wells, not independently established absolute accuracy."},"geometry":{"type":"Point","coordinates":[-123.6439833085605,39.72914332001544]}},{"type":"Feature","properties":{"id":236,"descriptio":"SM200","category":"sensor","layer":"well7_northside","n":20.09,"e":-14.69,"z":-19.52,"noffset":null,"eoffset":null,"zoffset":null,"uid":"well7_northside-236","archived_description":"SM200","description":"SM200","label":"Survey 236 · SM200","metadata_source":"Maps/Total station surve/points_offsets.xlsx / Sheet1; joined by id","survey_group":"well7_northside","raw_z_m":-19.52,"qa_flag":"Raw relative z retained; elevation not adjusted","placement":"Rigid fit to known wells; provisional","source_file":"Raw CSVs in Maps/Total station surve; reference geometry in Maps/Rivendell Wells Trees Siting/surveypoints","location_note":"Provisional rigid fits for the two northern groups. Southern group retains original placement. Fit residuals measure agreement with existing wells, not independently established absolute accuracy."},"geometry":{"type":"Point","coordinates":[-123.64398803882922,39.72916763089161]}},{"type":"Feature","properties":{"id":237,"descriptio":"Unknown 2.5 inch shallow auger hole","category":"well/hole","layer":"well7_northside","n":21.16,"e":-15.95,"z":-20.65,"noffset":null,"eoffset":null,"zoffset":null,"uid":"well7_northside-237","archived_description":"Unknown 2.5 inch shallow auger hole","description":"Unknown 2.5 inch shallow auger hole","label":"Survey 237 · Unknown 2.5 inch shallow auger hole","metadata_source":"Maps/Total station surve/points_offsets.xlsx / Sheet1; joined by id","survey_group":"well7_northside","raw_z_m":-20.65,"qa_flag":"Raw relative z retained; elevation not adjusted","placement":"Rigid fit to known wells; provisional","source_file":"Raw CSVs in Maps/Total station surve; reference geometry in Maps/Rivendell Wells Trees Siting/surveypoints","location_note":"Provisional rigid fits for the two northern groups. Southern group retains original placement. Fit residuals measure agreement with existing wells, not independently established absolute accuracy."},"geometry":{"type":"Point","coordinates":[-123.64400154024315,39.72917826733044]}},{"type":"Feature","properties":{"id":238,"descriptio":"tree tag 24","category":"tree","layer":"well7_northside","n":20.95,"e":-16.59,"z":-20.67,"noffset":null,"eoffset":null,"zoffset":null,"uid":"well7_northside-238","archived_description":"tree tag 24","description":"tree tag 24","label":"Survey 238 · tree tag 24","metadata_source":"Maps/Total station surve/points_offsets.xlsx / Sheet1; joined by id","survey_group":"well7_northside","raw_z_m":-20.67,"qa_flag":"Raw relative z retained; elevation not adjusted","placement":"Rigid fit to known wells; provisional","source_file":"Raw CSVs in Maps/Total station surve; reference geometry in Maps/Rivendell Wells Trees Siting/surveypoints","location_note":"Provisional rigid fits for the two northern groups. Southern group retains original placement. Fit residuals measure agreement with existing wells, not independently established absolute accuracy."},"geometry":{"type":"Point","coordinates":[-123.64400920070106,39.7291769094817]}},{"type":"Feature","properties":{"id":239,"descriptio":"tree tag 25 MD-1","category":"tree","layer":"well7_northside","n":21.84,"e":-14.29,"z":-20.02,"noffset":null,"eoffset":null,"zoffset":null,"uid":"well7_northside-239","archived_description":"tree tag 25 MD-1","description":"tree tag 25 MD-1","label":"Survey 239 · tree tag 25 MD-1","metadata_source":"Maps/Total station surve/points_offsets.xlsx / Sheet1; joined by id","survey_group":"well7_northside","raw_z_m":-20.02,"qa_flag":"Raw relative z retained; elevation not adjusted","placement":"Rigid fit to known wells; provisional","source_file":"Raw CSVs in Maps/Total station surve; reference geometry in Maps/Rivendell Wells Trees Siting/surveypoints","location_note":"Provisional rigid fits for the two northern groups. Southern group retains original placement. Fit residuals measure agreement with existing wells, not independently established absolute accuracy."},"geometry":{"type":"Point","coordinates":[-123.6439815267981,39.729183003299376]}},{"type":"Feature","properties":{"id":240,"descriptio":"sm200;","category":"sensor","layer":"well7_northside","n":22.15,"e":-11.63,"z":-17.99,"noffset":-0.7,"eoffset":null,"zoffset":-0.5,"uid":"well7_northside-240","archived_description":"sm200;","description":"sm200;","label":"Survey 240 · sm200;","metadata_source":"Maps/Total station surve/points_offsets.xlsx / Sheet1; joined by id","survey_group":"well7_northside","raw_z_m":-17.99,"qa_flag":"Raw relative z retained; elevation not adjusted","placement":"Rigid fit to known wells; provisional","source_file":"Raw CSVs in Maps/Total station surve; reference geometry in Maps/Rivendell Wells Trees Siting/surveypoints","location_note":"Provisional rigid fits for the two northern groups. Southern group retains original placement. Fit residuals measure agreement with existing wells, not independently established absolute accuracy."},"geometry":{"type":"Point","coordinates":[-123.64395028750674,39.729183597179606]}},{"type":"Feature","properties":{"id":241,"descriptio":"tree throw root wad center","category":"unclassified","layer":"well7_northside","n":25.58,"e":-12.95,"z":-18.83,"noffset":null,"eoffset":null,"zoffset":null,"uid":"well7_northside-241","archived_description":"tree throw root wad center","description":"tree throw root wad center","label":"Survey 241 · tree throw root wad center","metadata_source":"Maps/Total station surve/points_offsets.xlsx / Sheet1; joined by id","survey_group":"well7_northside","raw_z_m":-18.83,"qa_flag":"Raw relative z retained; elevation not adjusted","placement":"Rigid fit to known wells; provisional","source_file":"Raw CSVs in Maps/Total station surve; reference geometry in Maps/Rivendell Wells Trees Siting/surveypoints","location_note":"Provisional rigid fits for the two northern groups. Southern group retains original placement. Fit residuals measure agreement with existing wells, not independently established absolute accuracy."},"geometry":{"type":"Point","coordinates":[-123.6439619723056,39.729215457362905]}},{"type":"Feature","properties":{"id":242,"descriptio":"trail","category":"infrastructure","layer":"well7_northside","n":25.01,"e":-10.7,"z":-18.81,"noffset":null,"eoffset":null,"zoffset":null,"uid":"well7_northside-242","archived_description":"trail","description":"trail","label":"Survey 242 · trail","metadata_source":"Maps/Total station surve/points_offsets.xlsx / Sheet1; joined by id","survey_group":"well7_northside","raw_z_m":-18.81,"qa_flag":"Raw relative z retained; elevation not adjusted","placement":"Rigid fit to known wells; provisional","source_file":"Raw CSVs in Maps/Total station surve; reference geometry in Maps/Rivendell Wells Trees Siting/surveypoints","location_note":"Provisional rigid fits for the two northern groups. Southern group retains original placement. Fit residuals measure agreement with existing wells, not independently established absolute accuracy."},"geometry":{"type":"Point","coordinates":[-123.64393643454021,39.72920849287275]}},{"type":"Feature","properties":{"id":243,"descriptio":"sm200","category":"sensor","layer":"well7_northside","n":25.52,"e":-9.59,"z":-18.52,"noffset":null,"eoffset":null,"zoffset":null,"uid":"well7_northside-243","archived_description":"sm200","description":"sm200","label":"Survey 243 · sm200","metadata_source":"Maps/Total station surve/points_offsets.xlsx / Sheet1; joined by id","survey_group":"well7_northside","raw_z_m":-18.52,"qa_flag":"Raw relative z retained; elevation not adjusted","placement":"Rigid fit to known wells; provisional","source_file":"Raw CSVs in Maps/Total station surve; reference geometry in Maps/Rivendell Wells Trees Siting/surveypoints","location_note":"Provisional rigid fits for the two northern groups. Southern group retains original placement. Fit residuals measure agreement with existing wells, not independently established absolute accuracy."},"geometry":{"type":"Point","coordinates":[-123.64392299314159,39.72921215586188]}},{"type":"Feature","properties":{"id":244,"descriptio":"sm200","category":"sensor","layer":"well7_northside","n":26.79,"e":-9.44,"z":-18.42,"noffset":null,"eoffset":null,"zoffset":null,"uid":"well7_northside-244","archived_description":"sm200","description":"sm200","label":"Survey 244 · sm200","metadata_source":"Maps/Total station surve/points_offsets.xlsx / Sheet1; joined by id","survey_group":"well7_northside","raw_z_m":-18.42,"qa_flag":"Raw relative z retained; elevation not adjusted","placement":"Rigid fit to known wells; provisional","source_file":"Raw CSVs in Maps/Total station surve; reference geometry in Maps/Rivendell Wells Trees Siting/surveypoints","location_note":"Provisional rigid fits for the two northern groups. Southern group retains original placement. Fit residuals measure agreement with existing wells, not independently established absolute accuracy."},"geometry":{"type":"Point","coordinates":[-123.6439198973693,39.729223427202555]}},{"type":"Feature","properties":{"id":245,"descriptio":"trail","category":"infrastructure","layer":"well7_northside","n":33.89,"e":-6.2,"z":-17.14,"noffset":null,"eoffset":null,"zoffset":null,"uid":"well7_northside-245","archived_description":"trail","description":"trail","label":"Survey 245 · trail","metadata_source":"Maps/Total station surve/points_offsets.xlsx / Sheet1; joined by id","survey_group":"well7_northside","raw_z_m":-17.14,"qa_flag":"Raw relative z retained; elevation not adjusted","placement":"Rigid fit to known wells; provisional","source_file":"Raw CSVs in Maps/Total station surve; reference geometry in Maps/Rivendell Wells Trees Siting/surveypoints","location_note":"Provisional rigid fits for the two northern groups. Southern group retains original placement. Fit residuals measure agreement with existing wells, not independently established absolute accuracy."},"geometry":{"type":"Point","coordinates":[-123.64387468587046,39.7292844653374]}},{"type":"Feature","properties":{"id":246,"descriptio":"base of ladder","category":"infrastructure","layer":"well7_northside","n":24.79,"e":-31.87,"z":-27.17,"noffset":null,"eoffset":null,"zoffset":null,"uid":"well7_northside-246","archived_description":"base of ladder","description":"base of ladder","label":"Survey 246 · base of ladder","metadata_source":"Maps/Total station surve/points_offsets.xlsx / Sheet1; joined by id","survey_group":"well7_northside","raw_z_m":-27.17,"qa_flag":"Raw relative z retained; elevation not adjusted","placement":"Rigid fit to known wells; provisional","source_file":"Raw CSVs in Maps/Total station surve; reference geometry in Maps/Rivendell Wells Trees Siting/surveypoints","location_note":"Provisional rigid fits for the two northern groups. Southern group retains original placement. Fit residuals measure agreement with existing wells, not independently established absolute accuracy."},"geometry":{"type":"Point","coordinates":[-123.64418266352051,39.72922392834829]}},{"type":"Feature","properties":{"id":247,"descriptio":"Log","category":"infrastructure","layer":"well7_northside","n":25.29,"e":-31.69,"z":-26.98,"noffset":null,"eoffset":null,"zoffset":null,"uid":"well7_northside-247","archived_description":"Log","description":"Log","label":"Survey 247 · Log","metadata_source":"Maps/Total station surve/points_offsets.xlsx / Sheet1; joined by id","survey_group":"well7_northside","raw_z_m":-26.98,"qa_flag":"Raw relative z retained; elevation not adjusted","placement":"Rigid fit to known wells; provisional","source_file":"Raw CSVs in Maps/Total station surve; reference geometry in Maps/Rivendell Wells Trees Siting/surveypoints","location_note":"Provisional rigid fits for the two northern groups. Southern group retains original placement. Fit residuals measure agreement with existing wells, not independently established absolute accuracy."},"geometry":{"type":"Point","coordinates":[-123.64418003935357,39.72922826642781]}},{"type":"Feature","properties":{"id":248,"descriptio":"log and platform","category":"infrastructure","layer":"well7_northside","n":25.32,"e":-25.72,"z":-26.09,"noffset":null,"eoffset":null,"zoffset":null,"uid":"well7_northside-248","archived_description":"log and platform","description":"log and platform","label":"Survey 248 · log and platform","metadata_source":"Maps/Total station surve/points_offsets.xlsx / Sheet1; joined by id","survey_group":"well7_northside","raw_z_m":-26.09,"qa_flag":"Raw relative z retained; elevation not adjusted","placement":"Rigid fit to known wells; provisional","source_file":"Raw CSVs in Maps/Total station surve; reference geometry in Maps/Rivendell Wells Trees Siting/surveypoints","location_note":"Provisional rigid fits for the two northern groups. Southern group retains original placement. Fit residuals measure agreement with existing wells, not independently established absolute accuracy."},"geometry":{"type":"Point","coordinates":[-123.64411063619683,39.72922362615641]}},{"type":"Feature","properties":{"id":249,"descriptio":"orange flag R2 2011 ??","category":"unclassified","layer":"well7_northside","n":22.88,"e":-25.07,"z":-25.95,"noffset":null,"eoffset":null,"zoffset":null,"uid":"well7_northside-249","archived_description":"orange flag R2 2011 ??","description":"orange flag R2 2011 ??","label":"Survey 249 · orange flag R2 2011 ??","metadata_source":"Maps/Total station surve/points_offsets.xlsx / Sheet1; joined by id","survey_group":"well7_northside","raw_z_m":-25.95,"qa_flag":"Raw relative z retained; elevation not adjusted","placement":"Rigid fit to known wells; provisional","source_file":"Raw CSVs in Maps/Total station surve; reference geometry in Maps/Rivendell Wells Trees Siting/surveypoints","location_note":"Provisional rigid fits for the two northern groups. Southern group retains original placement. Fit residuals measure agreement with existing wells, not independently established absolute accuracy."},"geometry":{"type":"Point","coordinates":[-123.64410568219826,39.729201199448624]}},{"type":"Feature","properties":{"id":250,"descriptio":"on the log next to RH/Temp","category":"sensor","layer":"well7_northside","n":25.22,"e":-22.47,"z":-25.4,"noffset":null,"eoffset":null,"zoffset":null,"uid":"well7_northside-250","archived_description":"on the log next to RH/Temp","description":"on the log next to RH/Temp","label":"Survey 250 · on the log next to RH/Temp","metadata_source":"Maps/Total station surve/points_offsets.xlsx / Sheet1; joined by id","survey_group":"well7_northside","raw_z_m":-25.4,"qa_flag":"Raw relative z retained; elevation not adjusted","placement":"Rigid fit to known wells; provisional","source_file":"Raw CSVs in Maps/Total station surve; reference geometry in Maps/Rivendell Wells Trees Siting/surveypoints","location_note":"Provisional rigid fits for the two northern groups. Southern group retains original placement. Fit residuals measure agreement with existing wells, not independently established absolute accuracy."},"geometry":{"type":"Point","coordinates":[-123.6440729778243,39.72922005627672]}},{"type":"Feature","properties":{"id":251,"descriptio":"Log ladder top","category":"infrastructure","layer":"well7_northside","n":25.37,"e":-24.52,"z":-25.91,"noffset":null,"eoffset":null,"zoffset":null,"uid":"well7_northside-251","archived_description":"Log ladder top","description":"Log ladder top","label":"Survey 251 · Log ladder top","metadata_source":"Maps/Total station surve/points_offsets.xlsx / Sheet1; joined by id","survey_group":"well7_northside","raw_z_m":-25.91,"qa_flag":"Raw relative z retained; elevation not adjusted","placement":"Rigid fit to known wells; provisional","source_file":"Raw CSVs in Maps/Total station surve; reference geometry in Maps/Rivendell Wells Trees Siting/surveypoints","location_note":"Provisional rigid fits for the two northern groups. Southern group retains original placement. Fit residuals measure agreement with existing wells, not independently established absolute accuracy."},"geometry":{"type":"Point","coordinates":[-123.64409663897986,39.729223087939964]}},{"type":"Feature","properties":{"id":252,"descriptio":"Base of ladder","category":"infrastructure","layer":"well7_northside","n":26.61,"e":-24.55,"z":-28.41,"noffset":null,"eoffset":null,"zoffset":null,"uid":"well7_northside-252","archived_description":"Base of ladder","description":"Base of ladder","label":"Survey 252 · Base of ladder","metadata_source":"Maps/Total station surve/points_offsets.xlsx / Sheet1; joined by id","survey_group":"well7_northside","raw_z_m":-28.41,"qa_flag":"Raw relative z retained; elevation not adjusted","placement":"Rigid fit to known wells; provisional","source_file":"Raw CSVs in Maps/Total station surve; reference geometry in Maps/Rivendell Wells Trees Siting/surveypoints","location_note":"Provisional rigid fits for the two northern groups. Southern group retains original placement. Fit residuals measure agreement with existing wells, not independently established absolute accuracy."},"geometry":{"type":"Point","coordinates":[-123.64409566678444,39.72923423814305]}},{"type":"Feature","properties":{"id":253,"descriptio":"Trail to top of ladder","category":"infrastructure","layer":"well7_northside","n":30.81,"e":-21.23,"z":-29.21,"noffset":null,"eoffset":null,"zoffset":null,"uid":"well7_northside-253","archived_description":"Trail to top of ladder","description":"Trail to top of ladder","label":"Survey 253 · Trail to top of ladder","metadata_source":"Maps/Total station surve/points_offsets.xlsx / Sheet1; joined by id","survey_group":"well7_northside","raw_z_m":-29.21,"qa_flag":"Raw relative z retained; elevation not adjusted","placement":"Rigid fit to known wells; provisional","source_file":"Raw CSVs in Maps/Total station surve; reference geometry in Maps/Rivendell Wells Trees Siting/surveypoints","location_note":"Provisional rigid fits for the two northern groups. Southern group retains original placement. Fit residuals measure agreement with existing wells, not independently established absolute accuracy."},"geometry":{"type":"Point","coordinates":[-123.64405261481069,39.72926919116707]}},{"type":"Feature","properties":{"id":254,"descriptio":"Top of ladder","category":"infrastructure","layer":"well7_northside","n":30.56,"e":-20.32,"z":-28.29,"noffset":null,"eoffset":null,"zoffset":null,"uid":"well7_northside-254","archived_description":"Top of ladder","description":"Top of ladder","label":"Survey 254 · Top of ladder","metadata_source":"Maps/Total station surve/points_offsets.xlsx / Sheet1; joined by id","survey_group":"well7_northside","raw_z_m":-28.29,"qa_flag":"Raw relative z retained; elevation not adjusted","placement":"Rigid fit to known wells; provisional","source_file":"Raw CSVs in Maps/Total station surve; reference geometry in Maps/Rivendell Wells Trees Siting/surveypoints","location_note":"Provisional rigid fits for the two northern groups. Southern group retains original placement. Fit residuals measure agreement with existing wells, not independently established absolute accuracy."},"geometry":{"type":"Point","coordinates":[-123.6440423069263,39.7292661997677]}},{"type":"Feature","properties":{"id":255,"descriptio":"Tree tag 15 Douglas fir","category":"tree","layer":"well7_northside","n":29.69,"e":-19.69,"z":-27.77,"noffset":null,"eoffset":null,"zoffset":null,"uid":"well7_northside-255","archived_description":"Tree tag 15 Douglas fir","description":"Tree tag 15 Douglas fir","label":"Survey 255 · Tree tag 15 Douglas fir","metadata_source":"Maps/Total station surve/points_offsets.xlsx / Sheet1; joined by id","survey_group":"well7_northside","raw_z_m":-27.77,"qa_flag":"Raw relative z retained; elevation not adjusted","placement":"Rigid fit to known wells; provisional","source_file":"Raw CSVs in Maps/Total station surve; reference geometry in Maps/Rivendell Wells Trees Siting/surveypoints","location_note":"Provisional rigid fits for the two northern groups. Southern group retains original placement. Fit residuals measure agreement with existing wells, not independently established absolute accuracy."},"geometry":{"type":"Point","coordinates":[-123.6440359130373,39.72925787586302]}},{"type":"Feature","properties":{"id":256,"descriptio":"Oak 1 tree tag 14","category":"tree","layer":"well7_northside","n":32.4,"e":-21.08,"z":-29.53,"noffset":null,"eoffset":null,"zoffset":null,"uid":"well7_northside-256","archived_description":"Oak 1 tree tag 14","description":"Oak 1 tree tag 14","label":"Survey 256 · Oak 1 tree tag 14","metadata_source":"Maps/Total station surve/points_offsets.xlsx / Sheet1; joined by id","survey_group":"well7_northside","raw_z_m":-29.53,"qa_flag":"Raw relative z retained; elevation not adjusted","placement":"Rigid fit to known wells; provisional","source_file":"Raw CSVs in Maps/Total station surve; reference geometry in Maps/Rivendell Wells Trees Siting/surveypoints","location_note":"Provisional rigid fits for the two northern groups. Southern group retains original placement. Fit residuals measure agreement with existing wells, not independently established absolute accuracy."},"geometry":{"type":"Point","coordinates":[-123.64404917820488,39.72928333361591]}},{"type":"Feature","properties":{"id":257,"descriptio":"Tree tag 13 LO-2","category":"tree","layer":"well7_northside","n":31.34,"e":-22.02,"z":-31.64,"noffset":null,"eoffset":null,"zoffset":2.0,"uid":"well7_northside-257","archived_description":"Tree tag 13 LO-2","description":"Tree tag 13 LO-2","label":"Survey 257 · Tree tag 13 LO-2","metadata_source":"Maps/Total station surve/points_offsets.xlsx / Sheet1; joined by id","survey_group":"well7_northside","raw_z_m":-31.64,"qa_flag":"Raw relative z retained; elevation not adjusted","placement":"Rigid fit to known wells; provisional","source_file":"Raw CSVs in Maps/Total station surve; reference geometry in Maps/Rivendell Wells Trees Siting/surveypoints","location_note":"Provisional rigid fits for the two northern groups. Southern group retains original placement. Fit residuals measure agreement with existing wells, not independently established absolute accuracy."},"geometry":{"type":"Point","coordinates":[-123.64406123005382,39.72927459609925]}},{"type":"Feature","properties":{"id":258,"descriptio":"Bay tree 2 tag 11","category":"tree","layer":"well7_northside","n":39.18,"e":-18.87,"z":-31.91,"noffset":null,"eoffset":null,"zoffset":0.14,"uid":"well7_northside-258","archived_description":"Bay tree 2 tag 11","description":"Bay tree 2 tag 11","label":"Survey 258 · Bay tree 2 tag 11","metadata_source":"Maps/Total station surve/points_offsets.xlsx / Sheet1; joined by id","survey_group":"well7_northside","raw_z_m":-31.91,"qa_flag":"Raw relative z retained; elevation not adjusted","placement":"Rigid fit to known wells; provisional","source_file":"Raw CSVs in Maps/Total station surve; reference geometry in Maps/Rivendell Wells Trees Siting/surveypoints","location_note":"Provisional rigid fits for the two northern groups. Southern group retains original placement. Fit residuals measure agreement with existing wells, not independently established absolute accuracy."},"geometry":{"type":"Point","coordinates":[-123.6440162762216,39.729342347730615]}},{"type":"Feature","properties":{"id":259,"descriptio":"Tree 12 LO-3 in sandstoneblock","category":"tree","layer":"well7_northside","n":41.52,"e":-15.28,"z":-28.12,"noffset":null,"eoffset":null,"zoffset":-0.5,"uid":"well7_northside-259","archived_description":"Tree 12 LO-3 in sandstoneblock","description":"Tree 12 LO-3 in sandstoneblock","label":"Survey 259 · Tree 12 LO-3 in sandstoneblock","metadata_source":"Maps/Total station surve/points_offsets.xlsx / Sheet1; joined by id","survey_group":"well7_northside","raw_z_m":-28.12,"qa_flag":"Raw relative z retained; elevation not adjusted","placement":"Rigid fit to known wells; provisional","source_file":"Raw CSVs in Maps/Total station surve; reference geometry in Maps/Rivendell Wells Trees Siting/surveypoints","location_note":"Provisional rigid fits for the two northern groups. Southern group retains original placement. Fit residuals measure agreement with existing wells, not independently established absolute accuracy."},"geometry":{"type":"Point","coordinates":[-123.6439720679685,39.729360390389616]}},{"type":"Feature","properties":{"id":260,"descriptio":"Ladder trail fallen log","category":"infrastructure","layer":"well7_northside","n":34.55,"e":-25.6,"z":-32.95,"noffset":null,"eoffset":null,"zoffset":-1.2,"uid":"well7_northside-260","archived_description":"Ladder trail fallen log","description":"Ladder trail fallen log","label":"Survey 260 · Ladder trail fallen log","metadata_source":"Maps/Total station surve/points_offsets.xlsx / Sheet1; joined by id","survey_group":"well7_northside","raw_z_m":-32.95,"qa_flag":"Raw relative z retained; elevation not adjusted","placement":"Rigid fit to known wells; provisional","source_file":"Raw CSVs in Maps/Total station surve; reference geometry in Maps/Rivendell Wells Trees Siting/surveypoints","location_note":"Provisional rigid fits for the two northern groups. Southern group retains original placement. Fit residuals measure agreement with existing wells, not independently established absolute accuracy."},"geometry":{"type":"Point","coordinates":[-123.64409941040913,39.72930634091273]}},{"type":"Feature","properties":{"id":261,"descriptio":"Tree tag 9 sap flow old 3 prong","category":"tree","layer":"well7_northside","n":38.19,"e":-26.78,"z":-35.8,"noffset":null,"eoffset":null,"zoffset":-0.5,"uid":"well7_northside-261","archived_description":"Tree tag 9 sap flow old 3 prong","description":"Tree tag 9 sap flow old 3 prong","label":"Survey 261 · Tree tag 9 sap flow old 3 prong","metadata_source":"Maps/Total station surve/points_offsets.xlsx / Sheet1; joined by id","survey_group":"well7_northside","raw_z_m":-35.8,"qa_flag":"Raw relative z retained; elevation not adjusted","placement":"Rigid fit to known wells; provisional","source_file":"Raw CSVs in Maps/Total station surve; reference geometry in Maps/Rivendell Wells Trees Siting/surveypoints","location_note":"Provisional rigid fits for the two northern groups. Southern group retains original placement. Fit residuals measure agreement with existing wells, not independently established absolute accuracy."},"geometry":{"type":"Point","coordinates":[-123.6441092448174,39.72933997011266]}},{"type":"Feature","properties":{"id":262,"descriptio":"Ladder near top of bottom mostladder and near two tagged trees","category":"infrastructure","layer":"well7_northside","n":36.96,"e":-28.78,"z":-36.32,"noffset":null,"eoffset":null,"zoffset":-0.3,"uid":"well7_northside-262","archived_description":"Ladder near top of bottom mostladder and near two tagged trees","description":"Ladder near top of bottom mostladder and near two tagged trees","label":"Survey 262 · Ladder near top of bottom mostladder and near two tagged trees","metadata_source":"Maps/Total station surve/points_offsets.xlsx / Sheet1; joined by id","survey_group":"well7_northside","raw_z_m":-36.32,"qa_flag":"Raw relative z retained; elevation not adjusted","placement":"Rigid fit to known wells; provisional","source_file":"Raw CSVs in Maps/Total station surve; reference geometry in Maps/Rivendell Wells Trees Siting/surveypoints","location_note":"Provisional rigid fits for the two northern groups. Southern group retains original placement. Fit residuals measure agreement with existing wells, not independently established absolute accuracy."},"geometry":{"type":"Point","coordinates":[-123.6441337949281,39.72933057900933]}},{"type":"Feature","properties":{"id":263,"descriptio":"Fir 2 tree along trail","category":"tree","layer":"well7_northside","n":41.67,"e":-28.47,"z":-38.95,"noffset":null,"eoffset":null,"zoffset":-1.2,"uid":"well7_northside-263","archived_description":"Fir 2 tree along trail","description":"Fir 2 tree along trail","label":"Survey 263 · Fir 2 tree along trail","metadata_source":"Maps/Total station surve/points_offsets.xlsx / Sheet1; joined by id","survey_group":"well7_northside","raw_z_m":-38.95,"qa_flag":"Raw relative z retained; elevation not adjusted","placement":"Rigid fit to known wells; provisional","source_file":"Raw CSVs in Maps/Total station surve; reference geometry in Maps/Rivendell Wells Trees Siting/surveypoints","location_note":"Provisional rigid fits for the two northern groups. Southern group retains original placement. Fit residuals measure agreement with existing wells, not independently established absolute accuracy."},"geometry":{"type":"Point","coordinates":[-123.64412517585596,39.72937258315916]}},{"type":"Feature","properties":{"id":264,"descriptio":"Tree 1 huge dfir sap flow box Charlie","category":"tree","layer":"well7_northside","n":44.05,"e":-28.86,"z":-39.58,"noffset":null,"eoffset":null,"zoffset":-0.2,"uid":"well7_northside-264","archived_description":"Tree 1 huge dfir sap flow box Charlie","description":"Tree 1 huge dfir sap flow box Charlie","label":"Survey 264 · Tree 1 huge dfir sap flow box Charlie","metadata_source":"Maps/Total station surve/points_offsets.xlsx / Sheet1; joined by id","survey_group":"well7_northside","raw_z_m":-39.58,"qa_flag":"Raw relative z retained; elevation not adjusted","placement":"Rigid fit to known wells; provisional","source_file":"Raw CSVs in Maps/Total station surve; reference geometry in Maps/Rivendell Wells Trees Siting/surveypoints","location_note":"Provisional rigid fits for the two northern groups. Southern group retains original placement. Fit residuals measure agreement with existing wells, not independently established absolute accuracy."},"geometry":{"type":"Point","coordinates":[-123.64412717258448,39.72939425772135]}},{"type":"Feature","properties":{"id":265,"descriptio":"Between 2 ladders tree 8 hole augered w PVC is 0.9 cm to doutheast","category":"unclassified","layer":"well7_northside","n":37.85,"e":-36.75,"z":-39.37,"noffset":null,"eoffset":null,"zoffset":-0.75,"uid":"well7_northside-265","archived_description":"Between 2 ladders tree 8 hole augered w PVC is 0.9 cm to doutheast","description":"Between 2 ladders tree 8 hole augered w PVC is 0.9 cm to doutheast","label":"Survey 265 · Between 2 ladders tree 8 hole augered w PVC is 0.9 cm to doutheast","metadata_source":"Maps/Total station surve/points_offsets.xlsx / Sheet1; joined by id","survey_group":"well7_northside","raw_z_m":-39.37,"qa_flag":"Raw relative z retained; elevation not adjusted","placement":"Rigid fit to known wells; provisional","source_file":"Raw CSVs in Maps/Total station surve; reference geometry in Maps/Rivendell Wells Trees Siting/surveypoints","location_note":"Provisional rigid fits for the two northern groups. Southern group retains original placement. Fit residuals measure agreement with existing wells, not independently established absolute accuracy."},"geometry":{"type":"Point","coordinates":[-123.6442254582362,39.72934511838238]}},{"type":"Feature","properties":{"id":266,"descriptio":"Ladder trail turn","category":"infrastructure","layer":"well7_northside","n":38.74,"e":-40.6,"z":-41.88,"noffset":null,"eoffset":null,"zoffset":null,"uid":"well7_northside-266","archived_description":"Ladder trail turn","description":"Ladder trail turn","label":"Survey 266 · Ladder trail turn","metadata_source":"Maps/Total station surve/points_offsets.xlsx / Sheet1; joined by id","survey_group":"well7_northside","raw_z_m":-41.88,"qa_flag":"Raw relative z retained; elevation not adjusted","placement":"Rigid fit to known wells; provisional","source_file":"Raw CSVs in Maps/Total station surve; reference geometry in Maps/Rivendell Wells Trees Siting/surveypoints","location_note":"Provisional rigid fits for the two northern groups. Southern group retains original placement. Fit residuals measure agreement with existing wells, not independently established absolute accuracy."},"geometry":{"type":"Point","coordinates":[-123.6442692472203,39.729356269657025]}},{"type":"Feature","properties":{"id":268,"descriptio":"Well 12","category":"well/hole","layer":"well7_northside","n":41.98,"e":-42.97,"z":-45.04,"noffset":null,"eoffset":0.2,"zoffset":null,"uid":"well7_northside-268","archived_description":"Well 12","description":"Well 12","label":"Survey 268 · Well 12","metadata_source":"Maps/Total station surve/points_offsets.xlsx / Sheet1; joined by id","survey_group":"well7_northside","raw_z_m":-45.04,"qa_flag":"Raw relative z retained; elevation not adjusted","placement":"Rigid fit to known wells; provisional","source_file":"Raw CSVs in Maps/Total station surve; reference geometry in Maps/Rivendell Wells Trees Siting/surveypoints","location_note":"Provisional rigid fits for the two northern groups. Southern group retains original placement. Fit residuals measure agreement with existing wells, not independently established absolute accuracy."},"geometry":{"type":"Point","coordinates":[-123.64429333556734,39.72938728854057]}},{"type":"Feature","properties":{"id":269,"descriptio":"Tree 6","category":"tree","layer":"well7_northside","n":41.85,"e":-39.72,"z":-43.58,"noffset":null,"eoffset":null,"zoffset":-0.1,"uid":"well7_northside-269","archived_description":"Tree 6","description":"Tree 6","label":"Survey 269 · Tree 6","metadata_source":"Maps/Total station surve/points_offsets.xlsx / Sheet1; joined by id","survey_group":"well7_northside","raw_z_m":-43.58,"qa_flag":"Raw relative z retained; elevation not adjusted","placement":"Rigid fit to known wells; provisional","source_file":"Raw CSVs in Maps/Total station surve; reference geometry in Maps/Rivendell Wells Trees Siting/surveypoints","location_note":"Provisional rigid fits for the two northern groups. Southern group retains original placement. Fit residuals measure agreement with existing wells, not independently established absolute accuracy."},"geometry":{"type":"Point","coordinates":[-123.6442557090508,39.72938344955497]}},{"type":"Feature","properties":{"id":270,"descriptio":"Sm 200","category":"sensor","layer":"well7_northside","n":42.81,"e":-41.06,"z":-44.73,"noffset":null,"eoffset":null,"zoffset":null,"uid":"well7_northside-270","archived_description":"Sm 200","description":"Sm 200","label":"Survey 270 · Sm 200","metadata_source":"Maps/Total station surve/points_offsets.xlsx / Sheet1; joined by id","survey_group":"well7_northside","raw_z_m":-44.73,"qa_flag":"Raw relative z retained; elevation not adjusted","placement":"Rigid fit to known wells; provisional","source_file":"Raw CSVs in Maps/Total station surve; reference geometry in Maps/Rivendell Wells Trees Siting/surveypoints","location_note":"Provisional rigid fits for the two northern groups. Southern group retains original placement. Fit residuals measure agreement with existing wells, not independently established absolute accuracy."},"geometry":{"type":"Point","coordinates":[-123.64427025731304,39.72939316480612]}},{"type":"Feature","properties":{"id":271,"descriptio":"Level 1 ERP","category":"sensor","layer":"well7_northside","n":46.95,"e":-39.19,"z":-46.32,"noffset":null,"eoffset":null,"zoffset":null,"uid":"well7_northside-271","archived_description":"Level 1 ERP","description":"Level 1 ERP","label":"Survey 271 · Level 1 ERP","metadata_source":"Maps/Total station surve/points_offsets.xlsx / Sheet1; joined by id","survey_group":"well7_northside","raw_z_m":-46.32,"qa_flag":"Raw relative z retained; elevation not adjusted","placement":"Rigid fit to known wells; provisional","source_file":"Raw CSVs in Maps/Total station surve; reference geometry in Maps/Rivendell Wells Trees Siting/surveypoints","location_note":"Provisional rigid fits for the two northern groups. Southern group retains original placement. Fit residuals measure agreement with existing wells, not independently established absolute accuracy."},"geometry":{"type":"Point","coordinates":[-123.64424411824186,39.72942877195762]}},{"type":"Feature","properties":{"id":272,"descriptio":"Well 1","category":"well/hole","layer":"well7_northside","n":49.91,"e":-36.21,"z":-47.13,"noffset":null,"eoffset":null,"zoffset":null,"uid":"well7_northside-272","archived_description":"Well 1","description":"Well 1","label":"Survey 272 · Well 1","metadata_source":"Maps/Total station surve/points_offsets.xlsx / Sheet1; joined by id","survey_group":"well7_northside","raw_z_m":-47.13,"qa_flag":"Raw relative z retained; elevation not adjusted","placement":"Rigid fit to known wells; provisional","source_file":"Raw CSVs in Maps/Total station surve; reference geometry in Maps/Rivendell Wells Trees Siting/surveypoints","location_note":"Provisional rigid fits for the two northern groups. Southern group retains original placement. Fit residuals measure agreement with existing wells, not independently established absolute accuracy."},"geometry":{"type":"Point","coordinates":[-123.64420633780718,39.7294528791002]}},{"type":"Feature","properties":{"id":273,"descriptio":"Tree tag 4 oak-3","category":"tree","layer":"well7_northside","n":48.12,"e":-36.3,"z":-45.85,"noffset":null,"eoffset":null,"zoffset":null,"uid":"well7_northside-273","archived_description":"Tree tag 4 oak-3","description":"Tree tag 4 oak-3","label":"Survey 273 · Tree tag 4 oak-3","metadata_source":"Maps/Total station surve/points_offsets.xlsx / Sheet1; joined by id","survey_group":"well7_northside","raw_z_m":-45.85,"qa_flag":"Raw relative z retained; elevation not adjusted","placement":"Rigid fit to known wells; provisional","source_file":"Raw CSVs in Maps/Total station surve; reference geometry in Maps/Rivendell Wells Trees Siting/surveypoints","location_note":"Provisional rigid fits for the two northern groups. Southern group retains original placement. Fit residuals measure agreement with existing wells, not independently established absolute accuracy."},"geometry":{"type":"Point","coordinates":[-123.64420929021749,39.7294368928658]}},{"type":"Feature","properties":{"id":274,"descriptio":"Old rain gauge level 1","category":"sensor","layer":"well7_northside","n":51.23,"e":-37.17,"z":-47.81,"noffset":null,"eoffset":null,"zoffset":null,"uid":"well7_northside-274","archived_description":"Old rain gauge level 1","description":"Old rain gauge level 1","label":"Survey 274 · Old rain gauge level 1","metadata_source":"Maps/Total station surve/points_offsets.xlsx / Sheet1; joined by id","survey_group":"well7_northside","raw_z_m":-47.81,"qa_flag":"Raw relative z retained; elevation not adjusted","placement":"Rigid fit to known wells; provisional","source_file":"Raw CSVs in Maps/Total station surve; reference geometry in Maps/Rivendell Wells Trees Siting/surveypoints","location_note":"Provisional rigid fits for the two northern groups. Southern group retains original placement. Fit residuals measure agreement with existing wells, not independently established absolute accuracy."},"geometry":{"type":"Point","coordinates":[-123.6442160870225,39.72946551186026]}},{"type":"Feature","properties":{"id":275,"descriptio":"TempRH sensro","category":"sensor","layer":"well7_northside","n":50.67,"e":-32.83,"z":-47.17,"noffset":-0.15,"eoffset":-0.15,"zoffset":null,"uid":"well7_northside-275","archived_description":"TempRH sensro","description":"TempRH sensro","label":"Survey 275 · TempRH sensro","metadata_source":"Maps/Total station surve/points_offsets.xlsx / Sheet1; joined by id","survey_group":"well7_northside","raw_z_m":-47.17,"qa_flag":"Raw relative z retained; elevation not adjusted","placement":"Rigid fit to known wells; provisional","source_file":"Raw CSVs in Maps/Total station surve; reference geometry in Maps/Rivendell Wells Trees Siting/surveypoints","location_note":"Provisional rigid fits for the two northern groups. Southern group retains original placement. Fit residuals measure agreement with existing wells, not independently established absolute accuracy."},"geometry":{"type":"Point","coordinates":[-123.64416625267464,39.72945691844274]}},{"type":"Feature","properties":{"id":276,"descriptio":"Edge of data logger box","category":"infrastructure","layer":"well7_northside","n":49.93,"e":-35.7,"z":-47.08,"noffset":null,"eoffset":null,"zoffset":null,"uid":"well7_northside-276","archived_description":"Edge of data logger box","description":"Edge of data logger box","label":"Survey 276 · Edge of data logger box","metadata_source":"Maps/Total station surve/points_offsets.xlsx / Sheet1; joined by id","survey_group":"well7_northside","raw_z_m":-47.08,"qa_flag":"Raw relative z retained; elevation not adjusted","placement":"Rigid fit to known wells; provisional","source_file":"Raw CSVs in Maps/Total station surve; reference geometry in Maps/Rivendell Wells Trees Siting/surveypoints","location_note":"Provisional rigid fits for the two northern groups. Southern group retains original placement. Fit residuals measure agreement with existing wells, not independently established absolute accuracy."},"geometry":{"type":"Point","coordinates":[-123.64420039030136,39.729452639148235]}},{"type":"Feature","properties":{"id":277,"descriptio":"Edge of elder 0.6 m downstream of ISCO intake","category":"unclassified","layer":"well7_northside","n":56.81,"e":-41.39,"z":-52.29,"noffset":null,"eoffset":null,"zoffset":null,"uid":"well7_northside-277","archived_description":"Edge of elder 0.6 m downstream of ISCO intake","description":"Edge of elder 0.6 m downstream of ISCO intake","label":"Survey 277 · Edge of elder 0.6 m downstream of ISCO intake","metadata_source":"Maps/Total station surve/points_offsets.xlsx / Sheet1; joined by id","survey_group":"well7_northside","raw_z_m":-52.29,"qa_flag":"Raw relative z retained; elevation not adjusted","placement":"Rigid fit to known wells; provisional","source_file":"Raw CSVs in Maps/Total station surve; reference geometry in Maps/Rivendell Wells Trees Siting/surveypoints","location_note":"Provisional rigid fits for the two northern groups. Southern group retains original placement. Fit residuals measure agreement with existing wells, not independently established absolute accuracy."},"geometry":{"type":"Point","coordinates":[-123.64425917998427,39.729519047042245]}},{"type":"Feature","properties":{"id":278,"descriptio":"N edge of elder","category":"unclassified","layer":"well7_northside","n":66.57,"e":-39.21,"z":-51.98,"noffset":null,"eoffset":null,"zoffset":null,"uid":"well7_northside-278","archived_description":"N edge of elder","description":"N edge of elder","label":"Survey 278 · N edge of elder","metadata_source":"Maps/Total station surve/points_offsets.xlsx / Sheet1; joined by id","survey_group":"well7_northside","raw_z_m":-51.98,"qa_flag":"Raw relative z retained; elevation not adjusted","placement":"Rigid fit to known wells; provisional","source_file":"Raw CSVs in Maps/Total station surve; reference geometry in Maps/Rivendell Wells Trees Siting/surveypoints","location_note":"Provisional rigid fits for the two northern groups. Southern group retains original placement. Fit residuals measure agreement with existing wells, not independently established absolute accuracy."},"geometry":{"type":"Point","coordinates":[-123.64422345254064,39.729604823051936]}},{"type":"Feature","properties":{"id":279,"descriptio":"Tree 5 oak","category":"tree","layer":"well7_northside","n":43.53,"e":-38.46,"z":-43.34,"noffset":-0.6,"eoffset":null,"zoffset":null,"uid":"well7_northside-279","archived_description":"Tree 5 oak","description":"Tree 5 oak","label":"Survey 279 · Tree 5 oak","metadata_source":"Maps/Total station surve/points_offsets.xlsx / Sheet1; joined by id","survey_group":"well7_northside","raw_z_m":-43.34,"qa_flag":"Raw relative z retained; elevation not adjusted","placement":"Rigid fit to known wells; provisional","source_file":"Raw CSVs in Maps/Total station surve; reference geometry in Maps/Rivendell Wells Trees Siting/surveypoints","location_note":"Provisional rigid fits for the two northern groups. Southern group retains original placement. Fit residuals measure agreement with existing wells, not independently established absolute accuracy."},"geometry":{"type":"Point","coordinates":[-123.64423927842223,39.72939748670914]}},{"type":"Feature","properties":{"id":280,"descriptio":"Bay 3 tag tree 2","category":"tree","layer":"well7_northside","n":45.69,"e":-32.13,"z":-42.9,"noffset":-2.0,"eoffset":null,"zoffset":null,"uid":"well7_northside-280","archived_description":"Bay 3 tag tree 2","description":"Bay 3 tag tree 2","label":"Survey 280 · Bay 3 tag tree 2","metadata_source":"Maps/Total station surve/points_offsets.xlsx / Sheet1; joined by id","survey_group":"well7_northside","raw_z_m":-42.9,"qa_flag":"Raw relative z retained; elevation not adjusted","placement":"Rigid fit to known wells; provisional","source_file":"Raw CSVs in Maps/Total station surve; reference geometry in Maps/Rivendell Wells Trees Siting/surveypoints","location_note":"Provisional rigid fits for the two northern groups. Southern group retains original placement. Fit residuals measure agreement with existing wells, not independently established absolute accuracy."},"geometry":{"type":"Point","coordinates":[-123.64416342312327,39.729411661223416]}},{"type":"Feature","properties":{"id":281,"descriptio":"Trail bend","category":"infrastructure","layer":"well7_northside","n":-4.73,"e":-71.14,"z":-17.65,"noffset":null,"eoffset":null,"zoffset":null,"uid":"well7_northside-281","archived_description":"Trail bend","description":"Trail bend","label":"Survey 281 · Trail bend","metadata_source":"Maps/Total station surve/points_offsets.xlsx / Sheet1; joined by id","survey_group":"well7_northside","raw_z_m":-17.65,"qa_flag":"Raw relative z retained; elevation not adjusted","placement":"Rigid fit to known wells; provisional","source_file":"Raw CSVs in Maps/Total station surve; reference geometry in Maps/Rivendell Wells Trees Siting/surveypoints","location_note":"Provisional rigid fits for the two northern groups. Southern group retains original placement. Fit residuals measure agreement with existing wells, not independently established absolute accuracy."},"geometry":{"type":"Point","coordinates":[-123.64467042106189,39.72899136145398]}},{"type":"Feature","properties":{"id":282,"descriptio":"Well 14 again","category":"well/hole","layer":"well7_northside","n":-3.89,"e":-44.5,"z":-9.65,"noffset":null,"eoffset":null,"zoffset":null,"uid":"well7_northside-282","archived_description":"Well 14 again","description":"Well 14 again","label":"Survey 282 · Well 14 again","metadata_source":"Maps/Total station surve/points_offsets.xlsx / Sheet1; joined by id","survey_group":"well7_northside","raw_z_m":-9.65,"qa_flag":"Raw relative z retained; elevation not adjusted","placement":"Rigid fit to known wells; provisional","source_file":"Raw CSVs in Maps/Total station surve; reference geometry in Maps/Rivendell Wells Trees Siting/surveypoints","location_note":"Provisional rigid fits for the two northern groups. Southern group retains original placement. Fit residuals measure agreement with existing wells, not independently established absolute accuracy."},"geometry":{"type":"Point","coordinates":[-123.64435997144336,39.72897699164533]}},{"type":"Feature","properties":{"id":283,"descriptio":"Well 13 and 14 datalogger and antenna","category":"infrastructure","layer":"well7_northside","n":-4.88,"e":-42.36,"z":-14.73,"noffset":null,"eoffset":null,"zoffset":null,"uid":"well7_northside-283","archived_description":"Well 13 and 14 datalogger and antenna","description":"Well 13 and 14 datalogger and antenna","label":"Survey 283 · Well 13 and 14 datalogger and antenna","metadata_source":"Maps/Total station surve/points_offsets.xlsx / Sheet1; joined by id","survey_group":"well7_northside","raw_z_m":-14.73,"qa_flag":"Raw relative z retained; elevation not adjusted","placement":"Rigid fit to known wells; provisional","source_file":"Raw CSVs in Maps/Total station surve; reference geometry in Maps/Rivendell Wells Trees Siting/surveypoints","location_note":"Provisional rigid fits for the two northern groups. Southern group retains original placement. Fit residuals measure agreement with existing wells, not independently established absolute accuracy."},"geometry":{"type":"Point","coordinates":[-123.64433615927064,39.72896634937217]}},{"type":"Feature","properties":{"id":81,"descriptio":"well 7, offset to the west by 49 cm, same elevation","category":"well/hole","layer":"well7_northside","n":0.0,"e":0.0,"z":0.0,"noffset":null,"eoffset":null,"zoffset":null,"uid":"well7_northside-81","archived_description":"well 7, offset to the west by 49 cm, same elevation","description":"well 7, offset to the west by 49 cm, same elevation","label":"Survey 81 · well 7, offset to the west by 49 cm, same elevation","metadata_source":"Maps/Total station surve/points_offsets.xlsx / Sheet1; joined by id","survey_group":"well7_northside","raw_z_m":0.0,"qa_flag":"Raw relative z retained; elevation not adjusted","placement":"Rigid fit to known wells; provisional","source_file":"Raw CSVs in Maps/Total station surve; reference geometry in Maps/Rivendell Wells Trees Siting/surveypoints","location_note":"Provisional rigid fits for the two northern groups. Southern group retains original placement. Fit residuals measure agreement with existing wells, not independently established absolute accuracy."},"geometry":{"type":"Point","coordinates":[-123.64383874136892,39.72897529866118]}}]}
