{
"type": "FeatureCollection",
"name": "streams",
"crs": { "type": "name", "properties": { "name": "urn:ogc:def:crs:OGC:1.3:CRS84" } },
"features": [
{ "type": "Feature", "properties": { "OBJECTID_1": 1, "OBJECTID": 6161, "Permanent_": "{BD020035-5EC0-46E6-AD34-015AD7AB0309}", "FDate": 1464220800000, "Resolution": 2, "GNIS_ID": " ", "GNIS_Name": " ", "LengthKM": 0.12650654, "ReachCode": "17090004023093", "FlowDir": 1, "WBArea_Per": " ", "FType": 460, "FCode": 46003, "MainPath": 0, "InNetwork": 1, "Visibility": 0, "Shape_Leng": 0.00123426, "Enabled": 1, "GlobalID": "0f2ad203-2600-429d-96bd-c58a6769c165", "Width": null, "Shape__Length": 126.2250646287473 }, "geometry": { "type": "LineString", "coordinates": [ [ -122.19518010288202, 44.2543070216526 ], [ -122.195412446077995, 44.253929813194183 ], [ -122.195734969166011, 44.253626228127196 ], [ -122.195730655932991, 44.253293110634289 ] ] } },
{ "type": "Feature", "properties": { "OBJECTID_1": 2, "OBJECTID": 22050, "Permanent_": "161200170", "FDate": 1464220800000, "Resolution": 2, "GNIS_ID": " ", "GNIS_Name": " ", "LengthKM": 1.05036394, "ReachCode": "17090004014556", "FlowDir": 1, "WBArea_Per": " ", "FType": 460, "FCode": 46003, "MainPath": 0, "InNetwork": 1, "Visibility": 0, "Shape_Leng": 0.01257878, "Enabled": 1, "GlobalID": "877798eb-75f7-47aa-ba90-9edcf0e2bfc9", "Width": null, "Shape__Length": 1052.1231455333373 }, "geometry": { "type": "LineString", "coordinates": [ [ -122.155977254796994, 44.223439423571797 ], [ -122.156799580626995, 44.223585002814303 ], [ -122.157600252018995, 44.223887740706395 ], [ -122.159186316997008, 44.224347847809298 ], [ -122.159596456044, 44.2243658219937 ], [ -122.160769516643015, 44.224852391757807 ], [ -122.161058556024003, 44.225035876613703 ], [ -122.161352822864004, 44.225317173962686 ], [ -122.161685414613018, 44.225489891413787 ], [ -122.161924321887, 44.225551973517391 ], [ -122.162704969252019, 44.225951184383291 ], [ -122.16287345592302, 44.225943287386094 ], [ -122.16331404962402, 44.225753446987703 ], [ -122.163927228701013, 44.225734301630602 ], [ -122.164408205472014, 44.225798204063494 ], [ -122.16560745508302, 44.225670166012002 ], [ -122.165812635566994, 44.225684942383509 ], [ -122.166486053213006, 44.225874059435405 ], [ -122.166904274594998, 44.225823854172098 ], [ -122.16730517781302, 44.225682565254601 ], [ -122.167664500537001, 44.225691146800102 ], [ -122.167841363600019, 44.22577608702219 ] ] } },
{ "type": "Feature", "properties": { "OBJECTID_1": 3, "OBJECTID": 10372, "Permanent_": "{7AE669B4-0C5A-447F-B411-73F91B19ABAB}", "FDate": 1464220800000, "Resolution": 2, "GNIS_ID": "01124021", "GNIS_Name": "McRae Creek", "LengthKM": 0.10288646, "ReachCode": "17090004000326", "FlowDir": 1, "WBArea_Per": " ", "FType": 460, "FCode": 46006, "MainPath": 0, "InNetwork": 1, "Visibility": 0, "Shape_Leng": 0.00118451, "Enabled": 1, "GlobalID": "c8dbb3eb-ca8a-4294-8709-eb0b1a5ddde7", "Width": 1.0, "Shape__Length": 102.96219775949379 }, "geometry": { "type": "LineString", "coordinates": [ [ -122.163901598579002, 44.260713914930491 ], [ -122.164290271560006, 44.260561170843189 ], [ -122.164960369738012, 44.2601986516202 ] ] } },
{ "type": "Feature", "properties": { "OBJECTID_1": 4, "OBJECTID": 18212, "Permanent_": "{59E19025-1F2D-4888-9F13-64EFDD351325}", "FDate": 1464220800000, "Resolution": 2, "GNIS_ID": " ", "GNIS_Name": " ", "LengthKM": 0.22579057, "ReachCode": "17090004023006", "FlowDir": 1, "WBArea_Per": " ", "FType": 460, "FCode": 46006, "MainPath": 0, "InNetwork": 1, "Visibility": 0, "Shape_Leng": 0.00227775, "Enabled": 1, "GlobalID": "486a78a3-e16f-4f47-9658-ec30bbf01448", "Width": null, "Shape__Length": 225.41558107213442 }, "geometry": { "type": "LineString", "coordinates": [ [ -122.15842209074701, 44.270265221620406 ], [ -122.159105923634002, 44.269658046382204 ], [ -122.159379562705993, 44.2691350021788 ], [ -122.159280520891002, 44.268788640443205 ], [ -122.159082097230012, 44.268692762960896 ], [ -122.159187573627008, 44.268573290063891 ] ] } },
{ "type": "Feature", "properties": { "OBJECTID_1": 5, "OBJECTID": 2113, "Permanent_": "{D0222F3E-33E2-45B0-AE67-D26568856558}", "FDate": 1464220800000, "Resolution": 2, "GNIS_ID": " ", "GNIS_Name": " ", "LengthKM": 0.70080302, "ReachCode": "17090004022696", "FlowDir": 1, "WBArea_Per": " ", "FType": 460, "FCode": 46003, "MainPath": 0, "InNetwork": 1, "Visibility": 0, "Shape_Leng": 0.00687811, "Enabled": 1, "GlobalID": "d8f97802-5d1c-463a-9f92-b947d11c02c1", "Width": null, "Shape__Length": 699.28377846974195 }, "geometry": { "type": "LineString", "coordinates": [ [ -122.221821195256013, 44.220241810086492 ], [ -122.22239649610701, 44.2208643252388 ], [ -122.222435274019006, 44.221540275491094 ], [ -122.222573306670995, 44.221991186300798 ], [ -122.222778238908987, 44.222129050354994 ], [ -122.222898053194001, 44.222420920643692 ], [ -122.22329258875601, 44.222936894235296 ], [ -122.223501895106992, 44.223128969370208 ], [ -122.223635776720997, 44.223418310047194 ], [ -122.223868846532014, 44.223683922431192 ], [ -122.224019769623013, 44.223958302672301 ], [ -122.224280521544998, 44.224306082053701 ], [ -122.224508251412999, 44.224483497269603 ], [ -122.224681798167992, 44.224970986641502 ], [ -122.225156276687002, 44.225369597462404 ], [ -122.225253433443001, 44.225631589400791 ], [ -122.225405137368014, 44.225793633772092 ] ] } },
{ "type": "Feature", "properties": { "OBJECTID_1": 6, "OBJECTID": 6411, "Permanent_": "161200159", "FDate": 1464220800000, "Resolution": 2, "GNIS_ID": " ", "GNIS_Name": " ", "LengthKM": 0.35588001, "ReachCode": "17090004014547", "FlowDir": 1, "WBArea_Per": " ", "FType": 460, "FCode": 46003, "MainPath": 0, "InNetwork": 1, "Visibility": 0, "Shape_Leng": 0.00422566, "Enabled": 1, "GlobalID": "324e8703-ae48-4126-94be-751f6fc09ff5", "Width": null, "Shape__Length": 356.41402631813838 }, "geometry": { "type": "LineString", "coordinates": [ [ -122.162549335036005, 44.219121963080497 ], [ -122.163298790611009, 44.219084100474291 ], [ -122.163848908259993, 44.218983964111999 ], [ -122.164137191538984, 44.218819077474194 ], [ -122.164399518299021, 44.218561217507407 ], [ -122.164910313646004, 44.218306363860897 ], [ -122.165450364200012, 44.2181962670278 ], [ -122.165934403807995, 44.217976565026284 ], [ -122.166480486661001, 44.217890642971597 ] ] } },
{ "type": "Feature", "properties": { "OBJECTID_1": 7, "OBJECTID": 18207, "Permanent_": "{5F39C390-C8F9-4958-BF5B-08BC6ED7EC47}", "FDate": 1464220800000, "Resolution": 2, "GNIS_ID": " ", "GNIS_Name": " ", "LengthKM": 0.15926788, "ReachCode": "17090004022844", "FlowDir": 1, "WBArea_Per": " ", "FType": 460, "FCode": 46003, "MainPath": 0, "InNetwork": 1, "Visibility": 0, "Shape_Leng": 0.00144133, "Enabled": 1, "GlobalID": "cb7eb42c-d90a-48ec-ae80-ca352a5e6d09", "Width": null, "Shape__Length": 158.73046399147037 }, "geometry": { "type": "LineString", "coordinates": [ [ -122.155249637463001, 44.221399457331394 ], [ -122.155261890548005, 44.221677146901889 ], [ -122.155199913841003, 44.221928488134203 ], [ -122.155327538090006, 44.222814924898593 ] ] } },
{ "type": "Feature", "properties": { "OBJECTID_1": 8, "OBJECTID": 26090, "Permanent_": "{48AD1551-24C1-4BC9-B276-3E2EA01C8CB3}", "FDate": 1464220800000, "Resolution": 2, "GNIS_ID": " ", "GNIS_Name": " ", "LengthKM": 0.09742756, "ReachCode": "17090004023065", "FlowDir": 1, "WBArea_Per": " ", "FType": 460, "FCode": 46003, "MainPath": 0, "InNetwork": 1, "Visibility": 0, "Shape_Leng": 0.00092162, "Enabled": 1, "GlobalID": "23cf5718-a661-4be1-a9e4-ceecdd5c6f60", "Width": null, "Shape__Length": 97.164812033491131 }, "geometry": { "type": "LineString", "coordinates": [ [ -122.160508222168005, 44.249772231970908 ], [ -122.160419953653985, 44.249902108194092 ], [ -122.160417493737, 44.250043145992606 ], [ -122.160689322956998, 44.250591919144895 ] ] } },
{ "type": "Feature", "properties": { "OBJECTID_1": 9, "OBJECTID": 18069, "Permanent_": "108055893", "FDate": 1464220800000, "Resolution": 2, "GNIS_ID": " ", "GNIS_Name": " ", "LengthKM": 0.30174538, "ReachCode": "17090004003751", "FlowDir": 1, "WBArea_Per": " ", "FType": 460, "FCode": 46006, "MainPath": 0, "InNetwork": 1, "Visibility": 0, "Shape_Leng": 0.00302865, "Enabled": 1, "GlobalID": "9f5baf0a-21f4-403c-8beb-7f6ff6c98e60", "Width": null, "Shape__Length": 301.21296641151059 }, "geometry": { "type": "LineString", "coordinates": [ [ -122.183969677261999, 44.226875077867803 ], [ -122.183780331798999, 44.226932139148403 ], [ -122.183574174374996, 44.227063663644202 ], [ -122.183113323072021, 44.227489359685798 ], [ -122.183074604894003, 44.227661820334198 ], [ -122.183180988941984, 44.227993271234396 ], [ -122.182795215968, 44.228296872120808 ], [ -122.182644418620001, 44.228494755919208 ], [ -122.182626919934009, 44.228857315187604 ], [ -122.182519361464998, 44.229141906646603 ] ] } },
{ "type": "Feature", "properties": { "OBJECTID_1": 10, "OBJECTID": 10365, "Permanent_": "{E57730F3-A89A-409C-B123-4882B3B0587B}", "FDate": 1464220800000, "Resolution": 2, "GNIS_ID": " ", "GNIS_Name": " ", "LengthKM": 0.16317256, "ReachCode": "17090004022990", "FlowDir": 1, "WBArea_Per": " ", "FType": 460, "FCode": 46006, "MainPath": 0, "InNetwork": 1, "Visibility": 0, "Shape_Leng": 0.00170294, "Enabled": 1, "GlobalID": "d9cc96f1-8ebc-4663-b03d-6b0c82b25571", "Width": null, "Shape__Length": 162.99386275540465 }, "geometry": { "type": "LineString", "coordinates": [ [ -122.166417641175997, 44.253103738761503 ], [ -122.166782392390985, 44.25372676191629 ], [ -122.167607113509021, 44.254236775425888 ] ] } },
{ "type": "Feature", "properties": { "OBJECTID_1": 11, "OBJECTID": 10604, "Permanent_": "161200003", "FDate": 1464220800000, "Resolution": 2, "GNIS_ID": "01123461", "GNIS_Name": "Lookout Creek", "LengthKM": 0.38496495, "ReachCode": "17090004014542", "FlowDir": 1, "WBArea_Per": " ", "FType": 460, "FCode": 46003, "MainPath": 0, "InNetwork": 1, "Visibility": 0, "Shape_Leng": 0.00383519, "Enabled": 1, "GlobalID": "91b5abde-96eb-4c50-8863-ad68e18e9c49", "Width": 1.0, "Shape__Length": 384.25093116933266 }, "geometry": { "type": "LineString", "coordinates": [ [ -122.112146118986004, 44.207917663114394 ], [ -122.112293603987993, 44.208026871449192 ], [ -122.112407089844979, 44.208213802495798 ], [ -122.11267503321902, 44.2089573321636 ], [ -122.11262041220202, 44.209216342570606 ], [ -122.112600105097016, 44.210173946789183 ], [ -122.113073129241997, 44.210538672776387 ], [ -122.113382817805004, 44.210679402130502 ], [ -122.113820986693995, 44.210786350996294 ] ] } },
{ "type": "Feature", "properties": { "OBJECTID_1": 12, "OBJECTID": 26092, "Permanent_": "{221E6A64-C197-4DCD-B3FB-C1CED21F7F9C}", "FDate": 1464220800000, "Resolution": 2, "GNIS_ID": " ", "GNIS_Name": " ", "LengthKM": 0.33516436, "ReachCode": "17090004023080", "FlowDir": 1, "WBArea_Per": " ", "FType": 460, "FCode": 46003, "MainPath": 0, "InNetwork": 1, "Visibility": 0, "Shape_Leng": 0.00397224, "Enabled": 1, "GlobalID": "425f24db-f592-45e9-b152-9c2b739984bd", "Width": null, "Shape__Length": 335.63151579945463 }, "geometry": { "type": "LineString", "coordinates": [ [ -122.158977807080007, 44.252082355197601 ], [ -122.159545141031003, 44.252310665400103 ], [ -122.160098199849998, 44.252647823134303 ], [ -122.16049377640401, 44.252764572384208 ], [ -122.160791225900994, 44.25277774725329 ], [ -122.161721164794002, 44.252963029311196 ], [ -122.162280617228006, 44.253286386529702 ], [ -122.162670826734995, 44.253297603349189 ] ] } },
{ "type": "Feature", "properties": { "OBJECTID_1": 13, "OBJECTID": 25533, "Permanent_": "{7560FC1D-74A0-4786-A3FB-F14D45107188}", "FDate": 1464220800000, "Resolution": 2, "GNIS_ID": " ", "GNIS_Name": " ", "LengthKM": 0.55338171, "ReachCode": "17090004022707", "FlowDir": 1, "WBArea_Per": " ", "FType": 460, "FCode": 46003, "MainPath": 0, "InNetwork": 1, "Visibility": 0, "Shape_Leng": 0.0057607, "Enabled": 1, "GlobalID": "0e886c1d-bfc0-45bd-9f4c-12a3f249d8fd", "Width": null, "Shape__Length": 552.75218338789887 }, "geometry": { "type": "LineString", "coordinates": [ [ -122.238110979951983, 44.228581259558894 ], [ -122.238023974715006, 44.2284337923221 ], [ -122.237635780527015, 44.228161359608997 ], [ -122.236940271662007, 44.227555184410292 ], [ -122.236632310328019, 44.226970380460592 ], [ -122.236228746321004, 44.226525346544108 ], [ -122.236182977511007, 44.226264510664201 ], [ -122.235949506026017, 44.225993919575203 ], [ -122.235759638351979, 44.225536710241791 ], [ -122.235793405096018, 44.2254110543754 ], [ -122.236243423307997, 44.225206048581697 ], [ -122.236934364012996, 44.225329879333302 ], [ -122.237292030022004, 44.225065973381597 ] ] } },
{ "type": "Feature", "properties": { "OBJECTID_1": 14, "OBJECTID": 18197, "Permanent_": "{B54B0A14-C551-4EFA-BB09-76CD40C2A423}", "FDate": 1464220800000, "Resolution": 2, "GNIS_ID": " ", "GNIS_Name": " ", "LengthKM": 0.18356923, "ReachCode": "17090004022823", "FlowDir": 1, "WBArea_Per": " ", "FType": 460, "FCode": 46003, "MainPath": 0, "InNetwork": 1, "Visibility": 0, "Shape_Leng": 0.00170636, "Enabled": 1, "GlobalID": "4805d12e-331e-4589-b24b-8b103c2b5805", "Width": null, "Shape__Length": 183.01621953109921 }, "geometry": { "type": "LineString", "coordinates": [ [ -122.163025702004987, 44.210939272728801 ], [ -122.162781188929998, 44.21129886277739 ], [ -122.162666387130997, 44.211984501400792 ], [ -122.162823653201002, 44.212516911748395 ] ] } },
{ "type": "Feature", "properties": { "OBJECTID_1": 15, "OBJECTID": 2682, "Permanent_": "{63552EF5-E286-47F1-A979-88FE435B69AC}", "FDate": 1464220800000, "Resolution": 2, "GNIS_ID": " ", "GNIS_Name": " ", "LengthKM": 0.39985216, "ReachCode": "17090004022905", "FlowDir": 1, "WBArea_Per": " ", "FType": 460, "FCode": 46003, "MainPath": 0, "InNetwork": 1, "Visibility": 0, "Shape_Leng": 0.00452813, "Enabled": 1, "GlobalID": "e9db2050-4f79-4e8e-b9aa-a58aeb7b571b", "Width": null, "Shape__Length": 400.04925964472233 }, "geometry": { "type": "LineString", "coordinates": [ [ -122.14337010840498, 44.226031380145095 ], [ -122.143455701893998, 44.226191018062686 ], [ -122.143702152269, 44.226394154932208 ], [ -122.144480507848016, 44.226490982550899 ], [ -122.144645675473001, 44.226553982680898 ], [ -122.145172491362999, 44.227011546835591 ], [ -122.145361514684012, 44.227278897250898 ], [ -122.146075526599006, 44.227740841233008 ], [ -122.146596147206992, 44.227759443972296 ], [ -122.147231007808003, 44.227603765826402 ] ] } },
{ "type": "Feature", "properties": { "OBJECTID_1": 16, "OBJECTID": 21919, "Permanent_": "{05CBA597-A15D-49FB-A916-D3B93CE66270}", "FDate": 1476576000000, "Resolution": 2, "GNIS_ID": " ", "GNIS_Name": " ", "LengthKM": 0.18856975, "ReachCode": "17090004023001", "FlowDir": 1, "WBArea_Per": " ", "FType": 460, "FCode": 46006, "MainPath": 0, "InNetwork": 1, "Visibility": 0, "Shape_Leng": 0.00176131, "Enabled": 1, "GlobalID": "f639b03b-4869-4970-97c9-d4a237dfcbb8", "Width": null, "Shape__Length": 188.03130186946518 }, "geometry": { "type": "LineString", "coordinates": [ [ -122.170604754603019, 44.265280377810704 ], [ -122.170693396488986, 44.264706189193596 ], [ -122.170973228349013, 44.264122277538299 ], [ -122.170744645766007, 44.263667302184999 ] ] } },
{ "type": "Feature", "properties": { "OBJECTID_1": 17, "OBJECTID": 9811, "Permanent_": "161200807", "FDate": 1464220800000, "Resolution": 2, "GNIS_ID": "01123461", "GNIS_Name": "Lookout Creek", "LengthKM": 0.25540561, "ReachCode": "17090004001156", "FlowDir": 1, "WBArea_Per": "108067939", "FType": 558, "FCode": 55800, "MainPath": 0, "InNetwork": 1, "Visibility": 0, "Shape_Leng": 0.00287838, "Enabled": 1, "GlobalID": "615139c6-bb42-41bf-8dee-96deaec66a04", "Width": 1.0, "Shape__Length": 255.49983149172724 }, "geometry": { "type": "LineString", "coordinates": [ [ -122.239314195362994, 44.223590369757105 ], [ -122.23955832222498, 44.223320832492092 ], [ -122.239802147904001, 44.223185818422998 ], [ -122.240100717786021, 44.223068233459095 ], [ -122.240480410580005, 44.223047179446993 ], [ -122.240960818971999, 44.222898179166393 ], [ -122.241231813686994, 44.222681009791295 ], [ -122.241602218295995, 44.222486914010602 ], [ -122.241751021791998, 44.222296088234799 ] ] } },
{ "type": "Feature", "properties": { "OBJECTID_1": 18, "OBJECTID": 25960, "Permanent_": "108046645", "FDate": 1464220800000, "Resolution": 2, "GNIS_ID": "01124021", "GNIS_Name": "McRae Creek", "LengthKM": 0.26878012, "ReachCode": "17090004000326", "FlowDir": 1, "WBArea_Per": " ", "FType": 460, "FCode": 46006, "MainPath": 0, "InNetwork": 1, "Visibility": 0, "Shape_Leng": 0.00309468, "Enabled": 1, "GlobalID": "b2a087b6-f272-4120-ac43-2fc2ef4dc58d", "Width": 1.0, "Shape__Length": 268.99329170532093 }, "geometry": { "type": "LineString", "coordinates": [ [ -122.174504903933013, 44.251008263005495 ], [ -122.174939948535979, 44.2508264575224 ], [ -122.175361933391002, 44.250569288479404 ], [ -122.175907789882004, 44.250579082565508 ], [ -122.176206634511999, 44.250427080108707 ], [ -122.176465235093019, 44.250366471479701 ], [ -122.177143697297993, 44.250026100563701 ], [ -122.177126813157017, 44.249833033734603 ] ] } },
{ "type": "Feature", "properties": { "OBJECTID_1": 19, "OBJECTID": 30050, "Permanent_": "161200557", "FDate": 1464220800000, "Resolution": 2, "GNIS_ID": "01123660", "GNIS_Name": "Mack Creek", "LengthKM": 0.50040059, "ReachCode": "17090004000629", "FlowDir": 1, "WBArea_Per": " ", "FType": 460, "FCode": 46006, "MainPath": 0, "InNetwork": 1, "Visibility": 0, "Shape_Leng": 0.00620257, "Enabled": 1, "GlobalID": "eb191959-d061-4e00-90ca-d661cd8f98ff", "Width": 1.0, "Shape__Length": 501.66266590286193 }, "geometry": { "type": "LineString", "coordinates": [ [ -122.14470208096202, 44.210288788236397 ], [ -122.145051076914015, 44.210232623744794 ], [ -122.145856028137999, 44.210284380586899 ], [ -122.146355285387003, 44.210176245802693 ], [ -122.146805424272983, 44.210139609610799 ], [ -122.147412124993991, 44.209986703214902 ], [ -122.148029258514015, 44.209916071954702 ], [ -122.148824978168008, 44.209903071202497 ], [ -122.149081219538999, 44.209974770874403 ], [ -122.150011248725988, 44.209954816988002 ], [ -122.150819815820995, 44.210099408928507 ] ] } },
{ "type": "Feature", "properties": { "OBJECTID_1": 20, "OBJECTID": 18203, "Permanent_": "161200750", "FDate": 1464220800000, "Resolution": 2, "GNIS_ID": "01123660", "GNIS_Name": "Mack Creek", "LengthKM": 0.15490644, "ReachCode": "17090004000629", "FlowDir": 1, "WBArea_Per": " ", "FType": 460, "FCode": 46006, "MainPath": 0, "InNetwork": 1, "Visibility": 0, "Shape_Leng": 0.00169456, "Enabled": 1, "GlobalID": "09fe699d-a3f4-45e1-ad31-080567bda6ba", "Width": 1.0, "Shape__Length": 154.87013622611283 }, "geometry": { "type": "LineString", "coordinates": [ [ -122.163809616134003, 44.215647382494907 ], [ -122.164552542235, 44.21600695339999 ], [ -122.164824776838017, 44.216318786298906 ], [ -122.16509239548202, 44.216477146982598 ], [ -122.165166432619998, 44.216588288067697 ] ] } },
{ "type": "Feature", "properties": { "OBJECTID_1": 21, "OBJECTID": 10074, "Permanent_": "{AD65B293-F53C-4D99-89CE-4967B6B55659}", "FDate": 1464220800000, "Resolution": 2, "GNIS_ID": " ", "GNIS_Name": " ", "LengthKM": 0.18195964, "ReachCode": "17090004022769", "FlowDir": 1, "WBArea_Per": " ", "FType": 460, "FCode": 46003, "MainPath": 0, "InNetwork": 1, "Visibility": 0, "Shape_Leng": 0.00221112, "Enabled": 1, "GlobalID": "63a1a43d-60b8-4de0-80fd-7a2f54d9e551", "Width": null, "Shape__Length": 182.32194524430412 }, "geometry": { "type": "LineString", "coordinates": [ [ -122.207558606724007, 44.232083551559903 ], [ -122.207732194223013, 44.232136381332083 ], [ -122.208041634116015, 44.232045813893009 ], [ -122.20822276941702, 44.232038267216893 ], [ -122.208403904713009, 44.2321061933972 ], [ -122.208600134782003, 44.232072229339607 ], [ -122.209135993784997, 44.232091098240303 ], [ -122.209685885878983, 44.232290288845199 ] ] } },
{ "type": "Feature", "properties": { "OBJECTID_1": 22, "OBJECTID": 18440, "Permanent_": "161200640", "FDate": 1464220800000, "Resolution": 2, "GNIS_ID": "01123461", "GNIS_Name": "Lookout Creek", "LengthKM": 0.03825037, "ReachCode": "17090004000324", "FlowDir": 1, "WBArea_Per": " ", "FType": 460, "FCode": 46006, "MainPath": 0, "InNetwork": 1, "Visibility": 0, "Shape_Leng": 0.00037196, "Enabled": 1, "GlobalID": "d5eec928-24ae-4e06-ad27-cf77af009ffa", "Width": 1.0, "Shape__Length": 38.162576115339917 }, "geometry": { "type": "LineString", "coordinates": [ [ -122.120627450632995, 44.224993166163394 ], [ -122.120804522842008, 44.225300602981797 ] ] } },
{ "type": "Feature", "properties": { "OBJECTID_1": 23, "OBJECTID": 25688, "Permanent_": "{F1AC206B-E556-42B1-A515-64161AC4A783}", "FDate": 1464220800000, "Resolution": 2, "GNIS_ID": " ", "GNIS_Name": " ", "LengthKM": 0.18965318, "ReachCode": "17090004022729", "FlowDir": 1, "WBArea_Per": " ", "FType": 460, "FCode": 46003, "MainPath": 0, "InNetwork": 1, "Visibility": 0, "Shape_Leng": 0.00182961, "Enabled": 1, "GlobalID": "47fbd2cd-93f2-4509-9b71-92d59ed2b417", "Width": null, "Shape__Length": 189.19491706895494 }, "geometry": { "type": "LineString", "coordinates": [ [ -122.21673788917299, 44.225047925974899 ], [ -122.216958019897007, 44.225524027947003 ], [ -122.217032799530998, 44.226078881185096 ], [ -122.217470620640995, 44.226426042075708 ], [ -122.217481459168994, 44.226584090606984 ] ] } },
{ "type": "Feature", "properties": { "OBJECTID_1": 24, "OBJECTID": 2262, "Permanent_": "{134FA01F-9CE6-4CA3-861C-8950A2D57C4B}", "FDate": 1464220800000, "Resolution": 2, "GNIS_ID": " ", "GNIS_Name": " ", "LengthKM": 0.47568297, "ReachCode": "17090004023351", "FlowDir": 1, "WBArea_Per": " ", "FType": 460, "FCode": 46003, "MainPath": 0, "InNetwork": 1, "Visibility": 0, "Shape_Leng": 0.00551239, "Enabled": 1, "GlobalID": "5047298b-1dc1-474c-9297-3e15a70892af", "Width": null, "Shape__Length": 124.90634270489716 }, "geometry": { "type": "LineString", "coordinates": [ [ -122.193505940874999, 44.256759898975183 ], [ -122.193876516352006, 44.256628226665192 ], [ -122.194069678450006, 44.256508333504897 ], [ -122.194338777276997, 44.256441410471204 ], [ -122.194681626290006, 44.256429830131196 ], [ -122.194885943504005, 44.256538819405996 ] ] } },
{ "type": "Feature", "properties": { "OBJECTID_1": 25, "OBJECTID": 26291, "Permanent_": "{EA5AEFB9-E69E-43AD-89E8-C2FED7970E21}", "FDate": 1464220800000, "Resolution": 2, "GNIS_ID": " ", "GNIS_Name": " ", "LengthKM": 0.1302726, "ReachCode": "17090004022932", "FlowDir": 1, "WBArea_Per": " ", "FType": 460, "FCode": 46003, "MainPath": 0, "InNetwork": 1, "Visibility": 0, "Shape_Leng": 0.00119948, "Enabled": 1, "GlobalID": "6c089959-2e0f-4f8e-98fd-db185e803ecc", "Width": null, "Shape__Length": 129.86162570516225 }, "geometry": { "type": "LineString", "coordinates": [ [ -122.111883493841006, 44.206783471782195 ], [ -122.112089706158997, 44.20737940615799 ], [ -122.112077439548997, 44.207773005061199 ], [ -122.112146118986004, 44.207917663114394 ] ] } },
{ "type": "Feature", "properties": { "OBJECTID_1": 26, "OBJECTID": 30266, "Permanent_": "161200012", "FDate": 1464220800000, "Resolution": 2, "GNIS_ID": " ", "GNIS_Name": " ", "LengthKM": 0.79882921, "ReachCode": "17090004014607", "FlowDir": 1, "WBArea_Per": " ", "FType": 460, "FCode": 46003, "MainPath": 0, "InNetwork": 1, "Visibility": 0, "Shape_Leng": 0.00974086, "Enabled": 1, "GlobalID": "22d6517d-bbef-4086-a340-718a78b1a1d6", "Width": null, "Shape__Length": 800.52831534317045 }, "geometry": { "type": "LineString", "coordinates": [ [ -122.124895527899994, 44.215614718239692 ], [ -122.124435439880017, 44.215757671879601 ], [ -122.123258839198002, 44.215900588699292 ], [ -122.122753468664996, 44.215865136531605 ], [ -122.121535681665009, 44.215946074804002 ], [ -122.121183848515003, 44.216007844518103 ], [ -122.11961429260802, 44.216119268926704 ], [ -122.119301141272018, 44.216185363463495 ], [ -122.118548670484003, 44.216136940455684 ], [ -122.117651272956991, 44.216243642565502 ], [ -122.117306116253005, 44.21621944312961 ], [ -122.116869040717987, 44.216338245521001 ], [ -122.116277445608986, 44.216677954696998 ], [ -122.115964175458998, 44.216941629183609 ], [ -122.11549456822101, 44.217151274553999 ] ] } },
{ "type": "Feature", "properties": { "OBJECTID_1": 27, "OBJECTID": 14226, "Permanent_": "{2C2FDB90-9017-47C1-87B5-9C4B4155C8EC}", "FDate": 1464220800000, "Resolution": 2, "GNIS_ID": " ", "GNIS_Name": " ", "LengthKM": 0.09435835, "ReachCode": "17090004022846", "FlowDir": 1, "WBArea_Per": " ", "FType": 460, "FCode": 46003, "MainPath": 0, "InNetwork": 1, "Visibility": 0, "Shape_Leng": 0.00098076, "Enabled": 1, "GlobalID": "4dae2a3c-6199-48ed-995c-7ecc2058a4da", "Width": null, "Shape__Length": 94.252516373948893 }, "geometry": { "type": "LineString", "coordinates": [ [ -122.155327538090006, 44.222814924898593 ], [ -122.155425147398006, 44.223075415723095 ], [ -122.155602490951992, 44.223309766495809 ], [ -122.155690901160014, 44.22337213914831 ], [ -122.155977254796994, 44.223439423571797 ] ] } },
{ "type": "Feature", "properties": { "OBJECTID_1": 28, "OBJECTID": 6414, "Permanent_": "{4E43A61E-C9C6-47F4-9C62-E810C61D6E98}", "FDate": 1464220800000, "Resolution": 2, "GNIS_ID": " ", "GNIS_Name": " ", "LengthKM": 0.74522241, "ReachCode": "17090004022839", "FlowDir": 1, "WBArea_Per": " ", "FType": 460, "FCode": 46003, "MainPath": 0, "InNetwork": 1, "Visibility": 0, "Shape_Leng": 0.00807384, "Enabled": 1, "GlobalID": "af3125a1-98ad-4def-87be-e74769bb5ed7", "Width": null, "Shape__Length": 744.96991303882453 }, "geometry": { "type": "LineString", "coordinates": [ [ -122.150029013779005, 44.217537546790098 ], [ -122.150945358005004, 44.217121979304991 ], [ -122.151203381096011, 44.217120805181793 ], [ -122.151582897787009, 44.21724683972969 ], [ -122.152291203955016, 44.217249131776896 ], [ -122.152580172933, 44.217495698455991 ], [ -122.152810697986013, 44.217549085491001 ], [ -122.153398199926016, 44.2174667526862 ], [ -122.153986711388981, 44.217209943518995 ], [ -122.154366383766998, 44.216906425740099 ], [ -122.154620022342996, 44.216589024801394 ], [ -122.154959135419006, 44.216389224417192 ], [ -122.154891854894004, 44.2159502476567 ], [ -122.154946900056999, 44.2154989835281 ], [ -122.155210830580003, 44.215334012992095 ], [ -122.155572951417014, 44.214931440173203 ], [ -122.155560480074996, 44.214397798364303 ], [ -122.155657585945988, 44.214207778288291 ] ] } },
{ "type": "Feature", "properties": { "OBJECTID_1": 29, "OBJECTID": 10088, "Permanent_": "{B2DC9F43-347C-48FE-9874-6C2F23EAC3E8}", "FDate": 1464220800000, "Resolution": 2, "GNIS_ID": " ", "GNIS_Name": " ", "LengthKM": 0.31878897, "ReachCode": "17090004023019", "FlowDir": 1, "WBArea_Per": " ", "FType": 460, "FCode": 46003, "MainPath": 0, "InNetwork": 1, "Visibility": 0, "Shape_Leng": 0.00391185, "Enabled": 1, "GlobalID": "91991bf2-ee4f-4d5a-b47c-16d4ee9ba5d0", "Width": null, "Shape__Length": 319.491361518144 }, "geometry": { "type": "LineString", "coordinates": [ [ -122.190423037342001, 44.239942614082793 ], [ -122.190738620847, 44.239894188018305 ], [ -122.191022418508993, 44.240009605866895 ], [ -122.192232829846006, 44.24021896254451 ], [ -122.192607673615996, 44.240160423030183 ], [ -122.193001240535011, 44.24002244601661 ], [ -122.193357993524998, 44.240054367275498 ], [ -122.193590193232012, 44.240131625631797 ], [ -122.194234362235008, 44.24015138664241 ] ] } },
{ "type": "Feature", "properties": { "OBJECTID_1": 30, "OBJECTID": 6291, "Permanent_": "{E13A40C6-4C39-4A4D-BF61-361B49A3E07D}", "FDate": 1464220800000, "Resolution": 2, "GNIS_ID": " ", "GNIS_Name": " ", "LengthKM": 0.35556485, "ReachCode": "17090004023062", "FlowDir": 1, "WBArea_Per": " ", "FType": 460, "FCode": 46003, "MainPath": 0, "InNetwork": 1, "Visibility": 0, "Shape_Leng": 0.00436104, "Enabled": 1, "GlobalID": "1b2c1ab6-6dda-429d-bdf8-1a1e46f3db12", "Width": null, "Shape__Length": 356.33857281495341 }, "geometry": { "type": "LineString", "coordinates": [ [ -122.168345459597006, 44.249535299939595 ], [ -122.169019827884, 44.249467236879006 ], [ -122.169851626062979, 44.249605782567698 ], [ -122.170466835835001, 44.249408417995895 ], [ -122.170739798520998, 44.249388789841404 ], [ -122.171576436601001, 44.249559930384201 ], [ -122.171954966163995, 44.249679051637301 ], [ -122.172448805681, 44.249674637514104 ], [ -122.17258994542901, 44.249749927333191 ] ] } },
{ "type": "Feature", "properties": { "OBJECTID_1": 31, "OBJECTID": 22295, "Permanent_": "{B363750A-9A92-4E8F-8E1A-77F4AC07CC04}", "FDate": 1464220800000, "Resolution": 2, "GNIS_ID": " ", "GNIS_Name": " ", "LengthKM": 0.16546942, "ReachCode": "17090004022933", "FlowDir": 1, "WBArea_Per": " ", "FType": 460, "FCode": 46003, "MainPath": 0, "InNetwork": 1, "Visibility": 0, "Shape_Leng": 0.00197981, "Enabled": 1, "GlobalID": "4b7ff411-f3cb-4b5c-b899-440d7c2bc2a9", "Width": null, "Shape__Length": 165.75020366159032 }, "geometry": { "type": "LineString", "coordinates": [ [ -122.110296041780998, 44.208068438389795 ], [ -122.111081657452999, 44.208285121162596 ], [ -122.112054201611002, 44.2080230795776 ], [ -122.112146118986004, 44.207917663114394 ] ] } },
{ "type": "Feature", "properties": { "OBJECTID_1": 32, "OBJECTID": 10376, "Permanent_": "{C66CA9F8-BF20-42E7-953F-A407AB7FF255}", "FDate": 1464220800000, "Resolution": 2, "GNIS_ID": " ", "GNIS_Name": " ", "LengthKM": 0.39314171, "ReachCode": "17090004023158", "FlowDir": 1, "WBArea_Per": " ", "FType": 460, "FCode": 46003, "MainPath": 0, "InNetwork": 1, "Visibility": 0, "Shape_Leng": 0.00373554, "Enabled": 1, "GlobalID": "89c719fd-ca5e-45fc-87fe-e74ef7eeaa1d", "Width": null, "Shape__Length": 392.12863359187594 }, "geometry": { "type": "LineString", "coordinates": [ [ -122.154445104171003, 44.275034021613699 ], [ -122.154508948857014, 44.274908095005401 ], [ -122.154826673794005, 44.2746562578726 ], [ -122.155023886112005, 44.274407883193298 ], [ -122.155082285207001, 44.274241928019904 ], [ -122.155065079644999, 44.274020053824678 ], [ -122.15527926574299, 44.273770767980494 ], [ -122.155362594148997, 44.273572539201105 ], [ -122.155290574468992, 44.273069345562291 ], [ -122.155208974849003, 44.2728800012123 ], [ -122.155147416532998, 44.271984800929602 ], [ -122.155102691815003, 44.271870632809993 ], [ -122.154970371241987, 44.271762776937202 ] ] } },
{ "type": "Feature", "properties": { "OBJECTID_1": 33, "OBJECTID": 26082, "Permanent_": "{CE6237B4-F708-4C14-8015-95669DAA7225}", "FDate": 1464220800000, "Resolution": 2, "GNIS_ID": " ", "GNIS_Name": " ", "LengthKM": 0.19003146, "ReachCode": "17090004022845", "FlowDir": 1, "WBArea_Per": " ", "FType": 460, "FCode": 46003, "MainPath": 0, "InNetwork": 1, "Visibility": 0, "Shape_Leng": 0.00190606, "Enabled": 1, "GlobalID": "b4d1b699-26ab-424f-a753-5b570f234c01", "Width": null, "Shape__Length": 189.68825138106232 }, "geometry": { "type": "LineString", "coordinates": [ [ -122.154189803466011, 44.221365878392 ], [ -122.154445040498004, 44.221626327135503 ], [ -122.154522251450004, 44.221940575834196 ], [ -122.154783447263, 44.222391211313706 ], [ -122.155327538090006, 44.222814924898593 ] ] } },
{ "type": "Feature", "properties": { "OBJECTID_1": 34, "OBJECTID": 17929, "Permanent_": "{56120C52-B2EE-4BC4-9F40-5CDE66BC53B5}", "FDate": 1464220800000, "Resolution": 2, "GNIS_ID": " ", "GNIS_Name": " ", "LengthKM": 0.30285383, "ReachCode": "17090004023011", "FlowDir": 1, "WBArea_Per": " ", "FType": 460, "FCode": 46003, "MainPath": 0, "InNetwork": 1, "Visibility": 0, "Shape_Leng": 0.00364699, "Enabled": 1, "GlobalID": "98067530-f956-48ed-8c3f-7638758113a6", "Width": null, "Shape__Length": 303.38732482500433 }, "geometry": { "type": "LineString", "coordinates": [ [ -122.200062666077997, 44.236726246661895 ], [ -122.201004486345013, 44.236923879777699 ], [ -122.201744366308006, 44.237189415351992 ], [ -122.202030817164996, 44.237336261505206 ], [ -122.202683750991994, 44.237528769755016 ], [ -122.202876357845, 44.237553363613983 ], [ -122.20325376663898, 44.237477078997301 ], [ -122.203535568597999, 44.237593608786192 ] ] } },
{ "type": "Feature", "properties": { "OBJECTID_1": 35, "OBJECTID": 17673, "Permanent_": "{79601998-F45B-4345-86AA-FB8DD68541C6}", "FDate": 1464220800000, "Resolution": 2, "GNIS_ID": " ", "GNIS_Name": " ", "LengthKM": 0.0671184, "ReachCode": "17090004022700", "FlowDir": 1, "WBArea_Per": " ", "FType": 460, "FCode": 46003, "MainPath": 0, "InNetwork": 1, "Visibility": 0, "Shape_Leng": 0.00073436, "Enabled": 1, "GlobalID": "28546951-5bd7-4673-b5e3-3d66258fa212", "Width": null, "Shape__Length": 67.099447580892885 }, "geometry": { "type": "LineString", "coordinates": [ [ -122.243379582310965, 44.226806887330795 ], [ -122.242780664804982, 44.226387037216405 ] ] } },
{ "type": "Feature", "properties": { "OBJECTID_1": 36, "OBJECTID": 2567, "Permanent_": "{AEAA3D68-79A8-43F8-9142-4FB082ECEA30}", "FDate": 1464220800000, "Resolution": 2, "GNIS_ID": "01124021", "GNIS_Name": "McRae Creek", "LengthKM": 0.11217294, "ReachCode": "17090004000326", "FlowDir": 1, "WBArea_Per": " ", "FType": 460, "FCode": 46006, "MainPath": 0, "InNetwork": 1, "Visibility": 0, "Shape_Leng": 0.0012263, "Enabled": 1, "GlobalID": "fdb0bc24-0380-4534-b28f-1864ef678d9b", "Width": 1.0, "Shape__Length": 112.14341568472526 }, "geometry": { "type": "LineString", "coordinates": [ [ -122.153793385314017, 44.265640840173589 ], [ -122.153933956304002, 44.265586004853489 ], [ -122.154124828920999, 44.265371477303603 ], [ -122.154336471703999, 44.265285832607297 ], [ -122.154779110344009, 44.264960015297802 ] ] } },
{ "type": "Feature", "properties": { "OBJECTID_1": 37, "OBJECTID": 18075, "Permanent_": "{72444316-CB60-44CE-AD88-E7E055CC67CB}", "FDate": 1464220800000, "Resolution": 2, "GNIS_ID": " ", "GNIS_Name": " ", "LengthKM": 0.24924707, "ReachCode": "17090004023078", "FlowDir": 1, "WBArea_Per": " ", "FType": 460, "FCode": 46003, "MainPath": 0, "InNetwork": 1, "Visibility": 0, "Shape_Leng": 0.0026824, "Enabled": 1, "GlobalID": "2356b1ff-823c-45ce-a4e0-a5d5de2b5cd1", "Width": null, "Shape__Length": 249.11200624296606 }, "geometry": { "type": "LineString", "coordinates": [ [ -122.190288359777981, 44.2527384242956 ], [ -122.190231686020994, 44.252534000020397 ], [ -122.189953509703003, 44.252353403741793 ], [ -122.189822697335998, 44.252183833800096 ], [ -122.189101526865997, 44.251873447951702 ], [ -122.188795156935996, 44.251694627563296 ], [ -122.188635865699993, 44.25147840076491 ], [ -122.188261435146998, 44.251154889419389 ] ] } },
{ "type": "Feature", "properties": { "OBJECTID_1": 38, "OBJECTID": 13670, "Permanent_": "161200723", "FDate": 1464220800000, "Resolution": 2, "GNIS_ID": "01123461", "GNIS_Name": "Lookout Creek", "LengthKM": 0.41511824, "ReachCode": "17090004001156", "FlowDir": 1, "WBArea_Per": "108067939", "FType": 558, "FCode": 55800, "MainPath": 0, "InNetwork": 1, "Visibility": 0, "Shape_Leng": 0.00467002, "Enabled": 1, "GlobalID": "3fa13aa0-1a6b-4a99-b47c-c6e8c71d1a9e", "Width": 1.0, "Shape__Length": 415.29915464959834 }, "geometry": { "type": "LineString", "coordinates": [ [ -122.246490437081988, 44.217459473267901 ], [ -122.247569776807993, 44.217381792630192 ], [ -122.247840977104019, 44.217314186037491 ], [ -122.24796060925101, 44.217198872747588 ], [ -122.248117470129003, 44.216689066002203 ], [ -122.24825751163101, 44.216553496399001 ], [ -122.248284263114982, 44.216071886214493 ], [ -122.248772118698994, 44.216045936169998 ], [ -122.249667214821002, 44.215852439041896 ], [ -122.250098494454008, 44.215641815486194 ] ] } },
{ "type": "Feature", "properties": { "OBJECTID_1": 39, "OBJECTID": 18081, "Permanent_": "108046613", "FDate": 1464220800000, "Resolution": 2, "GNIS_ID": "01124021", "GNIS_Name": "McRae Creek", "LengthKM": 0.4071699, "ReachCode": "17090004000326", "FlowDir": 1, "WBArea_Per": " ", "FType": 460, "FCode": 46006, "MainPath": 0, "InNetwork": 1, "Visibility": 0, "Shape_Leng": 0.00445884, "Enabled": 1, "GlobalID": "772d47f4-f2b0-4e92-821e-ebe7e0f3c692", "Width": 1.0, "Shape__Length": 407.09621935751119 }, "geometry": { "type": "LineString", "coordinates": [ [ -122.167686073289005, 44.255928433599202 ], [ -122.168299290611984, 44.255856658486806 ], [ -122.168413263250997, 44.255808021761091 ], [ -122.168960000290014, 44.25533619521039 ], [ -122.169278858745002, 44.255206404271803 ], [ -122.16959310457402, 44.254841200563611 ], [ -122.170004155653018, 44.254588772471685 ], [ -122.170143563659011, 44.254386196870499 ], [ -122.170164887520016, 44.254176788851083 ], [ -122.170273739286998, 44.253965597513698 ], [ -122.170906723640996, 44.253799397076101 ], [ -122.171159283719007, 44.253622538565601 ] ] } },
{ "type": "Feature", "properties": { "OBJECTID_1": 40, "OBJECTID": 6160, "Permanent_": "{52095195-CAE9-416F-A71D-593D1B84A721}", "FDate": 1464220800000, "Resolution": 2, "GNIS_ID": " ", "GNIS_Name": " ", "LengthKM": 0.04739903, "ReachCode": "17090004023009", "FlowDir": 1, "WBArea_Per": " ", "FType": 460, "FCode": 46003, "MainPath": 0, "InNetwork": 1, "Visibility": 0, "Shape_Leng": 0.00048357, "Enabled": 1, "GlobalID": "932106d5-6b5a-478d-9403-1ce0536bb765", "Width": null, "Shape__Length": 47.327729933590327 }, "geometry": { "type": "LineString", "coordinates": [ [ -122.202936582899994, 44.238316133841991 ], [ -122.202907125212008, 44.238195528816291 ], [ -122.202642399708012, 44.237967695111706 ] ] } },
{ "type": "Feature", "properties": { "OBJECTID_1": 41, "OBJECTID": 18438, "Permanent_": "{0F2D068D-D774-40DB-9B13-DE07BB93AF26}", "FDate": 1464220800000, "Resolution": 2, "GNIS_ID": " ", "GNIS_Name": " ", "LengthKM": 0.17151448, "ReachCode": "17090004022952", "FlowDir": 1, "WBArea_Per": " ", "FType": 460, "FCode": 46003, "MainPath": 0, "InNetwork": 1, "Visibility": 0, "Shape_Leng": 0.00163545, "Enabled": 1, "GlobalID": "1e7e6995-2eb8-44b5-b49d-3883fca2c860", "Width": null, "Shape__Length": 171.06936028357049 }, "geometry": { "type": "LineString", "coordinates": [ [ -122.127603320930007, 44.226889929959988 ], [ -122.127797598189005, 44.227526340642008 ], [ -122.127799858190983, 44.227748304619901 ], [ -122.127734446117003, 44.227888669758805 ], [ -122.127333901132999, 44.228310808867796 ] ] } },
{ "type": "Feature", "properties": { "OBJECTID_1": 42, "OBJECTID": 10478, "Permanent_": "{E6E247A0-2E4D-45F6-AD43-CCDB3400EC14}", "FDate": 1464220800000, "Resolution": 2, "GNIS_ID": " ", "GNIS_Name": " ", "LengthKM": 0.68738492, "ReachCode": "17090004022928", "FlowDir": 1, "WBArea_Per": " ", "FType": 460, "FCode": 46003, "MainPath": 0, "InNetwork": 1, "Visibility": 0, "Shape_Leng": 0.00791096, "Enabled": 1, "GlobalID": "79c93a85-085f-4dc5-8e31-f151ef36bf47", "Width": null, "Shape__Length": 687.94017871055905 }, "geometry": { "type": "LineString", "coordinates": [ [ -122.131115041922982, 44.249557214203392 ], [ -122.131521731, 44.249318080780199 ], [ -122.132310792116016, 44.2491073532576 ], [ -122.132704433739988, 44.249086113651096 ], [ -122.133846721768009, 44.249162240284392 ], [ -122.134296015524995, 44.249060330867486 ], [ -122.135113570461996, 44.2490493677576 ], [ -122.135426286720005, 44.2489878834118 ], [ -122.136895747210986, 44.2480203100408 ], [ -122.137023251876002, 44.2478492288623 ], [ -122.137123071128997, 44.247559449635297 ], [ -122.137558952614015, 44.247147527048597 ], [ -122.13804170134398, 44.24682802655051 ] ] } },
{ "type": "Feature", "properties": { "OBJECTID_1": 43, "OBJECTID": 6519, "Permanent_": "{EFF77FD3-F22D-405D-A99B-4D1DF186A740}", "FDate": 1464220800000, "Resolution": 2, "GNIS_ID": " ", "GNIS_Name": " ", "LengthKM": 0.77652186, "ReachCode": "17090004023130", "FlowDir": 1, "WBArea_Per": " ", "FType": 460, "FCode": 46003, "MainPath": 0, "InNetwork": 1, "Visibility": 0, "Shape_Leng": 0.00948644, "Enabled": 1, "GlobalID": "fc438002-2219-4ddf-85c4-85d595a4cb1f", "Width": null, "Shape__Length": 778.11161783549721 }, "geometry": { "type": "LineString", "coordinates": [ [ -122.137704571840999, 44.267262470555892 ], [ -122.138425561582011, 44.267531633210289 ], [ -122.139116343097001, 44.267723482146408 ], [ -122.139698275998015, 44.267987189737795 ], [ -122.140048106434008, 44.26805698411151 ], [ -122.14040785073901, 44.268218860575601 ], [ -122.141038622481005, 44.268337893177097 ], [ -122.141796855265014, 44.268574531733982 ], [ -122.143274433328997, 44.268521685682799 ], [ -122.144192915580007, 44.268393732097088 ], [ -122.144734598699017, 44.268377455844984 ], [ -122.145914663016995, 44.268152269917401 ], [ -122.146345255423995, 44.268014287455706 ], [ -122.146891988454016, 44.26797291657229 ] ] } },
{ "type": "Feature", "properties": { "OBJECTID_1": 44, "OBJECTID": 22048, "Permanent_": "{E34A9EC5-2305-4556-91B6-F73420D5AB22}", "FDate": 1464220800000, "Resolution": 2, "GNIS_ID": " ", "GNIS_Name": " ", "LengthKM": 0.187567, "ReachCode": "17090004022804", "FlowDir": 1, "WBArea_Per": " ", "FType": 460, "FCode": 46003, "MainPath": 0, "InNetwork": 1, "Visibility": 0, "Shape_Leng": 0.00174999, "Enabled": 1, "GlobalID": "954030fa-73a0-4c4e-ab3d-c512483bdfed", "Width": null, "Shape__Length": 187.00976843898638 }, "geometry": { "type": "LineString", "coordinates": [ [ -122.149329193461014, 44.206394425737592 ], [ -122.149556567286012, 44.206938838786293 ], [ -122.149731855757011, 44.207211766106504 ], [ -122.149714280607995, 44.207408444215289 ], [ -122.149848060741007, 44.20779322093221 ], [ -122.149795904034008, 44.2080013538598 ] ] } },
{ "type": "Feature", "properties": { "OBJECTID_1": 45, "OBJECTID": 9939, "Permanent_": "161200343", "FDate": 1464220800000, "Resolution": 2, "GNIS_ID": " ", "GNIS_Name": " ", "LengthKM": 0.15368881, "ReachCode": "17090004014631", "FlowDir": 1, "WBArea_Per": " ", "FType": 460, "FCode": 46003, "MainPath": 0, "InNetwork": 1, "Visibility": 0, "Shape_Leng": 0.00145229, "Enabled": 1, "GlobalID": "30c94cc1-22f8-471b-aed5-dc47af29dae9", "Width": null, "Shape__Length": 153.26609655174889 }, "geometry": { "type": "LineString", "coordinates": [ [ -122.216712813247995, 44.227657490754993 ], [ -122.21678304735201, 44.227995603955598 ], [ -122.217108510351011, 44.228504963952403 ], [ -122.217112468569994, 44.228683649084701 ], [ -122.217031261972991, 44.228842907858791 ], [ -122.217100739827004, 44.228949844202198 ] ] } },
{ "type": "Feature", "properties": { "OBJECTID_1": 46, "OBJECTID": 10237, "Permanent_": "{000D73BA-D658-474B-BE88-EEE81FE6EB00}", "FDate": 1464220800000, "Resolution": 2, "GNIS_ID": " ", "GNIS_Name": " ", "LengthKM": 0.0701875, "ReachCode": "17090004000583", "FlowDir": 1, "WBArea_Per": " ", "FType": 460, "FCode": 46006, "MainPath": 0, "InNetwork": 1, "Visibility": 0, "Shape_Leng": 0.00065122, "Enabled": 1, "GlobalID": "53003444-c4ae-4278-bc68-0f25b60620ce", "Width": null, "Shape__Length": 69.978889664608829 }, "geometry": { "type": "LineString", "coordinates": [ [ -122.181151397772993, 44.252093552289807 ], [ -122.181156915949018, 44.251916679406108 ], [ -122.181315924139014, 44.251553893689206 ], [ -122.181291452644984, 44.251488055182797 ] ] } },
{ "type": "Feature", "properties": { "OBJECTID_1": 47, "OBJECTID": 10235, "Permanent_": "{658B96EF-388E-4D8A-BEB5-D7901B87892C}", "FDate": 1464220800000, "Resolution": 2, "GNIS_ID": " ", "GNIS_Name": " ", "LengthKM": 0.52982447, "ReachCode": "17090004023076", "FlowDir": 1, "WBArea_Per": " ", "FType": 460, "FCode": 46003, "MainPath": 0, "InNetwork": 1, "Visibility": 0, "Shape_Leng": 0.00535821, "Enabled": 1, "GlobalID": "5c108fd6-fb09-436b-9b17-e395b1b12e9e", "Width": null, "Shape__Length": 528.9739984534632 }, "geometry": { "type": "LineString", "coordinates": [ [ -122.185068118199993, 44.252417553319205 ], [ -122.185386976079997, 44.251545387634302 ], [ -122.18559459143701, 44.251325891779899 ], [ -122.185699706075994, 44.251260861006884 ], [ -122.186078060735994, 44.251203897718 ], [ -122.186417655355996, 44.2510796687396 ], [ -122.186840409894018, 44.250784417509614 ], [ -122.187139039687992, 44.250354048121395 ], [ -122.187097617292011, 44.249898400496498 ], [ -122.187490058321984, 44.249513444851402 ], [ -122.187711657367004, 44.249372455148595 ], [ -122.187948466356019, 44.248960729554597 ], [ -122.188074156040983, 44.248557810958502 ] ] } },
{ "type": "Feature", "properties": { "OBJECTID_1": 48, "OBJECTID": 10482, "Permanent_": "161200729", "FDate": 1464220800000, "Resolution": 2, "GNIS_ID": "01124021", "GNIS_Name": "McRae Creek", "LengthKM": 0.30816501, "ReachCode": "17090004000326", "FlowDir": 1, "WBArea_Per": " ", "FType": 460, "FCode": 46006, "MainPath": 0, "InNetwork": 1, "Visibility": 0, "Shape_Leng": 0.00344341, "Enabled": 1, "GlobalID": "e1a0888d-223f-478e-b301-137cb9c2368f", "Width": 1.0, "Shape__Length": 308.23188830200598 }, "geometry": { "type": "LineString", "coordinates": [ [ -122.144290103948009, 44.269516152046094 ], [ -122.144431337561983, 44.269248820774891 ], [ -122.144889348126014, 44.268926125497991 ], [ -122.145382478458998, 44.268873221976293 ], [ -122.145811049024019, 44.268709449766405 ], [ -122.146262314834019, 44.268677897027196 ], [ -122.146720638785013, 44.268499677792491 ], [ -122.146990018237005, 44.268217716205989 ], [ -122.146891988454016, 44.26797291657229 ] ] } },
{ "type": "Feature", "properties": { "OBJECTID_1": 49, "OBJECTID": 10247, "Permanent_": "161200564", "FDate": 1464220800000, "Resolution": 2, "GNIS_ID": " ", "GNIS_Name": " ", "LengthKM": 0.29758158, "ReachCode": "17090004000583", "FlowDir": 1, "WBArea_Per": " ", "FType": 460, "FCode": 46006, "MainPath": 0, "InNetwork": 1, "Visibility": 0, "Shape_Leng": 0.00329137, "Enabled": 1, "GlobalID": "0459208f-58f0-49e2-806e-2139f2553d60", "Width": null, "Shape__Length": 297.56516268931131 }, "geometry": { "type": "LineString", "coordinates": [ [ -122.176630506763004, 44.261116453566402 ], [ -122.177070836616991, 44.260802259423585 ], [ -122.177327388071987, 44.260702786849698 ], [ -122.177759161007003, 44.260352453086895 ], [ -122.178426398558983, 44.259911267994291 ], [ -122.17895091709002, 44.259719439501602 ], [ -122.179357764003015, 44.259361675686797 ] ] } },
{ "type": "Feature", "properties": { "OBJECTID_1": 50, "OBJECTID": 22052, "Permanent_": "{971EB5CB-1401-4506-B650-C3A3B33FB1A9}", "FDate": 1464220800000, "Resolution": 2, "GNIS_ID": " ", "GNIS_Name": " ", "LengthKM": 0.77813484, "ReachCode": "17090004022908", "FlowDir": 1, "WBArea_Per": " ", "FType": 460, "FCode": 46003, "MainPath": 0, "InNetwork": 1, "Visibility": 0, "Shape_Leng": 0.00855988, "Enabled": 1, "GlobalID": "46515e7d-2458-4aee-be2f-fcf1c07f8220", "Width": null, "Shape__Length": 778.0815201911264 }, "geometry": { "type": "LineString", "coordinates": [ [ -122.149081259735993, 44.225476556203994 ], [ -122.149201728180998, 44.225787010677699 ], [ -122.149289409716985, 44.226616829818191 ], [ -122.149380046882015, 44.226799691994096 ], [ -122.149622476816006, 44.227009814876496 ], [ -122.150098502188996, 44.227184433185592 ], [ -122.150615116350011, 44.22751410599021 ], [ -122.151092335095001, 44.227860546392385 ], [ -122.151248506906001, 44.228072126947701 ], [ -122.151536425857998, 44.228297853005898 ], [ -122.152270155674003, 44.228672350220691 ], [ -122.152601636488015, 44.228991670074208 ], [ -122.153039958750995, 44.229129214125898 ], [ -122.153561954558015, 44.229144780166102 ], [ -122.154110866024993, 44.229360185514601 ], [ -122.155229399827022, 44.229392714713001 ], [ -122.155680118583007, 44.229656799914999 ] ] } },
{ "type": "Feature", "properties": { "OBJECTID_1": 51, "OBJECTID": 14327, "Permanent_": "{52CD31E1-5EBC-4FD9-AD0E-4710C77D3941}", "FDate": 1464220800000, "Resolution": 2, "GNIS_ID": " ", "GNIS_Name": " ", "LengthKM": 0.06513421, "ReachCode": "17090004023154", "FlowDir": 1, "WBArea_Per": " ", "FType": 460, "FCode": 46003, "MainPath": 0, "InNetwork": 1, "Visibility": 0, "Shape_Leng": 0.00060334, "Enabled": 1, "GlobalID": "478263a9-a69d-4050-896a-b51d3fec1a8e", "Width": null, "Shape__Length": 64.942053729962282 }, "geometry": { "type": "LineString", "coordinates": [ [ -122.145788992952021, 44.273913654986501 ], [ -122.145740092740994, 44.273767708165011 ], [ -122.145830737845998, 44.273350585082291 ] ] } },
{ "type": "Feature", "properties": { "OBJECTID_1": 52, "OBJECTID": 25685, "Permanent_": "{EC1AF5C2-6086-4B0F-8025-63596A000EB2}", "FDate": 1464220800000, "Resolution": 2, "GNIS_ID": " ", "GNIS_Name": " ", "LengthKM": 0.38510767, "ReachCode": "17090004022715", "FlowDir": 1, "WBArea_Per": " ", "FType": 460, "FCode": 46003, "MainPath": 0, "InNetwork": 1, "Visibility": 0, "Shape_Leng": 0.00373234, "Enabled": 1, "GlobalID": "82d3d80b-80c6-45ca-a23b-460615425146", "Width": null, "Shape__Length": 384.21708869401698 }, "geometry": { "type": "LineString", "coordinates": [ [ -122.222667434043998, 44.232622609300094 ], [ -122.222704064809008, 44.232334799275492 ], [ -122.222447098507004, 44.231654117064501 ], [ -122.222621821072011, 44.231265128115595 ], [ -122.22246798936402, 44.230740204814296 ], [ -122.222482455225006, 44.230111857448492 ], [ -122.222541185205003, 44.230042235397995 ], [ -122.222870494719004, 44.229938956027404 ], [ -122.223073355211994, 44.229742643569601 ], [ -122.223376922703011, 44.229572107175706 ] ] } },
{ "type": "Feature", "properties": { "OBJECTID_1": 53, "OBJECTID": 22156, "Permanent_": "{84F06D70-4F1E-44B8-9286-4C6D93FD2B29}", "FDate": 1464220800000, "Resolution": 2, "GNIS_ID": " ", "GNIS_Name": " ", "LengthKM": 0.10858963, "ReachCode": "17090004023164", "FlowDir": 1, "WBArea_Per": " ", "FType": 460, "FCode": 46003, "MainPath": 0, "InNetwork": 1, "Visibility": 0, "Shape_Leng": 0.00098132, "Enabled": 1, "GlobalID": "e902f790-6dc2-4bc4-8398-1f254e43446c", "Width": null, "Shape__Length": 108.23420894267338 }, "geometry": { "type": "LineString", "coordinates": [ [ -122.146266866617012, 44.279005417950586 ], [ -122.146285173712002, 44.278810994536698 ], [ -122.146148004485013, 44.278038504803895 ] ] } },
{ "type": "Feature", "properties": { "OBJECTID_1": 54, "OBJECTID": 13674, "Permanent_": "{A5DF3AB7-6C75-415C-AA14-809928E555BC}", "FDate": 1464220800000, "Resolution": 2, "GNIS_ID": "01123461", "GNIS_Name": "Lookout Creek", "LengthKM": 0.05614383, "ReachCode": "17090004001156", "FlowDir": 1, "WBArea_Per": "108067939", "FType": 558, "FCode": 55800, "MainPath": 0, "InNetwork": 1, "Visibility": 0, "Shape_Leng": 0.0006573, "Enabled": 1, "GlobalID": "aedc9981-bd56-47cb-be91-a0a595dd144f", "Width": 1.0, "Shape__Length": 56.209561566300472 }, "geometry": { "type": "LineString", "coordinates": [ [ -122.242590049457007, 44.2219643916035 ], [ -122.243031691629994, 44.221756106370897 ], [ -122.243189208206005, 44.221746871184592 ] ] } },
{ "type": "Feature", "properties": { "OBJECTID_1": 55, "OBJECTID": 30052, "Permanent_": "{255381B9-E5FF-4997-8D38-AFF5C579FC88}", "FDate": 1464220800000, "Resolution": 2, "GNIS_ID": " ", "GNIS_Name": " ", "LengthKM": 0.27939448, "ReachCode": "17090004022827", "FlowDir": 1, "WBArea_Per": " ", "FType": 460, "FCode": 46003, "MainPath": 0, "InNetwork": 1, "Visibility": 0, "Shape_Leng": 0.00330235, "Enabled": 1, "GlobalID": "151176a9-1311-41d2-a226-396404de2ae3", "Width": null, "Shape__Length": 279.79499223675106 }, "geometry": { "type": "LineString", "coordinates": [ [ -122.149809916728998, 44.213924399354489 ], [ -122.150164714603989, 44.213871404559001 ], [ -122.150480699018004, 44.213947704955103 ], [ -122.150825655299002, 44.213931613524601 ], [ -122.151592870165985, 44.214029335451286 ], [ -122.151720088711002, 44.214117292027197 ], [ -122.151797553717998, 44.2142917629604 ], [ -122.151897273409006, 44.214365257766602 ], [ -122.152630911844014, 44.214581295707099 ], [ -122.152827807356999, 44.214724774386191 ] ] } },
{ "type": "Feature", "properties": { "OBJECTID_1": 56, "OBJECTID": 10248, "Permanent_": "{273A122F-CC2D-4E40-8F24-0032BE54407B}", "FDate": 1476576000000, "Resolution": 2, "GNIS_ID": " ", "GNIS_Name": " ", "LengthKM": 0.0781048, "ReachCode": "17090004024586", "FlowDir": 1, "WBArea_Per": " ", "FType": 460, "FCode": 46003, "MainPath": 0, "InNetwork": 1, "Visibility": 0, "Shape_Leng": 0.0009193, "Enabled": 1, "GlobalID": "d9d82069-3b12-4752-b76f-083151a4b345", "Width": null, "Shape__Length": 78.200252375195504 }, "geometry": { "type": "LineString", "coordinates": [ [ -122.169897828044014, 44.263985089800208 ], [ -122.170317809370019, 44.263744981775005 ], [ -122.170744645766007, 44.263667302184999 ] ] } },
{ "type": "Feature", "properties": { "OBJECTID_1": 57, "OBJECTID": 13822, "Permanent_": "{B1D77303-DEC0-4C1F-BE95-B5D417357CB0}", "FDate": 1464220800000, "Resolution": 2, "GNIS_ID": " ", "GNIS_Name": " ", "LengthKM": 0.14550437, "ReachCode": "17090004022720", "FlowDir": 1, "WBArea_Per": " ", "FType": 460, "FCode": 46003, "MainPath": 0, "InNetwork": 1, "Visibility": 0, "Shape_Leng": 0.00142925, "Enabled": 1, "GlobalID": "1874f719-514c-4f89-9a21-f70c1235654a", "Width": null, "Shape__Length": 145.19149105204468 }, "geometry": { "type": "LineString", "coordinates": [ [ -122.228151407877007, 44.236081599583997 ], [ -122.227708731439009, 44.235242675612199 ], [ -122.227354986881991, 44.23492709388281 ] ] } },
{ "type": "Feature", "properties": { "OBJECTID_1": 58, "OBJECTID": 18210, "Permanent_": "{E9A79AE7-658A-4971-8530-F50F4BF0EFAF}", "FDate": 1464220800000, "Resolution": 2, "GNIS_ID": " ", "GNIS_Name": " ", "LengthKM": 0.12735002, "ReachCode": "17090004023116", "FlowDir": 1, "WBArea_Per": " ", "FType": 460, "FCode": 46003, "MainPath": 0, "InNetwork": 1, "Visibility": 0, "Shape_Leng": 0.0011925, "Enabled": 1, "GlobalID": "9e57627c-ea9b-479e-a73c-ceeaaf343db1", "Width": null, "Shape__Length": 126.99113314190748 }, "geometry": { "type": "LineString", "coordinates": [ [ -122.165070205559999, 44.264294412284201 ], [ -122.165149514465014, 44.264173898021916 ], [ -122.165049843310001, 44.263792626092091 ], [ -122.165214198186007, 44.263362544420801 ], [ -122.165136033470006, 44.263209067753301 ] ] } },
{ "type": "Feature", "properties": { "OBJECTID_1": 59, "OBJECTID": 26084, "Permanent_": "{B81BF18A-BBCB-4677-A1BF-C14C6B01226D}", "FDate": 1464220800000, "Resolution": 2, "GNIS_ID": " ", "GNIS_Name": " ", "LengthKM": 0.25629025, "ReachCode": "17090004022840", "FlowDir": 1, "WBArea_Per": " ", "FType": 460, "FCode": 46003, "MainPath": 0, "InNetwork": 1, "Visibility": 0, "Shape_Leng": 0.00298288, "Enabled": 1, "GlobalID": "ede08967-b5fa-483b-8797-772b189a4b48", "Width": null, "Shape__Length": 256.55640528322402 }, "geometry": { "type": "LineString", "coordinates": [ [ -122.147325260611993, 44.218686331319105 ], [ -122.147884878048004, 44.218592291135302 ], [ -122.148448912118994, 44.218348130432396 ], [ -122.148826244553987, 44.218254962980097 ], [ -122.149092257871004, 44.218125355003195 ], [ -122.149474735025009, 44.217820390722792 ], [ -122.150029013779005, 44.217537546790098 ] ] } },
{ "type": "Feature", "properties": { "OBJECTID_1": 60, "OBJECTID": 6408, "Permanent_": "{5E8C5446-29C5-40B1-A23C-34EDB27A800E}", "FDate": 1464220800000, "Resolution": 2, "GNIS_ID": " ", "GNIS_Name": " ", "LengthKM": 0.29014907, "ReachCode": "17090004022836", "FlowDir": 1, "WBArea_Per": " ", "FType": 460, "FCode": 46003, "MainPath": 0, "InNetwork": 1, "Visibility": 0, "Shape_Leng": 0.00293969, "Enabled": 1, "GlobalID": "bc3d4110-590b-42c2-b9a6-0960a8fe72c5", "Width": null, "Shape__Length": 289.66988011924383 }, "geometry": { "type": "LineString", "coordinates": [ [ -122.167032927855999, 44.214419949276184 ], [ -122.166848263740007, 44.214559246063416 ], [ -122.166845127226011, 44.214954363923312 ], [ -122.166489348640994, 44.215273680307497 ], [ -122.166180882237015, 44.215668246162998 ], [ -122.165749536643006, 44.216050404193794 ], [ -122.165558921317, 44.216334488910391 ], [ -122.165273104052019, 44.216590644958096 ] ] } },
{ "type": "Feature", "properties": { "OBJECTID_1": 61, "OBJECTID": 25952, "Permanent_": "{44277320-5173-4DFC-92A8-0A3D34F0740C}", "FDate": 1464220800000, "Resolution": 2, "GNIS_ID": " ", "GNIS_Name": " ", "LengthKM": 0.55532613, "ReachCode": "17090004022867", "FlowDir": 1, "WBArea_Per": " ", "FType": 460, "FCode": 46003, "MainPath": 0, "InNetwork": 1, "Visibility": 0, "Shape_Leng": 0.00512681, "Enabled": 1, "GlobalID": "68d43a16-43ff-4327-9a41-e5ee58c82273", "Width": null, "Shape__Length": 553.61866430890677 }, "geometry": { "type": "LineString", "coordinates": [ [ -122.172090774527007, 44.2363232331207 ], [ -122.17189078324698, 44.235975458110197 ], [ -122.171804867204997, 44.234889674934294 ], [ -122.171897987294003, 44.234545893673193 ], [ -122.172140593811008, 44.234097595582497 ], [ -122.172216163222998, 44.233786789464787 ], [ -122.172424119839988, 44.233461141121502 ], [ -122.172529695966006, 44.233069540325197 ], [ -122.17276921356401, 44.232529623407416 ], [ -122.172789780820011, 44.232191456860789 ], [ -122.172654927023004, 44.231503596425192 ] ] } },
{ "type": "Feature", "properties": { "OBJECTID_1": 62, "OBJECTID": 30054, "Permanent_": "{360D41C9-B12D-4F33-98BF-80FAB95D4CD6}", "FDate": 1464220800000, "Resolution": 2, "GNIS_ID": " ", "GNIS_Name": " ", "LengthKM": 0.16460913, "ReachCode": "17090004022989", "FlowDir": 1, "WBArea_Per": " ", "FType": 460, "FCode": 46006, "MainPath": 0, "InNetwork": 1, "Visibility": 0, "Shape_Leng": 0.00157151, "Enabled": 1, "GlobalID": "030a7d04-df4f-4d88-a0c9-e538739993f5", "Width": null, "Shape__Length": 164.1876433666373 }, "geometry": { "type": "LineString", "coordinates": [ [ -122.167971518752992, 44.252425923089397 ], [ -122.168633733307004, 44.253470504572803 ], [ -122.168655911814, 44.2537936371779 ] ] } },
{ "type": "Feature", "properties": { "OBJECTID_1": 63, "OBJECTID": 10367, "Permanent_": "{B703F354-D879-4F03-ABE1-1DA6D9D6C8C0}", "FDate": 1464220800000, "Resolution": 2, "GNIS_ID": " ", "GNIS_Name": " ", "LengthKM": 0.314603, "ReachCode": "17090004023010", "FlowDir": 1, "WBArea_Per": " ", "FType": 460, "FCode": 46003, "MainPath": 0, "InNetwork": 1, "Visibility": 0, "Shape_Leng": 0.0036266, "Enabled": 1, "GlobalID": "9cff77b5-53ba-4ba8-a781-3c195971662b", "Width": null, "Shape__Length": 314.86474061482744 }, "geometry": { "type": "LineString", "coordinates": [ [ -122.162670826734995, 44.253297603349189 ], [ -122.162933729269994, 44.253498086014197 ], [ -122.163206883868, 44.253522172853394 ], [ -122.163388109720003, 44.253845839473705 ], [ -122.163607447127006, 44.253928570688494 ], [ -122.163998773738996, 44.254181225894591 ], [ -122.164708922518003, 44.254278316461594 ], [ -122.165582388292009, 44.2545231830142 ], [ -122.165855508480021, 44.25465751049439 ] ] } },
{ "type": "Feature", "properties": { "OBJECTID_1": 64, "OBJECTID": 1986, "Permanent_": "161200638", "FDate": 1464220800000, "Resolution": 2, "GNIS_ID": "01123461", "GNIS_Name": "Lookout Creek", "LengthKM": 0.11799409, "ReachCode": "17090004001156", "FlowDir": 1, "WBArea_Per": "108067939", "FType": 558, "FCode": 55800, "MainPath": 0, "InNetwork": 1, "Visibility": 0, "Shape_Leng": 0.00144576, "Enabled": 1, "GlobalID": "638537fb-a05d-4ecf-be8f-012851b07a18", "Width": 1.0, "Shape__Length": 118.25346446730099 }, "geometry": { "type": "LineString", "coordinates": [ [ -122.235982933705003, 44.224750640642803 ], [ -122.236340835421018, 44.22478154947531 ], [ -122.236683012443009, 44.224926662171796 ], [ -122.237060699254016, 44.224982932230901 ], [ -122.23738884119598, 44.224954969205598 ] ] } },
{ "type": "Feature", "properties": { "OBJECTID_1": 65, "OBJECTID": 21475, "Permanent_": "{86BD0425-6504-41CC-BC66-CD6D948BAE3E}", "FDate": 1464220800000, "Resolution": 2, "GNIS_ID": " ", "GNIS_Name": " ", "LengthKM": 0.1724454, "ReachCode": "17090004022668", "FlowDir": 1, "WBArea_Per": " ", "FType": 460, "FCode": 46003, "MainPath": 0, "InNetwork": 1, "Visibility": 0, "Shape_Leng": 0.00190333, "Enabled": 1, "GlobalID": "b3605983-3a50-4ab2-9d4f-7f904c6c5397", "Width": null, "Shape__Length": 172.43147524687978 }, "geometry": { "type": "LineString", "coordinates": [ [ -122.240031503704017, 44.209784316062091 ], [ -122.24074672100501, 44.210097139296991 ], [ -122.241328433782996, 44.210498044222099 ], [ -122.241599425404019, 44.210810062660009 ] ] } },
{ "type": "Feature", "properties": { "OBJECTID_1": 66, "OBJECTID": 17932, "Permanent_": "{839B4229-55F1-4567-9F06-4E41F8F6B81C}", "FDate": 1464220800000, "Resolution": 2, "GNIS_ID": " ", "GNIS_Name": " ", "LengthKM": 0.50633473, "ReachCode": "17090004023044", "FlowDir": 1, "WBArea_Per": " ", "FType": 460, "FCode": 46003, "MainPath": 0, "InNetwork": 1, "Visibility": 0, "Shape_Leng": 0.00529942, "Enabled": 1, "GlobalID": "413e5359-af0c-4f59-8c53-e1b5ff866c72", "Width": null, "Shape__Length": 505.80656994817127 }, "geometry": { "type": "LineString", "coordinates": [ [ -122.200035629921999, 44.24571444388279 ], [ -122.199555839059002, 44.245470533551099 ], [ -122.199413698995002, 44.245120745725998 ], [ -122.19920650938198, 44.244943079384001 ], [ -122.198983054481985, 44.244611457257797 ], [ -122.198909160149014, 44.244386041648895 ], [ -122.19861294543098, 44.244157002967107 ], [ -122.198301608782018, 44.243772763680298 ], [ -122.198143182999004, 44.243484244814695 ], [ -122.197514676923987, 44.243072285067598 ], [ -122.197233196362006, 44.242698734855594 ], [ -122.196813530364011, 44.242536534325893 ], [ -122.196478159700007, 44.2422884315421 ], [ -122.196332250149993, 44.242260456987509 ] ] } },
{ "type": "Feature", "properties": { "OBJECTID_1": 67, "OBJECTID": 6155, "Permanent_": "161200266", "FDate": 1464220800000, "Resolution": 2, "GNIS_ID": " ", "GNIS_Name": " ", "LengthKM": 0.59981203, "ReachCode": "17090004014531", "FlowDir": 1, "WBArea_Per": " ", "FType": 460, "FCode": 46003, "MainPath": 0, "InNetwork": 1, "Visibility": 0, "Shape_Leng": 0.00569072, "Enabled": 1, "GlobalID": "17091922-1b31-49fe-94aa-dad8f4fe51c4", "Width": null, "Shape__Length": 598.20711746293739 }, "geometry": { "type": "LineString", "coordinates": [ [ -122.193950394248986, 44.217929886758803 ], [ -122.194703383000999, 44.218441406320309 ], [ -122.194699640067, 44.21885918678651 ], [ -122.194976340770012, 44.219281638590097 ], [ -122.195020962219019, 44.219614889065191 ], [ -122.19515996592898, 44.219864988034601 ], [ -122.195208478544998, 44.220303461163596 ], [ -122.195432916561018, 44.220888874820297 ], [ -122.195578135990019, 44.221043619790002 ], [ -122.195496424061986, 44.2212376182867 ], [ -122.195516390866999, 44.221979630659888 ], [ -122.195282874307011, 44.222911156958695 ] ] } },
{ "type": "Feature", "properties": { "OBJECTID_1": 68, "OBJECTID": 30060, "Permanent_": "{EF9B83FA-6ADB-4B83-9608-10C3B2595F05}", "FDate": 1464220800000, "Resolution": 2, "GNIS_ID": " ", "GNIS_Name": " ", "LengthKM": 0.36865094, "ReachCode": "17090004023157", "FlowDir": 1, "WBArea_Per": " ", "FType": 460, "FCode": 46003, "MainPath": 0, "InNetwork": 1, "Visibility": 0, "Shape_Leng": 0.00358576, "Enabled": 1, "GlobalID": "912e57a1-05b6-40e5-a9ad-97ff19eaff88", "Width": null, "Shape__Length": 367.82289686699056 }, "geometry": { "type": "LineString", "coordinates": [ [ -122.153104818290984, 44.274735917230394 ], [ -122.153250456312989, 44.274314879064491 ], [ -122.153671543529001, 44.273750679804408 ], [ -122.153984479702004, 44.273476265841992 ], [ -122.154385138612, 44.272766539376491 ], [ -122.154649594253968, 44.272083913724302 ], [ -122.154970371241987, 44.271762776937202 ] ] } },
{ "type": "Feature", "properties": { "OBJECTID_1": 69, "OBJECTID": 17795, "Permanent_": "{E9086287-F4B4-4F8F-BEC5-43F7D151B222}", "FDate": 1464220800000, "Resolution": 2, "GNIS_ID": " ", "GNIS_Name": " ", "LengthKM": 0.1449354, "ReachCode": "17090004003744", "FlowDir": 1, "WBArea_Per": " ", "FType": 460, "FCode": 46006, "MainPath": 0, "InNetwork": 1, "Visibility": 0, "Shape_Leng": 0.00152436, "Enabled": 1, "GlobalID": "7393f086-22a2-4467-b570-cb30a3ff6d1f", "Width": null, "Shape__Length": 144.78913972869316 }, "geometry": { "type": "LineString", "coordinates": [ [ -122.229387170219013, 44.231273171569299 ], [ -122.230508085470007, 44.230266957475195 ] ] } },
{ "type": "Feature", "properties": { "OBJECTID_1": 70, "OBJECTID": 18201, "Permanent_": "161200649", "FDate": 1464220800000, "Resolution": 2, "GNIS_ID": "01135972", "GNIS_Name": "Nostoc Creek", "LengthKM": 0.18467839, "ReachCode": "17090004003747", "FlowDir": 1, "WBArea_Per": " ", "FType": 460, "FCode": 46006, "MainPath": 0, "InNetwork": 1, "Visibility": 0, "Shape_Leng": 0.00210083, "Enabled": 1, "GlobalID": "943d5606-927f-4a85-bfef-75e1cb6ff720", "Width": 1.0, "Shape__Length": 184.78437909349049 }, "geometry": { "type": "LineString", "coordinates": [ [ -122.167398251848994, 44.231659465205603 ], [ -122.167945750954004, 44.231489344172495 ], [ -122.168190364585001, 44.231516167867191 ], [ -122.168770394999981, 44.231733891856585 ], [ -122.169206730965996, 44.232215218088101 ] ] } },
{ "type": "Feature", "properties": { "OBJECTID_1": 71, "OBJECTID": 18316, "Permanent_": "{10DA10A5-18DE-4284-AA9A-DDD2B6D60282}", "FDate": 1464220800000, "Resolution": 2, "GNIS_ID": " ", "GNIS_Name": " ", "LengthKM": 0.35897441, "ReachCode": "17090004022956", "FlowDir": 1, "WBArea_Per": " ", "FType": 460, "FCode": 46003, "MainPath": 0, "InNetwork": 1, "Visibility": 0, "Shape_Leng": 0.00384433, "Enabled": 1, "GlobalID": "224ea089-6d7f-4c0f-8a7b-934d555a1fb1", "Width": null, "Shape__Length": 358.75941631810508 }, "geometry": { "type": "LineString", "coordinates": [ [ -122.140862350073007, 44.229354112375098 ], [ -122.14110491053701, 44.22954932344679 ], [ -122.141943935423001, 44.230039685296191 ], [ -122.142440479399966, 44.230491552386404 ], [ -122.142511613441997, 44.230627369928591 ], [ -122.142553607498002, 44.231040210651599 ], [ -122.142683734973019, 44.231303777644698 ], [ -122.143167816719, 44.231398750891493 ], [ -122.143639862808001, 44.231608578230293 ] ] } },
{ "type": "Feature", "properties": { "OBJECTID_1": 72, "OBJECTID": 29508, "Permanent_": "{2F44D3F4-D2ED-4C17-839C-DD60E401CAEE}", "FDate": 1464220800000, "Resolution": 2, "GNIS_ID": " ", "GNIS_Name": " ", "LengthKM": 0.01700704, "ReachCode": "17090004022678", "FlowDir": 1, "WBArea_Per": "108067939", "FType": 558, "FCode": 55800, "MainPath": 0, "InNetwork": 1, "Visibility": 0, "Shape_Leng": 0.00015876, "Enabled": 1, "GlobalID": "2c330fc5-2b87-4535-96da-ff09f7f1223a", "Width": null, "Shape__Length": 16.956587972434253 }, "geometry": { "type": "LineString", "coordinates": [ [ -122.253039776622998, 44.2139548591894 ], [ -122.252982537136006, 44.213809215467798 ] ] } },
{ "type": "Feature", "properties": { "OBJECTID_1": 73, "OBJECTID": 25527, "Permanent_": "{3A8C5C44-ED16-4BB0-861B-8B4EA602FCD9}", "FDate": 1464220800000, "Resolution": 2, "GNIS_ID": " ", "GNIS_Name": " ", "LengthKM": 0.02111832, "ReachCode": "17090004003757", "FlowDir": 1, "WBArea_Per": "108067939", "FType": 558, "FCode": 55800, "MainPath": 0, "InNetwork": 1, "Visibility": 0, "Shape_Leng": 0.0002453, "Enabled": 1, "GlobalID": "d20f056e-e7d1-43de-89fe-55ca6e89ea81", "Width": null, "Shape__Length": 21.139001331750695 }, "geometry": { "type": "LineString", "coordinates": [ [ -122.244122357208013, 44.219167288813992 ], [ -122.244344135272996, 44.219068218943498 ] ] } },
{ "type": "Feature", "properties": { "OBJECTID_1": 74, "OBJECTID": 6516, "Permanent_": "{2EBEAA96-6EDD-457E-8DB2-11EB19F01A00}", "FDate": 1464220800000, "Resolution": 2, "GNIS_ID": " ", "GNIS_Name": " ", "LengthKM": 0.20894541, "ReachCode": "17090004023109", "FlowDir": 1, "WBArea_Per": " ", "FType": 460, "FCode": 46003, "MainPath": 0, "InNetwork": 1, "Visibility": 0, "Shape_Leng": 0.00261145, "Enabled": 1, "GlobalID": "6690cf58-a168-42b3-b849-1ba6b9b39f84", "Width": null, "Shape__Length": 209.49087878329729 }, "geometry": { "type": "LineString", "coordinates": [ [ -122.144460353190993, 44.258919655973308 ], [ -122.145748948614013, 44.258861378243985 ], [ -122.146875869865994, 44.258930051740194 ], [ -122.14705714089402, 44.258980279543295 ] ] } },
{ "type": "Feature", "properties": { "OBJECTID_1": 75, "OBJECTID": 14317, "Permanent_": "161200057", "FDate": 1464220800000, "Resolution": 2, "GNIS_ID": " ", "GNIS_Name": " ", "LengthKM": 0.60597616, "ReachCode": "17090004014616", "FlowDir": 1, "WBArea_Per": " ", "FType": 460, "FCode": 46003, "MainPath": 0, "InNetwork": 1, "Visibility": 0, "Shape_Leng": 0.00631312, "Enabled": 1, "GlobalID": "e8eb34f4-94d1-4c41-ac72-77ad1ae6f4d1", "Width": null, "Shape__Length": 605.29886479370543 }, "geometry": { "type": "LineString", "coordinates": [ [ -122.140502368770015, 44.206131768948893 ], [ -122.140565992424996, 44.206338789910703 ], [ -122.140568862099002, 44.20669069256531 ], [ -122.140891440330009, 44.207356176082499 ], [ -122.140970775045986, 44.207664540976197 ], [ -122.141249440025021, 44.208042780708993 ], [ -122.141561875983996, 44.2083188284765 ], [ -122.141834962448016, 44.208663990459087 ], [ -122.142234179178018, 44.208958792708195 ], [ -122.142556225852019, 44.209280503634197 ], [ -122.143083917724994, 44.209505322363199 ], [ -122.143466147032001, 44.209771447450201 ], [ -122.144248644309002, 44.210061317385701 ], [ -122.14470208096202, 44.210288788236397 ] ] } },
{ "type": "Feature", "properties": { "OBJECTID_1": 76, "OBJECTID": 13834, "Permanent_": "{B4C34D24-D4AA-40AC-A006-C78698BA2815}", "FDate": 1464220800000, "Resolution": 2, "GNIS_ID": " ", "GNIS_Name": " ", "LengthKM": 0.19599282, "ReachCode": "17090004003743", "FlowDir": 1, "WBArea_Per": " ", "FType": 460, "FCode": 46003, "MainPath": 0, "InNetwork": 1, "Visibility": 0, "Shape_Leng": 0.00236144, "Enabled": 1, "GlobalID": "85ca8b7d-7feb-4584-b0bf-94d231ec7799", "Width": null, "Shape__Length": 196.34734196731628 }, "geometry": { "type": "LineString", "coordinates": [ [ -122.213523494284019, 44.23629900012471 ], [ -122.213968534711015, 44.235991880047294 ], [ -122.215087646434981, 44.235952864501897 ], [ -122.215758459666006, 44.23582295011709 ] ] } },
{ "type": "Feature", "properties": { "OBJECTID_1": 77, "OBJECTID": 13672, "Permanent_": "{BE2C5189-C947-46E0-8F82-2B870E100B16}", "FDate": 1464220800000, "Resolution": 2, "GNIS_ID": " ", "GNIS_Name": " ", "LengthKM": 0.52367444, "ReachCode": "17090004022785", "FlowDir": 1, "WBArea_Per": " ", "FType": 460, "FCode": 46003, "MainPath": 0, "InNetwork": 1, "Visibility": 0, "Shape_Leng": 0.00571693, "Enabled": 1, "GlobalID": "87539df4-9ff7-44f4-af14-450197e301da", "Width": null, "Shape__Length": 523.55442797686271 }, "geometry": { "type": "LineString", "coordinates": [ [ -122.247651995355, 44.224714880615203 ], [ -122.246660390916006, 44.224689280380993 ], [ -122.246488210730988, 44.224615498468786 ], [ -122.246219780372996, 44.224360468460901 ], [ -122.245551620431002, 44.2242288018168 ], [ -122.245112199404005, 44.224046898486883 ], [ -122.244885667381013, 44.223824443639202 ], [ -122.24475522569, 44.223567081107909 ], [ -122.243810101967014, 44.222870960581503 ], [ -122.243308527034003, 44.222175253902002 ], [ -122.243236984763996, 44.221841123733796 ] ] } },
{ "type": "Feature", "properties": { "OBJECTID_1": 78, "OBJECTID": 6402, "Permanent_": "{3A54B2CD-CC99-4C95-8221-EDB78632870B}", "FDate": 1464220800000, "Resolution": 2, "GNIS_ID": " ", "GNIS_Name": " ", "LengthKM": 0.12417406, "ReachCode": "17090004022807", "FlowDir": 1, "WBArea_Per": " ", "FType": 460, "FCode": 46003, "MainPath": 0, "InNetwork": 1, "Visibility": 0, "Shape_Leng": 0.00120031, "Enabled": 1, "GlobalID": "827ee439-b5cc-4cb1-92d0-ad4fafa91a86", "Width": null, "Shape__Length": 123.87283551855798 }, "geometry": { "type": "LineString", "coordinates": [ [ -122.164527998764015, 44.207244063521486 ], [ -122.164734833349016, 44.207521099619306 ], [ -122.164942143513983, 44.208074667058291 ], [ -122.165123196359005, 44.208253678481697 ] ] } },
{ "type": "Feature", "properties": { "OBJECTID_1": 79, "OBJECTID": 6295, "Permanent_": "{CE31B79E-C072-46A5-BAC5-9FCCB844E3F4}", "FDate": 1464220800000, "Resolution": 2, "GNIS_ID": " ", "GNIS_Name": " ", "LengthKM": 0.18280224, "ReachCode": "17090004023145", "FlowDir": 1, "WBArea_Per": " ", "FType": 460, "FCode": 46003, "MainPath": 0, "InNetwork": 1, "Visibility": 0, "Shape_Leng": 0.001787, "Enabled": 1, "GlobalID": "8156c434-0052-4e9f-a8ff-314984e906dc", "Width": null, "Shape__Length": 182.40987391190217 }, "geometry": { "type": "LineString", "coordinates": [ [ -122.170288963416994, 44.270715846568407 ], [ -122.170167500892006, 44.270490288447697 ], [ -122.170230975159015, 44.269855858469903 ], [ -122.169955047667003, 44.269513644362803 ], [ -122.169601288498001, 44.269267246019496 ] ] } },
{ "type": "Feature", "properties": { "OBJECTID_1": 80, "OBJECTID": 6293, "Permanent_": "{BE0C6189-7057-48A2-A9CA-34685D7E00DC}", "FDate": 1464220800000, "Resolution": 2, "GNIS_ID": " ", "GNIS_Name": " ", "LengthKM": 0.16485215, "ReachCode": "17090004022998", "FlowDir": 1, "WBArea_Per": " ", "FType": 460, "FCode": 46006, "MainPath": 0, "InNetwork": 1, "Visibility": 0, "Shape_Leng": 0.00156222, "Enabled": 1, "GlobalID": "dd96bdc8-596f-4679-aeaf-2324b9711bd6", "Width": null, "Shape__Length": 164.41668357405339 }, "geometry": { "type": "LineString", "coordinates": [ [ -122.176705533645986, 44.2624945460757 ], [ -122.176642652477014, 44.262348668055303 ], [ -122.176656634561979, 44.26218005221039 ], [ -122.176903596347998, 44.261619872990899 ], [ -122.176860618461006, 44.261346884577108 ], [ -122.176630506763004, 44.261116453566402 ] ] } },
{ "type": "Feature", "properties": { "OBJECTID_1": 81, "OBJECTID": 13668, "Permanent_": "{8E965E79-19EA-4A07-BDE1-1DEAE084C080}", "FDate": 1464220800000, "Resolution": 2, "GNIS_ID": "01123461", "GNIS_Name": "Lookout Creek", "LengthKM": 0.04141573, "ReachCode": "17090004001156", "FlowDir": 1, "WBArea_Per": "108067939", "FType": 558, "FCode": 55800, "MainPath": 0, "InNetwork": 1, "Visibility": 0, "Shape_Leng": 0.00037792, "Enabled": 1, "GlobalID": "c0648395-9b58-4b59-ae26-bf0a70d2a16a", "Width": 1.0, "Shape__Length": 41.279639127417994 }, "geometry": { "type": "LineString", "coordinates": [ [ -122.252982537136006, 44.213809215467798 ], [ -122.253013851541994, 44.2134448331812 ] ] } },
{ "type": "Feature", "properties": { "OBJECTID_1": 82, "OBJECTID": 30164, "Permanent_": "{91A65338-D246-4A1D-A89C-EDB9637D220E}", "FDate": 1464220800000, "Resolution": 2, "GNIS_ID": " ", "GNIS_Name": " ", "LengthKM": 0.56550922, "ReachCode": "17090004022927", "FlowDir": 1, "WBArea_Per": " ", "FType": 460, "FCode": 46006, "MainPath": 0, "InNetwork": 1, "Visibility": 0, "Shape_Leng": 0.00547401, "Enabled": 1, "GlobalID": "da1cbb47-24fd-4cd5-8857-0b0d1879bc6d", "Width": null, "Shape__Length": 564.19620601103725 }, "geometry": { "type": "LineString", "coordinates": [ [ -122.142622705717017, 44.248087138467 ], [ -122.142879866204012, 44.247813682787395 ], [ -122.143134596085019, 44.247202018880991 ], [ -122.143059424914995, 44.246382356387116 ], [ -122.142953032368993, 44.246063195316196 ], [ -122.143080559084012, 44.245630199387996 ], [ -122.143383132514003, 44.245362220293103 ], [ -122.143626083567014, 44.245268997217792 ], [ -122.143717450251998, 44.244963705704805 ], [ -122.143905117740019, 44.244698797218597 ], [ -122.143871397463002, 44.244329796617002 ], [ -122.143961917392019, 44.243993317188696 ], [ -122.143381540963006, 44.24354739411671 ] ] } },
{ "type": "Feature", "properties": { "OBJECTID_1": 83, "OBJECTID": 2569, "Permanent_": "{A7B3B35D-318F-49C3-8A9B-CC5AD4B4C8A8}", "FDate": 1464220800000, "Resolution": 2, "GNIS_ID": " ", "GNIS_Name": " ", "LengthKM": 0.29018221, "ReachCode": "17090004023149", "FlowDir": 1, "WBArea_Per": " ", "FType": 460, "FCode": 46003, "MainPath": 0, "InNetwork": 1, "Visibility": 0, "Shape_Leng": 0.00263678, "Enabled": 1, "GlobalID": "3f6f6ca2-a84c-4776-8ce2-f29795182f3c", "Width": null, "Shape__Length": 289.24813197251007 }, "geometry": { "type": "LineString", "coordinates": [ [ -122.150685122257997, 44.27171913034919 ], [ -122.150631088249, 44.271531502864583 ], [ -122.150689680680003, 44.271038616180604 ], [ -122.15062687555799, 44.270842339042396 ], [ -122.150630149270995, 44.2704526247256 ], [ -122.150741176487003, 44.270031856962085 ], [ -122.150630340728, 44.269501943920702 ], [ -122.150645802362007, 44.269151423121293 ] ] } },
{ "type": "Feature", "properties": { "OBJECTID_1": 84, "OBJECTID": 18073, "Permanent_": "{1729DFFE-4F59-4ADF-A6E1-349969871FE0}", "FDate": 1464220800000, "Resolution": 2, "GNIS_ID": " ", "GNIS_Name": " ", "LengthKM": 0.23362045, "ReachCode": "17090004022833", "FlowDir": 1, "WBArea_Per": " ", "FType": 460, "FCode": 46003, "MainPath": 0, "InNetwork": 1, "Visibility": 0, "Shape_Leng": 0.0023311, "Enabled": 1, "GlobalID": "69620e19-2630-4507-bc71-7e9b920701e5", "Width": null, "Shape__Length": 233.17652636906408 }, "geometry": { "type": "LineString", "coordinates": [ [ -122.170533818569993, 44.2137493315388 ], [ -122.17015645735701, 44.214557027688109 ], [ -122.169269696402012, 44.215298422906592 ], [ -122.169207561625981, 44.215390538626806 ], [ -122.169210986503018, 44.215547328042902 ] ] } },
{ "type": "Feature", "properties": { "OBJECTID_1": 85, "OBJECTID": 26104, "Permanent_": "{981F9ABB-C01C-42A9-B854-0EA4FCCA36C4}", "FDate": 1464220800000, "Resolution": 2, "GNIS_ID": " ", "GNIS_Name": " ", "LengthKM": 0.05606005, "ReachCode": "17090004023133", "FlowDir": 1, "WBArea_Per": " ", "FType": 460, "FCode": 46003, "MainPath": 0, "InNetwork": 1, "Visibility": 0, "Shape_Leng": 0.00052314, "Enabled": 1, "GlobalID": "aee5cd1b-74eb-4a54-b450-2a44a9a4b64b", "Width": null, "Shape__Length": 55.899822077181426 }, "geometry": { "type": "LineString", "coordinates": [ [ -122.150645802362007, 44.269151423121293 ], [ -122.15068818444702, 44.26891341741559 ], [ -122.150828498566, 44.26867110706079 ] ] } },
{ "type": "Feature", "properties": { "OBJECTID_1": 86, "OBJECTID": 26299, "Permanent_": "{B6002306-F59F-4ECE-9C49-3B698A4BFCFD}", "FDate": 1464220800000, "Resolution": 2, "GNIS_ID": " ", "GNIS_Name": " ", "LengthKM": 0.16084944, "ReachCode": "17090004001287", "FlowDir": 1, "WBArea_Per": " ", "FType": 460, "FCode": 46003, "MainPath": 0, "InNetwork": 1, "Visibility": 0, "Shape_Leng": 0.00152039, "Enabled": 1, "GlobalID": "71954e22-9350-4c16-a958-846b9b989e6e", "Width": null, "Shape__Length": 160.41104298488483 }, "geometry": { "type": "LineString", "coordinates": [ [ -122.121134969758003, 44.237021250219691 ], [ -122.120754657049005, 44.236475910658001 ], [ -122.120729041142994, 44.236000862636004 ], [ -122.12056871693801, 44.235666779052302 ] ] } },
{ "type": "Feature", "properties": { "OBJECTID_1": 87, "OBJECTID": 21615, "Permanent_": "{FDEBA658-8DA0-4151-9212-5B45B542C943}", "FDate": 1464220800000, "Resolution": 2, "GNIS_ID": " ", "GNIS_Name": " ", "LengthKM": 0.19690207, "ReachCode": "17090004022683", "FlowDir": 1, "WBArea_Per": " ", "FType": 460, "FCode": 46003, "MainPath": 0, "InNetwork": 1, "Visibility": 0, "Shape_Leng": 0.00190506, "Enabled": 1, "GlobalID": "9ae189cf-854f-4a5d-a451-df025f787a8f", "Width": null, "Shape__Length": 196.43028072924258 }, "geometry": { "type": "LineString", "coordinates": [ [ -122.223068283060002, 44.218305219184984 ], [ -122.222998214233996, 44.218546505736903 ], [ -122.223028484097, 44.218704582596494 ], [ -122.223640544706015, 44.219392192184301 ], [ -122.223719888068018, 44.21977499748369 ], [ -122.223818738228005, 44.219900747099899 ] ] } },
{ "type": "Feature", "properties": { "OBJECTID_1": 88, "OBJECTID": 17936, "Permanent_": "{BF9E0597-527C-4CC2-865E-CFC313912DE2}", "FDate": 1464220800000, "Resolution": 2, "GNIS_ID": " ", "GNIS_Name": " ", "LengthKM": 0.07901005, "ReachCode": "17090004023026", "FlowDir": 1, "WBArea_Per": " ", "FType": 460, "FCode": 46003, "MainPath": 0, "InNetwork": 1, "Visibility": 0, "Shape_Leng": 0.00097599, "Enabled": 1, "GlobalID": "82fe0316-f1bf-4ada-ae69-621eeae7c453", "Width": null, "Shape__Length": 79.196273283560274 }, "geometry": { "type": "LineString", "coordinates": [ [ -122.191363596703994, 44.242600710900291 ], [ -122.191605740998014, 44.242531960237798 ], [ -122.192022252070018, 44.242534827897707 ], [ -122.192321948795993, 44.242590948866003 ] ] } },
{ "type": "Feature", "properties": { "OBJECTID_1": 89, "OBJECTID": 18195, "Permanent_": "{47C9CF1F-3329-4A20-A787-DF2DFBAC76B5}", "FDate": 1464220800000, "Resolution": 2, "GNIS_ID": " ", "GNIS_Name": " ", "LengthKM": 0.24406177, "ReachCode": "17090004022802", "FlowDir": 1, "WBArea_Per": " ", "FType": 460, "FCode": 46003, "MainPath": 0, "InNetwork": 1, "Visibility": 0, "Shape_Leng": 0.0023191, "Enabled": 1, "GlobalID": "8f9200dd-9265-4115-ad28-526c16ad5a3c", "Width": null, "Shape__Length": 243.41033701103635 }, "geometry": { "type": "LineString", "coordinates": [ [ -122.166436296276999, 44.205362806078291 ], [ -122.166207679328011, 44.205690537007804 ], [ -122.166033932490009, 44.206217031900493 ], [ -122.166099518737994, 44.2070012587915 ], [ -122.16594911553301, 44.207280362312289 ], [ -122.165729125817009, 44.207378267727201 ] ] } },
{ "type": "Feature", "properties": { "OBJECTID_1": 90, "OBJECTID": 25958, "Permanent_": "{17BD2A47-E349-4041-B45B-B05AAF8BD591}", "FDate": 1464220800000, "Resolution": 2, "GNIS_ID": " ", "GNIS_Name": " ", "LengthKM": 0.60650755, "ReachCode": "17090004023040", "FlowDir": 1, "WBArea_Per": " ", "FType": 460, "FCode": 46003, "MainPath": 0, "InNetwork": 1, "Visibility": 0, "Shape_Leng": 0.00651397, "Enabled": 1, "GlobalID": "0da5fb17-2700-412b-b589-9ad6645df63f", "Width": null, "Shape__Length": 606.19344516211197 }, "geometry": { "type": "LineString", "coordinates": [ [ -122.183955709144996, 44.241904250907403 ], [ -122.184211352199981, 44.242393752428498 ], [ -122.184348490245, 44.2425192959548 ], [ -122.184368404558995, 44.242763663465382 ], [ -122.184491077681002, 44.243103664511089 ], [ -122.184749247485001, 44.243364293371002 ], [ -122.184821653971014, 44.243610006828497 ], [ -122.184914059036004, 44.24371636621639 ], [ -122.185119947470994, 44.243805411912184 ], [ -122.186319368166991, 44.243981489891993 ], [ -122.186548562704004, 44.24415638961559 ], [ -122.186705205143014, 44.244449729369101 ], [ -122.187053308711995, 44.244639033292302 ], [ -122.187559154775002, 44.245032615785703 ], [ -122.187708666991, 44.245256681297299 ], [ -122.188418165711013, 44.245364401150503 ], [ -122.188677895284002, 44.245484825099304 ] ] } },
{ "type": "Feature", "properties": { "OBJECTID_1": 91, "OBJECTID": 14315, "Permanent_": "{90563757-2E23-484B-A518-ED0A948CBCA4}", "FDate": 1464220800000, "Resolution": 2, "GNIS_ID": " ", "GNIS_Name": " ", "LengthKM": 0.39614863, "ReachCode": "17090004022826", "FlowDir": 1, "WBArea_Per": " ", "FType": 460, "FCode": 46003, "MainPath": 0, "InNetwork": 1, "Visibility": 0, "Shape_Leng": 0.00370869, "Enabled": 1, "GlobalID": "72ca74ae-5f42-468d-bd74-c2045fc295e6", "Width": null, "Shape__Length": 394.99860871402501 }, "geometry": { "type": "LineString", "coordinates": [ [ -122.142045685090011, 44.214649050629291 ], [ -122.142090461720002, 44.213749828987893 ], [ -122.142465227659997, 44.213243210947297 ], [ -122.142588330745994, 44.212885371447392 ], [ -122.142777683698014, 44.212668039573998 ], [ -122.142852910746996, 44.21229472328379 ], [ -122.14311629655802, 44.211862197640798 ], [ -122.143270025316014, 44.211275029321399 ] ] } },
{ "type": "Feature", "properties": { "OBJECTID_1": 92, "OBJECTID": 9805, "Permanent_": "{BD5FCE90-FF09-4039-8F07-5A8B6EA3FCA5}", "FDate": 1464220800000, "Resolution": 2, "GNIS_ID": " ", "GNIS_Name": " ", "LengthKM": 0.00602503, "ReachCode": "17090004014587", "FlowDir": 1, "WBArea_Per": "108067939", "FType": 558, "FCode": 55800, "MainPath": 0, "InNetwork": 1, "Visibility": 0, "Shape_Leng": 7.131e-05, "Enabled": 1, "GlobalID": "654e786c-6c81-450b-be6f-fd7ddab39440", "Width": null, "Shape__Length": 6.0334080974988709 }, "geometry": { "type": "LineString", "coordinates": [ [ -122.251417277312015, 44.215538862307483 ], [ -122.251483765810988, 44.215513235689102 ] ] } },
{ "type": "Feature", "properties": { "OBJECTID_1": 93, "OBJECTID": 22053, "Permanent_": "{3334A2C5-4EC3-441A-B24B-F8F104EAD6B8}", "FDate": 1464220800000, "Resolution": 2, "GNIS_ID": " ", "GNIS_Name": " ", "LengthKM": 0.08653651, "ReachCode": "17090004022838", "FlowDir": 1, "WBArea_Per": " ", "FType": 460, "FCode": 46003, "MainPath": 0, "InNetwork": 1, "Visibility": 0, "Shape_Leng": 0.00108423, "Enabled": 1, "GlobalID": "fd340fcd-80da-4e20-9ab0-bc12967959fe", "Width": null, "Shape__Length": 86.776533263745208 }, "geometry": { "type": "LineString", "coordinates": [ [ -122.148946988009001, 44.217494643806702 ], [ -122.150029013779005, 44.217537546790098 ] ] } },
{ "type": "Feature", "properties": { "OBJECTID_1": 94, "OBJECTID": 25395, "Permanent_": "{787EC323-F565-4235-B7B5-D670051767DF}", "FDate": 1464220800000, "Resolution": 2, "GNIS_ID": " ", "GNIS_Name": " ", "LengthKM": 0.31951408, "ReachCode": "17090004023203", "FlowDir": 1, "WBArea_Per": " ", "FType": 460, "FCode": 46003, "MainPath": 0, "InNetwork": 1, "Visibility": 0, "Shape_Leng": 0.00361741, "Enabled": 1, "GlobalID": "a379f160-b4f3-48a2-905f-7df0ed6e174f", "Width": null, "Shape__Length": 319.64805457450132 }, "geometry": { "type": "LineString", "coordinates": [ [ -122.25631890371298, 44.219571986320609 ], [ -122.256597275927021, 44.219519530030297 ], [ -122.257238557687003, 44.219245226329399 ], [ -122.257840771813989, 44.218818646243783 ], [ -122.258250508558987, 44.218635390859092 ], [ -122.259144756376003, 44.218092603724294 ], [ -122.259461837168004, 44.217850576395684 ] ] } },
{ "type": "Feature", "properties": { "OBJECTID_1": 95, "OBJECTID": 25530, "Permanent_": "{C4627D26-1E5C-489A-8BB0-5FA966980F82}", "FDate": 1464220800000, "Resolution": 2, "GNIS_ID": " ", "GNIS_Name": " ", "LengthKM": 0.15339344, "ReachCode": "17090004022705", "FlowDir": 1, "WBArea_Per": " ", "FType": 460, "FCode": 46003, "MainPath": 0, "InNetwork": 1, "Visibility": 0, "Shape_Leng": 0.00141375, "Enabled": 1, "GlobalID": "9cd32b1e-98d8-44df-87c1-03c6620d805c", "Width": null, "Shape__Length": 152.91446851628717 }, "geometry": { "type": "LineString", "coordinates": [ [ -122.242400260924001, 44.22772169560109 ], [ -122.242449816557993, 44.227231986704609 ], [ -122.242780664804982, 44.226387037216405 ] ] } },
{ "type": "Feature", "properties": { "OBJECTID_1": 96, "OBJECTID": 13968, "Permanent_": "{98CF7F3D-AA63-419C-9D1F-420B18FE4C41}", "FDate": 1464220800000, "Resolution": 2, "GNIS_ID": " ", "GNIS_Name": " ", "LengthKM": 0.12640152, "ReachCode": "17090004023027", "FlowDir": 1, "WBArea_Per": " ", "FType": 460, "FCode": 46003, "MainPath": 0, "InNetwork": 1, "Visibility": 0, "Shape_Leng": 0.00148763, "Enabled": 1, "GlobalID": "181b4c02-26b9-4d58-aab0-884e2c946069", "Width": null, "Shape__Length": 126.5604696919326 }, "geometry": { "type": "LineString", "coordinates": [ [ -122.190954026362007, 44.243036064615701 ], [ -122.191273451073016, 44.242949320106099 ], [ -122.191627681463999, 44.242708850887098 ], [ -122.192093194332998, 44.242692377973 ], [ -122.192321948795993, 44.242590948866003 ] ] } },
{ "type": "Feature", "properties": { "OBJECTID_1": 97, "OBJECTID": 21896, "Permanent_": "{9504FA1F-315C-4B2B-BAAC-55AD121D1194}", "FDate": 1464220800000, "Resolution": 2, "GNIS_ID": " ", "GNIS_Name": " ", "LengthKM": 1.19476046, "ReachCode": "17090004022853", "FlowDir": 1, "WBArea_Per": " ", "FType": 460, "FCode": 46003, "MainPath": 0, "InNetwork": 1, "Visibility": 0, "Shape_Leng": 0.0130721, "Enabled": 1, "GlobalID": "379514e4-bf3e-479d-8463-6386a6690de3", "Width": null, "Shape__Length": 1194.4899466836703 }, "geometry": { "type": "LineString", "coordinates": [ [ -122.186046077043002, 44.211567095739987 ], [ -122.185785217593988, 44.21168117834231 ], [ -122.185232971199994, 44.211829770263691 ], [ -122.184796206057996, 44.211770999388996 ], [ -122.184460609840983, 44.211822444564703 ], [ -122.183927560786998, 44.211640179072596 ], [ -122.183650692819981, 44.211701114784695 ], [ -122.182439782949018, 44.212642103078899 ], [ -122.182082553800996, 44.213024939910504 ], [ -122.181091924860013, 44.213705275018796 ], [ -122.180786261108992, 44.214161566703496 ], [ -122.180441652721015, 44.214350263073584 ], [ -122.180148055792998, 44.214675623121302 ], [ -122.179758015662017, 44.214913271836892 ], [ -122.179107523190012, 44.215425140906497 ], [ -122.178828645351018, 44.21554826125049 ], [ -122.178482558938981, 44.215612276324308 ], [ -122.178136007282006, 44.215915057528498 ], [ -122.177635585909997, 44.21625447120369 ], [ -122.177439263918998, 44.216490333663593 ], [ -122.176964359384016, 44.216871047243409 ], [ -122.176705142150013, 44.217335170094294 ], [ -122.176503141384984, 44.217579867064408 ], [ -122.176037305406993, 44.217970644574201 ], [ -122.175560401679988, 44.218168087919395 ] ] } },
{ "type": "Feature", "properties": { "OBJECTID_1": 98, "OBJECTID": 29925, "Permanent_": "{12447281-6E9A-4A88-810B-1372D0898797}", "FDate": 1464220800000, "Resolution": 2, "GNIS_ID": " ", "GNIS_Name": " ", "LengthKM": 0.38692858, "ReachCode": "17090004023030", "FlowDir": 1, "WBArea_Per": " ", "FType": 460, "FCode": 46003, "MainPath": 0, "InNetwork": 1, "Visibility": 0, "Shape_Leng": 0.00473854, "Enabled": 1, "GlobalID": "2f3b71af-7e48-40e4-a9f2-0e727e118934", "Width": null, "Shape__Length": 387.76313614643652 }, "geometry": { "type": "LineString", "coordinates": [ [ -122.174899826605014, 44.243695392154891 ], [ -122.175179971456004, 44.243678907703796 ], [ -122.176471131918007, 44.243939222822199 ], [ -122.176905127134006, 44.243803330449396 ], [ -122.177445303629014, 44.243852711484983 ], [ -122.177947251911007, 44.243833574974296 ], [ -122.178486341741007, 44.243564264182687 ], [ -122.179500965659017, 44.243606898382389 ] ] } },
{ "type": "Feature", "properties": { "OBJECTID_1": 99, "OBJECTID": 6621, "Permanent_": "161200508", "FDate": 1464220800000, "Resolution": 2, "GNIS_ID": "01123461", "GNIS_Name": "Lookout Creek", "LengthKM": 0.33722343, "ReachCode": "17090004000324", "FlowDir": 1, "WBArea_Per": " ", "FType": 460, "FCode": 46006, "MainPath": 0, "InNetwork": 1, "Visibility": 0, "Shape_Leng": 0.00388262, "Enabled": 1, "GlobalID": "e479a14d-8af9-4ca8-991e-ce874cc7e06f", "Width": 1.0, "Shape__Length": 337.50627869678294 }, "geometry": { "type": "LineString", "coordinates": [ [ -122.123924125545003, 44.227004775426003 ], [ -122.124159295585983, 44.227143266001399 ], [ -122.124291142417007, 44.227387120725503 ], [ -122.124458232962027, 44.227488548676405 ], [ -122.124633119581006, 44.227533372287397 ], [ -122.125656553586012, 44.227602340860692 ], [ -122.125873864016995, 44.227731193798306 ], [ -122.126099294868013, 44.227949592252799 ], [ -122.126390339637979, 44.228102287644703 ], [ -122.126669585198016, 44.228151071710897 ], [ -122.126977548509018, 44.228091310596099 ], [ -122.127333901132999, 44.228310808867796 ] ] } },
{ "type": "Feature", "properties": { "OBJECTID_1": 100, "OBJECTID": 6154, "Permanent_": "161200474", "FDate": 1464220800000, "Resolution": 2, "GNIS_ID": " ", "GNIS_Name": " ", "LengthKM": 0.76421841, "ReachCode": "17090004003748", "FlowDir": 1, "WBArea_Per": " ", "FType": 460, "FCode": 46006, "MainPath": 0, "InNetwork": 1, "Visibility": 0, "Shape_Leng": 0.00718017, "Enabled": 1, "GlobalID": "dea8f555-6cae-45cc-8e63-16ffd6095a32", "Width": null, "Shape__Length": 762.06149950125541 }, "geometry": { "type": "LineString", "coordinates": [ [ -122.194460198158993, 44.226975815298303 ], [ -122.194448211344991, 44.227104761762902 ], [ -122.194657394586997, 44.227792960895492 ], [ -122.194585689944006, 44.228242789807098 ], [ -122.19436327887901, 44.228858835663708 ], [ -122.194467934769989, 44.229243663139798 ], [ -122.194701765559984, 44.229467173076692 ], [ -122.19474286706, 44.229637464272699 ], [ -122.194616073315999, 44.22994358851701 ], [ -122.194589916691001, 44.230569259624886 ], [ -122.194719837096997, 44.230866169365591 ], [ -122.194849209304991, 44.231436652857006 ], [ -122.195109458893, 44.231744542551908 ], [ -122.19519114250501, 44.232141834179806 ], [ -122.195345554157001, 44.232471937316006 ], [ -122.195240204052013, 44.232865489366503 ], [ -122.195447458540002, 44.233008987878399 ], [ -122.195783927067012, 44.233441816919303 ] ] } },
{ "type": "Feature", "properties": { "OBJECTID_1": 101, "OBJECTID": 25829, "Permanent_": "{83D5BE38-76C5-4199-8A3F-9539A8F4E446}", "FDate": 1464220800000, "Resolution": 2, "GNIS_ID": " ", "GNIS_Name": " ", "LengthKM": 0.86149755, "ReachCode": "17090004024511", "FlowDir": 1, "WBArea_Per": " ", "FType": 460, "FCode": 46003, "MainPath": 0, "InNetwork": 1, "Visibility": 0, "Shape_Leng": 0.00888063, "Enabled": 1, "GlobalID": "f5bb8351-795d-4cb8-98b5-0a0931e24908", "Width": null, "Shape__Length": 860.38645846346367 }, "geometry": { "type": "LineString", "coordinates": [ [ -122.200349714582003, 44.249185471354401 ], [ -122.200112729570989, 44.248532112477008 ], [ -122.199994655763007, 44.248357919344407 ], [ -122.199637191332016, 44.248033132432198 ], [ -122.199193646081994, 44.247968387702194 ], [ -122.198766909176001, 44.248023493089491 ], [ -122.198467956776014, 44.24797593642959 ], [ -122.198219696338015, 44.247855457733003 ], [ -122.197839062843016, 44.247617336482001 ], [ -122.196528926808, 44.246419277150501 ], [ -122.195844296410996, 44.244905013766896 ], [ -122.195451733465006, 44.244480518257902 ], [ -122.194906424145003, 44.244113664914096 ], [ -122.194858569164992, 44.243946989956598 ], [ -122.194976335689006, 44.243780423546006 ], [ -122.194919722581986, 44.243661867870784 ], [ -122.194968765184015, 44.243339048134779 ] ] } },
{ "type": "Feature", "properties": { "OBJECTID_1": 102, "OBJECTID": 17794, "Permanent_": "{574020EE-E77C-4832-874B-D4B99C25B0F0}", "FDate": 1464220800000, "Resolution": 2, "GNIS_ID": "01123461", "GNIS_Name": "Lookout Creek", "LengthKM": 0.05497168, "ReachCode": "17090004001156", "FlowDir": 1, "WBArea_Per": "108067939", "FType": 558, "FCode": 55800, "MainPath": 0, "InNetwork": 1, "Visibility": 0, "Shape_Leng": 0.00063255, "Enabled": 1, "GlobalID": "c4d4340f-e4b8-4ab5-835a-f23510725174", "Width": 1.0, "Shape__Length": 55.018182833534375 }, "geometry": { "type": "LineString", "coordinates": [ [ -122.230955729251008, 44.228881524707099 ], [ -122.231324800894001, 44.228874044187506 ], [ -122.231507535314989, 44.228692784845421 ] ] } },
{ "type": "Feature", "properties": { "OBJECTID_1": 103, "OBJECTID": 25955, "Permanent_": "{17FB8FF0-E01B-4B78-A183-A208F360CA7F}", "FDate": 1464220800000, "Resolution": 2, "GNIS_ID": " ", "GNIS_Name": " ", "LengthKM": 0.07553756, "ReachCode": "17090004023070", "FlowDir": 1, "WBArea_Per": " ", "FType": 460, "FCode": 46003, "MainPath": 0, "InNetwork": 1, "Visibility": 0, "Shape_Leng": 0.00075527, "Enabled": 1, "GlobalID": "73609ca5-5020-4a9b-b021-7cbceedb4173", "Width": null, "Shape__Length": 75.401849576152301 }, "geometry": { "type": "LineString", "coordinates": [ [ -122.188261435146998, 44.251154889419389 ], [ -122.188286836682991, 44.251034921019397 ], [ -122.188181667662008, 44.25079037450331 ], [ -122.188090829499998, 44.250677246092209 ], [ -122.187900366106021, 44.2505854372234 ] ] } },
{ "type": "Feature", "properties": { "OBJECTID_1": 104, "OBJECTID": 29911, "Permanent_": "{DDE1085A-08B4-4468-8956-E0C32EE60957}", "FDate": 1464220800000, "Resolution": 2, "GNIS_ID": " ", "GNIS_Name": " ", "LengthKM": 0.17032283, "ReachCode": "17090004022901", "FlowDir": 1, "WBArea_Per": " ", "FType": 460, "FCode": 46003, "MainPath": 0, "InNetwork": 1, "Visibility": 0, "Shape_Leng": 0.00166052, "Enabled": 1, "GlobalID": "c3f86579-8d62-4b97-915a-54707d5c8c77", "Width": null, "Shape__Length": 169.94035089120572 }, "geometry": { "type": "LineString", "coordinates": [ [ -122.177287316700998, 44.2324032350772 ], [ -122.17736056647, 44.232334311681591 ], [ -122.177374400291995, 44.232159679724099 ], [ -122.17757198443698, 44.231943649283991 ], [ -122.17762713621498, 44.231626523516809 ], [ -122.177907493852004, 44.231410510358003 ], [ -122.177787354474987, 44.231044012839199 ] ] } },
{ "type": "Feature", "properties": { "OBJECTID_1": 105, "OBJECTID": 6153, "Permanent_": "{9683375F-A08E-45FE-B47A-9A08AE7F8757}", "FDate": 1464220800000, "Resolution": 2, "GNIS_ID": "01123461", "GNIS_Name": "Lookout Creek", "LengthKM": 0.01818636, "ReachCode": "17090004000322", "FlowDir": 1, "WBArea_Per": " ", "FType": 460, "FCode": 46006, "MainPath": 0, "InNetwork": 1, "Visibility": 0, "Shape_Leng": 0.00021134, "Enabled": 1, "GlobalID": "61c76119-fe5f-44a6-a166-0e1536f3914d", "Width": 1.0, "Shape__Length": 18.204232843787612 }, "geometry": { "type": "LineString", "coordinates": [ [ -122.195592900188984, 44.233368256969499 ], [ -122.195783927067012, 44.233441816919303 ] ] } },
{ "type": "Feature", "properties": { "OBJECTID_1": 106, "OBJECTID": 13569, "Permanent_": "161199308", "FDate": 1464220800000, "Resolution": 2, "GNIS_ID": " ", "GNIS_Name": " ", "LengthKM": 0.68264311, "ReachCode": "17090004014263", "FlowDir": 1, "WBArea_Per": " ", "FType": 460, "FCode": 46003, "MainPath": 0, "InNetwork": 1, "Visibility": 0, "Shape_Leng": 0.0084672, "Enabled": 1, "GlobalID": "f262bb9f-2932-4455-8291-b3a309791475", "Width": null, "Shape__Length": 230.96014599332651 }, "geometry": { "type": "LineString", "coordinates": [ [ -122.272444585009012, 44.216076542827899 ], [ -122.271895465748997, 44.215947180120402 ], [ -122.271367956215997, 44.21588820687289 ], [ -122.270795764463003, 44.215901391595608 ], [ -122.269597938562001, 44.215842570482806 ] ] } },
{ "type": "Feature", "properties": { "OBJECTID_1": 107, "OBJECTID": 6517, "Permanent_": "{0B5F4E97-13AE-40F7-8665-672CC531106B}", "FDate": 1464220800000, "Resolution": 2, "GNIS_ID": "01124021", "GNIS_Name": "McRae Creek", "LengthKM": 0.03470328, "ReachCode": "17090004014576", "FlowDir": 1, "WBArea_Per": " ", "FType": 460, "FCode": 46003, "MainPath": 0, "InNetwork": 1, "Visibility": 0, "Shape_Leng": 0.00037521, "Enabled": 1, "GlobalID": "cb04bf8c-1560-481e-a4cc-c15866cddb63", "Width": 1.0, "Shape__Length": 34.685531684466369 }, "geometry": { "type": "LineString", "coordinates": [ [ -122.143991329363018, 44.269742279532309 ], [ -122.144290103948009, 44.269516152046094 ] ] } },
{ "type": "Feature", "properties": { "OBJECTID_1": 108, "OBJECTID": 21754, "Permanent_": "{00BADC87-8570-43B7-80AF-73E369580739}", "FDate": 1464220800000, "Resolution": 2, "GNIS_ID": " ", "GNIS_Name": " ", "LengthKM": 0.36136719, "ReachCode": "17090004024529", "FlowDir": 1, "WBArea_Per": " ", "FType": 460, "FCode": 46006, "MainPath": 0, "InNetwork": 1, "Visibility": 0, "Shape_Leng": 0.00382165, "Enabled": 1, "GlobalID": "bd35d63f-2b96-4680-8db0-38a35943d8ac", "Width": null, "Shape__Length": 361.06211531643874 }, "geometry": { "type": "LineString", "coordinates": [ [ -122.189881069394986, 44.248612458576297 ], [ -122.190379375006998, 44.248394774762403 ], [ -122.190701719385018, 44.248143423889296 ], [ -122.191361278436005, 44.247765864109894 ], [ -122.191577024350011, 44.247360563016201 ], [ -122.191461137499005, 44.247044004283694 ], [ -122.191503998610003, 44.246923796737995 ], [ -122.191738448020018, 44.246673202698801 ], [ -122.192181872980996, 44.246493223696994 ], [ -122.192365837761002, 44.246220227232598 ] ] } },
{ "type": "Feature", "properties": { "OBJECTID_1": 109, "OBJECTID": 18200, "Permanent_": "{53502D44-72AF-449F-BF0F-126DAD681F7A}", "FDate": 1464220800000, "Resolution": 2, "GNIS_ID": " ", "GNIS_Name": " ", "LengthKM": 0.1225329, "ReachCode": "17090004022861", "FlowDir": 1, "WBArea_Per": " ", "FType": 460, "FCode": 46003, "MainPath": 0, "InNetwork": 1, "Visibility": 0, "Shape_Leng": 0.00132651, "Enabled": 1, "GlobalID": "dee31614-d4a5-48f4-92e7-87ee26651bf4", "Width": null, "Shape__Length": 122.48012825994309 }, "geometry": { "type": "LineString", "coordinates": [ [ -122.168199815998008, 44.232984439610888 ], [ -122.168229202191981, 44.232836621679098 ], [ -122.168339684562014, 44.232716738458393 ], [ -122.169206730965996, 44.232215218088101 ] ] } },
{ "type": "Feature", "properties": { "OBJECTID_1": 110, "OBJECTID": 25683, "Permanent_": "{81B2FD0C-F373-492F-804F-5D13F8865F51}", "FDate": 1464220800000, "Resolution": 2, "GNIS_ID": " ", "GNIS_Name": " ", "LengthKM": 0.15714375, "ReachCode": "17090004022800", "FlowDir": 1, "WBArea_Per": " ", "FType": 460, "FCode": 46003, "MainPath": 0, "InNetwork": 1, "Visibility": 0, "Shape_Leng": 0.00157601, "Enabled": 1, "GlobalID": "04f8c567-21a9-4119-a78e-87635f7c28d3", "Width": null, "Shape__Length": 156.86226510483553 }, "geometry": { "type": "LineString", "coordinates": [ [ -122.223700854800001, 44.2166777173775 ], [ -122.22344113985001, 44.216803767025795 ], [ -122.223276459128016, 44.217071724325095 ], [ -122.223074445970994, 44.217609225533003 ], [ -122.22277538706598, 44.217855922741691 ] ] } },
{ "type": "Feature", "properties": { "OBJECTID_1": 111, "OBJECTID": 13663, "Permanent_": "{886C6E65-1992-4BE3-AE21-8062A6303A41}", "FDate": 1464220800000, "Resolution": 2, "GNIS_ID": " ", "GNIS_Name": " ", "LengthKM": 0.02071289, "ReachCode": "17090004003760", "FlowDir": 1, "WBArea_Per": " ", "FType": 460, "FCode": 46006, "MainPath": 0, "InNetwork": 1, "Visibility": 0, "Shape_Leng": 0.00025029, "Enabled": 1, "GlobalID": "84e48793-8c3d-4f24-9d9d-2e65eba4cf73", "Width": null, "Shape__Length": 20.751986579825388 }, "geometry": { "type": "LineString", "coordinates": [ [ -122.243622086616, 44.211448800030894 ], [ -122.243861463938998, 44.21148448693549 ] ] } },
{ "type": "Feature", "properties": { "OBJECTID_1": 112, "OBJECTID": 14110, "Permanent_": "{B7D57087-D22B-48FF-8B03-4A39E3970A8D}", "FDate": 1464220800000, "Resolution": 2, "GNIS_ID": " ", "GNIS_Name": " ", "LengthKM": 0.34015449, "ReachCode": "17090004023139", "FlowDir": 1, "WBArea_Per": " ", "FType": 460, "FCode": 46003, "MainPath": 0, "InNetwork": 1, "Visibility": 0, "Shape_Leng": 0.00344623, "Enabled": 1, "GlobalID": "651de357-c7aa-4569-94ca-f789fb32a709", "Width": null, "Shape__Length": 339.61660998453641 }, "geometry": { "type": "LineString", "coordinates": [ [ -122.172059820966993, 44.269961813789301 ], [ -122.172192455699005, 44.269762698332904 ], [ -122.172275384642006, 44.269374743510298 ], [ -122.172171085138984, 44.269072874964301 ], [ -122.172027851763005, 44.268872797186091 ], [ -122.171777432111014, 44.26875211703711 ], [ -122.171596553449021, 44.268538486231797 ], [ -122.171515774458015, 44.268343261413101 ], [ -122.171295477792, 44.268187518384593 ], [ -122.171127349024005, 44.26792331459211 ], [ -122.170397788571989, 44.267443535324702 ] ] } },
{ "type": "Feature", "properties": { "OBJECTID_1": 113, "OBJECTID": 25517, "Permanent_": "161200427", "FDate": 1464220800000, "Resolution": 2, "GNIS_ID": " ", "GNIS_Name": " ", "LengthKM": 0.50086847, "ReachCode": "17090004014498", "FlowDir": 1, "WBArea_Per": " ", "FType": 460, "FCode": 46003, "MainPath": 0, "InNetwork": 1, "Visibility": 0, "Shape_Leng": 0.00557835, "Enabled": 1, "GlobalID": "232d3e44-190f-43d6-a824-43d1474b1eab", "Width": null, "Shape__Length": 500.92984154121535 }, "geometry": { "type": "LineString", "coordinates": [ [ -122.244617985990999, 44.201140785389576 ], [ -122.245274355106986, 44.201241819659998 ], [ -122.245646984529998, 44.201354861489001 ], [ -122.246186002645999, 44.20157992734169 ], [ -122.246829444764018, 44.201954337694602 ], [ -122.247346834084993, 44.202171607252602 ], [ -122.248304877067, 44.202992613903703 ], [ -122.248599991320006, 44.203310479276595 ], [ -122.249046324842013, 44.2036448892338 ], [ -122.249279496716994, 44.203933799265492 ] ] } },
{ "type": "Feature", "properties": { "OBJECTID_1": 114, "OBJECTID": 18072, "Permanent_": "{6C011E4B-A5A3-44B4-8BB5-28D3C9144D35}", "FDate": 1464220800000, "Resolution": 2, "GNIS_ID": " ", "GNIS_Name": " ", "LengthKM": 0.41784221, "ReachCode": "17090004022864", "FlowDir": 1, "WBArea_Per": " ", "FType": 460, "FCode": 46003, "MainPath": 0, "InNetwork": 1, "Visibility": 0, "Shape_Leng": 0.00409152, "Enabled": 1, "GlobalID": "437416ec-70b0-43b2-808d-08ca7bdbfb99", "Width": null, "Shape__Length": 416.93289098112677 }, "geometry": { "type": "LineString", "coordinates": [ [ -122.175265801625997, 44.2357142934097 ], [ -122.175540767507016, 44.235517224953803 ], [ -122.175580951781996, 44.235237874738296 ], [ -122.175813366222002, 44.234866203647094 ], [ -122.176233070435003, 44.234584107963499 ], [ -122.176406007170016, 44.234210146636997 ], [ -122.176408577429982, 44.233938157700884 ], [ -122.176737280528997, 44.233528436641208 ], [ -122.176784678507005, 44.233257570210689 ], [ -122.177015106246003, 44.232734611876303 ], [ -122.177287316700998, 44.2324032350772 ] ] } },
{ "type": "Feature", "properties": { "OBJECTID_1": 115, "OBJECTID": 2795, "Permanent_": "{15DFA159-3E47-489B-A212-DFE1ACCEBCC2}", "FDate": 1464220800000, "Resolution": 2, "GNIS_ID": " ", "GNIS_Name": " ", "LengthKM": 0.54064909, "ReachCode": "17090004022937", "FlowDir": 1, "WBArea_Per": " ", "FType": 460, "FCode": 46003, "MainPath": 0, "InNetwork": 1, "Visibility": 0, "Shape_Leng": 0.00605043, "Enabled": 1, "GlobalID": "ea3a0448-cf3a-4c32-99fd-25bc57dfab6b", "Width": null, "Shape__Length": 540.79984549099481 }, "geometry": { "type": "LineString", "coordinates": [ [ -122.120787975677004, 44.2101867228047 ], [ -122.119981150352004, 44.210208849148891 ], [ -122.119153614946981, 44.210638851591199 ], [ -122.118294961133003, 44.210755062466994 ], [ -122.117732045976013, 44.211027138793305 ], [ -122.117056428799984, 44.211450407066586 ], [ -122.116792629843005, 44.211738646198896 ], [ -122.116054023377004, 44.212190619537502 ], [ -122.115851957474021, 44.21288915449729 ] ] } },
{ "type": "Feature", "properties": { "OBJECTID_1": 116, "OBJECTID": 2253, "Permanent_": "{CA073D58-FB72-424E-8C62-3FB5D956BF22}", "FDate": 1464220800000, "Resolution": 2, "GNIS_ID": " ", "GNIS_Name": " ", "LengthKM": 0.46527732, "ReachCode": "17090004023077", "FlowDir": 1, "WBArea_Per": " ", "FType": 460, "FCode": 46003, "MainPath": 0, "InNetwork": 1, "Visibility": 0, "Shape_Leng": 0.0053857, "Enabled": 1, "GlobalID": "ba624345-6506-4cbd-ac2f-562217eb87d4", "Width": null, "Shape__Length": 465.69721844166912 }, "geometry": { "type": "LineString", "coordinates": [ [ -122.198475991034002, 44.2523126047912 ], [ -122.197823178135991, 44.252237894461899 ], [ -122.197486411085009, 44.252122227834896 ], [ -122.196936598925021, 44.251835902720607 ], [ -122.195862285266017, 44.251625691648186 ], [ -122.19510316962301, 44.251242535943199 ], [ -122.194491011937998, 44.250695381362895 ], [ -122.194117347904012, 44.250628267433299 ], [ -122.193805629059995, 44.250471759370804 ], [ -122.193718267837994, 44.250374024636699 ], [ -122.193716651285001, 44.250268465507403 ] ] } },
{ "type": "Feature", "properties": { "OBJECTID_1": 117, "OBJECTID": 9812, "Permanent_": "{73DFD610-1114-4FDC-8175-76C02C4A013E}", "FDate": 1464220800000, "Resolution": 2, "GNIS_ID": "01123461", "GNIS_Name": "Lookout Creek", "LengthKM": 0.03441703, "ReachCode": "17090004001156", "FlowDir": 1, "WBArea_Per": "108067939", "FType": 558, "FCode": 55800, "MainPath": 0, "InNetwork": 1, "Visibility": 0, "Shape_Leng": 0.00036238, "Enabled": 1, "GlobalID": "81299761-ca59-4079-b014-13a0114b009c", "Width": 1.0, "Shape__Length": 34.385837338217421 }, "geometry": { "type": "LineString", "coordinates": [ [ -122.239067340795017, 44.223809260096893 ], [ -122.239189900156006, 44.223773780309287 ], [ -122.239314195362994, 44.223590369757105 ] ] } },
{ "type": "Feature", "properties": { "OBJECTID_1": 118, "OBJECTID": 17802, "Permanent_": "108055837", "FDate": 1464220800000, "Resolution": 2, "GNIS_ID": "01123461", "GNIS_Name": "Lookout Creek", "LengthKM": 0.32424027, "ReachCode": "17090004000321", "FlowDir": 1, "WBArea_Per": " ", "FType": 460, "FCode": 46006, "MainPath": 0, "InNetwork": 1, "Visibility": 0, "Shape_Leng": 0.00367909, "Enabled": 1, "GlobalID": "f5ed4ca8-39e7-4f0b-9957-62e2b2031638", "Width": 1.0, "Shape__Length": 324.40199343037773 }, "geometry": { "type": "LineString", "coordinates": [ [ -122.210277982219012, 44.233682091905401 ], [ -122.210795459940002, 44.233693764797501 ], [ -122.211210125868021, 44.233615500960802 ], [ -122.212054165067997, 44.233037360613594 ], [ -122.212421199048009, 44.2329660284135 ], [ -122.212649380040986, 44.232852279589501 ], [ -122.21302821686001, 44.232474522836306 ], [ -122.213452200641015, 44.232152912118494 ] ] } },
{ "type": "Feature", "properties": { "OBJECTID_1": 119, "OBJECTID": 1982, "Permanent_": "{4B4661AB-789F-492A-812A-A1C29E9B5259}", "FDate": 1464220800000, "Resolution": 2, "GNIS_ID": " ", "GNIS_Name": " ", "LengthKM": 0.04990489, "ReachCode": "17090004022704", "FlowDir": 1, "WBArea_Per": " ", "FType": 460, "FCode": 46003, "MainPath": 0, "InNetwork": 1, "Visibility": 0, "Shape_Leng": 0.00045673, "Enabled": 1, "GlobalID": "66b39c19-88f6-4b04-8666-8e03a8637145", "Width": null, "Shape__Length": 49.744370143992711 }, "geometry": { "type": "LineString", "coordinates": [ [ -122.240016636681005, 44.227481516752405 ], [ -122.240075727293004, 44.227043987818789 ] ] } },
{ "type": "Feature", "properties": { "OBJECTID_1": 120, "OBJECTID": 14329, "Permanent_": "{378B8DAF-03B5-457B-9D02-F740AA121BC0}", "FDate": 1464220800000, "Resolution": 2, "GNIS_ID": " ", "GNIS_Name": " ", "LengthKM": 0.08052115, "ReachCode": "17090004022993", "FlowDir": 1, "WBArea_Per": " ", "FType": 460, "FCode": 46006, "MainPath": 0, "InNetwork": 1, "Visibility": 0, "Shape_Leng": 0.00081701, "Enabled": 1, "GlobalID": "a249db89-77fb-4599-9ee1-04ebb3024966", "Width": null, "Shape__Length": 80.392381769351999 }, "geometry": { "type": "LineString", "coordinates": [ [ -122.141841793205998, 44.260476653667595 ], [ -122.142048692733994, 44.26078056518709 ], [ -122.142368908896998, 44.261081301004801 ] ] } },
{ "type": "Feature", "properties": { "OBJECTID_1": 121, "OBJECTID": 6622, "Permanent_": "{6C709ED1-173B-45EC-B491-574CA081E446}", "FDate": 1464220800000, "Resolution": 2, "GNIS_ID": " ", "GNIS_Name": " ", "LengthKM": 0.39931215, "ReachCode": "17090004022949", "FlowDir": 1, "WBArea_Per": " ", "FType": 460, "FCode": 46003, "MainPath": 0, "InNetwork": 1, "Visibility": 0, "Shape_Leng": 0.00447381, "Enabled": 1, "GlobalID": "73714c0f-8b7f-49fc-8d5a-9e9f887cd679", "Width": null, "Shape__Length": 399.41098244512989 }, "geometry": { "type": "LineString", "coordinates": [ [ -122.124396601580997, 44.222821425848906 ], [ -122.124218516435008, 44.223123417399208 ], [ -122.123445381264006, 44.22371464481089 ], [ -122.123119287334006, 44.223819762675802 ], [ -122.122627476079998, 44.223892023015807 ], [ -122.122169735081002, 44.224054964156103 ], [ -122.121365943318011, 44.224485563726887 ], [ -122.120886910451006, 44.224855915563083 ], [ -122.120627450632995, 44.224993166163394 ] ] } },
{ "type": "Feature", "properties": { "OBJECTID_1": 122, "OBJECTID": 9953, "Permanent_": "{6DCC8E55-9E87-4B21-A750-7E996A1658D4}", "FDate": 1464220800000, "Resolution": 2, "GNIS_ID": " ", "GNIS_Name": " ", "LengthKM": 0.20025336, "ReachCode": "17090004022748", "FlowDir": 1, "WBArea_Per": " ", "FType": 460, "FCode": 46003, "MainPath": 0, "InNetwork": 1, "Visibility": 0, "Shape_Leng": 0.00231925, "Enabled": 1, "GlobalID": "2152e380-60f1-43e8-ac9f-4f1a38c1c68e", "Width": null, "Shape__Length": 200.43570820132845 }, "geometry": { "type": "LineString", "coordinates": [ [ -122.219761702423014, 44.241290143623402 ], [ -122.219264348256004, 44.241331689778391 ], [ -122.218657691238008, 44.241168968283802 ], [ -122.217682296727986, 44.240499148738216 ] ] } },
{ "type": "Feature", "properties": { "OBJECTID_1": 123, "OBJECTID": 5887, "Permanent_": "{80BA479D-BF0C-4336-AAD5-A4DD48FCC84D}", "FDate": 1464220800000, "Resolution": 2, "GNIS_ID": " ", "GNIS_Name": " ", "LengthKM": 0.17138895, "ReachCode": "17090004003758", "FlowDir": 1, "WBArea_Per": " ", "FType": 460, "FCode": 46006, "MainPath": 0, "InNetwork": 1, "Visibility": 0, "Shape_Leng": 0.00209969, "Enabled": 1, "GlobalID": "9ae3bf05-4e0d-47d2-99cf-81d0a1fca06f", "Width": null, "Shape__Length": 171.76509186232877 }, "geometry": { "type": "LineString", "coordinates": [ [ -122.231519583234018, 44.22434487872529 ], [ -122.231924139301995, 44.224236232687808 ], [ -122.232580256410998, 44.224244120371907 ], [ -122.232946278350013, 44.224174890432103 ], [ -122.233287939950998, 44.224031039908795 ], [ -122.233561547955006, 44.224016254440102 ] ] } },
{ "type": "Feature", "properties": { "OBJECTID_1": 124, "OBJECTID": 2414, "Permanent_": "{7A4610F5-A5A2-4014-8A99-B1F538AB645D}", "FDate": 1464220800000, "Resolution": 2, "GNIS_ID": " ", "GNIS_Name": " ", "LengthKM": 0.29351171, "ReachCode": "17090004023000", "FlowDir": 1, "WBArea_Per": " ", "FType": 460, "FCode": 46006, "MainPath": 0, "InNetwork": 1, "Visibility": 0, "Shape_Leng": 0.00323467, "Enabled": 1, "GlobalID": "f3007128-c34d-4458-ad73-44a38390f4fa", "Width": null, "Shape__Length": 293.48252117863819 }, "geometry": { "type": "LineString", "coordinates": [ [ -122.173996192486001, 44.262795207340403 ], [ -122.174170304419988, 44.26252956397709 ], [ -122.174533547209009, 44.262232126255498 ], [ -122.174701167052021, 44.262150300337602 ], [ -122.175017270338017, 44.262115438917199 ], [ -122.175262509047016, 44.262037764062192 ], [ -122.175956425555995, 44.261456294145297 ], [ -122.176208169460992, 44.261342399807504 ], [ -122.176407116779004, 44.26117631337609 ], [ -122.176630506763004, 44.261116453566402 ] ] } },
{ "type": "Feature", "properties": { "OBJECTID_1": 125, "OBJECTID": 13815, "Permanent_": "108055853", "FDate": 1464220800000, "Resolution": 2, "GNIS_ID": " ", "GNIS_Name": " ", "LengthKM": 0.3196475, "ReachCode": "17090004003743", "FlowDir": 1, "WBArea_Per": " ", "FType": 460, "FCode": 46006, "MainPath": 0, "InNetwork": 1, "Visibility": 0, "Shape_Leng": 0.00296362, "Enabled": 1, "GlobalID": "31de7103-0439-437a-9c53-d953f3bf35f4", "Width": null, "Shape__Length": 318.68369282557882 }, "geometry": { "type": "LineString", "coordinates": [ [ -122.215663784829985, 44.234601266227791 ], [ -122.215583703036017, 44.23430193804549 ], [ -122.215399319615017, 44.234115357901089 ], [ -122.215357316579002, 44.233992658523697 ], [ -122.215405703373008, 44.233352380423014 ], [ -122.215245068316008, 44.232759264379794 ], [ -122.215340020486011, 44.232404182748091 ], [ -122.215238984524021, 44.232009008918297 ], [ -122.215332467550013, 44.231845820447795 ] ] } },
{ "type": "Feature", "properties": { "OBJECTID_1": 126, "OBJECTID": 13807, "Permanent_": "{1DD09CC4-A14F-4386-BE0C-BCCA0C0B856D}", "FDate": 1464220800000, "Resolution": 2, "GNIS_ID": " ", "GNIS_Name": " ", "LengthKM": 0.07538395, "ReachCode": "17090004022680", "FlowDir": 1, "WBArea_Per": " ", "FType": 460, "FCode": 46003, "MainPath": 0, "InNetwork": 1, "Visibility": 0, "Shape_Leng": 0.00077254, "Enabled": 1, "GlobalID": "4de90469-04f7-4ff5-8f4e-0c79057b2fb1", "Width": null, "Shape__Length": 75.272439127712616 }, "geometry": { "type": "LineString", "coordinates": [ [ -122.222246655979006, 44.217300391837497 ], [ -122.222462563565983, 44.217469771161809 ], [ -122.22277538706598, 44.217855922741691 ] ] } },
{ "type": "Feature", "properties": { "OBJECTID_1": 127, "OBJECTID": 21741, "Permanent_": "{D9A891DC-C6DA-4866-9899-98350B02EA38}", "FDate": 1464220800000, "Resolution": 2, "GNIS_ID": " ", "GNIS_Name": " ", "LengthKM": 0.05207634, "ReachCode": "17090004014602", "FlowDir": 1, "WBArea_Per": " ", "FType": 460, "FCode": 46003, "MainPath": 0, "InNetwork": 1, "Visibility": 0, "Shape_Leng": 0.00046865, "Enabled": 1, "GlobalID": "aac50267-e887-466d-ad11-f586f16cf54f", "Width": null, "Shape__Length": 51.896623047056558 }, "geometry": { "type": "LineString", "coordinates": [ [ -122.211218393747998, 44.224146077868582 ], [ -122.211271234180998, 44.224611740732399 ] ] } },
{ "type": "Feature", "properties": { "OBJECTID_1": 128, "OBJECTID": 29512, "Permanent_": "{BB466916-A5BD-4A15-8A85-FA3558E9AA89}", "FDate": 1464220800000, "Resolution": 2, "GNIS_ID": " ", "GNIS_Name": " ", "LengthKM": 0.09835711, "ReachCode": "17090004022706", "FlowDir": 1, "WBArea_Per": " ", "FType": 460, "FCode": 46003, "MainPath": 0, "InNetwork": 1, "Visibility": 0, "Shape_Leng": 0.00094875, "Enabled": 1, "GlobalID": "709b33ee-83de-47b7-9217-928d2db8c996", "Width": null, "Shape__Length": 98.116065848930191 }, "geometry": { "type": "LineString", "coordinates": [ [ -122.240550853951007, 44.227848695193799 ], [ -122.240446408018997, 44.227617142558692 ], [ -122.24019488337801, 44.227329791574796 ], [ -122.240075727293004, 44.227043987818789 ] ] } },
{ "type": "Feature", "properties": { "OBJECTID_1": 129, "OBJECTID": 25513, "Permanent_": "{2A019C56-7AEF-41C4-B7B3-5EB7784F80DD}", "FDate": 1464220800000, "Resolution": 2, "GNIS_ID": " ", "GNIS_Name": " ", "LengthKM": 0.10982657, "ReachCode": "17090004022664", "FlowDir": 1, "WBArea_Per": " ", "FType": 460, "FCode": 46003, "MainPath": 0, "InNetwork": 1, "Visibility": 0, "Shape_Leng": 0.00111377, "Enabled": 1, "GlobalID": "a39a2116-ef5c-49fe-9474-1334e05e0367", "Width": null, "Shape__Length": 109.64341684624152 }, "geometry": { "type": "LineString", "coordinates": [ [ -122.250621154494013, 44.206233967572601 ], [ -122.251010433408993, 44.205702223476301 ], [ -122.251349686021996, 44.205408345934906 ] ] } },
{ "type": "Feature", "properties": { "OBJECTID_1": 130, "OBJECTID": 29782, "Permanent_": "{9524530A-A7D7-4D9F-B6AA-56C4E17C04B1}", "FDate": 1464220800000, "Resolution": 2, "GNIS_ID": " ", "GNIS_Name": " ", "LengthKM": 0.02003969, "ReachCode": "17090004023084", "FlowDir": 1, "WBArea_Per": " ", "FType": 460, "FCode": 46003, "MainPath": 0, "InNetwork": 1, "Visibility": 0, "Shape_Leng": 0.00019854, "Enabled": 1, "GlobalID": "6f29e50e-4016-4c96-9e66-39f9081142f9", "Width": null, "Shape__Length": 19.999267922267048 }, "geometry": { "type": "LineString", "coordinates": [ [ -122.192897724, 44.250184414668695 ], [ -122.193018085742011, 44.250026515368091 ] ] } },
{ "type": "Feature", "properties": { "OBJECTID_1": 131, "OBJECTID": 26081, "Permanent_": "108055861", "FDate": 1464220800000, "Resolution": 2, "GNIS_ID": "01123461", "GNIS_Name": "Lookout Creek", "LengthKM": 0.32085941, "ReachCode": "17090004000323", "FlowDir": 1, "WBArea_Per": " ", "FType": 460, "FCode": 46006, "MainPath": 0, "InNetwork": 1, "Visibility": 0, "Shape_Leng": 0.00385183, "Enabled": 1, "GlobalID": "0b567688-8fec-4d14-aa1b-ad44c345f0af", "Width": 1.0, "Shape__Length": 321.4113484660416 }, "geometry": { "type": "LineString", "coordinates": [ [ -122.156794428495019, 44.232614330384997 ], [ -122.157287092738002, 44.232361551926793 ], [ -122.157915997396003, 44.232417377095203 ], [ -122.158232736231994, 44.232216051259286 ], [ -122.158622797592997, 44.232076592956098 ], [ -122.158897004748013, 44.232035093099597 ], [ -122.159264635284018, 44.231877988782387 ], [ -122.160439196718002, 44.231800330961306 ] ] } },
{ "type": "Feature", "properties": { "OBJECTID_1": 132, "OBJECTID": 10080, "Permanent_": "161200708", "FDate": 1476576000000, "Resolution": 2, "GNIS_ID": "01124021", "GNIS_Name": "McRae Creek", "LengthKM": 0.46001231, "ReachCode": "17090004000325", "FlowDir": 1, "WBArea_Per": " ", "FType": 460, "FCode": 46006, "MainPath": 0, "InNetwork": 1, "Visibility": 0, "Shape_Leng": 0.00489548, "Enabled": 1, "GlobalID": "aa75e647-3df8-4819-b0ee-2855e9a840b9", "Width": 1.0, "Shape__Length": 459.68060139533139 }, "geometry": { "type": "LineString", "coordinates": [ [ -122.203535568597999, 44.237593608786192 ], [ -122.203867407307001, 44.237273538690189 ], [ -122.204433599430999, 44.236917523757 ], [ -122.204791233346981, 44.2364306741866 ], [ -122.204920116983004, 44.236400975164393 ], [ -122.205249952559001, 44.236434541879397 ], [ -122.205365095152018, 44.236383141983595 ], [ -122.205744450077006, 44.235667631771094 ], [ -122.205732807150994, 44.235553186971998 ], [ -122.205552743360997, 44.23529171151359 ], [ -122.205590042970996, 44.2351947021819 ], [ -122.206242026162002, 44.234881361604501 ], [ -122.206684695076987, 44.234742609806496 ] ] } },
{ "type": "Feature", "properties": { "OBJECTID_1": 133, "OBJECTID": 18070, "Permanent_": "108055873", "FDate": 1464220800000, "Resolution": 2, "GNIS_ID": "01123461", "GNIS_Name": "Lookout Creek", "LengthKM": 0.27215892, "ReachCode": "17090004000322", "FlowDir": 1, "WBArea_Per": " ", "FType": 460, "FCode": 46006, "MainPath": 0, "InNetwork": 1, "Visibility": 0, "Shape_Leng": 0.00315513, "Enabled": 1, "GlobalID": "1ddc4ec8-ef00-41b7-9b47-dba1599fbc91", "Width": 1.0, "Shape__Length": 272.42994959543199 }, "geometry": { "type": "LineString", "coordinates": [ [ -122.178688050938021, 44.230009866895685 ], [ -122.178990184986006, 44.230148550452597 ], [ -122.179220658839, 44.230200613389705 ], [ -122.179936582967997, 44.230107600605805 ], [ -122.180317000211005, 44.230129091723903 ], [ -122.180582489984999, 44.230280497812302 ], [ -122.180820022625014, 44.230694275164595 ], [ -122.181464804890979, 44.2309122901355 ] ] } },
{ "type": "Feature", "properties": { "OBJECTID_1": 134, "OBJECTID": 10241, "Permanent_": "{E244B8B9-FB4C-4FDF-9B64-EB0B92615C92}", "FDate": 1464220800000, "Resolution": 2, "GNIS_ID": " ", "GNIS_Name": " ", "LengthKM": 0.52094193, "ReachCode": "17090004023057", "FlowDir": 1, "WBArea_Per": " ", "FType": 460, "FCode": 46003, "MainPath": 0, "InNetwork": 1, "Visibility": 0, "Shape_Leng": 0.00572725, "Enabled": 1, "GlobalID": "dc6c45e0-4b44-43c4-8d6c-3444c52ea83a", "Width": null, "Shape__Length": 520.89209944769289 }, "geometry": { "type": "LineString", "coordinates": [ [ -122.17511062151101, 44.245962931024998 ], [ -122.175599761225016, 44.246775718916091 ], [ -122.176187818448014, 44.247257636834 ], [ -122.176395949004998, 44.247688214281887 ], [ -122.176565933638997, 44.247827558917997 ], [ -122.177037865372995, 44.248022959902592 ], [ -122.177601209526998, 44.248144692981896 ], [ -122.177809045039979, 44.248125120999497 ], [ -122.178185366131004, 44.248188561229099 ], [ -122.178929243690988, 44.248548489313002 ], [ -122.179483526897997, 44.248662948197996 ], [ -122.179626295675007, 44.248818041736207 ] ] } },
{ "type": "Feature", "properties": { "OBJECTID_1": 135, "OBJECTID": 25963, "Permanent_": "{D4A4E816-5F4E-4D10-B6A5-9442AAD8F86C}", "FDate": 1464220800000, "Resolution": 2, "GNIS_ID": " ", "GNIS_Name": " ", "LengthKM": 0.06427474, "ReachCode": "17090004023043", "FlowDir": 1, "WBArea_Per": " ", "FType": 460, "FCode": 46003, "MainPath": 0, "InNetwork": 1, "Visibility": 0, "Shape_Leng": 0.00071327, "Enabled": 1, "GlobalID": "d790d93a-d275-45ee-850e-75b680e203f5", "Width": null, "Shape__Length": 64.275108562779181 }, "geometry": { "type": "LineString", "coordinates": [ [ -122.169516876578001, 44.245855521470091 ], [ -122.169875259517994, 44.246038345048397 ], [ -122.170113941211014, 44.246235303365097 ] ] } },
{ "type": "Feature", "properties": { "OBJECTID_1": 136, "OBJECTID": 2115, "Permanent_": "{ACE03D17-0080-49DB-97A0-9E5C7F8816B8}", "FDate": 1464220800000, "Resolution": 2, "GNIS_ID": " ", "GNIS_Name": " ", "LengthKM": 0.43553731, "ReachCode": "17090004022786", "FlowDir": 1, "WBArea_Per": " ", "FType": 460, "FCode": 46003, "MainPath": 0, "InNetwork": 1, "Visibility": 0, "Shape_Leng": 0.00432761, "Enabled": 1, "GlobalID": "daf46287-7d68-4afa-9bda-df167fb59e5e", "Width": null, "Shape__Length": 434.70368136767615 }, "geometry": { "type": "LineString", "coordinates": [ [ -122.218806744004979, 44.225416292407495 ], [ -122.218979648841, 44.225577889788703 ], [ -122.219188705020002, 44.226019528757895 ], [ -122.219400176055004, 44.226283512481494 ], [ -122.219448602325997, 44.226590518746903 ], [ -122.21966511433898, 44.227083783030302 ], [ -122.219600591887996, 44.227383575817207 ], [ -122.219751391117981, 44.2278981622743 ], [ -122.219646434142007, 44.228231803396099 ], [ -122.219892483343003, 44.228379064527502 ], [ -122.220031052756013, 44.228371001341706 ], [ -122.220276579916003, 44.228256235627001 ], [ -122.220711221019997, 44.228436549673297 ] ] } },
{ "type": "Feature", "properties": { "OBJECTID_1": 137, "OBJECTID": 26294, "Permanent_": "161200712", "FDate": 1464220800000, "Resolution": 2, "GNIS_ID": "01123461", "GNIS_Name": "Lookout Creek", "LengthKM": 0.09519471, "ReachCode": "17090004000324", "FlowDir": 1, "WBArea_Per": " ", "FType": 460, "FCode": 46006, "MainPath": 0, "InNetwork": 1, "Visibility": 0, "Shape_Leng": 0.00089705, "Enabled": 1, "GlobalID": "151a4ca7-7dd4-45a0-96b3-89e80527cee9", "Width": 1.0, "Shape__Length": 94.928799815900476 }, "geometry": { "type": "LineString", "coordinates": [ [ -122.116862043010997, 44.219941333952697 ], [ -122.117140319021999, 44.220603106633298 ], [ -122.117062232674996, 44.220744901999311 ] ] } },
{ "type": "Feature", "properties": { "OBJECTID_1": 138, "OBJECTID": 13828, "Permanent_": "161200346", "FDate": 1464220800000, "Resolution": 2, "GNIS_ID": " ", "GNIS_Name": " ", "LengthKM": 0.12578912, "ReachCode": "17090004014632", "FlowDir": 1, "WBArea_Per": " ", "FType": 460, "FCode": 46003, "MainPath": 0, "InNetwork": 1, "Visibility": 0, "Shape_Leng": 0.00154872, "Enabled": 1, "GlobalID": "45f36567-14a0-4d62-94af-be86444938f1", "Width": null, "Shape__Length": 126.07655947718099 }, "geometry": { "type": "LineString", "coordinates": [ [ -122.219405934166005, 44.238719631651797 ], [ -122.218939780471999, 44.238624762045596 ], [ -122.218654821852994, 44.238513858515496 ], [ -122.217891292071016, 44.238536086489809 ] ] } },
{ "type": "Feature", "properties": { "OBJECTID_1": 139, "OBJECTID": 26196, "Permanent_": "{CC3F60CB-AE0B-448D-BEFB-EB8625B1BC1A}", "FDate": 1464220800000, "Resolution": 2, "GNIS_ID": " ", "GNIS_Name": " ", "LengthKM": 0.03707749, "ReachCode": "17090004023140", "FlowDir": 1, "WBArea_Per": " ", "FType": 460, "FCode": 46003, "MainPath": 0, "InNetwork": 1, "Visibility": 0, "Shape_Leng": 0.00041117, "Enabled": 1, "GlobalID": "6a013273-6123-4d00-bc21-a1a058b75086", "Width": null, "Shape__Length": 37.076605940327553 }, "geometry": { "type": "LineString", "coordinates": [ [ -122.142112768326996, 44.2708127940259 ], [ -122.142457191656007, 44.270590827011205 ] ] } },
{ "type": "Feature", "properties": { "OBJECTID_1": 140, "OBJECTID": 13676, "Permanent_": "{2039A4B1-4552-4B2C-99BB-057D021F454C}", "FDate": 1464220800000, "Resolution": 2, "GNIS_ID": " ", "GNIS_Name": " ", "LengthKM": 0.0082226, "ReachCode": "17090004022694", "FlowDir": 1, "WBArea_Per": "108067939", "FType": 558, "FCode": 55800, "MainPath": 0, "InNetwork": 1, "Visibility": 0, "Shape_Leng": 0.00010292, "Enabled": 1, "GlobalID": "df5f7259-de5b-4880-b826-b0d2e5c4b4e8", "Width": null, "Shape__Length": 8.2449477266041207 }, "geometry": { "type": "LineString", "coordinates": [ [ -122.238691813440013, 44.223903525438693 ], [ -122.238794400641993, 44.223911721313087 ] ] } },
{ "type": "Feature", "properties": { "OBJECTID_1": 141, "OBJECTID": 2410, "Permanent_": "{AA2F60A4-7C8B-47B5-A87D-B2B38FCF9511}", "FDate": 1464220800000, "Resolution": 2, "GNIS_ID": " ", "GNIS_Name": " ", "LengthKM": 0.3417013, "ReachCode": "17090004022879", "FlowDir": 1, "WBArea_Per": " ", "FType": 460, "FCode": 46003, "MainPath": 0, "InNetwork": 1, "Visibility": 0, "Shape_Leng": 0.00337857, "Enabled": 1, "GlobalID": "eb830648-7aed-40c6-b988-3a5118edbad0", "Width": null, "Shape__Length": 341.00277191975528 }, "geometry": { "type": "LineString", "coordinates": [ [ -122.173310994076985, 44.238611682707202 ], [ -122.173640604832016, 44.238306064197303 ], [ -122.174026235330004, 44.237727495654291 ], [ -122.174282098269998, 44.237218221929282 ], [ -122.174676018363002, 44.236820841855597 ], [ -122.175277368558, 44.235923997250502 ] ] } },
{ "type": "Feature", "properties": { "OBJECTID_1": 142, "OBJECTID": 2108, "Permanent_": "{859AB9DB-E836-4592-8453-86B0209D8864}", "FDate": 1464220800000, "Resolution": 2, "GNIS_ID": " ", "GNIS_Name": " ", "LengthKM": 0.33981814, "ReachCode": "17090004022801", "FlowDir": 1, "WBArea_Per": " ", "FType": 460, "FCode": 46003, "MainPath": 0, "InNetwork": 1, "Visibility": 0, "Shape_Leng": 0.00352661, "Enabled": 1, "GlobalID": "fd11b873-26c6-42a0-89d2-b861f759593a", "Width": null, "Shape__Length": 339.41434191580367 }, "geometry": { "type": "LineString", "coordinates": [ [ -122.230656268090002, 44.220808329816293 ], [ -122.230884406604005, 44.221255690643609 ], [ -122.231237774343981, 44.221679738414501 ], [ -122.231328591158004, 44.222043323593702 ], [ -122.231467155926012, 44.222249047546292 ], [ -122.231775422821997, 44.2224507890434 ], [ -122.232299899080004, 44.222951252057889 ], [ -122.232637426226006, 44.223084476830508 ], [ -122.233012631540007, 44.223105029084806 ] ] } },
{ "type": "Feature", "properties": { "OBJECTID_1": 143, "OBJECTID": 10230, "Permanent_": "161200671", "FDate": 1464220800000, "Resolution": 2, "GNIS_ID": "01123461", "GNIS_Name": "Lookout Creek", "LengthKM": 0.70392793, "ReachCode": "17090004000322", "FlowDir": 1, "WBArea_Per": " ", "FType": 460, "FCode": 46006, "MainPath": 0, "InNetwork": 1, "Visibility": 0, "Shape_Leng": 0.00820609, "Enabled": 1, "GlobalID": "b0f87db0-f889-4c12-8004-a51f3bfb44ba", "Width": 1.0, "Shape__Length": 704.71028430080855 }, "geometry": { "type": "LineString", "coordinates": [ [ -122.168322046127017, 44.227566106565185 ], [ -122.168672792686991, 44.22790068409779 ], [ -122.169336332084995, 44.228067887026192 ], [ -122.169477423422009, 44.228042703049802 ], [ -122.16974082338001, 44.2278592552464 ], [ -122.169974930182008, 44.227822746422696 ], [ -122.170288503414, 44.227863450737011 ], [ -122.171044587585001, 44.228065616006397 ], [ -122.171707634694002, 44.228033998236597 ], [ -122.172114536185006, 44.228066642105503 ], [ -122.172495502261015, 44.228271049080909 ], [ -122.172750181862995, 44.228644859540701 ], [ -122.173098460825017, 44.228714271740301 ], [ -122.173341356343002, 44.228642686761084 ], [ -122.173466192853013, 44.228660428651807 ], [ -122.173869904081997, 44.229129092259093 ], [ -122.174167688219001, 44.229328166267884 ], [ -122.174706872295985, 44.229248354762099 ], [ -122.175281522554016, 44.229227338669098 ], [ -122.175666544279991, 44.229294915079009 ] ] } },
{ "type": "Feature", "properties": { "OBJECTID_1": 144, "OBJECTID": 1988, "Permanent_": "161200387", "FDate": 1464220800000, "Resolution": 2, "GNIS_ID": " ", "GNIS_Name": " ", "LengthKM": 0.29353041, "ReachCode": "17090004014492", "FlowDir": 1, "WBArea_Per": " ", "FType": 460, "FCode": 46003, "MainPath": 0, "InNetwork": 1, "Visibility": 0, "Shape_Leng": 0.00343116, "Enabled": 1, "GlobalID": "1bfc8d2f-e4a1-48c4-b4db-0afe33f94696", "Width": null, "Shape__Length": 293.87838193322358 }, "geometry": { "type": "LineString", "coordinates": [ [ -122.231643566298999, 44.216047295795498 ], [ -122.232589016378014, 44.215979237568106 ], [ -122.232970710084018, 44.216024461659693 ], [ -122.233346483725981, 44.215940846649993 ], [ -122.23391923565498, 44.21557654335129 ], [ -122.23399703898798, 44.215336976407215 ], [ -122.234141291227004, 44.215215176723909 ], [ -122.234693184362015, 44.215059767410096 ] ] } },
{ "type": "Feature", "properties": { "OBJECTID_1": 145, "OBJECTID": 26077, "Permanent_": "{B441D1E8-6813-4854-B927-9995C9BCCC8D}", "FDate": 1464220800000, "Resolution": 2, "GNIS_ID": " ", "GNIS_Name": " ", "LengthKM": 0.43683009, "ReachCode": "17090004022817", "FlowDir": 1, "WBArea_Per": " ", "FType": 460, "FCode": 46003, "MainPath": 0, "InNetwork": 1, "Visibility": 0, "Shape_Leng": 0.00417287, "Enabled": 1, "GlobalID": "6eb033ea-a81e-4887-b5a4-a17399040c8b", "Width": null, "Shape__Length": 435.6992623513226 }, "geometry": { "type": "LineString", "coordinates": [ [ -122.153358258964985, 44.2073011688177 ], [ -122.153331881024002, 44.207481294767497 ], [ -122.152845671909006, 44.2082200449506 ], [ -122.152422312240006, 44.208644005878199 ], [ -122.152462766116997, 44.208783851275896 ], [ -122.152741021344994, 44.208958334798702 ], [ -122.152820621630013, 44.2091039272172 ], [ -122.152743613775016, 44.209595767169702 ], [ -122.152751211281014, 44.210047351276394 ], [ -122.152646305128997, 44.210303094462191 ], [ -122.152694468480007, 44.210599835373692 ], [ -122.152655635985013, 44.210898513965596 ] ] } },
{ "type": "Feature", "properties": { "OBJECTID_1": 146, "OBJECTID": 2805, "Permanent_": "{6A4C3DA6-DAD5-412E-919A-9567DB8D9D15}", "FDate": 1464220800000, "Resolution": 2, "GNIS_ID": " ", "GNIS_Name": " ", "LengthKM": 0.87037005, "ReachCode": "17090004022979", "FlowDir": 1, "WBArea_Per": " ", "FType": 460, "FCode": 46003, "MainPath": 0, "InNetwork": 1, "Visibility": 0, "Shape_Leng": 0.0106113, "Enabled": 1, "GlobalID": "9f824b0d-73aa-4cb0-8681-762b104776bb", "Width": null, "Shape__Length": 872.18910361305223 }, "geometry": { "type": "LineString", "coordinates": [ [ -122.108818933072982, 44.227294831443302 ], [ -122.109356606066996, 44.227072819787701 ], [ -122.109959642561989, 44.227125908266594 ], [ -122.110506612768006, 44.227103575405103 ], [ -122.111999869927999, 44.226560729228702 ], [ -122.112781437219013, 44.226418586699097 ], [ -122.113418346406007, 44.226187615840701 ], [ -122.11393600633501, 44.226118788215899 ], [ -122.114211073730999, 44.226001716633405 ], [ -122.114466411529008, 44.22596089553209 ], [ -122.115596254235982, 44.225620539250201 ], [ -122.116548001089996, 44.225605757311293 ], [ -122.117078701798988, 44.225651286622892 ], [ -122.117613832689003, 44.225595179928099 ], [ -122.117967647846996, 44.225658224428287 ], [ -122.118881784500999, 44.225467968764498 ], [ -122.119075352632009, 44.225524369960809 ] ] } },
{ "type": "Feature", "properties": { "OBJECTID_1": 147, "OBJECTID": 9814, "Permanent_": "{E8AC56A9-E949-4E88-A634-B46F5E08E1E4}", "FDate": 1464220800000, "Resolution": 2, "GNIS_ID": " ", "GNIS_Name": " ", "LengthKM": 0.17690833, "ReachCode": "17090004022689", "FlowDir": 1, "WBArea_Per": " ", "FType": 460, "FCode": 46003, "MainPath": 0, "InNetwork": 1, "Visibility": 0, "Shape_Leng": 0.0019163, "Enabled": 1, "GlobalID": "6bdb0f2c-49ee-4ba4-9fb2-4480e9d87414", "Width": null, "Shape__Length": 176.83246140093954 }, "geometry": { "type": "LineString", "coordinates": [ [ -122.237303163065008, 44.220508523114404 ], [ -122.237745284366014, 44.220668690604498 ], [ -122.238401016249014, 44.221124517701789 ], [ -122.238634474805011, 44.221318579953106 ], [ -122.238792776406001, 44.221608552811205 ] ] } },
{ "type": "Feature", "properties": { "OBJECTID_1": 148, "OBJECTID": 5881, "Permanent_": "161200656", "FDate": 1464220800000, "Resolution": 2, "GNIS_ID": "01123461", "GNIS_Name": "Lookout Creek", "LengthKM": 0.1305447, "ReachCode": "17090004001156", "FlowDir": 1, "WBArea_Per": "108067939", "FType": 558, "FCode": 55800, "MainPath": 0, "InNetwork": 1, "Visibility": 0, "Shape_Leng": 0.00152421, "Enabled": 1, "GlobalID": "ebd564e9-949a-4b3f-bebf-53af3badcebe", "Width": 1.0, "Shape__Length": 130.68773067623056 }, "geometry": { "type": "LineString", "coordinates": [ [ -122.243189208206005, 44.221746871184592 ], [ -122.243539578522999, 44.22167113564079 ], [ -122.243818477995021, 44.221478311890493 ], [ -122.243999430938999, 44.221454539406707 ], [ -122.244183279636999, 44.221335936842891 ], [ -122.244576835183011, 44.221186822867409 ] ] } },
{ "type": "Feature", "properties": { "OBJECTID_1": 149, "OBJECTID": 18317, "Permanent_": "161199972", "FDate": 1464220800000, "Resolution": 2, "GNIS_ID": " ", "GNIS_Name": " ", "LengthKM": 0.63271393, "ReachCode": "17090004014513", "FlowDir": 1, "WBArea_Per": " ", "FType": 460, "FCode": 46003, "MainPath": 0, "InNetwork": 1, "Visibility": 0, "Shape_Leng": 0.00586261, "Enabled": 1, "GlobalID": "b8fb91f1-ec4e-45d3-a7fd-bd9ede56e0dc", "Width": null, "Shape__Length": 630.79738324920129 }, "geometry": { "type": "LineString", "coordinates": [ [ -122.130567275830998, 44.223666956742697 ], [ -122.130585118105984, 44.224666755520502 ], [ -122.130512502120993, 44.225176158692406 ], [ -122.13012763527901, 44.226306771263395 ], [ -122.129783077433018, 44.226799215053902 ], [ -122.129643942922002, 44.227506153259505 ], [ -122.129405146482995, 44.227964443381197 ], [ -122.129391864195995, 44.228581614021095 ], [ -122.129013984724011, 44.229130232864307 ] ] } },
{ "type": "Feature", "properties": { "OBJECTID_1": 150, "OBJECTID": 14323, "Permanent_": "108044965", "FDate": 1464220800000, "Resolution": 2, "GNIS_ID": " ", "GNIS_Name": " ", "LengthKM": 1.04555179, "ReachCode": "17090004001287", "FlowDir": 1, "WBArea_Per": " ", "FType": 460, "FCode": 46006, "MainPath": 0, "InNetwork": 1, "Visibility": 0, "Shape_Leng": 0.01113823, "Enabled": 1, "GlobalID": "80fbf51c-b366-487d-a6dd-9ac300a18767", "Width": null, "Shape__Length": 1044.8117306685308 }, "geometry": { "type": "LineString", "coordinates": [ [ -122.12056871693801, 44.235666779052302 ], [ -122.121101841114012, 44.235251410398902 ], [ -122.121601690711017, 44.235058279873698 ], [ -122.122576545271002, 44.234356390263109 ], [ -122.122913311149006, 44.234187291780096 ], [ -122.123332044028018, 44.233850080608406 ], [ -122.123393294536996, 44.233686114261502 ], [ -122.123335862072011, 44.233423132884901 ], [ -122.123714741065996, 44.23317907208861 ], [ -122.124037013215002, 44.232814364594802 ], [ -122.124353760123, 44.232312208305906 ], [ -122.124601181356994, 44.231293293877499 ], [ -122.125010115213996, 44.230889698736199 ], [ -122.125561355255002, 44.230562634076492 ], [ -122.125759417037997, 44.230209795565798 ], [ -122.126227330488007, 44.229969276064395 ], [ -122.126437736794998, 44.229782796728898 ], [ -122.126778593400005, 44.229594825841794 ], [ -122.127622334110015, 44.229395483061296 ], [ -122.128339402506001, 44.22908699322781 ], [ -122.128503558407999, 44.228893576735388 ] ] } },
{ "type": "Feature", "properties": { "OBJECTID_1": 151, "OBJECTID": 5884, "Permanent_": "161200725", "FDate": 1464220800000, "Resolution": 2, "GNIS_ID": " ", "GNIS_Name": " ", "LengthKM": 0.43371285, "ReachCode": "17090004003757", "FlowDir": 1, "WBArea_Per": " ", "FType": 460, "FCode": 46006, "MainPath": 0, "InNetwork": 1, "Visibility": 0, "Shape_Leng": 0.00486904, "Enabled": 1, "GlobalID": "580f7f1a-4919-41bb-80cf-886b80b9793f", "Width": null, "Shape__Length": 433.83158047877021 }, "geometry": { "type": "LineString", "coordinates": [ [ -122.236330145791001, 44.215602873429511 ], [ -122.236815441681017, 44.215826082488796 ], [ -122.237318505165021, 44.216260386010489 ], [ -122.238078472544998, 44.216686153736802 ], [ -122.238549708582994, 44.21675604160329 ], [ -122.239204893795005, 44.217200036005707 ], [ -122.239594214469008, 44.21739708085331 ], [ -122.239879946812991, 44.217466672662901 ], [ -122.240006797459998, 44.217564536353301 ], [ -122.240138925957012, 44.217794424685103 ], [ -122.240455211019011, 44.217943907798492 ] ] } },
{ "type": "Feature", "properties": { "OBJECTID_1": 152, "OBJECTID": 14316, "Permanent_": "{DDBA4B47-EF18-4507-AA0A-2944768DBBB8}", "FDate": 1464220800000, "Resolution": 2, "GNIS_ID": " ", "GNIS_Name": " ", "LengthKM": 0.13735024, "ReachCode": "17090004022822", "FlowDir": 1, "WBArea_Per": " ", "FType": 460, "FCode": 46003, "MainPath": 0, "InNetwork": 1, "Visibility": 0, "Shape_Leng": 0.00132432, "Enabled": 1, "GlobalID": "966e66b8-68fe-4f0a-a35f-cebcfb8a846e", "Width": null, "Shape__Length": 137.01163646141035 }, "geometry": { "type": "LineString", "coordinates": [ [ -122.140796567094995, 44.212716183750985 ], [ -122.141212799270008, 44.21207562491891 ], [ -122.141336978671987, 44.211712631485902 ], [ -122.141456326650996, 44.211592477656701 ] ] } },
{ "type": "Feature", "properties": { "OBJECTID_1": 153, "OBJECTID": 18196, "Permanent_": "{867EF5AF-44D6-4341-970C-3490DF618BA1}", "FDate": 1464220800000, "Resolution": 2, "GNIS_ID": " ", "GNIS_Name": " ", "LengthKM": 0.19831947, "ReachCode": "17090004022824", "FlowDir": 1, "WBArea_Per": " ", "FType": 460, "FCode": 46003, "MainPath": 0, "InNetwork": 1, "Visibility": 0, "Shape_Leng": 0.00244435, "Enabled": 1, "GlobalID": "fd0f7590-f589-4716-8f0b-517ca22162c6", "Width": null, "Shape__Length": 198.79034894323422 }, "geometry": { "type": "LineString", "coordinates": [ [ -122.165218932604006, 44.21214290516091 ], [ -122.16464126418002, 44.212311103251096 ], [ -122.163834252753006, 44.212372099384609 ], [ -122.163240407003997, 44.21252268245 ], [ -122.162823653201002, 44.212516911748395 ] ] } },
{ "type": "Feature", "properties": { "OBJECTID_1": 154, "OBJECTID": 14324, "Permanent_": "{FAAADC0B-D621-4370-A74D-A59AB354393A}", "FDate": 1464220800000, "Resolution": 2, "GNIS_ID": " ", "GNIS_Name": " ", "LengthKM": 0.05469898, "ReachCode": "17090004022930", "FlowDir": 1, "WBArea_Per": " ", "FType": 460, "FCode": 46003, "MainPath": 0, "InNetwork": 1, "Visibility": 0, "Shape_Leng": 0.00053336, "Enabled": 1, "GlobalID": "df746c37-0fbf-446a-af5e-6eb55bd08158", "Width": null, "Shape__Length": 54.578039301879635 }, "geometry": { "type": "LineString", "coordinates": [ [ -122.13804170134398, 44.24682802655051 ], [ -122.138252286555982, 44.246621047116598 ], [ -122.138239596513003, 44.246392260244299 ] ] } },
{ "type": "Feature", "properties": { "OBJECTID_1": 155, "OBJECTID": 17677, "Permanent_": "{3878AC3F-73F7-47AE-B5F6-1ED3A308A827}", "FDate": 1464220800000, "Resolution": 2, "GNIS_ID": " ", "GNIS_Name": " ", "LengthKM": 0.07725875, "ReachCode": "17090004022698", "FlowDir": 1, "WBArea_Per": " ", "FType": 460, "FCode": 46003, "MainPath": 0, "InNetwork": 1, "Visibility": 0, "Shape_Leng": 0.00073137, "Enabled": 1, "GlobalID": "da227020-fdcd-4860-bf49-bc4c95a7967f", "Width": null, "Shape__Length": 77.048712227404565 }, "geometry": { "type": "LineString", "coordinates": [ [ -122.238993264371004, 44.225970275387695 ], [ -122.238777091128995, 44.225688566692199 ], [ -122.238811583063011, 44.225323885245594 ] ] } },
{ "type": "Feature", "properties": { "OBJECTID_1": 156, "OBJECTID": 2683, "Permanent_": "161200789", "FDate": 1464220800000, "Resolution": 2, "GNIS_ID": " ", "GNIS_Name": " ", "LengthKM": 0.1451384, "ReachCode": "17090004000596", "FlowDir": 1, "WBArea_Per": " ", "FType": 460, "FCode": 46006, "MainPath": 0, "InNetwork": 1, "Visibility": 0, "Shape_Leng": 0.00137638, "Enabled": 1, "GlobalID": "e1a75cf3-8d67-48ee-af70-a07841d5ea88", "Width": null, "Shape__Length": 144.75347293195793 }, "geometry": { "type": "LineString", "coordinates": [ [ -122.147006436498998, 44.236892510004218 ], [ -122.147048060103003, 44.236548430349202 ], [ -122.147001372847981, 44.236084625122992 ], [ -122.146695178998002, 44.23581007340119 ], [ -122.146635724019006, 44.2356850865391 ] ] } },
{ "type": "Feature", "properties": { "OBJECTID_1": 157, "OBJECTID": 21748, "Permanent_": "{4176B361-7A5F-48B6-8165-4A46336FA35F}", "FDate": 1464220800000, "Resolution": 2, "GNIS_ID": " ", "GNIS_Name": " ", "LengthKM": 0.07265, "ReachCode": "17090004023022", "FlowDir": 1, "WBArea_Per": " ", "FType": 460, "FCode": 46003, "MainPath": 0, "InNetwork": 1, "Visibility": 0, "Shape_Leng": 0.00088711, "Enabled": 1, "GlobalID": "1d3470ca-2cac-47ec-a924-bfc86df10b37", "Width": null, "Shape__Length": 72.801255885701337 }, "geometry": { "type": "LineString", "coordinates": [ [ -122.205980556103995, 44.24107216749789 ], [ -122.205586624398009, 44.240929635542898 ], [ -122.205121287357997, 44.24088599423969 ] ] } },
{ "type": "Feature", "properties": { "OBJECTID_1": 158, "OBJECTID": 25969, "Permanent_": "{A6CF371A-F696-48A1-B66B-85B79F8F7177}", "FDate": 1464220800000, "Resolution": 2, "GNIS_ID": " ", "GNIS_Name": " ", "LengthKM": 0.45899234, "ReachCode": "17090004023106", "FlowDir": 1, "WBArea_Per": " ", "FType": 460, "FCode": 46003, "MainPath": 0, "InNetwork": 1, "Visibility": 0, "Shape_Leng": 0.00509291, "Enabled": 1, "GlobalID": "6f438046-3162-4425-8e6d-40ac72ed0ff3", "Width": null, "Shape__Length": 459.01425552785111 }, "geometry": { "type": "LineString", "coordinates": [ [ -122.173992222109021, 44.257860066911391 ], [ -122.174467341404011, 44.257587802234298 ], [ -122.17478582515399, 44.257314281642103 ], [ -122.175484677478011, 44.257175786788693 ], [ -122.175713373565998, 44.257089644727884 ], [ -122.176103121762011, 44.256692457014296 ], [ -122.176180043448994, 44.256436948947808 ], [ -122.176468837363018, 44.256078760587101 ], [ -122.176928016036001, 44.255865636126792 ], [ -122.177160532423002, 44.255700855162104 ], [ -122.177382353902999, 44.255643681641295 ], [ -122.177920175764982, 44.2553536966115 ], [ -122.178143744764, 44.255291875990395 ] ] } },
{ "type": "Feature", "properties": { "OBJECTID_1": 159, "OBJECTID": 21745, "Permanent_": "161200255", "FDate": 1464220800000, "Resolution": 2, "GNIS_ID": " ", "GNIS_Name": " ", "LengthKM": 0.29367147, "ReachCode": "17090004014514", "FlowDir": 1, "WBArea_Per": " ", "FType": 460, "FCode": 46003, "MainPath": 0, "InNetwork": 1, "Visibility": 0, "Shape_Leng": 0.00323889, "Enabled": 1, "GlobalID": "cf4ba677-e3e9-4acc-a24e-69724be37bb5", "Width": null, "Shape__Length": 293.66538142501804 }, "geometry": { "type": "LineString", "coordinates": [ [ -122.192006414076005, 44.235273853203495 ], [ -122.192046285264993, 44.235161028217398 ], [ -122.192234400800004, 44.234985609507596 ], [ -122.192405388281983, 44.234643296614195 ], [ -122.192856078302, 44.234152040959003 ], [ -122.193409058924004, 44.234111504006599 ], [ -122.194024278483994, 44.233827059000198 ], [ -122.194334510134993, 44.233883295902096 ], [ -122.194571313159003, 44.233861919667191 ] ] } },
{ "type": "Feature", "properties": { "OBJECTID_1": 160, "OBJECTID": 29659, "Permanent_": "{08C86628-4E58-4519-91F3-A9132116981A}", "FDate": 1464220800000, "Resolution": 2, "GNIS_ID": " ", "GNIS_Name": " ", "LengthKM": 0.41624113, "ReachCode": "17090004022731", "FlowDir": 1, "WBArea_Per": " ", "FType": 460, "FCode": 46003, "MainPath": 0, "InNetwork": 1, "Visibility": 0, "Shape_Leng": 0.00403149, "Enabled": 1, "GlobalID": "7da0b729-da3f-4790-8e09-f76f95ebebf3", "Width": null, "Shape__Length": 415.27429673344949 }, "geometry": { "type": "LineString", "coordinates": [ [ -122.22054991709598, 44.225134316447303 ], [ -122.220594657990006, 44.225380939260397 ], [ -122.220849288189001, 44.225927013645787 ], [ -122.221021022497993, 44.226466973519209 ], [ -122.221321095663995, 44.227024956266199 ], [ -122.221551330310987, 44.227322605920897 ], [ -122.221724259672015, 44.2278046790533 ], [ -122.221770106427016, 44.2282654049557 ], [ -122.222086119774005, 44.22832043011249 ], [ -122.22236130524, 44.228251749914399 ] ] } },
{ "type": "Feature", "properties": { "OBJECTID_1": 161, "OBJECTID": 25833, "Permanent_": "{B94885BD-B4C0-4784-B9BC-3D2380C8766B}", "FDate": 1464220800000, "Resolution": 2, "GNIS_ID": " ", "GNIS_Name": " ", "LengthKM": 0.44808961, "ReachCode": "17090004022988", "FlowDir": 1, "WBArea_Per": " ", "FType": 460, "FCode": 46006, "MainPath": 0, "InNetwork": 1, "Visibility": 0, "Shape_Leng": 0.00420206, "Enabled": 1, "GlobalID": "01f004e4-ef54-4a34-b923-dd0866c1763f", "Width": null, "Shape__Length": 446.82470920167123 }, "geometry": { "type": "LineString", "coordinates": [ [ -122.193018085742011, 44.250026515368091 ], [ -122.192886918461014, 44.249757699894502 ], [ -122.192799230705006, 44.24922990070101 ], [ -122.192704683311021, 44.249002515791183 ], [ -122.192856950762021, 44.248740249595812 ], [ -122.192895854029999, 44.248464950639097 ], [ -122.192730532766006, 44.2482189775167 ], [ -122.192698552701003, 44.2477637675957 ], [ -122.192375968185999, 44.247431901138803 ], [ -122.192277838793999, 44.247221393790603 ], [ -122.192472474262999, 44.246657647472098 ], [ -122.192365837761002, 44.246220227232598 ] ] } },
{ "type": "Feature", "properties": { "OBJECTID_1": 162, "OBJECTID": 9810, "Permanent_": "{3752EB12-0948-4151-BEB3-280663A8BBF0}", "FDate": 1464220800000, "Resolution": 2, "GNIS_ID": " ", "GNIS_Name": " ", "LengthKM": 0.41925228, "ReachCode": "17090004022699", "FlowDir": 1, "WBArea_Per": " ", "FType": 460, "FCode": 46003, "MainPath": 0, "InNetwork": 1, "Visibility": 0, "Shape_Leng": 0.00450774, "Enabled": 1, "GlobalID": "cdf07d1b-ed0c-46ae-8f44-f6d5ae5df1c3", "Width": null, "Shape__Length": 419.00722721405367 }, "geometry": { "type": "LineString", "coordinates": [ [ -122.242780664804982, 44.226387037216405 ], [ -122.242691745186008, 44.226172699042294 ], [ -122.24206622460801, 44.2257172144405 ], [ -122.241673313247006, 44.225598361036205 ], [ -122.240779027521015, 44.224804112008897 ], [ -122.240307979626991, 44.224553979352386 ], [ -122.240094359254002, 44.224331542375403 ], [ -122.239595167614979, 44.224049048640687 ], [ -122.239315644407014, 44.223689012336706 ] ] } },
{ "type": "Feature", "properties": { "OBJECTID_1": 163, "OBJECTID": 21614, "Permanent_": "{DFEA1DED-E8D2-42B3-B5CF-CFA09E5005DB}", "FDate": 1464220800000, "Resolution": 2, "GNIS_ID": " ", "GNIS_Name": " ", "LengthKM": 0.41318985, "ReachCode": "17090004022712", "FlowDir": 1, "WBArea_Per": " ", "FType": 460, "FCode": 46003, "MainPath": 0, "InNetwork": 1, "Visibility": 0, "Shape_Leng": 0.00411698, "Enabled": 1, "GlobalID": "f9063fd8-caf8-43ff-b76a-8c0a102b54b0", "Width": null, "Shape__Length": 412.42434158845299 }, "geometry": { "type": "LineString", "coordinates": [ [ -122.223610461299003, 44.233845438432397 ], [ -122.223857017099007, 44.232984651295304 ], [ -122.224062738499995, 44.232768815356202 ], [ -122.224457716220982, 44.23266059904951 ], [ -122.224601454465017, 44.232507652120404 ], [ -122.224661455680021, 44.231999590223808 ], [ -122.224640225727001, 44.231662323393799 ], [ -122.224526245974005, 44.231445599929096 ], [ -122.224176940689986, 44.231181698211103 ], [ -122.224000919999, 44.230894327574404 ], [ -122.223623305353001, 44.230763785931103 ] ] } },
{ "type": "Feature", "properties": { "OBJECTID_1": 164, "OBJECTID": 17670, "Permanent_": "{DC5DA207-3831-46DE-8273-71B5DBFA1F65}", "FDate": 1464220800000, "Resolution": 2, "GNIS_ID": " ", "GNIS_Name": " ", "LengthKM": 0.01235499, "ReachCode": "17090004014558", "FlowDir": 1, "WBArea_Per": "108067939", "FType": 558, "FCode": 55800, "MainPath": 0, "InNetwork": 1, "Visibility": 0, "Shape_Leng": 0.00011608, "Enabled": 1, "GlobalID": "ff2b585b-01c0-4fc7-99a7-c6f25d9412a9", "Width": null, "Shape__Length": 12.319686735622435 }, "geometry": { "type": "LineString", "coordinates": [ [ -122.246449894682002, 44.217354609106593 ], [ -122.246490437081988, 44.217459473267901 ] ] } },
{ "type": "Feature", "properties": { "OBJECTID_1": 165, "OBJECTID": 6150, "Permanent_": "108055865", "FDate": 1464220800000, "Resolution": 2, "GNIS_ID": " ", "GNIS_Name": " ", "LengthKM": 0.52511549, "ReachCode": "17090004003745", "FlowDir": 1, "WBArea_Per": " ", "FType": 460, "FCode": 46006, "MainPath": 0, "InNetwork": 1, "Visibility": 0, "Shape_Leng": 0.0053495, "Enabled": 1, "GlobalID": "03814b11-a60f-4d21-868d-510731c049f8", "Width": null, "Shape__Length": 524.32088005536286 }, "geometry": { "type": "LineString", "coordinates": [ [ -122.206840216480003, 44.228467326339803 ], [ -122.207020533247018, 44.228578312809987 ], [ -122.207454954994006, 44.228733501219494 ], [ -122.208176727332017, 44.229195654701392 ], [ -122.208203817540991, 44.229540120099394 ], [ -122.208298475678006, 44.229777985959295 ], [ -122.208712012533979, 44.230099163019005 ], [ -122.209134373219001, 44.230740161705292 ], [ -122.209552502777015, 44.231105597099301 ], [ -122.209612952075986, 44.231255444666196 ], [ -122.209813794342011, 44.231462144017094 ], [ -122.209888619787009, 44.231869895195295 ], [ -122.209685885878983, 44.232290288845199 ] ] } },
{ "type": "Feature", "properties": { "OBJECTID_1": 166, "OBJECTID": 5874, "Permanent_": "161200408", "FDate": 1464220800000, "Resolution": 2, "GNIS_ID": " ", "GNIS_Name": " ", "LengthKM": 0.09159119, "ReachCode": "17090004014488", "FlowDir": 1, "WBArea_Per": " ", "FType": 460, "FCode": 46003, "MainPath": 0, "InNetwork": 1, "Visibility": 0, "Shape_Leng": 0.00095627, "Enabled": 1, "GlobalID": "6a15a582-6fb0-4806-b64d-761e8dc2aac1", "Width": null, "Shape__Length": 91.489243583738443 }, "geometry": { "type": "LineString", "coordinates": [ [ -122.242314652180994, 44.204875732318897 ], [ -122.242424160207008, 44.204646085673104 ], [ -122.242791188853019, 44.204442341315691 ], [ -122.242978862987002, 44.204241628914389 ] ] } },
{ "type": "Feature", "properties": { "OBJECTID_1": 167, "OBJECTID": 25675, "Permanent_": "{03749D78-CB91-4954-AC33-747AFD8486AC}", "FDate": 1464220800000, "Resolution": 2, "GNIS_ID": " ", "GNIS_Name": " ", "LengthKM": 0.17041736, "ReachCode": "17090004022672", "FlowDir": 1, "WBArea_Per": " ", "FType": 460, "FCode": 46003, "MainPath": 0, "InNetwork": 1, "Visibility": 0, "Shape_Leng": 0.00176021, "Enabled": 1, "GlobalID": "2e5128f0-e380-46bf-ab20-0488bdff9250", "Width": null, "Shape__Length": 170.20089686339534 }, "geometry": { "type": "LineString", "coordinates": [ [ -122.228898915529001, 44.2126066961128 ], [ -122.228866880891005, 44.213018942067691 ], [ -122.229110908970014, 44.213357321328395 ], [ -122.229414203401006, 44.2135782756582 ], [ -122.229909546669006, 44.2138011461453 ] ] } },
{ "type": "Feature", "properties": { "OBJECTID_1": 168, "OBJECTID": 10073, "Permanent_": "{1DE53B9C-1142-468A-A344-CA2FC81E5DD4}", "FDate": 1464220800000, "Resolution": 2, "GNIS_ID": " ", "GNIS_Name": " ", "LengthKM": 0.25346644, "ReachCode": "17090004022766", "FlowDir": 1, "WBArea_Per": " ", "FType": 460, "FCode": 46003, "MainPath": 0, "InNetwork": 1, "Visibility": 0, "Shape_Leng": 0.00247822, "Enabled": 1, "GlobalID": "e6c4243f-a234-47d8-bc8b-53eb38b777a3", "Width": null, "Shape__Length": 252.90742963407743 }, "geometry": { "type": "LineString", "coordinates": [ [ -122.210868997118979, 44.23569918455749 ], [ -122.210835805337993, 44.235287096123606 ], [ -122.210476780202001, 44.234584056768298 ], [ -122.21006545560698, 44.234228045167093 ], [ -122.209968138743989, 44.234087238655185 ], [ -122.209997790269, 44.233902083077702 ], [ -122.210277982219012, 44.233682091905401 ] ] } },
{ "type": "Feature", "properties": { "OBJECTID_1": 169, "OBJECTID": 10373, "Permanent_": "108046579", "FDate": 1464220800000, "Resolution": 2, "GNIS_ID": " ", "GNIS_Name": " ", "LengthKM": 0.46173187, "ReachCode": "17090004001627", "FlowDir": 1, "WBArea_Per": " ", "FType": 460, "FCode": 46006, "MainPath": 0, "InNetwork": 1, "Visibility": 0, "Shape_Leng": 0.00444899, "Enabled": 1, "GlobalID": "470c024f-f785-46f3-be2c-9f3d399a7b20", "Width": null, "Shape__Length": 460.64116580492652 }, "geometry": { "type": "LineString", "coordinates": [ [ -122.161592795417988, 44.268351478261302 ], [ -122.161848645027007, 44.268250977599799 ], [ -122.161999737113007, 44.267831155298808 ], [ -122.162209176611, 44.267596313575709 ], [ -122.162570134258999, 44.267370632930501 ], [ -122.162684631084019, 44.266967152006799 ], [ -122.162913928621009, 44.266649927049407 ], [ -122.162926098705995, 44.266399522229797 ], [ -122.162802357282999, 44.265813061538203 ], [ -122.162838500673999, 44.265553272944295 ], [ -122.162729649248007, 44.265216620313595 ], [ -122.162835870912005, 44.264872952413207 ], [ -122.163007803125012, 44.26462663709021 ] ] } },
{ "type": "Feature", "properties": { "OBJECTID_1": 170, "OBJECTID": 29927, "Permanent_": "{8AB433B8-FE50-4FE0-B21F-67993E8E6871}", "FDate": 1464220800000, "Resolution": 2, "GNIS_ID": " ", "GNIS_Name": " ", "LengthKM": 0.23346273, "ReachCode": "17090004023068", "FlowDir": 1, "WBArea_Per": " ", "FType": 460, "FCode": 46003, "MainPath": 0, "InNetwork": 1, "Visibility": 0, "Shape_Leng": 0.00256826, "Enabled": 1, "GlobalID": "bcd69a56-4c14-4741-9ed8-b20c43b17a5a", "Width": null, "Shape__Length": 233.45226286118134 }, "geometry": { "type": "LineString", "coordinates": [ [ -122.17258994542901, 44.249749927333191 ], [ -122.172659571740013, 44.24991336415269 ], [ -122.172683849167015, 44.2502506192235 ], [ -122.17277191418701, 44.250360519396992 ], [ -122.173535967822019, 44.250618715432189 ], [ -122.173863184571019, 44.250893935431094 ], [ -122.174504903933013, 44.251008263005495 ] ] } },
{ "type": "Feature", "properties": { "OBJECTID_1": 171, "OBJECTID": 2558, "Permanent_": "{3FEF6B22-9082-4B2D-A281-1BC6D2CC3186}", "FDate": 1464220800000, "Resolution": 2, "GNIS_ID": " ", "GNIS_Name": " ", "LengthKM": 0.17917567, "ReachCode": "17090004023071", "FlowDir": 1, "WBArea_Per": " ", "FType": 460, "FCode": 46003, "MainPath": 0, "InNetwork": 1, "Visibility": 0, "Shape_Leng": 0.00177482, "Enabled": 1, "GlobalID": "a80e164b-54d2-489f-9b7f-bf3a1fc0a5da", "Width": null, "Shape__Length": 178.8233533305318 }, "geometry": { "type": "LineString", "coordinates": [ [ -122.162370579574997, 44.250303070014802 ], [ -122.162380316762992, 44.25070629065771 ], [ -122.161826582711996, 44.251122628847796 ], [ -122.161598776679, 44.251408448072105 ], [ -122.161510840516996, 44.251693881050095 ] ] } },
{ "type": "Feature", "properties": { "OBJECTID_1": 172, "OBJECTID": 2559, "Permanent_": "{FAFBCF1B-090C-49D7-89D9-27F3432842D5}", "FDate": 1464220800000, "Resolution": 2, "GNIS_ID": " ", "GNIS_Name": " ", "LengthKM": 0.08855997, "ReachCode": "17090004022898", "FlowDir": 1, "WBArea_Per": " ", "FType": 460, "FCode": 46003, "MainPath": 0, "InNetwork": 1, "Visibility": 0, "Shape_Leng": 0.00087329, "Enabled": 1, "GlobalID": "e794723d-41a7-42b9-82b6-2e814a730b8e", "Width": null, "Shape__Length": 88.37715962177667 }, "geometry": { "type": "LineString", "coordinates": [ [ -122.160241960674981, 44.245171156148103 ], [ -122.160430603080016, 44.244839321146692 ], [ -122.160685180415996, 44.244616348677795 ], [ -122.160717157525994, 44.244473754011501 ] ] } },
{ "type": "Feature", "properties": { "OBJECTID_1": 173, "OBJECTID": 9942, "Permanent_": "{B8D82CE9-43B7-454A-8803-EE6A3261689E}", "FDate": 1464220800000, "Resolution": 2, "GNIS_ID": " ", "GNIS_Name": " ", "LengthKM": 0.17744636, "ReachCode": "17090004022759", "FlowDir": 1, "WBArea_Per": " ", "FType": 460, "FCode": 46003, "MainPath": 0, "InNetwork": 1, "Visibility": 0, "Shape_Leng": 0.00182535, "Enabled": 1, "GlobalID": "856b6db0-c14a-4e66-91ef-a7e76d2cb962", "Width": null, "Shape__Length": 177.19947017917707 }, "geometry": { "type": "LineString", "coordinates": [ [ -122.212456808862996, 44.222856432183498 ], [ -122.212235968694984, 44.223272795240604 ], [ -122.211713558910006, 44.223657789967604 ], [ -122.211472083570015, 44.223950922774698 ], [ -122.211218393747998, 44.224146077868582 ] ] } },
{ "type": "Feature", "properties": { "OBJECTID_1": 174, "OBJECTID": 21613, "Permanent_": "161200370", "FDate": 1464220800000, "Resolution": 2, "GNIS_ID": " ", "GNIS_Name": " ", "LengthKM": 0.5266954, "ReachCode": "17090004014495", "FlowDir": 1, "WBArea_Per": " ", "FType": 460, "FCode": 46003, "MainPath": 0, "InNetwork": 1, "Visibility": 0, "Shape_Leng": 0.00537302, "Enabled": 1, "GlobalID": "e9df1a50-cdbd-41b9-9516-de435b552aed", "Width": null, "Shape__Length": 525.94811292121062 }, "geometry": { "type": "LineString", "coordinates": [ [ -122.224494339188993, 44.2354832869052 ], [ -122.224555255495005, 44.235228733146592 ], [ -122.224539688449013, 44.23462539354221 ], [ -122.224603072722985, 44.234380397076087 ], [ -122.224842649389004, 44.233796887131 ], [ -122.225211098661006, 44.233410069512793 ], [ -122.225083599656003, 44.232995552798599 ], [ -122.225064915008005, 44.232605344325712 ], [ -122.225301587264994, 44.232395027945202 ], [ -122.225452909222, 44.232352279131504 ], [ -122.226645490910016, 44.232483281602306 ], [ -122.227111796368987, 44.232196908993792 ] ] } },
{ "type": "Feature", "properties": { "OBJECTID_1": 175, "OBJECTID": 25948, "Permanent_": "161200667", "FDate": 1464220800000, "Resolution": 2, "GNIS_ID": "01123461", "GNIS_Name": "Lookout Creek", "LengthKM": 0.11230793, "ReachCode": "17090004000322", "FlowDir": 1, "WBArea_Per": " ", "FType": 460, "FCode": 46006, "MainPath": 0, "InNetwork": 1, "Visibility": 0, "Shape_Leng": 0.00140246, "Enabled": 1, "GlobalID": "ba7a32f8-a40e-4f5b-8033-aa457ec4da74", "Width": 1.0, "Shape__Length": 112.6057307004538 }, "geometry": { "type": "LineString", "coordinates": [ [ -122.18160901141502, 44.231046078873604 ], [ -122.181944248223019, 44.231102239591792 ], [ -122.183003382462999, 44.231140353768311 ] ] } },
{ "type": "Feature", "properties": { "OBJECTID_1": 176, "OBJECTID": 10362, "Permanent_": "{8F0F0212-9DE3-455D-BFE1-511E85211FBA}", "FDate": 1464220800000, "Resolution": 2, "GNIS_ID": " ", "GNIS_Name": " ", "LengthKM": 0.22454931, "ReachCode": "17090004022902", "FlowDir": 1, "WBArea_Per": " ", "FType": 460, "FCode": 46003, "MainPath": 0, "InNetwork": 1, "Visibility": 0, "Shape_Leng": 0.00220881, "Enabled": 1, "GlobalID": "f0d6f172-e016-449f-ba98-259c6fd9b47d", "Width": null, "Shape__Length": 224.07882285914926 }, "geometry": { "type": "LineString", "coordinates": [ [ -122.166349225808005, 44.233421382768498 ], [ -122.166658161372993, 44.233170107492185 ], [ -122.166729545451005, 44.232927402803099 ], [ -122.166848517731012, 44.232779874973005 ], [ -122.167272062251996, 44.232446751060699 ], [ -122.167429106762995, 44.231861403124384 ], [ -122.167398251848994, 44.231659465205603 ] ] } },
{ "type": "Feature", "properties": { "OBJECTID_1": 177, "OBJECTID": 26095, "Permanent_": "{2A77567B-88D7-4137-9D21-ECB0905EC28A}", "FDate": 1464220800000, "Resolution": 2, "GNIS_ID": " ", "GNIS_Name": " ", "LengthKM": 1.14674114, "ReachCode": "17090004022918", "FlowDir": 1, "WBArea_Per": " ", "FType": 460, "FCode": 46003, "MainPath": 0, "InNetwork": 1, "Visibility": 0, "Shape_Leng": 0.01123713, "Enabled": 1, "GlobalID": "497688da-4b99-476f-a9ea-4bf1c57a95b6", "Width": null, "Shape__Length": 1144.2979316414153 }, "geometry": { "type": "LineString", "coordinates": [ [ -122.152874913948011, 44.24741370897619 ], [ -122.153362562442013, 44.24723448421819 ], [ -122.153645988163021, 44.246821352073695 ], [ -122.153478541707997, 44.246494605365399 ], [ -122.153443820551999, 44.246251057465109 ], [ -122.153889199476012, 44.2451658814947 ], [ -122.153904005391979, 44.245041589099102 ], [ -122.153807385499007, 44.244802550648579 ], [ -122.153907827547016, 44.244650528348409 ], [ -122.154020604846011, 44.244251517242603 ], [ -122.153895798480988, 44.243956395061097 ], [ -122.153692785216009, 44.243739425408904 ], [ -122.153663511380003, 44.243499982717694 ], [ -122.153519091516017, 44.243375363082002 ], [ -122.153714011385006, 44.242626850181608 ], [ -122.15382166346501, 44.242459115989298 ], [ -122.154224106111002, 44.2422690061317 ], [ -122.154554100498984, 44.241940572512505 ], [ -122.154563096694019, 44.241835614333695 ], [ -122.154413872193999, 44.241645693158596 ], [ -122.154431291990008, 44.241372518586303 ], [ -122.155206615054993, 44.240165379898393 ], [ -122.155375926117998, 44.240015411325892 ], [ -122.155851526185998, 44.239901751628004 ], [ -122.155996274512987, 44.239772160092997 ], [ -122.156260479601997, 44.239053648445299 ], [ -122.156221936425979, 44.238859599823797 ], [ -122.155999390782995, 44.238456041794301 ] ] } },
{ "type": "Feature", "properties": { "OBJECTID_1": 178, "OBJECTID": 17667, "Permanent_": "{2BC32CBC-C8FA-4D9C-A45F-D072EEF38FFE}", "FDate": 1464220800000, "Resolution": 2, "GNIS_ID": " ", "GNIS_Name": " ", "LengthKM": 0.18297614, "ReachCode": "17090004003768", "FlowDir": 1, "WBArea_Per": " ", "FType": 460, "FCode": 46006, "MainPath": 0, "InNetwork": 1, "Visibility": 0, "Shape_Leng": 0.00220488, "Enabled": 1, "GlobalID": "d5327997-6f32-434b-b48b-3d818c9dabe2", "Width": null, "Shape__Length": 183.3141186444181 }, "geometry": { "type": "LineString", "coordinates": [ [ -122.251349686021996, 44.205408345934906 ], [ -122.251755628441018, 44.205365181345201 ], [ -122.252541577125996, 44.205367918382393 ], [ -122.252820045966985, 44.20547089877811 ], [ -122.253236224472985, 44.205730893648195 ], [ -122.253446944217004, 44.205790228827397 ] ] } },
{ "type": "Feature", "properties": { "OBJECTID_1": 179, "OBJECTID": 26085, "Permanent_": "{89783230-16C5-493C-B98A-43464F966411}", "FDate": 1464220800000, "Resolution": 2, "GNIS_ID": " ", "GNIS_Name": " ", "LengthKM": 0.06532657, "ReachCode": "17090004023060", "FlowDir": 1, "WBArea_Per": " ", "FType": 460, "FCode": 46003, "MainPath": 0, "InNetwork": 1, "Visibility": 0, "Shape_Leng": 0.00081116, "Enabled": 1, "GlobalID": "715c24bb-7cf3-46f9-bf73-b6b34de82476", "Width": null, "Shape__Length": 65.487797580299031 }, "geometry": { "type": "LineString", "coordinates": [ [ -122.167544180286981, 44.249610848483591 ], [ -122.167778671041006, 44.249625464871798 ], [ -122.168345459597006, 44.249535299939595 ] ] } },
{ "type": "Feature", "properties": { "OBJECTID_1": 180, "OBJECTID": 6623, "Permanent_": "161200620", "FDate": 1464220800000, "Resolution": 2, "GNIS_ID": "01123461", "GNIS_Name": "Lookout Creek", "LengthKM": 0.20058586, "ReachCode": "17090004000324", "FlowDir": 1, "WBArea_Per": " ", "FType": 460, "FCode": 46006, "MainPath": 0, "InNetwork": 1, "Visibility": 0, "Shape_Leng": 0.0019812, "Enabled": 1, "GlobalID": "3ec303fd-22bf-47aa-a172-036577f086c4", "Width": 1.0, "Shape__Length": 200.17912799468689 }, "geometry": { "type": "LineString", "coordinates": [ [ -122.115928089614002, 44.218384600139494 ], [ -122.116691298762007, 44.219025198297601 ], [ -122.116695956499001, 44.219608168228291 ], [ -122.116862043010997, 44.219941333952697 ] ] } },
{ "type": "Feature", "properties": { "OBJECTID_1": 181, "OBJECTID": 21908, "Permanent_": "{196E025A-8E6B-4C5A-8200-7F722E36CAED}", "FDate": 1476576000000, "Resolution": 2, "GNIS_ID": " ", "GNIS_Name": " ", "LengthKM": 0.06658133, "ReachCode": "17090004024580", "FlowDir": 1, "WBArea_Per": " ", "FType": 460, "FCode": 46003, "MainPath": 0, "InNetwork": 1, "Visibility": 0, "Shape_Leng": 0.00081951, "Enabled": 1, "GlobalID": "a7a28b07-5012-46e4-9f22-4c46b5f02887", "Width": null, "Shape__Length": 66.732020244133523 }, "geometry": { "type": "LineString", "coordinates": [ [ -122.169836160997988, 44.247347260155493 ], [ -122.170323898787998, 44.247394272542195 ], [ -122.170637361808005, 44.247489172720982 ] ] } },
{ "type": "Feature", "properties": { "OBJECTID_1": 182, "OBJECTID": 18083, "Permanent_": "{7B472AF8-65FD-423A-B665-FAA0ED16DBD4}", "FDate": 1464220800000, "Resolution": 2, "GNIS_ID": " ", "GNIS_Name": " ", "LengthKM": 0.44811296, "ReachCode": "17090004023115", "FlowDir": 1, "WBArea_Per": " ", "FType": 460, "FCode": 46003, "MainPath": 0, "InNetwork": 1, "Visibility": 0, "Shape_Leng": 0.00435966, "Enabled": 1, "GlobalID": "27c1f058-e94b-4812-a370-69924dd4a5ac", "Width": null, "Shape__Length": 447.10315094072985 }, "geometry": { "type": "LineString", "coordinates": [ [ -122.180471778984014, 44.262965586102801 ], [ -122.180801634246009, 44.262611283910495 ], [ -122.180984062671996, 44.262256025506098 ], [ -122.180929948243005, 44.261926089999299 ], [ -122.180768880630012, 44.261660367097193 ], [ -122.180663971746995, 44.261006999994294 ], [ -122.179991611606013, 44.260204098769591 ], [ -122.179876081496019, 44.259858571370991 ], [ -122.179536942322997, 44.259475017787494 ], [ -122.179357764003015, 44.259361675686797 ] ] } },
{ "type": "Feature", "properties": { "OBJECTID_1": 183, "OBJECTID": 22145, "Permanent_": "{BE80EB5A-FA11-4282-A976-F2DA5886A388}", "FDate": 1464220800000, "Resolution": 2, "GNIS_ID": " ", "GNIS_Name": " ", "LengthKM": 0.50239252, "ReachCode": "17090004022958", "FlowDir": 1, "WBArea_Per": " ", "FType": 460, "FCode": 46003, "MainPath": 0, "InNetwork": 1, "Visibility": 0, "Shape_Leng": 0.00564782, "Enabled": 1, "GlobalID": "085737ce-f80e-40c3-b415-e34551e3194a", "Width": null, "Shape__Length": 502.56517855538675 }, "geometry": { "type": "LineString", "coordinates": [ [ -122.125983291151996, 44.232228640376398 ], [ -122.126207681533003, 44.232176480649301 ], [ -122.126608056628996, 44.231916417639091 ], [ -122.127001963732994, 44.231353348986303 ], [ -122.127374882867002, 44.231138766918491 ], [ -122.127842403201996, 44.230744080192594 ], [ -122.128087586912002, 44.230674872361796 ], [ -122.128521243351983, 44.230674156373098 ], [ -122.129270896755997, 44.230482113478189 ], [ -122.129840955766014, 44.230401364494284 ], [ -122.130009083429002, 44.230295497231594 ], [ -122.130319013196981, 44.229939402724 ], [ -122.130609270234984, 44.229816573343491 ], [ -122.130720242853016, 44.229711649279402 ] ] } },
{ "type": "Feature", "properties": { "OBJECTID_1": 184, "OBJECTID": 10377, "Permanent_": "{27E568ED-F67D-4336-B7F9-31BE1991C862}", "FDate": 1464220800000, "Resolution": 2, "GNIS_ID": " ", "GNIS_Name": " ", "LengthKM": 0.97839438, "ReachCode": "17090004023113", "FlowDir": 1, "WBArea_Per": " ", "FType": 460, "FCode": 46003, "MainPath": 0, "InNetwork": 1, "Visibility": 0, "Shape_Leng": 0.01176578, "Enabled": 1, "GlobalID": "ea402454-8596-4b1f-a72f-524d83856ae1", "Width": null, "Shape__Length": 980.07489596037112 }, "geometry": { "type": "LineString", "coordinates": [ [ -122.152781005888997, 44.258670085287307 ], [ -122.153430677535994, 44.258808397848007 ], [ -122.154337066173994, 44.259188841987694 ], [ -122.155067545617001, 44.259292970883799 ], [ -122.155318833606984, 44.259401114264683 ], [ -122.15583367969198, 44.259497784288001 ], [ -122.156306090943005, 44.259690856775308 ], [ -122.157464561073994, 44.259701287393 ], [ -122.157740476504017, 44.259797353909001 ], [ -122.158196940980005, 44.25981291884969 ], [ -122.158812561125004, 44.259952572181597 ], [ -122.159100849115006, 44.260066084445 ], [ -122.159700309574021, 44.260095357001397 ], [ -122.160166792690006, 44.26026633487831 ], [ -122.160364939228003, 44.260468202630484 ], [ -122.161099652218013, 44.260639092631202 ], [ -122.161520586532006, 44.260866194998613 ], [ -122.162123764067985, 44.260901941823398 ], [ -122.162348334779011, 44.260822516225709 ], [ -122.16261963473201, 44.260833034928105 ], [ -122.162822467566016, 44.2607670229674 ], [ -122.162947961914014, 44.260557369822301 ], [ -122.163051332386019, 44.26050977087759 ], [ -122.163293537962986, 44.260608782963097 ], [ -122.163901598579002, 44.260713914930491 ] ] } },
{ "type": "Feature", "properties": { "OBJECTID_1": 185, "OBJECTID": 21617, "Permanent_": "{A175ECA1-4DD7-4BB3-8A83-CFDE09FD3E64}", "FDate": 1464220800000, "Resolution": 2, "GNIS_ID": " ", "GNIS_Name": " ", "LengthKM": 0.14670128, "ReachCode": "17090004022736", "FlowDir": 1, "WBArea_Per": " ", "FType": 460, "FCode": 46003, "MainPath": 0, "InNetwork": 1, "Visibility": 0, "Shape_Leng": 0.0017674, "Enabled": 1, "GlobalID": "d63678ee-7c2f-42f7-a986-411219a005aa", "Width": null, "Shape__Length": 146.96487862689114 }, "geometry": { "type": "LineString", "coordinates": [ [ -122.217100739827004, 44.228949844202198 ], [ -122.217305067571985, 44.229030517827098 ], [ -122.217608807749983, 44.229005670279705 ], [ -122.217894225099997, 44.228883094505989 ], [ -122.218157099431011, 44.228888315225696 ], [ -122.218600555397998, 44.228791112391995 ], [ -122.218782293480004, 44.228691609575797 ] ] } },
{ "type": "Feature", "properties": { "OBJECTID_1": 186, "OBJECTID": 10087, "Permanent_": "161200278", "FDate": 1464220800000, "Resolution": 2, "GNIS_ID": " ", "GNIS_Name": " ", "LengthKM": 0.2381438, "ReachCode": "17090004014601", "FlowDir": 1, "WBArea_Per": " ", "FType": 460, "FCode": 46003, "MainPath": 0, "InNetwork": 1, "Visibility": 0, "Shape_Leng": 0.00291725, "Enabled": 1, "GlobalID": "8b0ac791-5005-427d-8417-9af66e3f260b", "Width": null, "Shape__Length": 238.65743598100357 }, "geometry": { "type": "LineString", "coordinates": [ [ -122.192321948795993, 44.242590948866003 ], [ -122.193160629741996, 44.242816626263398 ], [ -122.193385854005001, 44.242814794807707 ], [ -122.193584927391001, 44.242891583337688 ], [ -122.194227136313003, 44.242966310691095 ], [ -122.194567984247001, 44.242963842061201 ], [ -122.194968927204016, 44.24284697130259 ], [ -122.195158139627011, 44.242880437598011 ] ] } },
{ "type": "Feature", "properties": { "OBJECTID_1": 187, "OBJECTID": 10242, "Permanent_": "{057582AF-8F51-4E4E-8068-E6CD0C03926C}", "FDate": 1476576000000, "Resolution": 2, "GNIS_ID": " ", "GNIS_Name": " ", "LengthKM": 0.30206271, "ReachCode": "17090004023050", "FlowDir": 1, "WBArea_Per": " ", "FType": 460, "FCode": 46003, "MainPath": 0, "InNetwork": 1, "Visibility": 0, "Shape_Leng": 0.00306448, "Enabled": 1, "GlobalID": "1872fad8-6f51-4a04-bc1a-b56e00fa1136", "Width": null, "Shape__Length": 301.57802615905109 }, "geometry": { "type": "LineString", "coordinates": [ [ -122.170637361808005, 44.247489172720982 ], [ -122.171340964291019, 44.248034987738201 ], [ -122.171550387856996, 44.248546277128305 ], [ -122.172112969214993, 44.249269806382003 ], [ -122.172508086899015, 44.249615897775094 ], [ -122.17258994542901, 44.249749927333191 ] ] } },
{ "type": "Feature", "properties": { "OBJECTID_1": 188, "OBJECTID": 14098, "Permanent_": "{5399FB91-E506-4B2C-B25F-E39C49E807F9}", "FDate": 1464220800000, "Resolution": 2, "GNIS_ID": " ", "GNIS_Name": " ", "LengthKM": 0.37930483, "ReachCode": "17090004022877", "FlowDir": 1, "WBArea_Per": " ", "FType": 460, "FCode": 46003, "MainPath": 0, "InNetwork": 1, "Visibility": 0, "Shape_Leng": 0.00355955, "Enabled": 1, "GlobalID": "7b7d8447-3ac5-4522-8836-fce949146a6d", "Width": null, "Shape__Length": 378.2300811500495 }, "geometry": { "type": "LineString", "coordinates": [ [ -122.177854491469986, 44.238136548736193 ], [ -122.177985183236999, 44.237927046162206 ], [ -122.178031451483008, 44.237543078745489 ], [ -122.177803352596996, 44.237202852757115 ], [ -122.178073573397015, 44.236579843905304 ], [ -122.178145584625014, 44.23621489338759 ], [ -122.177895655945008, 44.235801088274506 ], [ -122.177879193414, 44.235381206031896 ], [ -122.177657748146999, 44.234915086581296 ] ] } },
{ "type": "Feature", "properties": { "OBJECTID_1": 189, "OBJECTID": 17815, "Permanent_": "{ECE8372E-B5C6-439B-91F1-347A9E9A0023}", "FDate": 1464220800000, "Resolution": 2, "GNIS_ID": " ", "GNIS_Name": " ", "LengthKM": 0.10283732, "ReachCode": "17090004022741", "FlowDir": 1, "WBArea_Per": " ", "FType": 460, "FCode": 46003, "MainPath": 0, "InNetwork": 1, "Visibility": 0, "Shape_Leng": 0.00126706, "Enabled": 1, "GlobalID": "7bc5b88a-0874-42ca-95b2-59414211c689", "Width": null, "Shape__Length": 103.07436930260815 }, "geometry": { "type": "LineString", "coordinates": [ [ -122.213531152826008, 44.237315478045595 ], [ -122.214284009776009, 44.237436977373591 ], [ -122.214684800157997, 44.237365167005699 ], [ -122.214771439735003, 44.237387090980604 ] ] } },
{ "type": "Feature", "properties": { "OBJECTID_1": 190, "OBJECTID": 14233, "Permanent_": "161166904", "FDate": 1464220800000, "Resolution": 2, "GNIS_ID": " ", "GNIS_Name": " ", "LengthKM": 0.5600119, "ReachCode": "17090004007660", "FlowDir": 1, "WBArea_Per": " ", "FType": 460, "FCode": 46006, "MainPath": 0, "InNetwork": 1, "Visibility": 0, "Shape_Leng": 0.00612079, "Enabled": 1, "GlobalID": "2416641b-4c01-4ec7-9937-fdb3e73ca407", "Width": null, "Shape__Length": 559.88803416889198 }, "geometry": { "type": "LineString", "coordinates": [ [ -122.158242529213013, 44.267777324964193 ], [ -122.158514139015011, 44.267793255738198 ], [ -122.159165892773018, 44.267552520205392 ], [ -122.159368126960018, 44.267450240329794 ], [ -122.159555743680997, 44.267190411513603 ], [ -122.159955126802998, 44.26718378632669 ], [ -122.160234306418019, 44.267112200405393 ], [ -122.160850647912994, 44.266762034550503 ], [ -122.161083439014021, 44.26667584579851 ], [ -122.161614566520996, 44.266268273901517 ], [ -122.161836368157012, 44.265899935179405 ], [ -122.162162753093, 44.265627528245297 ], [ -122.162294799871006, 44.26523283816541 ], [ -122.162518600281018, 44.264842621755392 ], [ -122.163007803125012, 44.26462663709021 ] ] } },
{ "type": "Feature", "properties": { "OBJECTID_1": 191, "OBJECTID": 10081, "Permanent_": "{709CCADF-30CB-41DE-8464-B86D617A7773}", "FDate": 1464220800000, "Resolution": 2, "GNIS_ID": " ", "GNIS_Name": " ", "LengthKM": 0.05845727, "ReachCode": "17090004023016", "FlowDir": 1, "WBArea_Per": " ", "FType": 460, "FCode": 46003, "MainPath": 0, "InNetwork": 1, "Visibility": 0, "Shape_Leng": 0.00055403, "Enabled": 1, "GlobalID": "317de4ba-cede-402d-9c4f-78e3b9e4fd6c", "Width": null, "Shape__Length": 58.300183568635148 }, "geometry": { "type": "LineString", "coordinates": [ [ -122.203037292446993, 44.239969542340994 ], [ -122.203048174554993, 44.239764760684693 ], [ -122.203244162090996, 44.2394796517301 ] ] } },
{ "type": "Feature", "properties": { "OBJECTID_1": 192, "OBJECTID": 2107, "Permanent_": "{C72C08BB-4BBA-45C6-AEC7-1E6D9A764F2F}", "FDate": 1464220800000, "Resolution": 2, "GNIS_ID": " ", "GNIS_Name": " ", "LengthKM": 0.01105988, "ReachCode": "17090004022708", "FlowDir": 1, "WBArea_Per": "108067939", "FType": 558, "FCode": 55800, "MainPath": 0, "InNetwork": 1, "Visibility": 0, "Shape_Leng": 0.00012923, "Enabled": 1, "GlobalID": "0b756621-c198-4997-b0e5-107911e2906f", "Width": null, "Shape__Length": 11.071786093629878 }, "geometry": { "type": "LineString", "coordinates": [ [ -122.232010985253012, 44.227888878427805 ], [ -122.231892651552002, 44.227837211524701 ] ] } },
{ "type": "Feature", "properties": { "OBJECTID_1": 193, "OBJECTID": 21483, "Permanent_": "108055937", "FDate": 1464220800000, "Resolution": 2, "GNIS_ID": " ", "GNIS_Name": " ", "LengthKM": 0.37313753, "ReachCode": "17090004003757", "FlowDir": 1, "WBArea_Per": " ", "FType": 460, "FCode": 46006, "MainPath": 0, "InNetwork": 1, "Visibility": 0, "Shape_Leng": 0.00423917, "Enabled": 1, "GlobalID": "1528e41f-0a13-425c-a394-6e29f5b183bb", "Width": null, "Shape__Length": 373.33352124121956 }, "geometry": { "type": "LineString", "coordinates": [ [ -122.240455211019011, 44.217943907798492 ], [ -122.240980634686011, 44.218473939083985 ], [ -122.24150747627202, 44.21873648319449 ], [ -122.242028716539011, 44.219179058618195 ], [ -122.24269115367602, 44.219460393333101 ], [ -122.242930619646003, 44.219493991310003 ], [ -122.243636024851995, 44.2192476116306 ], [ -122.244122357208013, 44.219167288813992 ] ] } },
{ "type": "Feature", "properties": { "OBJECTID_1": 194, "OBJECTID": 2796, "Permanent_": "{735A7FF0-F51E-4C8E-8AFC-E9B5996F2236}", "FDate": 1464220800000, "Resolution": 2, "GNIS_ID": "01123461", "GNIS_Name": "Lookout Creek", "LengthKM": 0.23017419, "ReachCode": "17090004000324", "FlowDir": 1, "WBArea_Per": " ", "FType": 460, "FCode": 46006, "MainPath": 0, "InNetwork": 1, "Visibility": 0, "Shape_Leng": 0.0022475, "Enabled": 1, "GlobalID": "f5af1a3d-fdd0-4c1a-a7e1-20ab37bb46d6", "Width": 1.0, "Shape__Length": 229.66237941284635 }, "geometry": { "type": "LineString", "coordinates": [ [ -122.114538012837016, 44.212922982457798 ], [ -122.114439541416004, 44.21322509560089 ], [ -122.11459050869702, 44.213812735885 ], [ -122.114741133068009, 44.213991069796592 ], [ -122.114809125855004, 44.214174777301587 ], [ -122.115183054186019, 44.21461497125059 ], [ -122.115308569147018, 44.214703811354397 ], [ -122.115456027519002, 44.2147319348108 ] ] } },
{ "type": "Feature", "properties": { "OBJECTID_1": 195, "OBJECTID": 17675, "Permanent_": "161200478", "FDate": 1464220800000, "Resolution": 2, "GNIS_ID": " ", "GNIS_Name": " ", "LengthKM": 0.63613628, "ReachCode": "17090004014558", "FlowDir": 1, "WBArea_Per": " ", "FType": 460, "FCode": 46003, "MainPath": 0, "InNetwork": 1, "Visibility": 0, "Shape_Leng": 0.00711581, "Enabled": 1, "GlobalID": "68d370e0-2179-43be-9120-253c329e444d", "Width": null, "Shape__Length": 636.29026731090119 }, "geometry": { "type": "LineString", "coordinates": [ [ -122.240541406268008, 44.214209597122405 ], [ -122.240810274246996, 44.214514360086397 ], [ -122.241179368415999, 44.214814253094595 ], [ -122.241776686609015, 44.215113593756399 ], [ -122.242305122774994, 44.215782065271291 ], [ -122.242436579384005, 44.216062896262692 ], [ -122.242721040774995, 44.216237369998993 ], [ -122.243034278598003, 44.216552652936102 ], [ -122.243348662163001, 44.216667779275902 ], [ -122.243946153484018, 44.216720330763991 ], [ -122.244413070337004, 44.216662277985506 ], [ -122.244857510429995, 44.2167467556528 ], [ -122.245073271183017, 44.2169176542522 ], [ -122.245798788618004, 44.217045718646588 ], [ -122.246449894682002, 44.217354609106593 ] ] } },
{ "type": "Feature", "properties": { "OBJECTID_1": 196, "OBJECTID": 2110, "Permanent_": "108044797", "FDate": 1464220800000, "Resolution": 2, "GNIS_ID": "01123461", "GNIS_Name": "Lookout Creek", "LengthKM": 0.28678965, "ReachCode": "17090004001156", "FlowDir": 1, "WBArea_Per": "108067939", "FType": 558, "FCode": 55800, "MainPath": 0, "InNetwork": 1, "Visibility": 0, "Shape_Leng": 0.00336565, "Enabled": 1, "GlobalID": "4577646f-7212-437a-8b7f-5f0f42641022", "Width": 1.0, "Shape__Length": 287.1485187307178 }, "geometry": { "type": "LineString", "coordinates": [ [ -122.227918311818996, 44.228420198106605 ], [ -122.228561951307995, 44.228163618051909 ], [ -122.228848650147015, 44.228162071459892 ], [ -122.229034150400011, 44.228246916715108 ], [ -122.229278335830017, 44.2286144038207 ], [ -122.229452692713011, 44.22871204677331 ], [ -122.229760884129007, 44.228763007746593 ], [ -122.23012897854899, 44.228746017201388 ], [ -122.230955729251008, 44.228881524707099 ] ] } },
{ "type": "Feature", "properties": { "OBJECTID_1": 197, "OBJECTID": 21902, "Permanent_": "{E90BEAFB-7FE7-4221-B393-DF9D860CF479}", "FDate": 1464220800000, "Resolution": 2, "GNIS_ID": " ", "GNIS_Name": " ", "LengthKM": 0.1055604, "ReachCode": "17090004023073", "FlowDir": 1, "WBArea_Per": " ", "FType": 460, "FCode": 46003, "MainPath": 0, "InNetwork": 1, "Visibility": 0, "Shape_Leng": 0.00106457, "Enabled": 1, "GlobalID": "de5291d0-df92-4511-8b53-8dc8c6aacbda", "Width": null, "Shape__Length": 105.38194729137624 }, "geometry": { "type": "LineString", "coordinates": [ [ -122.187253677792015, 44.25138077024441 ], [ -122.187316329197003, 44.251221710100587 ], [ -122.187728290252011, 44.250902824018596 ], [ -122.187900366106021, 44.2505854372234 ] ] } },
{ "type": "Feature", "properties": { "OBJECTID_1": 198, "OBJECTID": 9803, "Permanent_": "161200421", "FDate": 1464220800000, "Resolution": 2, "GNIS_ID": " ", "GNIS_Name": " ", "LengthKM": 0.24362001, "ReachCode": "17090004014502", "FlowDir": 1, "WBArea_Per": " ", "FType": 460, "FCode": 46003, "MainPath": 0, "InNetwork": 1, "Visibility": 0, "Shape_Leng": 0.00265687, "Enabled": 1, "GlobalID": "4819a46f-73f5-4065-8076-f24cfc699014", "Width": null, "Shape__Length": 243.54211572561965 }, "geometry": { "type": "LineString", "coordinates": [ [ -122.242612878342001, 44.202557530514497 ], [ -122.243648532258021, 44.203515897389799 ], [ -122.244136017930003, 44.203818551313496 ], [ -122.244750117677, 44.20406759188279 ] ] } },
{ "type": "Feature", "properties": { "OBJECTID_1": 199, "OBJECTID": 6410, "Permanent_": "{2FA77FA8-9C92-495A-A16F-1AA51875833C}", "FDate": 1464220800000, "Resolution": 2, "GNIS_ID": " ", "GNIS_Name": " ", "LengthKM": 0.09469734, "ReachCode": "17090004022834", "FlowDir": 1, "WBArea_Per": " ", "FType": 460, "FCode": 46003, "MainPath": 0, "InNetwork": 1, "Visibility": 0, "Shape_Leng": 0.00114896, "Enabled": 1, "GlobalID": "0f8dd777-de6e-4372-8259-20ad263d575c", "Width": null, "Shape__Length": 94.885519360929592 }, "geometry": { "type": "LineString", "coordinates": [ [ -122.16270517481, 44.21592513494241 ], [ -122.163429477996999, 44.215804604797903 ], [ -122.163809616134003, 44.215647382494907 ] ] } },
{ "type": "Feature", "properties": { "OBJECTID_1": 200, "OBJECTID": 2804, "Permanent_": "161200029", "FDate": 1464220800000, "Resolution": 2, "GNIS_ID": " ", "GNIS_Name": " ", "LengthKM": 1.06535258, "ReachCode": "17090004014580", "FlowDir": 1, "WBArea_Per": " ", "FType": 460, "FCode": 46003, "MainPath": 0, "InNetwork": 1, "Visibility": 0, "Shape_Leng": 0.01246103, "Enabled": 1, "GlobalID": "7c1439e6-93b4-4251-a917-02fc3890132c", "Width": null, "Shape__Length": 1066.5816004435756 }, "geometry": { "type": "LineString", "coordinates": [ [ -122.111344281948007, 44.23057142560679 ], [ -122.11179305868599, 44.230531827150706 ], [ -122.112067021521995, 44.230402518810699 ], [ -122.112648540205996, 44.230285021152611 ], [ -122.113006302003981, 44.230131999062301 ], [ -122.113579403705984, 44.230032396114794 ], [ -122.114072547500001, 44.229857600074091 ], [ -122.115000549659982, 44.229732724266491 ], [ -122.116444034931007, 44.229205346723802 ], [ -122.116768569808997, 44.229179220326394 ], [ -122.117060599658004, 44.229235919824092 ], [ -122.117439397916002, 44.229170282117693 ], [ -122.117643050379996, 44.228989487368509 ], [ -122.117918379992005, 44.228836407276098 ], [ -122.118833383044006, 44.228496572907595 ], [ -122.119637323080994, 44.227827529714801 ], [ -122.120519336206002, 44.227226093939393 ], [ -122.12141468199701, 44.226879098306796 ], [ -122.121690647688993, 44.226654809162298 ], [ -122.122468987801994, 44.226481311276395 ], [ -122.122681592057006, 44.226263638208692 ] ] } },
{ "type": "Feature", "properties": { "OBJECTID_1": 201, "OBJECTID": 29507, "Permanent_": "161200821", "FDate": 1464220800000, "Resolution": 2, "GNIS_ID": " ", "GNIS_Name": " ", "LengthKM": 0.1457817, "ReachCode": "17090004003760", "FlowDir": 1, "WBArea_Per": " ", "FType": 460, "FCode": 46006, "MainPath": 0, "InNetwork": 1, "Visibility": 0, "Shape_Leng": 0.00178516, "Enabled": 1, "GlobalID": "65a639de-5e88-4a07-8f3d-345fb0216863", "Width": null, "Shape__Length": 146.10297746884851 }, "geometry": { "type": "LineString", "coordinates": [ [ -122.241599425404019, 44.210810062660009 ], [ -122.243114674352, 44.211173656442 ], [ -122.243336199693985, 44.2111832115515 ] ] } },
{ "type": "Feature", "properties": { "OBJECTID_1": 202, "OBJECTID": 25825, "Permanent_": "{8FDECFC7-D2FD-44EF-B0BF-A560C725ED1F}", "FDate": 1464220800000, "Resolution": 2, "GNIS_ID": " ", "GNIS_Name": " ", "LengthKM": 0.14061206, "ReachCode": "17090004023014", "FlowDir": 1, "WBArea_Per": " ", "FType": 460, "FCode": 46003, "MainPath": 0, "InNetwork": 1, "Visibility": 0, "Shape_Leng": 0.00134247, "Enabled": 1, "GlobalID": "6d8e836f-41ea-4e19-8011-51bb4af23484", "Width": null, "Shape__Length": 140.25044240111316 }, "geometry": { "type": "LineString", "coordinates": [ [ -122.203244162090996, 44.2394796517301 ], [ -122.203000920668003, 44.239162584105699 ], [ -122.202982681346995, 44.238891100483301 ], [ -122.202814879287004, 44.238468851479908 ], [ -122.202936582899994, 44.238316133841991 ] ] } },
{ "type": "Feature", "properties": { "OBJECTID_1": 203, "OBJECTID": 6149, "Permanent_": "161200562", "FDate": 1464220800000, "Resolution": 2, "GNIS_ID": "01123461", "GNIS_Name": "Lookout Creek", "LengthKM": 0.0942876, "ReachCode": "17090004000321", "FlowDir": 1, "WBArea_Per": " ", "FType": 460, "FCode": 46006, "MainPath": 0, "InNetwork": 1, "Visibility": 0, "Shape_Leng": 0.00111211, "Enabled": 1, "GlobalID": "b5497457-07a0-4ebc-8d46-58d74a412165", "Width": 1.0, "Shape__Length": 94.409657080456824 }, "geometry": { "type": "LineString", "coordinates": [ [ -122.209247950741002, 44.233288572225092 ], [ -122.209653687786002, 44.233501449030598 ], [ -122.210043920147015, 44.233577592175507 ], [ -122.210277982219012, 44.233682091905401 ] ] } },
{ "type": "Feature", "properties": { "OBJECTID_1": 204, "OBJECTID": 25954, "Permanent_": "{8493DB9B-1112-4D36-8EDB-5878ADB8BB86}", "FDate": 1476576000000, "Resolution": 2, "GNIS_ID": " ", "GNIS_Name": " ", "LengthKM": 0.13232074, "ReachCode": "17090004023020", "FlowDir": 1, "WBArea_Per": " ", "FType": 460, "FCode": 46003, "MainPath": 0, "InNetwork": 1, "Visibility": 0, "Shape_Leng": 0.00156997, "Enabled": 1, "GlobalID": "6652ec85-636c-48da-b8aa-a29b918b7e48", "Width": null, "Shape__Length": 132.51297512540097 }, "geometry": { "type": "LineString", "coordinates": [ [ -122.188968188104013, 44.240407402061997 ], [ -122.189151212080006, 44.240325209308502 ], [ -122.189462141286, 44.240279513188597 ], [ -122.18990535184102, 44.240141986427503 ], [ -122.190225816446002, 44.240113520269595 ], [ -122.190423037342001, 44.239942614082793 ] ] } },
{ "type": "Feature", "properties": { "OBJECTID_1": 205, "OBJECTID": 17918, "Permanent_": "161200310", "FDate": 1464220800000, "Resolution": 2, "GNIS_ID": " ", "GNIS_Name": " ", "LengthKM": 0.59170241, "ReachCode": "17090004014612", "FlowDir": 1, "WBArea_Per": " ", "FType": 460, "FCode": 46003, "MainPath": 0, "InNetwork": 1, "Visibility": 0, "Shape_Leng": 0.00620348, "Enabled": 1, "GlobalID": "49d1361b-a0b1-4da9-9cb1-431c0c0b3e94", "Width": null, "Shape__Length": 591.10641991304192 }, "geometry": { "type": "LineString", "coordinates": [ [ -122.207135261472004, 44.221949348044703 ], [ -122.207294216709982, 44.222323444767405 ], [ -122.207715902483002, 44.222615922763303 ], [ -122.208083655619021, 44.222983880303197 ], [ -122.208440059078995, 44.223573168414809 ], [ -122.208868187272998, 44.223856381105399 ], [ -122.209377162066019, 44.2240220676034 ], [ -122.209522910751019, 44.224140374473798 ], [ -122.209606346285995, 44.224297141735001 ], [ -122.209691964208005, 44.224748414622397 ], [ -122.210049802176016, 44.225279134008694 ], [ -122.210175582741016, 44.225362525545897 ], [ -122.210817639856003, 44.225575009229694 ], [ -122.211422356737003, 44.225940277511491 ] ] } },
{ "type": "Feature", "properties": { "OBJECTID_1": 206, "OBJECTID": 25385, "Permanent_": "{E2EA3492-CEFC-4D3A-9BE3-53CCE98F3D9C}", "FDate": 1464220800000, "Resolution": 2, "GNIS_ID": "01123461", "GNIS_Name": "Lookout Creek", "LengthKM": 0.16498798, "ReachCode": "17090004001156", "FlowDir": 1, "WBArea_Per": "108067939", "FType": 558, "FCode": 55800, "MainPath": 0, "InNetwork": 1, "Visibility": 0, "Shape_Leng": 0.00185111, "Enabled": 1, "GlobalID": "94379a32-67cf-4f7c-ab24-e59f1eb3fa96", "Width": 1.0, "Shape__Length": 165.03533870942476 }, "geometry": { "type": "LineString", "coordinates": [ [ -122.253153241158003, 44.212386438329816 ], [ -122.253554069884004, 44.211934251384001 ], [ -122.253951716341021, 44.211762993709002 ], [ -122.254553595032007, 44.211600212485997 ], [ -122.25470979742002, 44.211509373435099 ] ] } },
{ "type": "Feature", "properties": { "OBJECTID_1": 207, "OBJECTID": 14236, "Permanent_": "{A5D4E9A8-DBC6-459F-9502-56EEEFE9E2CF}", "FDate": 1464220800000, "Resolution": 2, "GNIS_ID": " ", "GNIS_Name": " ", "LengthKM": 0.50023287, "ReachCode": "17090004023003", "FlowDir": 1, "WBArea_Per": " ", "FType": 460, "FCode": 46006, "MainPath": 0, "InNetwork": 1, "Visibility": 0, "Shape_Leng": 0.00589674, "Enabled": 1, "GlobalID": "9a53cb98-7d6c-412c-afe9-331efe04ec27", "Width": null, "Shape__Length": 500.87991333642111 }, "geometry": { "type": "LineString", "coordinates": [ [ -122.150972794726002, 44.261781598501109 ], [ -122.151634113943985, 44.26180977421879 ], [ -122.152372349961013, 44.2620612222156 ], [ -122.152573131129969, 44.262270455964895 ], [ -122.153312488837003, 44.262729852748897 ], [ -122.153473885484004, 44.262989628772097 ], [ -122.153677896345997, 44.263119111908303 ], [ -122.154567302691007, 44.263332760669385 ], [ -122.155391675312018, 44.26345236267769 ], [ -122.155946998840989, 44.263436499595386 ], [ -122.156359197933995, 44.263513308652989 ] ] } },
{ "type": "Feature", "properties": { "OBJECTID_1": 208, "OBJECTID": 22055, "Permanent_": "{04868413-DA33-4747-9F3D-A2761FBE46F0}", "FDate": 1464220800000, "Resolution": 2, "GNIS_ID": " ", "GNIS_Name": " ", "LengthKM": 0.57346389, "ReachCode": "17090004022896", "FlowDir": 1, "WBArea_Per": " ", "FType": 460, "FCode": 46003, "MainPath": 0, "InNetwork": 1, "Visibility": 0, "Shape_Leng": 0.00556265, "Enabled": 1, "GlobalID": "b6914cc6-a2d8-4b7b-b20b-1b63d2c7d223", "Width": null, "Shape__Length": 572.148453077775 }, "geometry": { "type": "LineString", "coordinates": [ [ -122.160717157525994, 44.244473754011501 ], [ -122.160643360026995, 44.244024408291402 ], [ -122.160484715966007, 44.243660843471801 ], [ -122.160502730369998, 44.243379512918693 ], [ -122.160694254923015, 44.243136715794897 ], [ -122.160583217176011, 44.242614227014698 ], [ -122.160249516383999, 44.242142419297096 ], [ -122.159591143108017, 44.241618300124898 ], [ -122.159492407068996, 44.241085355326902 ], [ -122.159305766144001, 44.240753194375685 ], [ -122.159304565779991, 44.240485720478389 ], [ -122.15908245911902, 44.240223436776596 ], [ -122.159139691101018, 44.240006805879098 ], [ -122.159057166164004, 44.239946894021998 ], [ -122.158810445951005, 44.239904302355903 ] ] } },
{ "type": "Feature", "properties": { "OBJECTID_1": 209, "OBJECTID": 29514, "Permanent_": "{F9C152ED-B7D7-43F0-817D-EB1789D978FD}", "FDate": 1464220800000, "Resolution": 2, "GNIS_ID": " ", "GNIS_Name": " ", "LengthKM": 0.13363002, "ReachCode": "17090004022702", "FlowDir": 1, "WBArea_Per": " ", "FType": 460, "FCode": 46003, "MainPath": 0, "InNetwork": 1, "Visibility": 0, "Shape_Leng": 0.00126772, "Enabled": 1, "GlobalID": "10edac31-5e25-46f9-99a4-d1aa6ae6b998", "Width": null, "Shape__Length": 133.26875174182172 }, "geometry": { "type": "LineString", "coordinates": [ [ -122.238454089094006, 44.227089919713094 ], [ -122.238600908495002, 44.226586662000891 ], [ -122.238938454077001, 44.226125129588702 ], [ -122.238993264371004, 44.225970275387695 ] ] } },
{ "type": "Feature", "properties": { "OBJECTID_1": 210, "OBJECTID": 18078, "Permanent_": "{0C117DA0-01F1-4DC5-97B7-BCE427DD3F27}", "FDate": 1464220800000, "Resolution": 2, "GNIS_ID": " ", "GNIS_Name": " ", "LengthKM": 0.45872954, "ReachCode": "17090004023517", "FlowDir": 1, "WBArea_Per": " ", "FType": 460, "FCode": 46003, "MainPath": 0, "InNetwork": 1, "Visibility": 0, "Shape_Leng": 0.00472101, "Enabled": 1, "GlobalID": "63be4d40-dfa7-4541-abfb-c4a11ae321cb", "Width": null, "Shape__Length": 458.12886953431257 }, "geometry": { "type": "LineString", "coordinates": [ [ -122.185855898178005, 44.242276519676395 ], [ -122.18618547600299, 44.242736620983386 ], [ -122.186330875457017, 44.242820326853909 ], [ -122.186600119798001, 44.242864269085509 ], [ -122.187096399332987, 44.243044049321199 ], [ -122.187356944821005, 44.243424679813792 ], [ -122.187687849084995, 44.243610776813 ], [ -122.187908867171998, 44.2438507305881 ], [ -122.188041331953016, 44.244287141335995 ], [ -122.187951683703986, 44.244516585440095 ], [ -122.187974527445007, 44.244644274916091 ], [ -122.188198657329011, 44.244902750675898 ], [ -122.188576580667984, 44.245128294960999 ], [ -122.188677895284002, 44.245484825099304 ] ] } },
{ "type": "Feature", "properties": { "OBJECTID_1": 211, "OBJECTID": 14435, "Permanent_": "161200612", "FDate": 1464220800000, "Resolution": 2, "GNIS_ID": "01123461", "GNIS_Name": "Lookout Creek", "LengthKM": 0.18962242, "ReachCode": "17090004000324", "FlowDir": 1, "WBArea_Per": " ", "FType": 460, "FCode": 46006, "MainPath": 0, "InNetwork": 1, "Visibility": 0, "Shape_Leng": 0.00215654, "Enabled": 1, "GlobalID": "a2200b3f-ac58-436e-a009-b0afa1996762", "Width": 1.0, "Shape__Length": 189.72543722990832 }, "geometry": { "type": "LineString", "coordinates": [ [ -122.120804522842008, 44.225300602981797 ], [ -122.121517813608008, 44.225616707563603 ], [ -122.122069240979002, 44.226064432734098 ], [ -122.122446417733002, 44.226249272385488 ], [ -122.122681592057006, 44.226263638208692 ] ] } },
{ "type": "Feature", "properties": { "OBJECTID_1": 212, "OBJECTID": 26189, "Permanent_": "161200577", "FDate": 1464220800000, "Resolution": 2, "GNIS_ID": "01123461", "GNIS_Name": "Lookout Creek", "LengthKM": 0.15767766, "ReachCode": "17090004000324", "FlowDir": 1, "WBArea_Per": " ", "FType": 460, "FCode": 46006, "MainPath": 0, "InNetwork": 1, "Visibility": 0, "Shape_Leng": 0.00185786, "Enabled": 1, "GlobalID": "fd059f53-8393-47ef-867e-62055bf4cb05", "Width": 1.0, "Shape__Length": 157.88545658939969 }, "geometry": { "type": "LineString", "coordinates": [ [ -122.129013984724011, 44.229130232864307 ], [ -122.129253064441997, 44.229234225667192 ], [ -122.129742425383014, 44.229254847494403 ], [ -122.130409133432011, 44.229477602289386 ], [ -122.130596764866993, 44.229572241599193 ], [ -122.130720242853016, 44.229711649279402 ] ] } },
{ "type": "Feature", "properties": { "OBJECTID_1": 213, "OBJECTID": 25822, "Permanent_": "{526A424D-23A3-4812-8D49-100F1CF7E360}", "FDate": 1464220800000, "Resolution": 2, "GNIS_ID": " ", "GNIS_Name": " ", "LengthKM": 0.42790764, "ReachCode": "17090004022765", "FlowDir": 1, "WBArea_Per": " ", "FType": 460, "FCode": 46003, "MainPath": 0, "InNetwork": 1, "Visibility": 0, "Shape_Leng": 0.00427204, "Enabled": 1, "GlobalID": "0700f3c9-15ec-4c44-91d2-3e577cfccb22", "Width": null, "Shape__Length": 427.11021351262775 }, "geometry": { "type": "LineString", "coordinates": [ [ -122.198134577926993, 44.229368057726703 ], [ -122.198753056531999, 44.229917198129492 ], [ -122.199066208795983, 44.230717914352098 ], [ -122.199359359848998, 44.230995245230794 ], [ -122.199464195320985, 44.2311750556294 ], [ -122.19983490159801, 44.231410628503099 ], [ -122.200137318738996, 44.231952311507492 ], [ -122.200186793265004, 44.232268215417008 ], [ -122.200308849463994, 44.232413276503387 ], [ -122.200511714109993, 44.232493452196501 ], [ -122.200564433883002, 44.232631885773806 ] ] } },
{ "type": "Feature", "properties": { "OBJECTID_1": 214, "OBJECTID": 10483, "Permanent_": "{A9736953-DA7F-42EE-A609-AF18684F8B15}", "FDate": 1464220800000, "Resolution": 2, "GNIS_ID": " ", "GNIS_Name": " ", "LengthKM": 0.15647142, "ReachCode": "17090004022994", "FlowDir": 1, "WBArea_Per": " ", "FType": 460, "FCode": 46006, "MainPath": 0, "InNetwork": 1, "Visibility": 0, "Shape_Leng": 0.00188445, "Enabled": 1, "GlobalID": "851f7111-9ab6-48b2-b0c2-2c3a30eac359", "Width": null, "Shape__Length": 156.74351192106374 }, "geometry": { "type": "LineString", "coordinates": [ [ -122.140577129185004, 44.260685253855087 ], [ -122.140866073256007, 44.260724451698394 ], [ -122.141203035771994, 44.260916556957497 ], [ -122.141647076451008, 44.261082996884603 ], [ -122.142081263011008, 44.261124419175303 ], [ -122.142368908896998, 44.261081301004801 ] ] } },
{ "type": "Feature", "properties": { "OBJECTID_1": 215, "OBJECTID": 30051, "Permanent_": "{B9F12407-BDF3-4852-80D3-F71373C41038}", "FDate": 1464220800000, "Resolution": 2, "GNIS_ID": "01123660", "GNIS_Name": "Mack Creek", "LengthKM": 0.14841777, "ReachCode": "17090004000629", "FlowDir": 1, "WBArea_Per": " ", "FType": 460, "FCode": 46006, "MainPath": 0, "InNetwork": 1, "Visibility": 0, "Shape_Leng": 0.00162248, "Enabled": 1, "GlobalID": "dc3532eb-463f-4bfd-b4d7-ba1d537d51ac", "Width": 1.0, "Shape__Length": 148.37798665505821 }, "geometry": { "type": "LineString", "coordinates": [ [ -122.162033619694014, 44.214123887434702 ], [ -122.162441566318009, 44.2144151410399 ], [ -122.162706700050009, 44.214515120863496 ], [ -122.16292752083298, 44.214659902709798 ], [ -122.163268712198004, 44.214923703330498 ], [ -122.163342178220006, 44.215040146093379 ] ] } },
{ "type": "Feature", "properties": { "OBJECTID_1": 216, "OBJECTID": 10479, "Permanent_": "{AE4810EB-1ADD-409E-BA98-FF5DD498276E}", "FDate": 1464220800000, "Resolution": 2, "GNIS_ID": " ", "GNIS_Name": " ", "LengthKM": 0.2512081, "ReachCode": "17090004022969", "FlowDir": 1, "WBArea_Per": " ", "FType": 460, "FCode": 46003, "MainPath": 0, "InNetwork": 1, "Visibility": 0, "Shape_Leng": 0.00263909, "Enabled": 1, "GlobalID": "9b029e62-de5a-4779-b495-c75dba19c630", "Width": null, "Shape__Length": 250.95704389004868 }, "geometry": { "type": "LineString", "coordinates": [ [ -122.130708326987005, 44.238373381046401 ], [ -122.130946909767019, 44.2379933748037 ], [ -122.131615722523009, 44.237581521136001 ], [ -122.131977283056997, 44.237248851329589 ], [ -122.132371688014004, 44.2369796613511 ], [ -122.13257513098101, 44.236727064053298 ], [ -122.132582321317997, 44.236636896723198 ] ] } },
{ "type": "Feature", "properties": { "OBJECTID_1": 217, "OBJECTID": 17528, "Permanent_": "161200752", "FDate": 1464220800000, "Resolution": 2, "GNIS_ID": " ", "GNIS_Name": " ", "LengthKM": 0.28181611, "ReachCode": "17090004014525", "FlowDir": 1, "WBArea_Per": " ", "FType": 460, "FCode": 46003, "MainPath": 0, "InNetwork": 1, "Visibility": 0, "Shape_Leng": 0.00304081, "Enabled": 1, "GlobalID": "8c67b8a2-9ef7-448f-8ae9-ede2a0f1a742", "Width": null, "Shape__Length": 281.67034192264657 }, "geometry": { "type": "LineString", "coordinates": [ [ -122.252277412256021, 44.209682481585794 ], [ -122.252917918221996, 44.210113380464996 ], [ -122.25331953832, 44.210252711169183 ], [ -122.253659870294001, 44.210698490073696 ], [ -122.254156023749985, 44.211019518564001 ], [ -122.254302771843996, 44.211222730667295 ], [ -122.254645388447983, 44.211474106486399 ] ] } },
{ "type": "Feature", "properties": { "OBJECTID_1": 218, "OBJECTID": 13818, "Permanent_": "{08C04349-F709-4EA1-8660-6F8CC22075C7}", "FDate": 1464220800000, "Resolution": 2, "GNIS_ID": " ", "GNIS_Name": " ", "LengthKM": 0.03849999, "ReachCode": "17090004022889", "FlowDir": 1, "WBArea_Per": " ", "FType": 460, "FCode": 46003, "MainPath": 0, "InNetwork": 1, "Visibility": 0, "Shape_Leng": 0.00034983, "Enabled": 1, "GlobalID": "8dc8581f-e60c-4166-8518-dba39ecd79e7", "Width": null, "Shape__Length": 38.37118743161664 }, "geometry": { "type": "LineString", "coordinates": [ [ -122.212164681163003, 44.213271598244305 ], [ -122.212230965044995, 44.213612167288197 ] ] } },
{ "type": "Feature", "properties": { "OBJECTID_1": 219, "OBJECTID": 13966, "Permanent_": "{7E40CB66-0B8D-4FF7-9286-C465CA23544A}", "FDate": 1464220800000, "Resolution": 2, "GNIS_ID": " ", "GNIS_Name": " ", "LengthKM": 0.06435653, "ReachCode": "17090004022988", "FlowDir": 1, "WBArea_Per": " ", "FType": 460, "FCode": 46003, "MainPath": 0, "InNetwork": 1, "Visibility": 0, "Shape_Leng": 0.00075876, "Enabled": 1, "GlobalID": "14b5dadf-c1c4-45ef-946f-923fb4be323a", "Width": null, "Shape__Length": 64.439638071198061 }, "geometry": { "type": "LineString", "coordinates": [ [ -122.193716651285001, 44.250268465507403 ], [ -122.193532895995006, 44.250128859248903 ], [ -122.193018085742011, 44.250026515368091 ] ] } },
{ "type": "Feature", "properties": { "OBJECTID_1": 220, "OBJECTID": 13814, "Permanent_": "{85BA936F-58B7-4E27-AA7D-CAB9E3C28898}", "FDate": 1464220800000, "Resolution": 2, "GNIS_ID": " ", "GNIS_Name": " ", "LengthKM": 0.11038292, "ReachCode": "17090004022727", "FlowDir": 1, "WBArea_Per": " ", "FType": 460, "FCode": 46003, "MainPath": 0, "InNetwork": 1, "Visibility": 0, "Shape_Leng": 0.00099635, "Enabled": 1, "GlobalID": "eef49e85-4d57-4f15-91ca-50da25c900d7", "Width": null, "Shape__Length": 110.00682746630932 }, "geometry": { "type": "LineString", "coordinates": [ [ -122.215295430555003, 44.225537431539507 ], [ -122.215325205228012, 44.226077832803398 ], [ -122.215265929388011, 44.226521048440503 ] ] } },
{ "type": "Feature", "properties": { "OBJECTID_1": 221, "OBJECTID": 14220, "Permanent_": "{7D0B6513-44BB-4731-A0A3-A698B8EA5D21}", "FDate": 1476576000000, "Resolution": 2, "GNIS_ID": "01123660", "GNIS_Name": "Mack Creek", "LengthKM": 0.02761877, "ReachCode": "17090004000629", "FlowDir": 1, "WBArea_Per": " ", "FType": 460, "FCode": 46006, "MainPath": 0, "InNetwork": 1, "Visibility": 0, "Shape_Leng": 0.00027853, "Enabled": 1, "GlobalID": "ea7ce18b-302c-4d01-bf15-fe29ff2d7747", "Width": 1.0, "Shape__Length": 27.570927552781527 }, "geometry": { "type": "LineString", "coordinates": [ [ -122.168164463734001, 44.221869780554989 ], [ -122.167988171136983, 44.222079173520008 ] ] } },
{ "type": "Feature", "properties": { "OBJECTID_1": 222, "OBJECTID": 2252, "Permanent_": "{6F59961F-9C28-412D-AF77-CAA92E4E546C}", "FDate": 1464220800000, "Resolution": 2, "GNIS_ID": " ", "GNIS_Name": " ", "LengthKM": 0.09840488, "ReachCode": "17090004024509", "FlowDir": 1, "WBArea_Per": " ", "FType": 460, "FCode": 46003, "MainPath": 0, "InNetwork": 1, "Visibility": 0, "Shape_Leng": 0.00102844, "Enabled": 1, "GlobalID": "9637bee8-6203-425c-8872-c89e6b9af37e", "Width": null, "Shape__Length": 98.298645870774948 }, "geometry": { "type": "LineString", "coordinates": [ [ -122.199859841038005, 44.239720994024097 ], [ -122.199443742967006, 44.239408629246299 ], [ -122.199334704659009, 44.239132294317791 ], [ -122.199154542726006, 44.239038239041101 ] ] } },
{ "type": "Feature", "properties": { "OBJECTID_1": 223, "OBJECTID": 14321, "Permanent_": "{16D89F44-542E-4898-8511-D3EF44542369}", "FDate": 1464220800000, "Resolution": 2, "GNIS_ID": " ", "GNIS_Name": " ", "LengthKM": 0.46022448, "ReachCode": "17090004022825", "FlowDir": 1, "WBArea_Per": " ", "FType": 460, "FCode": 46003, "MainPath": 0, "InNetwork": 1, "Visibility": 0, "Shape_Leng": 0.00521138, "Enabled": 1, "GlobalID": "48593aeb-e77e-4242-9310-5d46ecede6ad", "Width": null, "Shape__Length": 460.42814611855641 }, "geometry": { "type": "LineString", "coordinates": [ [ -122.135569735458006, 44.213972104715403 ], [ -122.135680728148984, 44.213858691119292 ], [ -122.136060250143984, 44.213659009437407 ], [ -122.136961717, 44.213288528204799 ], [ -122.137687373289012, 44.212821708913097 ], [ -122.139201725611017, 44.212101084887401 ], [ -122.139544436649004, 44.211898146720301 ], [ -122.140092953362, 44.211474609748286 ] ] } },
{ "type": "Feature", "properties": { "OBJECTID_1": 224, "OBJECTID": 9809, "Permanent_": "161200658", "FDate": 1464220800000, "Resolution": 2, "GNIS_ID": "01123461", "GNIS_Name": "Lookout Creek", "LengthKM": 0.24745753, "ReachCode": "17090004001156", "FlowDir": 1, "WBArea_Per": "108067939", "FType": 558, "FCode": 55800, "MainPath": 0, "InNetwork": 1, "Visibility": 0, "Shape_Leng": 0.00230887, "Enabled": 1, "GlobalID": "63cbdb56-354f-42e9-a5a6-10aff636e339", "Width": 1.0, "Shape__Length": 246.72593831071234 }, "geometry": { "type": "LineString", "coordinates": [ [ -122.244576835183011, 44.221186822867409 ], [ -122.244757794861002, 44.220878636493495 ], [ -122.244835110422002, 44.220411786611507 ], [ -122.244737967598994, 44.220004284408105 ], [ -122.244378126822014, 44.2193447321823 ], [ -122.244344135272996, 44.219068218943498 ] ] } },
{ "type": "Feature", "properties": { "OBJECTID_1": 225, "OBJECTID": 22059, "Permanent_": "{118CDF8A-8FC7-45AC-BE97-C3FD55569807}", "FDate": 1464220800000, "Resolution": 2, "GNIS_ID": " ", "GNIS_Name": " ", "LengthKM": 0.13555183, "ReachCode": "17090004022923", "FlowDir": 1, "WBArea_Per": " ", "FType": 460, "FCode": 46006, "MainPath": 0, "InNetwork": 1, "Visibility": 0, "Shape_Leng": 0.00162369, "Enabled": 1, "GlobalID": "bec6afe9-cb16-4621-a204-3e12bc22d853", "Width": null, "Shape__Length": 135.775131397118 }, "geometry": { "type": "LineString", "coordinates": [ [ -122.149275247175993, 44.240276656614888 ], [ -122.149088568588013, 44.240269533877694 ], [ -122.148801870642998, 44.240400130567998 ], [ -122.148464469757997, 44.240417525300103 ], [ -122.147741121343003, 44.240135159224906 ] ] } },
{ "type": "Feature", "properties": { "OBJECTID_1": 226, "OBJECTID": 13572, "Permanent_": "{EDA18ACD-2512-49B0-A049-C5031FC063FA}", "FDate": 1464220800000, "Resolution": 2, "GNIS_ID": " ", "GNIS_Name": " ", "LengthKM": 0.18114933, "ReachCode": "17090004023201", "FlowDir": 1, "WBArea_Per": " ", "FType": 460, "FCode": 46003, "MainPath": 0, "InNetwork": 1, "Visibility": 0, "Shape_Leng": 0.00205839, "Enabled": 1, "GlobalID": "28ff2c37-2ab4-4cbe-9d15-55bbc1bd9078", "Width": null, "Shape__Length": 181.23871044235011 }, "geometry": { "type": "LineString", "coordinates": [ [ -122.259461837168004, 44.217850576395684 ], [ -122.260510445888997, 44.217403145526383 ], [ -122.261262351655006, 44.216880748582994 ] ] } },
{ "type": "Feature", "properties": { "OBJECTID_1": 227, "OBJECTID": 17816, "Permanent_": "{A70869BC-3620-4D11-B082-9AA72A2D17C7}", "FDate": 1464220800000, "Resolution": 2, "GNIS_ID": " ", "GNIS_Name": " ", "LengthKM": 0.32235811, "ReachCode": "17090004022755", "FlowDir": 1, "WBArea_Per": " ", "FType": 460, "FCode": 46003, "MainPath": 0, "InNetwork": 1, "Visibility": 0, "Shape_Leng": 0.00296051, "Enabled": 1, "GlobalID": "56aacb93-52a7-4ed6-aa3f-167ff03a5241", "Width": null, "Shape__Length": 321.34824034716354 }, "geometry": { "type": "LineString", "coordinates": [ [ -122.213142718792014, 44.244668966491496 ], [ -122.213150746829015, 44.244426387358203 ], [ -122.213317369492003, 44.244089498299211 ], [ -122.213260441087996, 44.243725790602497 ], [ -122.213089792269997, 44.243499960767991 ], [ -122.213021343078992, 44.243205434411202 ], [ -122.212871919562005, 44.2424670922044 ], [ -122.212834270702018, 44.241854598338094 ] ] } },
{ "type": "Feature", "properties": { "OBJECTID_1": 228, "OBJECTID": 30057, "Permanent_": "{21E691E8-1FF0-400D-9751-5A6176995C8C}", "FDate": 1464220800000, "Resolution": 2, "GNIS_ID": " ", "GNIS_Name": " ", "LengthKM": 0.31186462, "ReachCode": "17090004022997", "FlowDir": 1, "WBArea_Per": " ", "FType": 460, "FCode": 46006, "MainPath": 0, "InNetwork": 1, "Visibility": 0, "Shape_Leng": 0.00301877, "Enabled": 1, "GlobalID": "e861c7e9-aa7d-424b-946a-a561b846c066", "Width": null, "Shape__Length": 311.13936089145892 }, "geometry": { "type": "LineString", "coordinates": [ [ -122.163926856264993, 44.262724133293702 ], [ -122.164285473864993, 44.262446770286701 ], [ -122.164414228998012, 44.262133549232615 ], [ -122.164729006015989, 44.261790200202398 ], [ -122.164965400466002, 44.261378361743198 ], [ -122.165165506578006, 44.260670265376 ], [ -122.165136916096017, 44.260417586874894 ], [ -122.164960369738012, 44.2601986516202 ] ] } },
{ "type": "Feature", "properties": { "OBJECTID_1": 229, "OBJECTID": 10374, "Permanent_": "{94192FBF-B73F-4C56-AD50-ABF057EECC2D}", "FDate": 1464220800000, "Resolution": 2, "GNIS_ID": "01124021", "GNIS_Name": "McRae Creek", "LengthKM": 0.12414767, "ReachCode": "17090004000326", "FlowDir": 1, "WBArea_Per": " ", "FType": 460, "FCode": 46006, "MainPath": 0, "InNetwork": 1, "Visibility": 0, "Shape_Leng": 0.00147537, "Enabled": 1, "GlobalID": "0c05c913-4710-42c3-b852-423bb35e3d75", "Width": 1.0, "Shape__Length": 124.32678158264753 }, "geometry": { "type": "LineString", "coordinates": [ [ -122.156494650697994, 44.26344772590911 ], [ -122.156773849819018, 44.263437191133001 ], [ -122.157036324139, 44.263292212793601 ], [ -122.15755304284302, 44.263206559622603 ], [ -122.157870426283012, 44.263025390447496 ] ] } },
{ "type": "Feature", "properties": { "OBJECTID_1": 230, "OBJECTID": 29672, "Permanent_": "{4D2D8566-F545-481D-B76F-AD5E09ACFFDA}", "FDate": 1464220800000, "Resolution": 2, "GNIS_ID": " ", "GNIS_Name": " ", "LengthKM": 0.11683616, "ReachCode": "17090004022747", "FlowDir": 1, "WBArea_Per": " ", "FType": 460, "FCode": 46003, "MainPath": 0, "InNetwork": 1, "Visibility": 0, "Shape_Leng": 0.0011104, "Enabled": 1, "GlobalID": "928d0cb8-8ffb-49d6-b733-839f43cb76ce", "Width": null, "Shape__Length": 116.52656839329028 }, "geometry": { "type": "LineString", "coordinates": [ [ -122.213978817172006, 44.240981787133791 ], [ -122.213973206917998, 44.240791577736303 ], [ -122.21368286847499, 44.240390791438294 ], [ -122.213527813712005, 44.240005563237496 ] ] } },
{ "type": "Feature", "properties": { "OBJECTID_1": 231, "OBJECTID": 25957, "Permanent_": "{124CBCB0-C06E-4309-A6EE-1BB367EE41BD}", "FDate": 1476576000000, "Resolution": 2, "GNIS_ID": " ", "GNIS_Name": " ", "LengthKM": 0.17326954, "ReachCode": "17090004024576", "FlowDir": 1, "WBArea_Per": " ", "FType": 460, "FCode": 46003, "MainPath": 0, "InNetwork": 1, "Visibility": 0, "Shape_Leng": 0.00195901, "Enabled": 1, "GlobalID": "ca460296-ae9f-4ace-8a04-8794ce3b0902", "Width": null, "Shape__Length": 173.3428316637189 }, "geometry": { "type": "LineString", "coordinates": [ [ -122.187291568053993, 44.241303841171401 ], [ -122.18773492087, 44.24115508349999 ], [ -122.188129385555001, 44.240777296010002 ], [ -122.188772705521004, 44.240578339673199 ], [ -122.188968188104013, 44.240407402061997 ] ] } },
{ "type": "Feature", "properties": { "OBJECTID_1": 232, "OBJECTID": 13836, "Permanent_": "{B9BE3840-252C-4D27-B6C3-70A1B6E0281A}", "FDate": 1464220800000, "Resolution": 2, "GNIS_ID": " ", "GNIS_Name": " ", "LengthKM": 0.36984159, "ReachCode": "17090004022754", "FlowDir": 1, "WBArea_Per": " ", "FType": 460, "FCode": 46003, "MainPath": 0, "InNetwork": 1, "Visibility": 0, "Shape_Leng": 0.00378268, "Enabled": 1, "GlobalID": "cdf676ee-c60f-4b1d-81b3-f19e6908fd41", "Width": null, "Shape__Length": 369.3076245775955 }, "geometry": { "type": "LineString", "coordinates": [ [ -122.210449222321003, 44.244533236015293 ], [ -122.210552655051018, 44.244260063101997 ], [ -122.210969712481017, 44.2440213194729 ], [ -122.211127711163996, 44.243655927821798 ], [ -122.211527801655009, 44.243346403210396 ], [ -122.211832119944006, 44.243189602244087 ], [ -122.211939035764004, 44.242877104884201 ], [ -122.212227163042996, 44.242619341996807 ], [ -122.212354901596996, 44.242255321709095 ], [ -122.212834270702018, 44.241854598338094 ] ] } },
{ "type": "Feature", "properties": { "OBJECTID_1": 233, "OBJECTID": 25831, "Permanent_": "161200771", "FDate": 1476576000000, "Resolution": 2, "GNIS_ID": "01124021", "GNIS_Name": "McRae Creek", "LengthKM": 0.15602207, "ReachCode": "17090004000325", "FlowDir": 1, "WBArea_Per": " ", "FType": 460, "FCode": 46006, "MainPath": 0, "InNetwork": 1, "Visibility": 0, "Shape_Leng": 0.00167909, "Enabled": 1, "GlobalID": "c29b421b-544b-404a-97c4-a6d56c371bc2", "Width": 1.0, "Shape__Length": 155.94742016218495 }, "geometry": { "type": "LineString", "coordinates": [ [ -122.193858851337993, 44.244283703478992 ], [ -122.194210717898983, 44.244172820035793 ], [ -122.194511121286013, 44.243961959630596 ], [ -122.194586328241996, 44.243844465601192 ], [ -122.194572831824985, 44.2434826628011 ], [ -122.194968765184015, 44.243339048134779 ] ] } },
{ "type": "Feature", "properties": { "OBJECTID_1": 234, "OBJECTID": 29920, "Permanent_": "{DC02E667-D289-42B0-AFB1-6C14733BF542}", "FDate": 1464220800000, "Resolution": 2, "GNIS_ID": " ", "GNIS_Name": " ", "LengthKM": 0.3681589, "ReachCode": "17090004022883", "FlowDir": 1, "WBArea_Per": " ", "FType": 460, "FCode": 46003, "MainPath": 0, "InNetwork": 1, "Visibility": 0, "Shape_Leng": 0.00365277, "Enabled": 1, "GlobalID": "1ac7635a-c244-44bd-ba8c-1d3804d60403", "Width": null, "Shape__Length": 367.43517751230917 }, "geometry": { "type": "LineString", "coordinates": [ [ -122.182883543710005, 44.240395732177603 ], [ -122.183365425719003, 44.239762420150115 ], [ -122.183667905831996, 44.239467650799291 ], [ -122.183818232510006, 44.2391320700671 ], [ -122.18413349827199, 44.238972685887383 ], [ -122.184269421476003, 44.238848952794903 ], [ -122.184364265648995, 44.238408503924802 ], [ -122.184617256364987, 44.238154916240894 ], [ -122.184873121747017, 44.237776948950291 ], [ -122.184912278685005, 44.23754471858549 ] ] } },
{ "type": "Feature", "properties": { "OBJECTID_1": 235, "OBJECTID": 22060, "Permanent_": "{BE77F400-E3CA-4250-88DC-1BEB628D29EA}", "FDate": 1464220800000, "Resolution": 2, "GNIS_ID": " ", "GNIS_Name": " ", "LengthKM": 0.1048519, "ReachCode": "17090004023144", "FlowDir": 1, "WBArea_Per": " ", "FType": 460, "FCode": 46003, "MainPath": 0, "InNetwork": 1, "Visibility": 0, "Shape_Leng": 0.00111712, "Enabled": 1, "GlobalID": "348c8566-d0fe-4f7b-8095-081ecc5bf1cb", "Width": null, "Shape__Length": 104.77677562214697 }, "geometry": { "type": "LineString", "coordinates": [ [ -122.157590048429, 44.270947627650898 ], [ -122.157996634662993, 44.270448318013493 ], [ -122.15842209074701, 44.270265221620406 ] ] } },
{ "type": "Feature", "properties": { "OBJECTID_1": 236, "OBJECTID": 18321, "Permanent_": "{C38BFC2A-1C4D-4951-80EA-521E7AF920C2}", "FDate": 1464220800000, "Resolution": 2, "GNIS_ID": " ", "GNIS_Name": " ", "LengthKM": 0.13255195, "ReachCode": "17090004022976", "FlowDir": 1, "WBArea_Per": " ", "FType": 460, "FCode": 46003, "MainPath": 0, "InNetwork": 1, "Visibility": 0, "Shape_Leng": 0.00130875, "Enabled": 1, "GlobalID": "ec50147e-a994-4a7a-828c-832ce5fa3fd6", "Width": null, "Shape__Length": 132.28232330923242 }, "geometry": { "type": "LineString", "coordinates": [ [ -122.128318541714009, 44.240681440376797 ], [ -122.128844777801007, 44.240211777499709 ], [ -122.128896860504, 44.239851655412899 ], [ -122.128988274728002, 44.23964311322019 ] ] } },
{ "type": "Feature", "properties": { "OBJECTID_1": 237, "OBJECTID": 26074, "Permanent_": "{26577FF9-3940-41ED-8865-77D64899D32B}", "FDate": 1464220800000, "Resolution": 2, "GNIS_ID": " ", "GNIS_Name": " ", "LengthKM": 0.31809079, "ReachCode": "17090004022820", "FlowDir": 1, "WBArea_Per": " ", "FType": 460, "FCode": 46003, "MainPath": 0, "InNetwork": 1, "Visibility": 0, "Shape_Leng": 0.00306328, "Enabled": 1, "GlobalID": "a3fc6d07-51a5-4d9b-aa69-d13c2975c81b", "Width": null, "Shape__Length": 317.31937868471493 }, "geometry": { "type": "LineString", "coordinates": [ [ -122.156552690045018, 44.208828512108703 ], [ -122.156584843979005, 44.209522309941114 ], [ -122.156429737617003, 44.210393077340996 ], [ -122.156562106438997, 44.21056040415889 ], [ -122.156880085048982, 44.210648930590601 ], [ -122.157130507789986, 44.210817949107103 ], [ -122.157405292421018, 44.2113671399281 ] ] } },
{ "type": "Feature", "properties": { "OBJECTID_1": 238, "OBJECTID": 13576, "Permanent_": "{B6B79CB5-E647-4D89-9E50-9803AEE1B4A3}", "FDate": 1464220800000, "Resolution": 2, "GNIS_ID": " ", "GNIS_Name": " ", "LengthKM": 0.39320682, "ReachCode": "17090004022678", "FlowDir": 1, "WBArea_Per": " ", "FType": 460, "FCode": 46003, "MainPath": 0, "InNetwork": 1, "Visibility": 0, "Shape_Leng": 0.00423888, "Enabled": 1, "GlobalID": "f92ebfd2-92d9-40fd-838d-e936fd2dff81", "Width": null, "Shape__Length": 393.02839218179304 }, "geometry": { "type": "LineString", "coordinates": [ [ -122.256042236243005, 44.216277908978697 ], [ -122.255626763725004, 44.216087105048601 ], [ -122.255125980368007, 44.21574179043769 ], [ -122.254632577446017, 44.215674123909587 ], [ -122.254213847827984, 44.215530221574994 ], [ -122.253735958270994, 44.21512859516799 ], [ -122.253348637089005, 44.215058142643798 ], [ -122.253226881808004, 44.214529136549807 ], [ -122.253043069138002, 44.214315784560398 ], [ -122.253039776622998, 44.2139548591894 ] ] } },
{ "type": "Feature", "properties": { "OBJECTID_1": 239, "OBJECTID": 29933, "Permanent_": "{6DAA095D-B82D-431D-B5A1-8FC62290EEAF}", "FDate": 1464220800000, "Resolution": 2, "GNIS_ID": " ", "GNIS_Name": " ", "LengthKM": 0.31640004, "ReachCode": "17090004000583", "FlowDir": 1, "WBArea_Per": " ", "FType": 460, "FCode": 46006, "MainPath": 0, "InNetwork": 1, "Visibility": 0, "Shape_Leng": 0.00332173, "Enabled": 1, "GlobalID": "036e4f6b-0317-449e-9ce1-1173134b699f", "Width": null, "Shape__Length": 316.10316248862455 }, "geometry": { "type": "LineString", "coordinates": [ [ -122.179357764003015, 44.259361675686797 ], [ -122.179370147457007, 44.259259546444895 ], [ -122.179671342755995, 44.259037706195905 ], [ -122.179757372581989, 44.258715038865191 ], [ -122.180003407601006, 44.258612490298695 ], [ -122.180387796291996, 44.258545194318593 ], [ -122.180741868393014, 44.258267940347999 ], [ -122.181000470770996, 44.258188957081792 ], [ -122.181125197149001, 44.258102322484099 ], [ -122.181140397614001, 44.2579330061535 ], [ -122.181022254469013, 44.257822290108997 ], [ -122.180934358844013, 44.257588656647208 ], [ -122.18097899317101, 44.257393998840492 ], [ -122.181084795313012, 44.257294848451394 ] ] } },
{ "type": "Feature", "properties": { "OBJECTID_1": 240, "OBJECTID": 6619, "Permanent_": "{B82D0675-7281-47D3-8BBE-8C972982F403}", "FDate": 1464220800000, "Resolution": 2, "GNIS_ID": " ", "GNIS_Name": " ", "LengthKM": 0.28823525, "ReachCode": "17090004022961", "FlowDir": 1, "WBArea_Per": " ", "FType": 460, "FCode": 46003, "MainPath": 0, "InNetwork": 1, "Visibility": 0, "Shape_Leng": 0.00267107, "Enabled": 1, "GlobalID": "b2218b65-c1b2-400f-a6b6-9d895a8ec848", "Width": null, "Shape__Length": 287.36543680161202 }, "geometry": { "type": "LineString", "coordinates": [ [ -122.126275530521013, 44.234719615086703 ], [ -122.126145926166004, 44.234049898793991 ], [ -122.125705757103006, 44.2331468029249 ], [ -122.125893185128007, 44.232384759913096 ], [ -122.125983291151996, 44.232228640376398 ] ] } },
{ "type": "Feature", "properties": { "OBJECTID_1": 241, "OBJECTID": 2247, "Permanent_": "{1C585035-F916-407B-90D3-41AF5569A73D}", "FDate": 1464220800000, "Resolution": 2, "GNIS_ID": " ", "GNIS_Name": " ", "LengthKM": 0.47746213, "ReachCode": "17090004022856", "FlowDir": 1, "WBArea_Per": " ", "FType": 460, "FCode": 46003, "MainPath": 0, "InNetwork": 1, "Visibility": 0, "Shape_Leng": 0.00492846, "Enabled": 1, "GlobalID": "086d1691-3aae-4fb8-a8cf-075af91ab484", "Width": null, "Shape__Length": 476.8477790450296 }, "geometry": { "type": "LineString", "coordinates": [ [ -122.192160312885008, 44.219531098 ], [ -122.192331760911998, 44.219888644604495 ], [ -122.192399481915999, 44.220260370430687 ], [ -122.192737547437005, 44.220628481802507 ], [ -122.192923669237999, 44.221154495173394 ], [ -122.194543608314021, 44.222198091577994 ], [ -122.195155097195013, 44.222478464708502 ], [ -122.195229527058004, 44.22257208869631 ], [ -122.195282874307011, 44.222911156958695 ] ] } },
{ "type": "Feature", "properties": { "OBJECTID_1": 242, "OBJECTID": 14225, "Permanent_": "{1D328806-B5EF-4A53-BA41-EEE983111A9E}", "FDate": 1464220800000, "Resolution": 2, "GNIS_ID": " ", "GNIS_Name": " ", "LengthKM": 0.14095792, "ReachCode": "17090004022912", "FlowDir": 1, "WBArea_Per": " ", "FType": 460, "FCode": 46003, "MainPath": 0, "InNetwork": 1, "Visibility": 0, "Shape_Leng": 0.00151177, "Enabled": 1, "GlobalID": "067371ca-136c-4606-b4d6-df12b4426f43", "Width": null, "Shape__Length": 140.88620700903601 }, "geometry": { "type": "LineString", "coordinates": [ [ -122.16008364388999, 44.230730235606387 ], [ -122.160475664111019, 44.230734630850499 ], [ -122.160800256491015, 44.230862467217499 ], [ -122.160926722491979, 44.231029703632892 ], [ -122.160903268252, 44.23136379457209 ], [ -122.161052642995003, 44.231512232248299 ] ] } },
{ "type": "Feature", "properties": { "OBJECTID_1": 243, "OBJECTID": 22155, "Permanent_": "{0724D431-BF54-4553-8969-C3FCFE6D8556}", "FDate": 1464220800000, "Resolution": 2, "GNIS_ID": " ", "GNIS_Name": " ", "LengthKM": 0.49777636, "ReachCode": "17090004023127", "FlowDir": 1, "WBArea_Per": " ", "FType": 460, "FCode": 46003, "MainPath": 0, "InNetwork": 1, "Visibility": 0, "Shape_Leng": 0.00593947, "Enabled": 1, "GlobalID": "b4a35f39-c81b-42c5-ad3d-9962c4c377be", "Width": null, "Shape__Length": 498.53569613588172 }, "geometry": { "type": "LineString", "coordinates": [ [ -122.14175199973802, 44.265993148892285 ], [ -122.14215799965001, 44.266178526011601 ], [ -122.142987654471995, 44.26631938735629 ], [ -122.143285859790012, 44.266417448431007 ], [ -122.144069255226, 44.26684006676539 ], [ -122.145176244718996, 44.266888973769198 ], [ -122.145548799520014, 44.2669992235667 ], [ -122.145938664255013, 44.267050758471896 ], [ -122.146527028427002, 44.267451273689709 ], [ -122.146849670235994, 44.267600498657103 ], [ -122.147323605156998, 44.267645282315392 ] ] } },
{ "type": "Feature", "properties": { "OBJECTID_1": 244, "OBJECTID": 25961, "Permanent_": "{0CF08C04-BC36-4FBD-9BBE-E374CADC95E3}", "FDate": 1464220800000, "Resolution": 2, "GNIS_ID": " ", "GNIS_Name": " ", "LengthKM": 0.25378395, "ReachCode": "17090004023053", "FlowDir": 1, "WBArea_Per": " ", "FType": 460, "FCode": 46003, "MainPath": 0, "InNetwork": 1, "Visibility": 0, "Shape_Leng": 0.00246616, "Enabled": 1, "GlobalID": "febf5df3-878d-432b-9a03-60e02a3a1a46", "Width": null, "Shape__Length": 253.20142798390759 }, "geometry": { "type": "LineString", "coordinates": [ [ -122.174313006839, 44.246581189899693 ], [ -122.174320301700007, 44.246816804978486 ], [ -122.174427052786982, 44.247117094176986 ], [ -122.175320314572005, 44.248077782643598 ], [ -122.175537074966996, 44.248631123424403 ] ] } },
{ "type": "Feature", "properties": { "OBJECTID_1": 245, "OBJECTID": 6003, "Permanent_": "{778C294F-AA6B-40C1-AC86-9079ED4B8001}", "FDate": 1464220800000, "Resolution": 2, "GNIS_ID": " ", "GNIS_Name": " ", "LengthKM": 0.12880742, "ReachCode": "17090004022715", "FlowDir": 1, "WBArea_Per": " ", "FType": 460, "FCode": 46003, "MainPath": 0, "InNetwork": 1, "Visibility": 0, "Shape_Leng": 0.00141523, "Enabled": 1, "GlobalID": "9ab039c1-e393-4432-b867-d1a1ef746ca3", "Width": null, "Shape__Length": 128.79228912234973 }, "geometry": { "type": "LineString", "coordinates": [ [ -122.223376922703011, 44.229572107175706 ], [ -122.223706304359013, 44.229459789440497 ], [ -122.223803976839008, 44.229377494784906 ], [ -122.22391766185801, 44.229379181036386 ], [ -122.224091181191014, 44.229251011016594 ], [ -122.224238924510018, 44.228983235196999 ], [ -122.224501742971, 44.228856429920796 ] ] } },
{ "type": "Feature", "properties": { "OBJECTID_1": 246, "OBJECTID": 25534, "Permanent_": "{B0557635-9D4D-4D56-914C-609779CA53A2}", "FDate": 1464220800000, "Resolution": 2, "GNIS_ID": " ", "GNIS_Name": " ", "LengthKM": 0.11681223, "ReachCode": "17090004022693", "FlowDir": 1, "WBArea_Per": " ", "FType": 460, "FCode": 46003, "MainPath": 0, "InNetwork": 1, "Visibility": 0, "Shape_Leng": 0.00115176, "Enabled": 1, "GlobalID": "05fe3a3b-6371-43e5-80ff-7060179635e7", "Width": null, "Shape__Length": 116.56935555003261 }, "geometry": { "type": "LineString", "coordinates": [ [ -122.233012631540007, 44.223105029084806 ], [ -122.233288002339009, 44.2234433410066 ], [ -122.233261560702019, 44.223575549204497 ], [ -122.233440778402993, 44.223693067985096 ], [ -122.233561547955006, 44.224016254440102 ] ] } },
{ "type": "Feature", "properties": { "OBJECTID_1": 247, "OBJECTID": 26187, "Permanent_": "{83AB2CC6-95A2-422D-967C-61E49AA8B86A}", "FDate": 1464220800000, "Resolution": 2, "GNIS_ID": " ", "GNIS_Name": " ", "LengthKM": 0.62608257, "ReachCode": "17090004022906", "FlowDir": 1, "WBArea_Per": " ", "FType": 460, "FCode": 46003, "MainPath": 0, "InNetwork": 1, "Visibility": 0, "Shape_Leng": 0.0059395, "Enabled": 1, "GlobalID": "8d66ee77-1ec7-4104-939d-2361ccea5393", "Width": null, "Shape__Length": 624.40766290446652 }, "geometry": { "type": "LineString", "coordinates": [ [ -122.147196670095994, 44.222975681638999 ], [ -122.147353023609995, 44.22345576123481 ], [ -122.147337891599008, 44.224067607971392 ], [ -122.147025423380001, 44.224895478631993 ], [ -122.147040913393994, 44.225299329557899 ], [ -122.147316590677988, 44.225968052907596 ], [ -122.147673247904009, 44.226572779672686 ], [ -122.148596835564007, 44.227353462326185 ], [ -122.148624513154019, 44.22779605501141 ], [ -122.148725192490005, 44.228195860594703 ] ] } },
{ "type": "Feature", "properties": { "OBJECTID_1": 248, "OBJECTID": 2409, "Permanent_": "{667EBB62-582F-4B0C-8701-BCD1DA5DA248}", "FDate": 1464220800000, "Resolution": 2, "GNIS_ID": "01124021", "GNIS_Name": "McRae Creek", "LengthKM": 0.02062877, "ReachCode": "17090004000326", "FlowDir": 1, "WBArea_Per": " ", "FType": 460, "FCode": 46006, "MainPath": 0, "InNetwork": 1, "Visibility": 0, "Shape_Leng": 0.00024929, "Enabled": 1, "GlobalID": "ec50e9de-6f40-4033-81e5-f50e65ca24dc", "Width": 1.0, "Shape__Length": 20.666220092823597 }, "geometry": { "type": "LineString", "coordinates": [ [ -122.179626295675007, 44.248818041736207 ], [ -122.179864948819002, 44.248746013856994 ] ] } },
{ "type": "Feature", "properties": { "OBJECTID_1": 249, "OBJECTID": 21906, "Permanent_": "{DAA7772F-8BBA-4D9C-A247-7C58F1DCF3E2}", "FDate": 1464220800000, "Resolution": 2, "GNIS_ID": " ", "GNIS_Name": " ", "LengthKM": 0.23545853, "ReachCode": "17090004022873", "FlowDir": 1, "WBArea_Per": " ", "FType": 460, "FCode": 46003, "MainPath": 0, "InNetwork": 1, "Visibility": 0, "Shape_Leng": 0.00258083, "Enabled": 1, "GlobalID": "dbc2ff14-6dda-4bf3-a407-8dce9b607dcb", "Width": null, "Shape__Length": 235.40822703282706 }, "geometry": { "type": "LineString", "coordinates": [ [ -122.173174082957985, 44.237138897087696 ], [ -122.173378970201014, 44.236977958465083 ], [ -122.174034491715005, 44.236728596546484 ], [ -122.174564106076019, 44.236168770768401 ], [ -122.174991597545002, 44.235848195472194 ], [ -122.175265801625997, 44.2357142934097 ] ] } },
{ "type": "Feature", "properties": { "OBJECTID_1": 250, "OBJECTID": 26086, "Permanent_": "{68B635E9-4A44-44A9-BEEC-9F93C83FFC39}", "FDate": 1464220800000, "Resolution": 2, "GNIS_ID": " ", "GNIS_Name": " ", "LengthKM": 0.15728655, "ReachCode": "17090004022992", "FlowDir": 1, "WBArea_Per": " ", "FType": 460, "FCode": 46006, "MainPath": 0, "InNetwork": 1, "Visibility": 0, "Shape_Leng": 0.00187263, "Enabled": 1, "GlobalID": "47047d09-6b10-41f1-a985-217f158efd6d", "Width": null, "Shape__Length": 157.5214599417003 }, "geometry": { "type": "LineString", "coordinates": [ [ -122.165855508480021, 44.25465751049439 ], [ -122.166189548638997, 44.25471288295639 ], [ -122.166369352783008, 44.254687823488396 ], [ -122.16681256395502, 44.25441529731939 ], [ -122.167053979084002, 44.254321236383703 ], [ -122.167412652503018, 44.25431237144781 ], [ -122.167607113509021, 44.254236775425888 ] ] } },
{ "type": "Feature", "properties": { "OBJECTID_1": 251, "OBJECTID": 14328, "Permanent_": "{E10418EB-9D87-490C-823A-59EDCA0EA10A}", "FDate": 1464220800000, "Resolution": 2, "GNIS_ID": " ", "GNIS_Name": " ", "LengthKM": 0.2426916, "ReachCode": "17090004022995", "FlowDir": 1, "WBArea_Per": " ", "FType": 460, "FCode": 46006, "MainPath": 0, "InNetwork": 1, "Visibility": 0, "Shape_Leng": 0.00265808, "Enabled": 1, "GlobalID": "231c9685-df98-47c1-b7c8-933dff633e53", "Width": null, "Shape__Length": 242.63330960951052 }, "geometry": { "type": "LineString", "coordinates": [ [ -122.142368908896998, 44.261081301004801 ], [ -122.143402554647011, 44.261589454038301 ], [ -122.143675748313996, 44.26187799718199 ], [ -122.144117464293998, 44.262152880819599 ], [ -122.144524414554979, 44.262573094575494 ] ] } },
{ "type": "Feature", "properties": { "OBJECTID_1": 252, "OBJECTID": 22058, "Permanent_": "{CD04DEB8-3346-494E-A2D8-E362D0CB2AE9}", "FDate": 1464220800000, "Resolution": 2, "GNIS_ID": " ", "GNIS_Name": " ", "LengthKM": 0.11291312, "ReachCode": "17090004023081", "FlowDir": 1, "WBArea_Per": " ", "FType": 460, "FCode": 46003, "MainPath": 0, "InNetwork": 1, "Visibility": 0, "Shape_Leng": 0.00132745, "Enabled": 1, "GlobalID": "4ae04b82-923f-496e-924c-e101c948da3e", "Width": null, "Shape__Length": 113.04803935070854 }, "geometry": { "type": "LineString", "coordinates": [ [ -122.155827302019006, 44.252970718165599 ], [ -122.157051652706002, 44.253472123226899 ] ] } },
{ "type": "Feature", "properties": { "OBJECTID_1": 253, "OBJECTID": 17931, "Permanent_": "161200608", "FDate": 1476576000000, "Resolution": 2, "GNIS_ID": "01124021", "GNIS_Name": "McRae Creek", "LengthKM": 0.07888217, "ReachCode": "17090004000325", "FlowDir": 1, "WBArea_Per": " ", "FType": 460, "FCode": 46006, "MainPath": 0, "InNetwork": 1, "Visibility": 0, "Shape_Leng": 0.00070944, "Enabled": 1, "GlobalID": "558e2805-8964-4417-90b3-6b29d555223a", "Width": 1.0, "Shape__Length": 78.612112701832586 }, "geometry": { "type": "LineString", "coordinates": [ [ -122.197731000369998, 44.241003651005499 ], [ -122.197779604906998, 44.240297778027795 ] ] } },
{ "type": "Feature", "properties": { "OBJECTID_1": 254, "OBJECTID": 25680, "Permanent_": "{4714133A-DB59-41C7-AC1F-52CF7302409D}", "FDate": 1464220800000, "Resolution": 2, "GNIS_ID": " ", "GNIS_Name": " ", "LengthKM": 0.13197984, "ReachCode": "17090004022718", "FlowDir": 1, "WBArea_Per": " ", "FType": 460, "FCode": 46003, "MainPath": 0, "InNetwork": 1, "Visibility": 0, "Shape_Leng": 0.00148963, "Enabled": 1, "GlobalID": "0ad30580-904f-42cf-920a-bbf0567e04da", "Width": null, "Shape__Length": 132.03230904609725 }, "geometry": { "type": "LineString", "coordinates": [ [ -122.228747826632002, 44.234490022173503 ], [ -122.228526232158003, 44.234205140115705 ], [ -122.228110513829989, 44.234082278765797 ], [ -122.227486914625985, 44.233799871385003 ] ] } },
{ "type": "Feature", "properties": { "OBJECTID_1": 255, "OBJECTID": 13810, "Permanent_": "{DD8265A3-00E4-4561-B82B-234080724807}", "FDate": 1464220800000, "Resolution": 2, "GNIS_ID": " ", "GNIS_Name": " ", "LengthKM": 0.0063761, "ReachCode": "17090004022786", "FlowDir": 1, "WBArea_Per": "108067939", "FType": 558, "FCode": 55800, "MainPath": 0, "InNetwork": 1, "Visibility": 0, "Shape_Leng": 7.402e-05, "Enabled": 1, "GlobalID": "942042cf-556e-423d-98cf-325668223005", "Width": null, "Shape__Length": 6.3821196114954732 }, "geometry": { "type": "LineString", "coordinates": [ [ -122.220711221019997, 44.228436549673297 ], [ -122.220778369453996, 44.228467694897503 ] ] } },
{ "type": "Feature", "properties": { "OBJECTID_1": 256, "OBJECTID": 29781, "Permanent_": "{F95F2CA8-78A5-4020-B625-6749A83E5D2C}", "FDate": 1464220800000, "Resolution": 2, "GNIS_ID": " ", "GNIS_Name": " ", "LengthKM": 0.12703971, "ReachCode": "17090004023087", "FlowDir": 1, "WBArea_Per": " ", "FType": 460, "FCode": 46003, "MainPath": 0, "InNetwork": 1, "Visibility": 0, "Shape_Leng": 0.00144318, "Enabled": 1, "GlobalID": "40374f41-5b77-4b2c-bc5c-6bc92f9dff71", "Width": null, "Shape__Length": 127.1075340097206 }, "geometry": { "type": "LineString", "coordinates": [ [ -122.196967690709002, 44.253849132040301 ], [ -122.196835888867014, 44.253769955076187 ], [ -122.196581857842006, 44.253478733873386 ], [ -122.196396902919986, 44.253438408974802 ], [ -122.196012371427983, 44.253440171338291 ], [ -122.195730655932991, 44.253293110634289 ] ] } },
{ "type": "Feature", "properties": { "OBJECTID_1": 257, "OBJECTID": 30047, "Permanent_": "{9A496411-0CD9-4CF8-8A78-1C3D2D4B5660}", "FDate": 1464220800000, "Resolution": 2, "GNIS_ID": " ", "GNIS_Name": " ", "LengthKM": 0.08817279, "ReachCode": "17090004022903", "FlowDir": 1, "WBArea_Per": " ", "FType": 460, "FCode": 46003, "MainPath": 0, "InNetwork": 1, "Visibility": 0, "Shape_Leng": 0.00081141, "Enabled": 1, "GlobalID": "630ab595-b798-4112-977c-4ebe33fe92f7", "Width": null, "Shape__Length": 87.894004501915461 }, "geometry": { "type": "LineString", "coordinates": [ [ -122.157405292421018, 44.2113671399281 ], [ -122.157289884760019, 44.211942625049097 ], [ -122.157387218983004, 44.212135512527091 ] ] } },
{ "type": "Feature", "properties": { "OBJECTID_1": 258, "OBJECTID": 30062, "Permanent_": "{27AD4F4A-4483-4946-BDBB-31EC070C15CE}", "FDate": 1464220800000, "Resolution": 2, "GNIS_ID": " ", "GNIS_Name": " ", "LengthKM": 0.48752245, "ReachCode": "17090004023124", "FlowDir": 1, "WBArea_Per": " ", "FType": 460, "FCode": 46003, "MainPath": 0, "InNetwork": 1, "Visibility": 0, "Shape_Leng": 0.00595239, "Enabled": 1, "GlobalID": "aa74349d-0c7a-416b-9db9-16301cb37cea", "Width": null, "Shape__Length": 488.51409000091252 }, "geometry": { "type": "LineString", "coordinates": [ [ -122.144764298799998, 44.2657465950372 ], [ -122.14592304451601, 44.2661128324076 ], [ -122.146514970867997, 44.266149647090792 ], [ -122.147229628315003, 44.266272920335808 ], [ -122.148309792481015, 44.266673417433395 ], [ -122.148714571903994, 44.266627483395503 ], [ -122.149184024613007, 44.266669778901687 ], [ -122.149834014268009, 44.266863593697011 ], [ -122.150527324573019, 44.266822231197089 ] ] } },
{ "type": "Feature", "properties": { "OBJECTID_1": 259, "OBJECTID": 6001, "Permanent_": "108055911", "FDate": 1464220800000, "Resolution": 2, "GNIS_ID": " ", "GNIS_Name": " ", "LengthKM": 0.36852824, "ReachCode": "17090004000616", "FlowDir": 1, "WBArea_Per": " ", "FType": 460, "FCode": 46006, "MainPath": 0, "InNetwork": 1, "Visibility": 0, "Shape_Leng": 0.00379304, "Enabled": 1, "GlobalID": "3089d6e6-5748-40e2-b382-63cda7f1b69d", "Width": null, "Shape__Length": 368.0342519154936 }, "geometry": { "type": "LineString", "coordinates": [ [ -122.225405137368014, 44.225793633772092 ], [ -122.225702924225004, 44.226394545310598 ], [ -122.225949039143998, 44.226711053599892 ], [ -122.226142202966983, 44.226817427959595 ], [ -122.226214065302997, 44.226994692084197 ], [ -122.226367535012002, 44.227164820207008 ], [ -122.226552277170995, 44.227644934054695 ], [ -122.226912847102994, 44.227930763592816 ], [ -122.227256414704001, 44.228084523549697 ], [ -122.227579010789, 44.228308516296508 ], [ -122.227883866352002, 44.22840968641659 ] ] } },
{ "type": "Feature", "properties": { "OBJECTID_1": 260, "OBJECTID": 6287, "Permanent_": "{543E0BB3-426A-495C-988F-CF6977F97D43}", "FDate": 1464220800000, "Resolution": 2, "GNIS_ID": " ", "GNIS_Name": " ", "LengthKM": 0.12510022, "ReachCode": "17090004023098", "FlowDir": 1, "WBArea_Per": " ", "FType": 460, "FCode": 46003, "MainPath": 0, "InNetwork": 1, "Visibility": 0, "Shape_Leng": 0.00136153, "Enabled": 1, "GlobalID": "f4d9a8f8-cab7-4478-9b5c-6625b459ba9f", "Width": null, "Shape__Length": 125.05483808277334 }, "geometry": { "type": "LineString", "coordinates": [ [ -122.178858300697016, 44.255430918657908 ], [ -122.179332910330004, 44.255137867039601 ], [ -122.179683846287006, 44.254774928426897 ], [ -122.17994422888502, 44.25464508296789 ] ] } },
{ "type": "Feature", "properties": { "OBJECTID_1": 261, "OBJECTID": 13832, "Permanent_": "{A52E3466-EA59-4FA6-B612-AB6974E13919}", "FDate": 1464220800000, "Resolution": 2, "GNIS_ID": " ", "GNIS_Name": " ", "LengthKM": 0.39288059, "ReachCode": "17090004022756", "FlowDir": 1, "WBArea_Per": " ", "FType": 460, "FCode": 46003, "MainPath": 0, "InNetwork": 1, "Visibility": 0, "Shape_Leng": 0.00381231, "Enabled": 1, "GlobalID": "4bb7816f-08be-4998-bff1-49ac89e954eb", "Width": null, "Shape__Length": 391.97442027379674 }, "geometry": { "type": "LineString", "coordinates": [ [ -122.214219226386987, 44.245124509734403 ], [ -122.214101862782996, 44.244707721338585 ], [ -122.214056239162005, 44.244314991132008 ], [ -122.214094000798994, 44.244088890496592 ], [ -122.214347681909999, 44.243838645986592 ], [ -122.214589882539997, 44.243727043546301 ], [ -122.214863800303021, 44.24345306709079 ], [ -122.214961280674999, 44.243205494547816 ], [ -122.215275600053999, 44.242798813508792 ], [ -122.215330356465998, 44.24237199333389 ], [ -122.215645924835016, 44.24196993748599 ] ] } },
{ "type": "Feature", "properties": { "OBJECTID_1": 262, "OBJECTID": 17668, "Permanent_": "161200590", "FDate": 1464220800000, "Resolution": 2, "GNIS_ID": "01123461", "GNIS_Name": "Lookout Creek", "LengthKM": 0.12126347, "ReachCode": "17090004001156", "FlowDir": 1, "WBArea_Per": "108067939", "FType": 558, "FCode": 55800, "MainPath": 0, "InNetwork": 1, "Visibility": 0, "Shape_Leng": 0.00111631, "Enabled": 1, "GlobalID": "7f74e3c1-e31b-487e-b2af-7ae947e27b05", "Width": 1.0, "Shape__Length": 120.88005744927204 }, "geometry": { "type": "LineString", "coordinates": [ [ -122.253151216256015, 44.215544413926089 ], [ -122.25291006312699, 44.215042008128009 ], [ -122.252884519125004, 44.214488142045894 ] ] } },
{ "type": "Feature", "properties": { "OBJECTID_1": 263, "OBJECTID": 18080, "Permanent_": "{7277AAE3-8E19-4C11-AD8F-ECF53AA7EBAD}", "FDate": 1476576000000, "Resolution": 2, "GNIS_ID": " ", "GNIS_Name": " ", "LengthKM": 0.0316451, "ReachCode": "17090004023050", "FlowDir": 1, "WBArea_Per": " ", "FType": 460, "FCode": 46003, "MainPath": 0, "InNetwork": 1, "Visibility": 0, "Shape_Leng": 0.00028414, "Enabled": 1, "GlobalID": "bc3afe16-ddc7-4e99-b69b-329598486753", "Width": null, "Shape__Length": 31.536596422852789 }, "geometry": { "type": "LineString", "coordinates": [ [ -122.170651757443991, 44.2472055033641 ], [ -122.170637361808005, 44.247489172720982 ] ] } },
{ "type": "Feature", "properties": { "OBJECTID_1": 264, "OBJECTID": 13675, "Permanent_": "{3C1541E3-7557-49C4-AFD4-D8378F860410}", "FDate": 1464220800000, "Resolution": 2, "GNIS_ID": " ", "GNIS_Name": " ", "LengthKM": 0.11190561, "ReachCode": "17090004022688", "FlowDir": 1, "WBArea_Per": " ", "FType": 460, "FCode": 46003, "MainPath": 0, "InNetwork": 1, "Visibility": 0, "Shape_Leng": 0.00102902, "Enabled": 1, "GlobalID": "e34dbe0f-2381-4022-a7e8-e1b2fb5ce9a2", "Width": null, "Shape__Length": 111.55220169401781 }, "geometry": { "type": "LineString", "coordinates": [ [ -122.238942893675983, 44.220633887542988 ], [ -122.238973959887019, 44.2212141063644 ], [ -122.238910470573003, 44.221460794278293 ], [ -122.238792776406001, 44.221608552811205 ] ] } },
{ "type": "Feature", "properties": { "OBJECTID_1": 265, "OBJECTID": 13802, "Permanent_": "{E53205A5-A289-4CC1-BD1F-9164E09E6EDD}", "FDate": 1464220800000, "Resolution": 2, "GNIS_ID": "01123461", "GNIS_Name": "Lookout Creek", "LengthKM": 0.1016375, "ReachCode": "17090004001156", "FlowDir": 1, "WBArea_Per": "108067939", "FType": 558, "FCode": 55800, "MainPath": 0, "InNetwork": 1, "Visibility": 0, "Shape_Leng": 0.00096101, "Enabled": 1, "GlobalID": "e5a3e41b-94a7-4cc2-a42f-e7004864be37", "Width": 1.0, "Shape__Length": 101.35816547152194 }, "geometry": { "type": "LineString", "coordinates": [ [ -122.231507535314989, 44.228692784845421 ], [ -122.231569779213004, 44.22834706311 ], [ -122.231892651552002, 44.227837211524701 ] ] } },
{ "type": "Feature", "properties": { "OBJECTID_1": 266, "OBJECTID": 13833, "Permanent_": "161200332", "FDate": 1464220800000, "Resolution": 2, "GNIS_ID": " ", "GNIS_Name": " ", "LengthKM": 0.37235022, "ReachCode": "17090004014588", "FlowDir": 1, "WBArea_Per": " ", "FType": 460, "FCode": 46003, "MainPath": 0, "InNetwork": 1, "Visibility": 0, "Shape_Leng": 0.00364529, "Enabled": 1, "GlobalID": "9fb29fd5-1cbe-43a0-8b26-314f36f456ac", "Width": null, "Shape__Length": 371.54034283930599 }, "geometry": { "type": "LineString", "coordinates": [ [ -122.215645924835016, 44.24196993748599 ], [ -122.21550222306702, 44.241539323441394 ], [ -122.215094429960004, 44.240945544781496 ], [ -122.215194575254998, 44.240352605889399 ], [ -122.215026832768004, 44.239989172796498 ], [ -122.214585257780996, 44.23944655065339 ], [ -122.214235069257981, 44.239114468295696 ], [ -122.21399180460098, 44.239033741965592 ] ] } },
{ "type": "Feature", "properties": { "OBJECTID_1": 267, "OBJECTID": 13673, "Permanent_": "{B1719E99-B6B0-4A77-BD9E-76463438C581}", "FDate": 1464220800000, "Resolution": 2, "GNIS_ID": " ", "GNIS_Name": " ", "LengthKM": 0.48280377, "ReachCode": "17090004022697", "FlowDir": 1, "WBArea_Per": " ", "FType": 460, "FCode": 46003, "MainPath": 0, "InNetwork": 1, "Visibility": 0, "Shape_Leng": 0.00487095, "Enabled": 1, "GlobalID": "808ba4a5-230e-4fb1-ae8d-73951218daf6", "Width": null, "Shape__Length": 481.99840520559962 }, "geometry": { "type": "LineString", "coordinates": [ [ -122.245224023952019, 44.225586819191008 ], [ -122.24496529385398, 44.225180878660908 ], [ -122.244394879712999, 44.224963539172002 ], [ -122.244054348221994, 44.224737656450699 ], [ -122.243545085207998, 44.224493906038283 ], [ -122.243153862515996, 44.224151124058793 ], [ -122.242780617249991, 44.223477799994704 ], [ -122.242844078352007, 44.223206248567294 ], [ -122.242776875358004, 44.222467794516994 ], [ -122.242626004938998, 44.222033686757392 ] ] } },
{ "type": "Feature", "properties": { "OBJECTID_1": 268, "OBJECTID": 2571, "Permanent_": "161166889", "FDate": 1464220800000, "Resolution": 2, "GNIS_ID": " ", "GNIS_Name": " ", "LengthKM": 0.81079326, "ReachCode": "17090004007565", "FlowDir": 1, "WBArea_Per": " ", "FType": 460, "FCode": 46006, "MainPath": 0, "InNetwork": 1, "Visibility": 0, "Shape_Leng": 0.00944321, "Enabled": 1, "GlobalID": "7cdddb99-53b1-400c-ae48-66925bba53f4", "Width": null, "Shape__Length": 811.60158772150692 }, "geometry": { "type": "LineString", "coordinates": [ [ -122.144524414554979, 44.262573094575494 ], [ -122.146148395165014, 44.2634353916633 ], [ -122.14680314542899, 44.263858033583716 ], [ -122.147402687983998, 44.264076026928599 ], [ -122.147698042635, 44.264370927962595 ], [ -122.147976329342995, 44.264550427472201 ], [ -122.149021731454994, 44.265038801340303 ], [ -122.149342711501987, 44.265081254916701 ], [ -122.149625703844009, 44.265229103651897 ], [ -122.150038651479989, 44.265345900269004 ], [ -122.150438374472003, 44.265392821491602 ], [ -122.151124336664012, 44.265754592076902 ], [ -122.151543005909019, 44.265854541423494 ], [ -122.152230308211017, 44.265813954028289 ], [ -122.152431613880012, 44.265731805863304 ], [ -122.15282113859702, 44.265677491859002 ], [ -122.153082969737994, 44.265753455769207 ] ] } },
{ "type": "Feature", "properties": { "OBJECTID_1": 269, "OBJECTID": 2548, "Permanent_": "108055935", "FDate": 1464220800000, "Resolution": 2, "GNIS_ID": "01123660", "GNIS_Name": "Mack Creek", "LengthKM": 0.31091015, "ReachCode": "17090004000629", "FlowDir": 1, "WBArea_Per": " ", "FType": 460, "FCode": 46006, "MainPath": 0, "InNetwork": 1, "Visibility": 0, "Shape_Leng": 0.00293934, "Enabled": 1, "GlobalID": "02f0c2df-65b2-4667-8636-31b63f7c45bb", "Width": 1.0, "Shape__Length": 310.059184638435 }, "geometry": { "type": "LineString", "coordinates": [ [ -122.167271148075002, 44.219264551457201 ], [ -122.167806015987011, 44.219771977612091 ], [ -122.167904336427995, 44.219959324344401 ], [ -122.167934184139014, 44.220173040297787 ], [ -122.167859829377008, 44.220787056195093 ], [ -122.168023607229998, 44.221174198180194 ], [ -122.168076291930021, 44.221628172314603 ], [ -122.168164463734001, 44.221869780554989 ] ] } },
{ "type": "Feature", "properties": { "OBJECTID_1": 270, "OBJECTID": 6405, "Permanent_": "{F84FED43-002A-4A26-94CD-9511A96444F0}", "FDate": 1464220800000, "Resolution": 2, "GNIS_ID": "01123660", "GNIS_Name": "Mack Creek", "LengthKM": 0.01358462, "ReachCode": "17090004000629", "FlowDir": 1, "WBArea_Per": " ", "FType": 460, "FCode": 46006, "MainPath": 0, "InNetwork": 1, "Visibility": 0, "Shape_Leng": 0.00012588, "Enabled": 1, "GlobalID": "9d8cc08a-39b8-4978-83dc-671b1c60723a", "Width": 1.0, "Shape__Length": 13.543404010016451 }, "geometry": { "type": "LineString", "coordinates": [ [ -122.167841363600019, 44.22577608702219 ], [ -122.167820714192018, 44.2258934435866 ] ] } },
{ "type": "Feature", "properties": { "OBJECTID_1": 271, "OBJECTID": 1883, "Permanent_": "{0B584F9C-AD8C-4C17-BADC-BF1F08B4C12F}", "FDate": 1464220800000, "Resolution": 2, "GNIS_ID": " ", "GNIS_Name": " ", "LengthKM": 0.09398839, "ReachCode": "17090004023200", "FlowDir": 1, "WBArea_Per": " ", "FType": 460, "FCode": 46003, "MainPath": 0, "InNetwork": 1, "Visibility": 0, "Shape_Leng": 0.00117059, "Enabled": 1, "GlobalID": "22fe9652-1517-4bef-a4f8-0b3ce8acd826", "Width": null, "Shape__Length": 94.233718155362283 }, "geometry": { "type": "LineString", "coordinates": [ [ -122.26010158924602, 44.216747335160591 ], [ -122.261262351655006, 44.216880748582994 ] ] } },
{ "type": "Feature", "properties": { "OBJECTID_1": 272, "OBJECTID": 13806, "Permanent_": "{3479B251-6052-417C-AFDD-6A9F8FB834DD}", "FDate": 1464220800000, "Resolution": 2, "GNIS_ID": " ", "GNIS_Name": " ", "LengthKM": 0.00306731, "ReachCode": "17090004014609", "FlowDir": 1, "WBArea_Per": "108067939", "FType": 558, "FCode": 55800, "MainPath": 0, "InNetwork": 1, "Visibility": 0, "Shape_Leng": 2.787e-05, "Enabled": 1, "GlobalID": "9a630901-998b-4ac7-a96c-6a8f901efa78", "Width": null, "Shape__Length": 3.0570714926973706 }, "geometry": { "type": "LineString", "coordinates": [ [ -122.22369915622501, 44.228531019967683 ], [ -122.223694954443019, 44.228558148439106 ] ] } },
{ "type": "Feature", "properties": { "OBJECTID_1": 273, "OBJECTID": 9937, "Permanent_": "{E08ABFD2-B1B2-45D8-88C3-B1B96255CEAE}", "FDate": 1464220800000, "Resolution": 2, "GNIS_ID": " ", "GNIS_Name": " ", "LengthKM": 0.46035569, "ReachCode": "17090004022681", "FlowDir": 1, "WBArea_Per": " ", "FType": 460, "FCode": 46003, "MainPath": 0, "InNetwork": 1, "Visibility": 0, "Shape_Leng": 0.00501257, "Enabled": 1, "GlobalID": "9a00a562-64ae-425f-ba65-7fb72e74b5d7", "Width": null, "Shape__Length": 460.2360406459519 }, "geometry": { "type": "LineString", "coordinates": [ [ -122.217983769487006, 44.215410140224897 ], [ -122.218332347886019, 44.215448155068792 ], [ -122.219153265903998, 44.215662317477502 ], [ -122.21982325403502, 44.216125264310094 ], [ -122.220017134212, 44.216315704747494 ], [ -122.220057074917989, 44.216417876841007 ], [ -122.220017006128003, 44.216644979444197 ], [ -122.220075430298991, 44.216732094830292 ], [ -122.220590575263998, 44.216738779970918 ], [ -122.221140937798026, 44.217013421277301 ], [ -122.221545380202016, 44.217421626574506 ], [ -122.221589191049006, 44.217956718049592 ] ] } },
{ "type": "Feature", "properties": { "OBJECTID_1": 274, "OBJECTID": 21897, "Permanent_": "161200769", "FDate": 1464220800000, "Resolution": 2, "GNIS_ID": "01123461", "GNIS_Name": "Lookout Creek", "LengthKM": 0.09133381, "ReachCode": "17090004000322", "FlowDir": 1, "WBArea_Per": " ", "FType": 460, "FCode": 46006, "MainPath": 0, "InNetwork": 1, "Visibility": 0, "Shape_Leng": 0.00113563, "Enabled": 1, "GlobalID": "bca92f8b-295b-498c-91ec-55e0f76c3a24", "Width": 1.0, "Shape__Length": 91.565762998159116 }, "geometry": { "type": "LineString", "coordinates": [ [ -122.187054325100988, 44.232563735555402 ], [ -122.187780874222, 44.232443585957604 ], [ -122.188178074212999, 44.232459202056397 ] ] } },
{ "type": "Feature", "properties": { "OBJECTID_1": 275, "OBJECTID": 21473, "Permanent_": "161200461", "FDate": 1464220800000, "Resolution": 2, "GNIS_ID": " ", "GNIS_Name": " ", "LengthKM": 0.41076322, "ReachCode": "17090004003768", "FlowDir": 1, "WBArea_Per": " ", "FType": 460, "FCode": 46006, "MainPath": 0, "InNetwork": 1, "Visibility": 0, "Shape_Leng": 0.00503222, "Enabled": 1, "GlobalID": "0fdf57a0-e764-4095-a2a3-e2a8daf65416", "Width": null, "Shape__Length": 411.67986375942979 }, "geometry": { "type": "LineString", "coordinates": [ [ -122.244750117677, 44.20406759188279 ], [ -122.245307150132987, 44.204065692273609 ], [ -122.245815900517997, 44.203913302008509 ], [ -122.246313965748996, 44.203874706502084 ], [ -122.247047830567993, 44.204035886886295 ], [ -122.247428549469987, 44.204074838719094 ], [ -122.24803614602601, 44.204265259492203 ], [ -122.248586602640998, 44.204367962387501 ], [ -122.249150096207984, 44.204570299005894 ], [ -122.249647686551995, 44.204645987314592 ] ] } },
{ "type": "Feature", "properties": { "OBJECTID_1": 276, "OBJECTID": 13805, "Permanent_": "161200377", "FDate": 1464220800000, "Resolution": 2, "GNIS_ID": " ", "GNIS_Name": " ", "LengthKM": 0.19560525, "ReachCode": "17090004014497", "FlowDir": 1, "WBArea_Per": " ", "FType": 460, "FCode": 46003, "MainPath": 0, "InNetwork": 1, "Visibility": 0, "Shape_Leng": 0.00187875, "Enabled": 1, "GlobalID": "0ea1b3a6-64c8-40e8-a652-530c7a3fd05c", "Width": null, "Shape__Length": 195.11782847735412 }, "geometry": { "type": "LineString", "coordinates": [ [ -122.227486914625985, 44.233799871385003 ], [ -122.22731182850201, 44.233138880199697 ], [ -122.22714001347498, 44.232927629192794 ], [ -122.227161442655003, 44.232828762380706 ], [ -122.227342646427005, 44.232633865156494 ], [ -122.227368482227007, 44.232494849887097 ], [ -122.227111796368987, 44.232196908993792 ] ] } },
{ "type": "Feature", "properties": { "OBJECTID_1": 277, "OBJECTID": 30055, "Permanent_": "{9DBAA46B-70B6-43EF-B35D-5877C6DC962C}", "FDate": 1464220800000, "Resolution": 2, "GNIS_ID": " ", "GNIS_Name": " ", "LengthKM": 0.4420097, "ReachCode": "17090004023092", "FlowDir": 1, "WBArea_Per": " ", "FType": 460, "FCode": 46003, "MainPath": 0, "InNetwork": 1, "Visibility": 0, "Shape_Leng": 0.00542891, "Enabled": 1, "GlobalID": "dbca435c-0ee2-4f90-b80b-8bbb0945275f", "Width": null, "Shape__Length": 442.98408839658026 }, "geometry": { "type": "LineString", "coordinates": [ [ -122.154227598838986, 44.254607367789397 ], [ -122.154881185861996, 44.254731988577603 ], [ -122.155701127731007, 44.254810170339397 ], [ -122.156056354743001, 44.254911655544497 ], [ -122.156469153009994, 44.254959406778298 ], [ -122.156954099930999, 44.25489863202499 ], [ -122.157731226885019, 44.254960165127706 ], [ -122.15821471479299, 44.2547764381032 ], [ -122.158597760489997, 44.254848543491498 ], [ -122.159172516750004, 44.254827530203599 ], [ -122.159384402254005, 44.254776617051498 ], [ -122.159513768003009, 44.25468100106329 ] ] } },
{ "type": "Feature", "properties": { "OBJECTID_1": 278, "OBJECTID": 17801, "Permanent_": "161165878", "FDate": 1464220800000, "Resolution": 2, "GNIS_ID": " ", "GNIS_Name": " ", "LengthKM": 0.21068189, "ReachCode": "17090004000616", "FlowDir": 1, "WBArea_Per": " ", "FType": 460, "FCode": 46003, "MainPath": 0, "InNetwork": 1, "Visibility": 0, "Shape_Leng": 0.00251733, "Enabled": 1, "GlobalID": "a127b469-9d0e-431c-8826-71bbf630fb3f", "Width": null, "Shape__Length": 211.0265867520329 }, "geometry": { "type": "LineString", "coordinates": [ [ -122.212230965044995, 44.213612167288197 ], [ -122.212497543504, 44.213803199308302 ], [ -122.212641120110007, 44.213852106473297 ], [ -122.21297044110301, 44.213765106989015 ], [ -122.213313662459996, 44.213771641448595 ], [ -122.213803938707997, 44.213713441589007 ], [ -122.214038765203995, 44.213754150101892 ], [ -122.214598997115999, 44.21399275772319 ] ] } },
{ "type": "Feature", "properties": { "OBJECTID_1": 279, "OBJECTID": 30162, "Permanent_": "{C074C1BB-9A43-4FAF-B832-F03A54428630}", "FDate": 1464220800000, "Resolution": 2, "GNIS_ID": " ", "GNIS_Name": " ", "LengthKM": 0.31479624, "ReachCode": "17090004022955", "FlowDir": 1, "WBArea_Per": " ", "FType": 460, "FCode": 46003, "MainPath": 0, "InNetwork": 1, "Visibility": 0, "Shape_Leng": 0.00289806, "Enabled": 1, "GlobalID": "ba821764-4bd5-4c83-ab10-873eccd77dbf", "Width": null, "Shape__Length": 313.81602296760195 }, "geometry": { "type": "LineString", "coordinates": [ [ -122.134703973570012, 44.228500083293 ], [ -122.134523821364994, 44.2288520503879 ], [ -122.134582409871001, 44.229395741546092 ], [ -122.134410350970995, 44.22984044151049 ], [ -122.134449350585996, 44.230307091286804 ], [ -122.134345995661008, 44.230628610644295 ], [ -122.134323858247015, 44.231115461921597 ], [ -122.134222897675997, 44.231239271055706 ] ] } },
{ "type": "Feature", "properties": { "OBJECTID_1": 280, "OBJECTID": 9936, "Permanent_": "{BAC70083-1352-4E81-B56A-B9E89E0AE6DF}", "FDate": 1464220800000, "Resolution": 2, "GNIS_ID": " ", "GNIS_Name": " ", "LengthKM": 0.83576844, "ReachCode": "17090004022737", "FlowDir": 1, "WBArea_Per": " ", "FType": 460, "FCode": 46003, "MainPath": 0, "InNetwork": 1, "Visibility": 0, "Shape_Leng": 0.00875455, "Enabled": 1, "GlobalID": "d6a02ead-a7f6-43fa-b73b-757d60f1e31f", "Width": null, "Shape__Length": 834.95168445740273 }, "geometry": { "type": "LineString", "coordinates": [ [ -122.22149787400302, 44.233977343746304 ], [ -122.221538974187013, 44.233806085664305 ], [ -122.221487353124019, 44.233591621735307 ], [ -122.221611847971005, 44.233422015021297 ], [ -122.221579411178993, 44.233214443185503 ], [ -122.221366508034009, 44.232940623532208 ], [ -122.221192361245983, 44.232557390822194 ], [ -122.220964619021004, 44.232280525198192 ], [ -122.220925324836998, 44.231957697951394 ], [ -122.221090029986996, 44.231632108743803 ], [ -122.220953483695993, 44.230912091132687 ], [ -122.220782881675021, 44.230752038617496 ], [ -122.220169295334998, 44.230543718231004 ], [ -122.220059751413004, 44.23042286419269 ], [ -122.221051440748994, 44.2297723381797 ], [ -122.221245194134994, 44.229514751926096 ], [ -122.22123220503498, 44.229339057448598 ], [ -122.221311457644006, 44.229256061344003 ], [ -122.221576725716019, 44.229153632956397 ], [ -122.221965783757, 44.22912525516729 ], [ -122.222265135322985, 44.229005117693603 ], [ -122.222641060007007, 44.228735302325596 ], [ -122.223642821915988, 44.228575685146602 ] ] } },
{ "type": "Feature", "properties": { "OBJECTID_1": 281, "OBJECTID": 13669, "Permanent_": "161200584", "FDate": 1464220800000, "Resolution": 2, "GNIS_ID": " ", "GNIS_Name": " ", "LengthKM": 0.62356436, "ReachCode": "17090004014587", "FlowDir": 1, "WBArea_Per": " ", "FType": 460, "FCode": 46003, "MainPath": 0, "InNetwork": 1, "Visibility": 0, "Shape_Leng": 0.00594682, "Enabled": 1, "GlobalID": "b3ee6179-f8ff-4d6a-8fe1-e63cfc07b144", "Width": null, "Shape__Length": 621.93499259374494 }, "geometry": { "type": "LineString", "coordinates": [ [ -122.252017521207989, 44.220681992620797 ], [ -122.252146923200996, 44.219940584126 ], [ -122.252248132309006, 44.219670722117094 ], [ -122.252266326655004, 44.219259809119201 ], [ -122.252209989365994, 44.218891713322492 ], [ -122.25182102925902, 44.218267759647198 ], [ -122.251336392506019, 44.217852321492785 ], [ -122.251184076336017, 44.217575429895398 ], [ -122.251144304510021, 44.217294731143404 ], [ -122.250889071621003, 44.216805778665602 ], [ -122.250928286708003, 44.216384179046692 ], [ -122.250837370718003, 44.216162314319305 ], [ -122.251017171247994, 44.215997747236997 ], [ -122.251186403491005, 44.21564940138289 ], [ -122.251417277312015, 44.215538862307483 ] ] } },
{ "type": "Feature", "properties": { "OBJECTID_1": 282, "OBJECTID": 2542, "Permanent_": "{27DAF818-B34A-400E-AAC1-0184FA837DF7}", "FDate": 1464220800000, "Resolution": 2, "GNIS_ID": " ", "GNIS_Name": " ", "LengthKM": 0.19633968, "ReachCode": "17090004022808", "FlowDir": 1, "WBArea_Per": " ", "FType": 460, "FCode": 46003, "MainPath": 0, "InNetwork": 1, "Visibility": 0, "Shape_Leng": 0.00193287, "Enabled": 1, "GlobalID": "e465cf4e-0fa2-40a2-aef8-5f9ea08a4e83", "Width": null, "Shape__Length": 195.91642373916503 }, "geometry": { "type": "LineString", "coordinates": [ [ -122.157677991094999, 44.207268386138487 ], [ -122.157308179807998, 44.20785230768459 ], [ -122.156552690045018, 44.208828512108703 ] ] } },
{ "type": "Feature", "properties": { "OBJECTID_1": 283, "OBJECTID": 6006, "Permanent_": "{DBE641D0-AEA9-4DE8-81BB-D1DA746CC1D1}", "FDate": 1464220800000, "Resolution": 2, "GNIS_ID": " ", "GNIS_Name": " ", "LengthKM": 0.18149204, "ReachCode": "17090004022684", "FlowDir": 1, "WBArea_Per": " ", "FType": 460, "FCode": 46003, "MainPath": 0, "InNetwork": 1, "Visibility": 0, "Shape_Leng": 0.00186737, "Enabled": 1, "GlobalID": "0e4f6dba-6553-4b25-a074-5d55cd80887d", "Width": null, "Shape__Length": 181.24233616280424 }, "geometry": { "type": "LineString", "coordinates": [ [ -122.220570954646007, 44.218931801463796 ], [ -122.22082854118301, 44.219462481488989 ], [ -122.221569456859001, 44.219950167731987 ], [ -122.221821195256013, 44.220241810086492 ] ] } },
{ "type": "Feature", "properties": { "OBJECTID_1": 284, "OBJECTID": 1975, "Permanent_": "{2BA9E288-42E1-4285-8283-E6C7512D8BFC}", "FDate": 1464220800000, "Resolution": 2, "GNIS_ID": " ", "GNIS_Name": " ", "LengthKM": 0.03835186, "ReachCode": "17090004003760", "FlowDir": 1, "WBArea_Per": " ", "FType": 460, "FCode": 46006, "MainPath": 0, "InNetwork": 1, "Visibility": 0, "Shape_Leng": 0.00040282, "Enabled": 1, "GlobalID": "4c4b33cb-d037-43ed-bb68-0e5f3944c41b", "Width": null, "Shape__Length": 38.312513882045003 }, "geometry": { "type": "LineString", "coordinates": [ [ -122.243336199693985, 44.2111832115515 ], [ -122.243622086616, 44.211448800030894 ] ] } },
{ "type": "Feature", "properties": { "OBJECTID_1": 285, "OBJECTID": 10476, "Permanent_": "{29B12551-A5B8-4C2B-94DB-ADE0E1F76B42}", "FDate": 1464220800000, "Resolution": 2, "GNIS_ID": " ", "GNIS_Name": " ", "LengthKM": 0.53095106, "ReachCode": "17090004022972", "FlowDir": 1, "WBArea_Per": " ", "FType": 460, "FCode": 46003, "MainPath": 0, "InNetwork": 1, "Visibility": 0, "Shape_Leng": 0.00571092, "Enabled": 1, "GlobalID": "20b3b7c6-cacc-453f-ad45-173ebba60055", "Width": null, "Shape__Length": 530.66530405348635 }, "geometry": { "type": "LineString", "coordinates": [ [ -122.137869366081006, 44.238866639188416 ], [ -122.138734423836993, 44.238301792812003 ], [ -122.139081355998997, 44.238024324227894 ], [ -122.139301855973997, 44.237758789934297 ], [ -122.139899845368021, 44.237326621033496 ], [ -122.140049766540017, 44.237267625250091 ], [ -122.140428294217003, 44.237259013364202 ], [ -122.140911483484004, 44.237040686681397 ], [ -122.141270438411013, 44.236726029837094 ], [ -122.141278739182994, 44.236252424349402 ], [ -122.141401586650005, 44.236044932152993 ], [ -122.141600411235004, 44.235894110963095 ], [ -122.141951690328014, 44.235736979243498 ], [ -122.142070141321994, 44.235565606167491 ] ] } },
{ "type": "Feature", "properties": { "OBJECTID_1": 286, "OBJECTID": 29934, "Permanent_": "{6A935A89-67FD-4503-A90B-011198444BC9}", "FDate": 1464220800000, "Resolution": 2, "GNIS_ID": " ", "GNIS_Name": " ", "LengthKM": 0.30465304, "ReachCode": "17090004023121", "FlowDir": 1, "WBArea_Per": " ", "FType": 460, "FCode": 46003, "MainPath": 0, "InNetwork": 1, "Visibility": 0, "Shape_Leng": 0.00294406, "Enabled": 1, "GlobalID": "07873e9e-9df6-4486-9b56-799908a63f9a", "Width": null, "Shape__Length": 303.93805238114663 }, "geometry": { "type": "LineString", "coordinates": [ [ -122.174850576110998, 44.265499410701096 ], [ -122.175024738562996, 44.265264951342502 ], [ -122.175108956166014, 44.265015870344001 ], [ -122.174920433364008, 44.264710851558398 ], [ -122.174745606243008, 44.264568899498904 ], [ -122.174473872799993, 44.264188001407199 ], [ -122.174400073841994, 44.26350562343201 ], [ -122.174184725670003, 44.263137554544301 ], [ -122.174030265929019, 44.263027811228994 ] ] } },
{ "type": "Feature", "properties": { "OBJECTID_1": 287, "OBJECTID": 25512, "Permanent_": "{4AF1002D-386F-4BDB-88F4-92E607340F28}", "FDate": 1464220800000, "Resolution": 2, "GNIS_ID": "01123461", "GNIS_Name": "Lookout Creek", "LengthKM": 0.12348746, "ReachCode": "17090004001156", "FlowDir": 1, "WBArea_Per": "108067939", "FType": 558, "FCode": 55800, "MainPath": 0, "InNetwork": 1, "Visibility": 0, "Shape_Leng": 0.00115065, "Enabled": 1, "GlobalID": "dc339b9f-7970-41fe-95a4-f15c188e35de", "Width": 1.0, "Shape__Length": 123.11838017465229 }, "geometry": { "type": "LineString", "coordinates": [ [ -122.253013851541994, 44.2134448331812 ], [ -122.252959647900994, 44.213121870627496 ], [ -122.253108250427999, 44.212853704844996 ], [ -122.253055638445005, 44.212633976545298 ], [ -122.253153241158003, 44.212386438329816 ] ] } },
{ "type": "Feature", "properties": { "OBJECTID_1": 288, "OBJECTID": 22150, "Permanent_": "{CCDDFDAD-F609-4089-A108-3AAB7D81AEAB}", "FDate": 1464220800000, "Resolution": 2, "GNIS_ID": " ", "GNIS_Name": " ", "LengthKM": 0.73865463, "ReachCode": "17090004022975", "FlowDir": 1, "WBArea_Per": " ", "FType": 460, "FCode": 46003, "MainPath": 0, "InNetwork": 1, "Visibility": 0, "Shape_Leng": 0.00692868, "Enabled": 1, "GlobalID": "2fcdeea3-58f1-4143-9388-fa450b2470fb", "Width": null, "Shape__Length": 736.55921154299097 }, "geometry": { "type": "LineString", "coordinates": [ [ -122.133560629418994, 44.240446734727009 ], [ -122.133750445629985, 44.240027084016205 ], [ -122.134108289531994, 44.2395171839634 ], [ -122.134337680076996, 44.238729570153097 ], [ -122.134538820629999, 44.23838690923921 ], [ -122.134583758478996, 44.237819205128595 ], [ -122.134691296761005, 44.237562874022707 ], [ -122.134892528189994, 44.237184534694393 ], [ -122.135313361497012, 44.236660259715286 ], [ -122.135577615239001, 44.236125607951401 ], [ -122.135689416543997, 44.235590802335196 ], [ -122.135927230598014, 44.235209519236093 ], [ -122.136043488541986, 44.234798979911403 ], [ -122.136031673172994, 44.23416417757619 ] ] } },
{ "type": "Feature", "properties": { "OBJECTID_1": 289, "OBJECTID": 29657, "Permanent_": "161200541", "FDate": 1464220800000, "Resolution": 2, "GNIS_ID": " ", "GNIS_Name": " ", "LengthKM": 1.19275832, "ReachCode": "17090004003758", "FlowDir": 1, "WBArea_Per": " ", "FType": 460, "FCode": 46006, "MainPath": 0, "InNetwork": 1, "Visibility": 0, "Shape_Leng": 0.01201327, "Enabled": 1, "GlobalID": "0b315d91-2497-44e4-bad7-24b333a4c005", "Width": null, "Shape__Length": 1190.7831423383568 }, "geometry": { "type": "LineString", "coordinates": [ [ -122.227090204958984, 44.21702418442441 ], [ -122.227281220587997, 44.21748161103681 ], [ -122.227231079004014, 44.218061866465391 ], [ -122.227312580076017, 44.218482068604786 ], [ -122.227502575151007, 44.2188089224896 ], [ -122.227535803725999, 44.219119270262389 ], [ -122.227358878616997, 44.22046796473839 ], [ -122.227238234923021, 44.220739139749902 ], [ -122.227397753578984, 44.220914045037908 ], [ -122.227704169122006, 44.221069739396391 ], [ -122.227789222880006, 44.221253956780487 ], [ -122.227758802084992, 44.221719578802407 ], [ -122.227590775991004, 44.221912426128299 ], [ -122.227535607899014, 44.222074847774195 ], [ -122.227725425415997, 44.222519091764291 ], [ -122.227613396890987, 44.222686534485398 ], [ -122.227616858646002, 44.222930312349384 ], [ -122.227469861228002, 44.223309506250096 ], [ -122.227428154574, 44.223604281168498 ], [ -122.22789876465302, 44.224022331006701 ], [ -122.228084487133003, 44.224452087545799 ], [ -122.228211654140992, 44.224615258864191 ], [ -122.228412007174981, 44.224731862337499 ], [ -122.228855716930994, 44.224853106601493 ], [ -122.229692957121983, 44.224851154194603 ], [ -122.230104390432004, 44.224695491719601 ], [ -122.230463750976014, 44.224628000263692 ], [ -122.230916523318996, 44.224370318850902 ], [ -122.231324513279006, 44.224324047448597 ], [ -122.231519583234018, 44.22434487872529 ] ] } },
{ "type": "Feature", "properties": { "OBJECTID_1": 290, "OBJECTID": 21744, "Permanent_": "{BE638581-1904-42FE-AFA6-6A760F55FB22}", "FDate": 1464220800000, "Resolution": 2, "GNIS_ID": " ", "GNIS_Name": " ", "LengthKM": 0.30775202, "ReachCode": "17090004022854", "FlowDir": 1, "WBArea_Per": " ", "FType": 460, "FCode": 46003, "MainPath": 0, "InNetwork": 1, "Visibility": 0, "Shape_Leng": 0.00288276, "Enabled": 1, "GlobalID": "26b51e0a-1d57-4721-a78b-e5b7d0a7df4d", "Width": null, "Shape__Length": 306.86073209915475 }, "geometry": { "type": "LineString", "coordinates": [ [ -122.194755860841994, 44.215310233407486 ], [ -122.194588124890004, 44.215485263999497 ], [ -122.19447690590799, 44.215805332889985 ], [ -122.194226868716981, 44.216192575417793 ], [ -122.194072980195983, 44.216630364165788 ], [ -122.194020819760993, 44.217299341883205 ], [ -122.193859969929008, 44.217618234290903 ], [ -122.193873782631002, 44.217816261299397 ], [ -122.193950394248986, 44.217929886758803 ] ] } },
{ "type": "Feature", "properties": { "OBJECTID_1": 291, "OBJECTID": 6513, "Permanent_": "{52895DDA-7151-4219-A74F-978F67397CF6}", "FDate": 1464220800000, "Resolution": 2, "GNIS_ID": " ", "GNIS_Name": " ", "LengthKM": 0.53878737, "ReachCode": "17090004023163", "FlowDir": 1, "WBArea_Per": " ", "FType": 460, "FCode": 46003, "MainPath": 0, "InNetwork": 1, "Visibility": 0, "Shape_Leng": 0.00496162, "Enabled": 1, "GlobalID": "867bd387-5eb9-4310-92fd-4b350f1588d4", "Width": null, "Shape__Length": 537.15834693607565 }, "geometry": { "type": "LineString", "coordinates": [ [ -122.146148004485013, 44.278038504803895 ], [ -122.146173720557982, 44.27785020120929 ], [ -122.145959096473007, 44.277346928167098 ], [ -122.145969574364997, 44.276561466508191 ], [ -122.146124272801998, 44.276126243600899 ], [ -122.145995365096994, 44.275372642262802 ], [ -122.146255627770998, 44.274921982099002 ], [ -122.145976846126018, 44.27353095532829 ], [ -122.145830737845998, 44.273350585082291 ] ] } },
{ "type": "Feature", "properties": { "OBJECTID_1": 292, "OBJECTID": 21903, "Permanent_": "{EEB57A92-60D9-4534-8010-2DB8044B704C}", "FDate": 1464220800000, "Resolution": 2, "GNIS_ID": " ", "GNIS_Name": " ", "LengthKM": 0.08297401, "ReachCode": "17090004023007", "FlowDir": 1, "WBArea_Per": " ", "FType": 460, "FCode": 46006, "MainPath": 0, "InNetwork": 1, "Visibility": 0, "Shape_Leng": 0.00079286, "Enabled": 1, "GlobalID": "d8e3f623-283b-4b8c-8c35-c9ee4c4ac961", "Width": null, "Shape__Length": 82.762845416372869 }, "geometry": { "type": "LineString", "coordinates": [ [ -122.183576834780013, 44.249488882928894 ], [ -122.183435035238006, 44.249313295832103 ], [ -122.183514621189005, 44.249087799828082 ], [ -122.183480134620993, 44.248899443637391 ], [ -122.183395832852, 44.248802058673895 ] ] } },
{ "type": "Feature", "properties": { "OBJECTID_1": 293, "OBJECTID": 6624, "Permanent_": "{D116F97F-BD24-40CE-9213-4C09767D13C3}", "FDate": 1464220800000, "Resolution": 2, "GNIS_ID": " ", "GNIS_Name": " ", "LengthKM": 0.77703727, "ReachCode": "17090004022940", "FlowDir": 1, "WBArea_Per": " ", "FType": 460, "FCode": 46003, "MainPath": 0, "InNetwork": 1, "Visibility": 0, "Shape_Leng": 0.00951919, "Enabled": 1, "GlobalID": "cf590264-f3ef-4f45-8837-e8f90ffa729f", "Width": null, "Shape__Length": 778.76850836854567 }, "geometry": { "type": "LineString", "coordinates": [ [ -122.106413795604993, 44.217691390522099 ], [ -122.107455680737019, 44.217927992504606 ], [ -122.108107504616996, 44.217981633154707 ], [ -122.109078753068999, 44.217939885188095 ], [ -122.111877813007993, 44.218329194355192 ], [ -122.112156162123014, 44.218290315571295 ], [ -122.112451865240018, 44.218110634991611 ], [ -122.112742580415997, 44.218047735964099 ], [ -122.113070756417997, 44.217831206780609 ], [ -122.113425427617983, 44.217684211825791 ], [ -122.113745020208995, 44.217641090974396 ], [ -122.113948506686, 44.217682871252784 ], [ -122.114489124464015, 44.21757336193631 ], [ -122.11472220337302, 44.217595055561404 ], [ -122.115064526506998, 44.217708938183598 ], [ -122.11566487802402, 44.217696844403989 ] ] } },
{ "type": "Feature", "properties": { "OBJECTID_1": 294, "OBJECTID": 30267, "Permanent_": "{6D03C622-B51E-4B56-BBC3-12B3C1FB9505}", "FDate": 1464220800000, "Resolution": 2, "GNIS_ID": "01123461", "GNIS_Name": "Lookout Creek", "LengthKM": 0.12597193, "ReachCode": "17090004000324", "FlowDir": 1, "WBArea_Per": " ", "FType": 460, "FCode": 46006, "MainPath": 0, "InNetwork": 1, "Visibility": 0, "Shape_Leng": 0.00117666, "Enabled": 1, "GlobalID": "2e72dd46-3d84-4987-ab8f-7341e7fbed6a", "Width": 1.0, "Shape__Length": 125.60393589844246 }, "geometry": { "type": "LineString", "coordinates": [ [ -122.115456027519002, 44.2147319348108 ], [ -122.115570420902017, 44.214990373367591 ], [ -122.115755823186021, 44.215208498951405 ], [ -122.115745906737018, 44.215806039696709 ] ] } },
{ "type": "Feature", "properties": { "OBJECTID_1": 295, "OBJECTID": 21753, "Permanent_": "{2600CD3E-6228-4FD0-AF56-752DAEDADA21}", "FDate": 1464220800000, "Resolution": 2, "GNIS_ID": " ", "GNIS_Name": " ", "LengthKM": 0.17090352, "ReachCode": "17090004022872", "FlowDir": 1, "WBArea_Per": " ", "FType": 460, "FCode": 46003, "MainPath": 0, "InNetwork": 1, "Visibility": 0, "Shape_Leng": 0.00166925, "Enabled": 1, "GlobalID": "dc4a9d31-48ad-43b2-ab25-842bd511388f", "Width": null, "Shape__Length": 170.52046827981806 }, "geometry": { "type": "LineString", "coordinates": [ [ -122.191099890339999, 44.236645594961296 ], [ -122.191212041278021, 44.236397751984001 ], [ -122.191673307499016, 44.23588985455811 ], [ -122.192006414076005, 44.235273853203495 ] ] } },
{ "type": "Feature", "properties": { "OBJECTID_1": 296, "OBJECTID": 21746, "Permanent_": "{115487EE-ACD9-4B66-8CC2-1A5F8523CFC6}", "FDate": 1464220800000, "Resolution": 2, "GNIS_ID": " ", "GNIS_Name": " ", "LengthKM": 0.38834664, "ReachCode": "17090004014534", "FlowDir": 1, "WBArea_Per": " ", "FType": 460, "FCode": 46006, "MainPath": 0, "InNetwork": 1, "Visibility": 0, "Shape_Leng": 0.00410211, "Enabled": 1, "GlobalID": "cd578e16-aec3-4354-96bd-172212149dcb", "Width": null, "Shape__Length": 388.0326308782337 }, "geometry": { "type": "LineString", "coordinates": [ [ -122.190672908276994, 44.230513720570301 ], [ -122.190675166354993, 44.230728946244099 ], [ -122.190961865808021, 44.231179931219195 ], [ -122.191041682485988, 44.231495057362807 ], [ -122.191384217571979, 44.231777514727995 ], [ -122.191470454630007, 44.232255430841896 ], [ -122.191693929376996, 44.232491722767691 ], [ -122.192071591708, 44.232599133204893 ], [ -122.192524003403008, 44.232583747018793 ], [ -122.193153562478983, 44.232833399057093 ], [ -122.193375718300004, 44.2328505470064 ] ] } },
{ "type": "Feature", "properties": { "OBJECTID_1": 297, "OBJECTID": 10603, "Permanent_": "161200398", "FDate": 1464220800000, "Resolution": 2, "GNIS_ID": " ", "GNIS_Name": " ", "LengthKM": 0.98235999, "ReachCode": "17090004014529", "FlowDir": 1, "WBArea_Per": " ", "FType": 460, "FCode": 46003, "MainPath": 0, "InNetwork": 1, "Visibility": 0, "Shape_Leng": 0.01093152, "Enabled": 1, "GlobalID": "65e8b483-8784-477c-b4fa-9c1f8015ed3b", "Width": null, "Shape__Length": 982.49685231718706 }, "geometry": { "type": "LineString", "coordinates": [ [ -122.12283313860398, 44.205514699804901 ], [ -122.121722503805003, 44.205916328017217 ], [ -122.120922065082993, 44.205999566840397 ], [ -122.120312913885016, 44.205991600256603 ], [ -122.119449091555012, 44.206193112014702 ], [ -122.118777928944994, 44.206658724701704 ], [ -122.117138305116001, 44.207536425424905 ], [ -122.115586927358009, 44.208607533238883 ], [ -122.115297418734002, 44.20890820592281 ], [ -122.115212927767985, 44.209089544755294 ], [ -122.114457341811999, 44.209864480505999 ], [ -122.114367695837984, 44.210099959654002 ], [ -122.114066873778981, 44.210483081362099 ], [ -122.113883521267013, 44.210619740434197 ], [ -122.113820986693995, 44.210786350996294 ] ] } },
{ "type": "Feature", "properties": { "OBJECTID_1": 298, "OBJECTID": 29926, "Permanent_": "{1DD8D221-6349-4101-8E0D-CE79C0944F37}", "FDate": 1464220800000, "Resolution": 2, "GNIS_ID": " ", "GNIS_Name": " ", "LengthKM": 0.29908643, "ReachCode": "17090004022878", "FlowDir": 1, "WBArea_Per": " ", "FType": 460, "FCode": 46003, "MainPath": 0, "InNetwork": 1, "Visibility": 0, "Shape_Leng": 0.00277485, "Enabled": 1, "GlobalID": "203761da-3fbd-4865-b659-1d079b44443e", "Width": null, "Shape__Length": 298.18876463213024 }, "geometry": { "type": "LineString", "coordinates": [ [ -122.174860870372015, 44.238505117445996 ], [ -122.174821883448004, 44.238179070098283 ], [ -122.175127372752002, 44.237487096409197 ], [ -122.175322199090999, 44.237183585856009 ], [ -122.175391316937009, 44.236905224340703 ], [ -122.175278388371012, 44.236519339772002 ], [ -122.175352485264, 44.236161043169986 ], [ -122.175277368558, 44.235923997250502 ] ] } },
{ "type": "Feature", "properties": { "OBJECTID_1": 299, "OBJECTID": 25681, "Permanent_": "108055901", "FDate": 1464220800000, "Resolution": 2, "GNIS_ID": "01123461", "GNIS_Name": "Lookout Creek", "LengthKM": 0.56054722, "ReachCode": "17090004000321", "FlowDir": 1, "WBArea_Per": "108067939", "FType": 558, "FCode": 55800, "MainPath": 0, "InNetwork": 1, "Visibility": 0, "Shape_Leng": 0.00594182, "Enabled": 1, "GlobalID": "bd5d23cf-9a8b-40cd-85e3-76110245577e", "Width": 1.0, "Shape__Length": 560.12379616676458 }, "geometry": { "type": "LineString", "coordinates": [ [ -122.224496534207006, 44.228805701565101 ], [ -122.22469557009201, 44.2287868037076 ], [ -122.225382658276004, 44.228502794249209 ], [ -122.22596143749702, 44.228326371485394 ], [ -122.226246870570989, 44.228319339043807 ], [ -122.226473085012998, 44.228462076129802 ], [ -122.226600747895006, 44.228632053449005 ], [ -122.226565702629017, 44.228942230409409 ], [ -122.226632796711996, 44.229118842506999 ], [ -122.226588810196006, 44.229323729500507 ], [ -122.226667545807004, 44.229508749175892 ], [ -122.227129061536004, 44.229757824509292 ], [ -122.22753214830098, 44.229857925224209 ], [ -122.22770055989902, 44.22978970660099 ], [ -122.227866467321007, 44.229496680810193 ], [ -122.227849248249996, 44.229223257481102 ], [ -122.227673795035003, 44.228819751427487 ], [ -122.227711422972007, 44.228678636059108 ], [ -122.227918311818996, 44.228420198106605 ] ] } },
{ "type": "Feature", "properties": { "OBJECTID_1": 300, "OBJECTID": 2116, "Permanent_": "{9014E453-B746-4B7E-9D60-75DBE6211DE0}", "FDate": 1464220800000, "Resolution": 2, "GNIS_ID": " ", "GNIS_Name": " ", "LengthKM": 0.17896887, "ReachCode": "17090004022735", "FlowDir": 1, "WBArea_Per": " ", "FType": 460, "FCode": 46003, "MainPath": 0, "InNetwork": 1, "Visibility": 0, "Shape_Leng": 0.00207671, "Enabled": 1, "GlobalID": "ca195cc2-e4c4-4c61-b804-83546fd316fa", "Width": null, "Shape__Length": 179.14937156968924 }, "geometry": { "type": "LineString", "coordinates": [ [ -122.218782293480004, 44.228691609575797 ], [ -122.219070352081999, 44.228733361344197 ], [ -122.219209825738005, 44.228597873311102 ], [ -122.219572459060998, 44.228514188812596 ], [ -122.219624264570996, 44.228442458319002 ], [ -122.219879302227, 44.228490278343294 ], [ -122.220220835549995, 44.228386438236996 ], [ -122.220312901526995, 44.228418349835692 ], [ -122.220353515206, 44.228518172792292 ], [ -122.220500958547021, 44.228498247664795 ], [ -122.220615817156016, 44.228552238961491 ] ] } },
{ "type": "Feature", "properties": { "OBJECTID_1": 301, "OBJECTID": 30058, "Permanent_": "161200550", "FDate": 1464220800000, "Resolution": 2, "GNIS_ID": " ", "GNIS_Name": " ", "LengthKM": 0.23761592, "ReachCode": "17090004001627", "FlowDir": 1, "WBArea_Per": " ", "FType": 460, "FCode": 46006, "MainPath": 0, "InNetwork": 1, "Visibility": 0, "Shape_Leng": 0.00261401, "Enabled": 1, "GlobalID": "9acc33f8-1e5d-410d-8f84-337732db8346", "Width": null, "Shape__Length": 237.58127097226679 }, "geometry": { "type": "LineString", "coordinates": [ [ -122.163007803125012, 44.26462663709021 ], [ -122.163226783466996, 44.264512283779702 ], [ -122.163383830214002, 44.264353952927401 ], [ -122.163779881227015, 44.264167746306299 ], [ -122.164330955422017, 44.263668715806901 ], [ -122.164627523123016, 44.263563293936386 ], [ -122.164809069198995, 44.263355490148804 ], [ -122.165136033470006, 44.263209067753301 ] ] } },
{ "type": "Feature", "properties": { "OBJECTID_1": 302, "OBJECTID": 13816, "Permanent_": "{8070488C-B777-49DA-9CEE-C2547BA23E5A}", "FDate": 1464220800000, "Resolution": 2, "GNIS_ID": " ", "GNIS_Name": " ", "LengthKM": 0.01566393, "ReachCode": "17090004003745", "FlowDir": 1, "WBArea_Per": " ", "FType": 460, "FCode": 46006, "MainPath": 0, "InNetwork": 1, "Visibility": 0, "Shape_Leng": 0.00017468, "Enabled": 1, "GlobalID": "b0ccd868-1a07-478d-912a-0d9e210b569f", "Width": null, "Shape__Length": 15.665923698275227 }, "geometry": { "type": "LineString", "coordinates": [ [ -122.212976415323013, 44.232162318625093 ], [ -122.213123403937985, 44.232075242941001 ] ] } },
{ "type": "Feature", "properties": { "OBJECTID_1": 303, "OBJECTID": 29382, "Permanent_": "{BACF1977-A0A4-4BFE-94A5-1FA907C5D82D}", "FDate": 1464220800000, "Resolution": 2, "GNIS_ID": " ", "GNIS_Name": " ", "LengthKM": 0.27023059, "ReachCode": "17090004022679", "FlowDir": 1, "WBArea_Per": " ", "FType": 460, "FCode": 46003, "MainPath": 0, "InNetwork": 1, "Visibility": 0, "Shape_Leng": 0.0030329, "Enabled": 1, "GlobalID": "5f1af5b3-d206-42ad-b643-d95b21826e2f", "Width": null, "Shape__Length": 270.30613028399171 }, "geometry": { "type": "LineString", "coordinates": [ [ -122.255714654140007, 44.217031259616405 ], [ -122.255058962361019, 44.216666991175799 ], [ -122.254138281123005, 44.216372985404803 ], [ -122.253747021547994, 44.216164881036292 ], [ -122.253626485206993, 44.216052364490693 ], [ -122.253521599136008, 44.215791661061196 ], [ -122.253173865058997, 44.215561681485703 ] ] } },
{ "type": "Feature", "properties": { "OBJECTID_1": 304, "OBJECTID": 2539, "Permanent_": "{FD32D4DF-3422-4712-8178-057E31D4C77D}", "FDate": 1464220800000, "Resolution": 2, "GNIS_ID": " ", "GNIS_Name": " ", "LengthKM": 0.10936025, "ReachCode": "17090004022806", "FlowDir": 1, "WBArea_Per": " ", "FType": 460, "FCode": 46003, "MainPath": 0, "InNetwork": 1, "Visibility": 0, "Shape_Leng": 0.00107156, "Enabled": 1, "GlobalID": "1c9e28ee-a2d0-4f69-ab07-6a2d6a490333", "Width": null, "Shape__Length": 109.11624524121345 }, "geometry": { "type": "LineString", "coordinates": [ [ -122.165729125817009, 44.207378267727201 ], [ -122.165123196359005, 44.208253678481697 ] ] } },
{ "type": "Feature", "properties": { "OBJECTID_1": 305, "OBJECTID": 25834, "Permanent_": "161200502", "FDate": 1476576000000, "Resolution": 2, "GNIS_ID": "01124021", "GNIS_Name": "McRae Creek", "LengthKM": 0.39689649, "ReachCode": "17090004000325", "FlowDir": 1, "WBArea_Per": " ", "FType": 460, "FCode": 46006, "MainPath": 0, "InNetwork": 1, "Visibility": 0, "Shape_Leng": 0.00467199, "Enabled": 1, "GlobalID": "78ea01c7-02ad-46a7-aea3-1d73aa0bd397", "Width": 1.0, "Shape__Length": 397.3988820879394 }, "geometry": { "type": "LineString", "coordinates": [ [ -122.189570861929013, 44.245691382097192 ], [ -122.189883014323001, 44.24545047221779 ], [ -122.190711805966998, 44.24547059808139 ], [ -122.191100466788001, 44.245265918765298 ], [ -122.191389563830015, 44.24526055517191 ], [ -122.192338953136982, 44.245089211303004 ], [ -122.192620039535981, 44.244880687974998 ], [ -122.193486701512981, 44.244528873291991 ], [ -122.193858851337993, 44.244283703478992 ] ] } },
{ "type": "Feature", "properties": { "OBJECTID_1": 306, "OBJECTID": 25959, "Permanent_": "{3F1CB3C7-14CC-439D-8FE1-E1D07DBE5DE9}", "FDate": 1464220800000, "Resolution": 2, "GNIS_ID": " ", "GNIS_Name": " ", "LengthKM": 0.09157405, "ReachCode": "17090004023028", "FlowDir": 1, "WBArea_Per": " ", "FType": 460, "FCode": 46003, "MainPath": 0, "InNetwork": 1, "Visibility": 0, "Shape_Leng": 0.00097381, "Enabled": 1, "GlobalID": "0e6fa617-a87e-4229-9cb8-d3549cdc9b47", "Width": null, "Shape__Length": 91.501113682152464 }, "geometry": { "type": "LineString", "coordinates": [ [ -122.178764555667001, 44.242990503009899 ], [ -122.179137481463997, 44.243216843929197 ], [ -122.179500965659017, 44.243606898382389 ] ] } },
{ "type": "Feature", "properties": { "OBJECTID_1": 307, "OBJECTID": 2547, "Permanent_": "161200506", "FDate": 1464220800000, "Resolution": 2, "GNIS_ID": "01123660", "GNIS_Name": "Mack Creek", "LengthKM": 0.21189496, "ReachCode": "17090004000629", "FlowDir": 1, "WBArea_Per": " ", "FType": 460, "FCode": 46006, "MainPath": 0, "InNetwork": 1, "Visibility": 0, "Shape_Leng": 0.00195963, "Enabled": 1, "GlobalID": "216a29e6-64ba-48e7-bb94-f1ad49dc8b00", "Width": 1.0, "Shape__Length": 211.24475546029007 }, "geometry": { "type": "LineString", "coordinates": [ [ -122.167820826602011, 44.223940359118302 ], [ -122.168021712262998, 44.224257182202997 ], [ -122.16810337837299, 44.224714100513694 ], [ -122.167968377688993, 44.225096966496992 ], [ -122.16794188457402, 44.22548591836339 ], [ -122.167841363600019, 44.22577608702219 ] ] } },
{ "type": "Feature", "properties": { "OBJECTID_1": 308, "OBJECTID": 29671, "Permanent_": "161200337", "FDate": 1464220800000, "Resolution": 2, "GNIS_ID": " ", "GNIS_Name": " ", "LengthKM": 0.11591307, "ReachCode": "17090004014589", "FlowDir": 1, "WBArea_Per": " ", "FType": 460, "FCode": 46003, "MainPath": 0, "InNetwork": 1, "Visibility": 0, "Shape_Leng": 0.00109869, "Enabled": 1, "GlobalID": "7d5dfcbf-6832-412b-827f-e8e38dd1cc86", "Width": null, "Shape__Length": 115.60136880349991 }, "geometry": { "type": "LineString", "coordinates": [ [ -122.213527813712005, 44.240005563237496 ], [ -122.213730254859016, 44.239354108262297 ], [ -122.21399180460098, 44.239033741965592 ] ] } },
{ "type": "Feature", "properties": { "OBJECTID_1": 309, "OBJECTID": 13667, "Permanent_": "{5A502DE4-B0AC-4EB1-BAE4-105839742AC5}", "FDate": 1464220800000, "Resolution": 2, "GNIS_ID": " ", "GNIS_Name": " ", "LengthKM": 0.00576461, "ReachCode": "17090004022677", "FlowDir": 1, "WBArea_Per": "108067939", "FType": 558, "FCode": 55800, "MainPath": 0, "InNetwork": 1, "Visibility": 0, "Shape_Leng": 7.229e-05, "Enabled": 1, "GlobalID": "59abb14a-876e-42f2-be35-a0bd6196282c", "Width": null, "Shape__Length": 5.7807169364165425 }, "geometry": { "type": "LineString", "coordinates": [ [ -122.253086073389994, 44.213441923847192 ], [ -122.253013851541994, 44.2134448331812 ] ] } },
{ "type": "Feature", "properties": { "OBJECTID_1": 310, "OBJECTID": 29918, "Permanent_": "161200811", "FDate": 1476576000000, "Resolution": 2, "GNIS_ID": "01124021", "GNIS_Name": "McRae Creek", "LengthKM": 0.30757765, "ReachCode": "17090004000325", "FlowDir": 1, "WBArea_Per": " ", "FType": 460, "FCode": 46006, "MainPath": 0, "InNetwork": 1, "Visibility": 0, "Shape_Leng": 0.00357804, "Enabled": 1, "GlobalID": "0d9860e9-fc3f-4f1f-86bc-fbe02db6e6ff", "Width": 1.0, "Shape__Length": 307.89871298586439 }, "geometry": { "type": "LineString", "coordinates": [ [ -122.18370432845802, 44.247680469809502 ], [ -122.184097492369006, 44.247137735421795 ], [ -122.184584521817996, 44.246908630789378 ], [ -122.184801448882993, 44.246872725343891 ], [ -122.185143706684002, 44.246937086166596 ], [ -122.185481206255005, 44.246902758829378 ], [ -122.186063198574999, 44.247020182456204 ], [ -122.186506938368012, 44.2468814169059 ], [ -122.186882465323009, 44.246877964059003 ] ] } },
{ "type": "Feature", "properties": { "OBJECTID_1": 311, "OBJECTID": 17799, "Permanent_": "{44724253-621B-4360-94DF-D9E34D9BC616}", "FDate": 1464220800000, "Resolution": 2, "GNIS_ID": " ", "GNIS_Name": " ", "LengthKM": 0.10352428, "ReachCode": "17090004022728", "FlowDir": 1, "WBArea_Per": " ", "FType": 460, "FCode": 46003, "MainPath": 0, "InNetwork": 1, "Visibility": 0, "Shape_Leng": 0.00101092, "Enabled": 1, "GlobalID": "a14e6253-3921-4fb1-a28d-8efab4b05f8b", "Width": null, "Shape__Length": 103.29058386546342 }, "geometry": { "type": "LineString", "coordinates": [ [ -122.214720383629995, 44.225690643838497 ], [ -122.215017346416019, 44.226070819034199 ], [ -122.215161160963021, 44.226416943042594 ], [ -122.215265929388011, 44.226521048440503 ] ] } },
{ "type": "Feature", "properties": { "OBJECTID_1": 312, "OBJECTID": 2687, "Permanent_": "{F6716C92-1A4A-4942-83D3-D4E72A9E8F4F}", "FDate": 1464220800000, "Resolution": 2, "GNIS_ID": " ", "GNIS_Name": " ", "LengthKM": 0.34359892, "ReachCode": "17090004022919", "FlowDir": 1, "WBArea_Per": " ", "FType": 460, "FCode": 46003, "MainPath": 0, "InNetwork": 1, "Visibility": 0, "Shape_Leng": 0.00404488, "Enabled": 1, "GlobalID": "2ee11bfa-16bf-4f07-9d59-ae1eb0dd0c17", "Width": null, "Shape__Length": 344.03522071372555 }, "geometry": { "type": "LineString", "coordinates": [ [ -122.131445762073014, 44.248840203577899 ], [ -122.131775500733994, 44.248817943765708 ], [ -122.132532177764986, 44.248579265137295 ], [ -122.133173558366991, 44.2484558680475 ], [ -122.133881842528012, 44.248118896516388 ], [ -122.134673861906009, 44.247923849423003 ], [ -122.134903517289999, 44.247768051086418 ], [ -122.135155574495002, 44.247483047493198 ] ] } },
{ "type": "Feature", "properties": { "OBJECTID_1": 313, "OBJECTID": 10072, "Permanent_": "161200659", "FDate": 1464220800000, "Resolution": 2, "GNIS_ID": " ", "GNIS_Name": " ", "LengthKM": 0.16121519, "ReachCode": "17090004003752", "FlowDir": 1, "WBArea_Per": " ", "FType": 460, "FCode": 46003, "MainPath": 0, "InNetwork": 1, "Visibility": 0, "Shape_Leng": 0.00153572, "Enabled": 1, "GlobalID": "b06bc40c-da0b-4b15-81c3-533a856896f3", "Width": null, "Shape__Length": 160.79518078928882 }, "geometry": { "type": "LineString", "coordinates": [ [ -122.211271234180998, 44.224611740732399 ], [ -122.211203099252018, 44.225210570806709 ], [ -122.211484160316004, 44.225436158010702 ], [ -122.211548561682008, 44.225612824390986 ], [ -122.211538641369003, 44.225770804042192 ], [ -122.211422356737003, 44.225940277511491 ] ] } },
{ "type": "Feature", "properties": { "OBJECTID_1": 314, "OBJECTID": 21742, "Permanent_": "161200704", "FDate": 1464220800000, "Resolution": 2, "GNIS_ID": "01123461", "GNIS_Name": "Lookout Creek", "LengthKM": 0.41953908, "ReachCode": "17090004000322", "FlowDir": 1, "WBArea_Per": " ", "FType": 460, "FCode": 46006, "MainPath": 0, "InNetwork": 1, "Visibility": 0, "Shape_Leng": 0.00501917, "Enabled": 1, "GlobalID": "75c65e73-7b1b-492e-a20e-6679383f3896", "Width": 1.0, "Shape__Length": 420.23788532718203 }, "geometry": { "type": "LineString", "coordinates": [ [ -122.204559228812997, 44.232980640084698 ], [ -122.204836998714015, 44.232950153780592 ], [ -122.205166543502017, 44.232973655940306 ], [ -122.205612650809002, 44.233108807893586 ], [ -122.206447157947011, 44.2330176464922 ], [ -122.207002566092996, 44.232798218149711 ], [ -122.207419859041011, 44.232911301643497 ], [ -122.208101669916019, 44.23285347487959 ], [ -122.208568997697, 44.2328858549686 ], [ -122.208833260893016, 44.23283531805609 ], [ -122.208935953401991, 44.232880150846704 ], [ -122.209247950741002, 44.233288572225092 ] ] } },
{ "type": "Feature", "properties": { "OBJECTID_1": 315, "OBJECTID": 29935, "Permanent_": "{EE6CA0C4-6956-408F-8AD9-77F14367A27A}", "FDate": 1464220800000, "Resolution": 2, "GNIS_ID": " ", "GNIS_Name": " ", "LengthKM": 0.50465282, "ReachCode": "17090004023128", "FlowDir": 1, "WBArea_Per": " ", "FType": 460, "FCode": 46003, "MainPath": 0, "InNetwork": 1, "Visibility": 0, "Shape_Leng": 0.00513361, "Enabled": 1, "GlobalID": "e8855384-612a-4616-b9cc-1b14d0e7ae39", "Width": null, "Shape__Length": 503.90698213479249 }, "geometry": { "type": "LineString", "coordinates": [ [ -122.170397788571989, 44.267443535324702 ], [ -122.170468504333996, 44.267049651773199 ], [ -122.170724690247994, 44.266597165213092 ], [ -122.170832981287006, 44.266203609084691 ], [ -122.171736653957012, 44.265132219389393 ], [ -122.172079510865998, 44.264536665526101 ], [ -122.172442838096998, 44.264404698934193 ], [ -122.172967231654994, 44.264417614315597 ], [ -122.173226426680003, 44.264361860245799 ], [ -122.173513604243993, 44.263955476553292 ] ] } },
{ "type": "Feature", "properties": { "OBJECTID_1": 316, "OBJECTID": 14214, "Permanent_": "{D5410587-4AA1-4A34-A4EA-D091CD512A3B}", "FDate": 1464220800000, "Resolution": 2, "GNIS_ID": " ", "GNIS_Name": " ", "LengthKM": 0.20242692, "ReachCode": "17090004022818", "FlowDir": 1, "WBArea_Per": " ", "FType": 460, "FCode": 46003, "MainPath": 0, "InNetwork": 1, "Visibility": 0, "Shape_Leng": 0.00211116, "Enabled": 1, "GlobalID": "a5531018-3b98-4ae7-b84c-e054b81b1672", "Width": null, "Shape__Length": 202.21005609107513 }, "geometry": { "type": "LineString", "coordinates": [ [ -122.164427664030995, 44.209588137688215 ], [ -122.164166128002009, 44.210293166969194 ], [ -122.163976119783001, 44.210519568795405 ], [ -122.163659177222996, 44.210720559655492 ], [ -122.163184311907997, 44.2108437985639 ], [ -122.163025702004987, 44.210939272728801 ] ] } },
{ "type": "Feature", "properties": { "OBJECTID_1": 317, "OBJECTID": 25677, "Permanent_": "161200383", "FDate": 1464220800000, "Resolution": 2, "GNIS_ID": " ", "GNIS_Name": " ", "LengthKM": 0.14223075, "ReachCode": "17090004014491", "FlowDir": 1, "WBArea_Per": " ", "FType": 460, "FCode": 46003, "MainPath": 0, "InNetwork": 1, "Visibility": 0, "Shape_Leng": 0.0017664, "Enabled": 1, "GlobalID": "ae5928ad-effa-4801-a83d-76f4ba2adb5b", "Width": null, "Shape__Length": 142.59311365259038 }, "geometry": { "type": "LineString", "coordinates": [ [ -122.230263961466008, 44.214869213137597 ], [ -122.230968444186999, 44.214718606931598 ], [ -122.232010061745015, 44.214672460882802 ] ] } },
{ "type": "Feature", "properties": { "OBJECTID_1": 318, "OBJECTID": 1976, "Permanent_": "161200459", "FDate": 1464220800000, "Resolution": 2, "GNIS_ID": " ", "GNIS_Name": " ", "LengthKM": 0.14716048, "ReachCode": "17090004003768", "FlowDir": 1, "WBArea_Per": " ", "FType": 460, "FCode": 46006, "MainPath": 0, "InNetwork": 1, "Visibility": 0, "Shape_Leng": 0.0018109, "Enabled": 1, "GlobalID": "f8646f8d-caea-4251-9c6b-87f7c2087d48", "Width": null, "Shape__Length": 147.50545630054771 }, "geometry": { "type": "LineString", "coordinates": [ [ -122.242978862987002, 44.204241628914389 ], [ -122.243179866153994, 44.204183656041707 ], [ -122.243826847370016, 44.204240447062709 ], [ -122.244330731440996, 44.204083395477191 ], [ -122.244750117677, 44.20406759188279 ] ] } },
{ "type": "Feature", "properties": { "OBJECTID_1": 319, "OBJECTID": 10371, "Permanent_": "{4E1985A7-2025-4713-95CA-43AA4994138B}", "FDate": 1464220800000, "Resolution": 2, "GNIS_ID": " ", "GNIS_Name": " ", "LengthKM": 0.26663772, "ReachCode": "17090004023083", "FlowDir": 1, "WBArea_Per": " ", "FType": 460, "FCode": 46003, "MainPath": 0, "InNetwork": 1, "Visibility": 0, "Shape_Leng": 0.00325791, "Enabled": 1, "GlobalID": "8b4cb914-d92e-49e6-892f-e62ce6942d90", "Width": null, "Shape__Length": 267.19191822206375 }, "geometry": { "type": "LineString", "coordinates": [ [ -122.153894761055, 44.253750108043405 ], [ -122.154302118320018, 44.253572609320798 ], [ -122.155264277149016, 44.25333149579901 ], [ -122.155809962576001, 44.2533498034622 ], [ -122.156559971847983, 44.25352451183759 ], [ -122.157051652706002, 44.253472123226899 ] ] } },
{ "type": "Feature", "properties": { "OBJECTID_1": 320, "OBJECTID": 25690, "Permanent_": "161200836", "FDate": 1464220800000, "Resolution": 2, "GNIS_ID": "01123461", "GNIS_Name": "Lookout Creek", "LengthKM": 0.46988599, "ReachCode": "17090004000321", "FlowDir": 1, "WBArea_Per": " ", "FType": 460, "FCode": 46006, "MainPath": 0, "InNetwork": 1, "Visibility": 0, "Shape_Leng": 0.00543828, "Enabled": 1, "GlobalID": "8f9b12b9-e2a8-476c-904f-ee6aa5db31a0", "Width": 1.0, "Shape__Length": 470.31736833304268 }, "geometry": { "type": "LineString", "coordinates": [ [ -122.215332467550013, 44.231845820447795 ], [ -122.215569215174995, 44.231673589026904 ], [ -122.215784437996021, 44.231586409463894 ], [ -122.216536691786004, 44.23147376736339 ], [ -122.216812229083999, 44.231369298484999 ], [ -122.217323627271014, 44.230919461371798 ], [ -122.217757657975, 44.230872037649696 ], [ -122.217909649107, 44.230811495228203 ], [ -122.218670002581021, 44.230192260037903 ], [ -122.219183744104996, 44.230097750462683 ], [ -122.219423048817987, 44.229995733922905 ], [ -122.219727304837008, 44.229967028234995 ], [ -122.220191031444998, 44.229823877924296 ] ] } },
{ "type": "Feature", "properties": { "OBJECTID_1": 321, "OBJECTID": 17796, "Permanent_": "{63A938B3-8778-4262-A059-730599A9FA8F}", "FDate": 1464220800000, "Resolution": 2, "GNIS_ID": " ", "GNIS_Name": " ", "LengthKM": 0.19517585, "ReachCode": "17090004022691", "FlowDir": 1, "WBArea_Per": " ", "FType": 460, "FCode": 46003, "MainPath": 0, "InNetwork": 1, "Visibility": 0, "Shape_Leng": 0.00238281, "Enabled": 1, "GlobalID": "a52291b9-5724-45e7-adb4-eb3ef082d9e7", "Width": null, "Shape__Length": 195.59058345652329 }, "geometry": { "type": "LineString", "coordinates": [ [ -122.219355449226981, 44.221928148945693 ], [ -122.219756874125991, 44.221906764043297 ], [ -122.220017837449006, 44.221938036899289 ], [ -122.220395754205995, 44.222121557239795 ], [ -122.220732637162982, 44.222140639549416 ], [ -122.221054215750996, 44.222263541490193 ], [ -122.221660676056999, 44.222255786721902 ] ] } },
{ "type": "Feature", "properties": { "OBJECTID_1": 322, "OBJECTID": 2415, "Permanent_": "{7A79DC99-8290-4663-9699-156790FE04F8}", "FDate": 1464220800000, "Resolution": 2, "GNIS_ID": " ", "GNIS_Name": " ", "LengthKM": 0.3806376, "ReachCode": "17090004023120", "FlowDir": 1, "WBArea_Per": " ", "FType": 460, "FCode": 46003, "MainPath": 0, "InNetwork": 1, "Visibility": 0, "Shape_Leng": 0.00398079, "Enabled": 1, "GlobalID": "c99c3e59-ed61-496b-9af1-709035ccd706", "Width": null, "Shape__Length": 380.24454356966567 }, "geometry": { "type": "LineString", "coordinates": [ [ -122.176705652345007, 44.265384100272897 ], [ -122.176253108385012, 44.265146362698893 ], [ -122.175772363898005, 44.265006411005707 ], [ -122.175333176020018, 44.264713731305385 ], [ -122.175079957416997, 44.264384914224706 ], [ -122.174823987799996, 44.263734768026694 ], [ -122.174760530521993, 44.2634248804561 ], [ -122.174334737651009, 44.263019919116708 ], [ -122.173996192486001, 44.262795207340403 ] ] } },
{ "type": "Feature", "properties": { "OBJECTID_1": 323, "OBJECTID": 22138, "Permanent_": "{B94B084D-60CA-4508-A71B-1167DC0E6B18}", "FDate": 1464220800000, "Resolution": 2, "GNIS_ID": " ", "GNIS_Name": " ", "LengthKM": 0.31826179, "ReachCode": "17090004022821", "FlowDir": 1, "WBArea_Per": " ", "FType": 460, "FCode": 46003, "MainPath": 0, "InNetwork": 1, "Visibility": 0, "Shape_Leng": 0.00373467, "Enabled": 1, "GlobalID": "1d1f7ce6-4b50-4b50-a067-ecf15dfa965c", "Width": null, "Shape__Length": 318.64919254186594 }, "geometry": { "type": "LineString", "coordinates": [ [ -122.132997793008002, 44.212334286051494 ], [ -122.133682596572996, 44.211972675510097 ], [ -122.134615807250015, 44.211611975147299 ], [ -122.135206316062011, 44.211308000314396 ], [ -122.135983958809987, 44.211130339558103 ], [ -122.136434290531, 44.21093274154159 ] ] } },
{ "type": "Feature", "properties": { "OBJECTID_1": 324, "OBJECTID": 29917, "Permanent_": "{0DC20711-6853-4766-ABFB-557C77F18E26}", "FDate": 1464220800000, "Resolution": 2, "GNIS_ID": " ", "GNIS_Name": " ", "LengthKM": 0.25782653, "ReachCode": "17090004023064", "FlowDir": 1, "WBArea_Per": " ", "FType": 460, "FCode": 46003, "MainPath": 0, "InNetwork": 1, "Visibility": 0, "Shape_Leng": 0.00290044, "Enabled": 1, "GlobalID": "2b0d0377-be74-4c95-a058-874473536ea7", "Width": null, "Shape__Length": 257.91148686988845 }, "geometry": { "type": "LineString", "coordinates": [ [ -122.185630167236013, 44.249883048468504 ], [ -122.185993743067996, 44.249808375435705 ], [ -122.186506073699007, 44.249596809979394 ], [ -122.186730714075011, 44.249575889246898 ], [ -122.187133692756987, 44.249443751790501 ], [ -122.187308544303988, 44.249295728294094 ], [ -122.187683145741005, 44.248790515871498 ], [ -122.188074156040983, 44.248557810958502 ] ] } },
{ "type": "Feature", "properties": { "OBJECTID_1": 325, "OBJECTID": 18318, "Permanent_": "{E69DC533-9CB7-4B0C-A4FD-07AAB78877A3}", "FDate": 1464220800000, "Resolution": 2, "GNIS_ID": " ", "GNIS_Name": " ", "LengthKM": 0.08752397, "ReachCode": "17090004022964", "FlowDir": 1, "WBArea_Per": " ", "FType": 460, "FCode": 46003, "MainPath": 0, "InNetwork": 1, "Visibility": 0, "Shape_Leng": 0.00101637, "Enabled": 1, "GlobalID": "b23abfdb-a9e6-4e97-a197-c71da5d93cc8", "Width": null, "Shape__Length": 87.610272702375099 }, "geometry": { "type": "LineString", "coordinates": [ [ -122.141154873699989, 44.235888993765897 ], [ -122.141664336998005, 44.235562935715805 ], [ -122.142070141321994, 44.235565606167491 ] ] } },
{ "type": "Feature", "properties": { "OBJECTID_1": 326, "OBJECTID": 14109, "Permanent_": "{81981DC1-E46D-416B-B590-929CE33AA215}", "FDate": 1464220800000, "Resolution": 2, "GNIS_ID": " ", "GNIS_Name": " ", "LengthKM": 0.154405, "ReachCode": "17090004023119", "FlowDir": 1, "WBArea_Per": " ", "FType": 460, "FCode": 46003, "MainPath": 0, "InNetwork": 1, "Visibility": 0, "Shape_Leng": 0.00145885, "Enabled": 1, "GlobalID": "2e3e7708-1f56-4836-84cc-ea622a3fe128", "Width": null, "Shape__Length": 153.99236647296658 }, "geometry": { "type": "LineString", "coordinates": [ [ -122.173831904118998, 44.265249288807397 ], [ -122.173753866363015, 44.265162249913196 ], [ -122.173689736156007, 44.264812784882999 ], [ -122.173699897817997, 44.264609346788788 ], [ -122.173786066410997, 44.264432577276395 ], [ -122.17360007325, 44.264262482834397 ], [ -122.173513604243993, 44.263955476553292 ] ] } },
{ "type": "Feature", "properties": { "OBJECTID_1": 327, "OBJECTID": 2550, "Permanent_": "{FF35079D-7156-41D5-9FFA-C5E6F60CE974}", "FDate": 1464220800000, "Resolution": 2, "GNIS_ID": "01123660", "GNIS_Name": "Mack Creek", "LengthKM": 0.01091445, "ReachCode": "17090004000629", "FlowDir": 1, "WBArea_Per": " ", "FType": 460, "FCode": 46006, "MainPath": 0, "InNetwork": 1, "Visibility": 0, "Shape_Leng": 0.00012313, "Enabled": 1, "GlobalID": "18566c63-93fa-40e5-911a-40bb09b86b7e", "Width": 1.0, "Shape__Length": 10.918234274509089 }, "geometry": { "type": "LineString", "coordinates": [ [ -122.165166432619998, 44.216588288067697 ], [ -122.165216304924002, 44.216620091504502 ], [ -122.165273104052019, 44.216590644958096 ] ] } },
{ "type": "Feature", "properties": { "OBJECTID_1": 328, "OBJECTID": 2109, "Permanent_": "{7597B115-7B69-4E10-A840-734ADF098FF5}", "FDate": 1464220800000, "Resolution": 2, "GNIS_ID": " ", "GNIS_Name": " ", "LengthKM": 0.15464884, "ReachCode": "17090004003744", "FlowDir": 1, "WBArea_Per": " ", "FType": 460, "FCode": 46006, "MainPath": 0, "InNetwork": 1, "Visibility": 0, "Shape_Leng": 0.00145856, "Enabled": 1, "GlobalID": "aa0e5b90-8f73-4450-a0e8-877484fa5216", "Width": null, "Shape__Length": 154.21912853854494 }, "geometry": { "type": "LineString", "coordinates": [ [ -122.230508085470007, 44.230266957475195 ], [ -122.230702524422, 44.229979560365194 ], [ -122.230792173722008, 44.229621991019307 ], [ -122.230927990423993, 44.229440527422206 ], [ -122.230973487020989, 44.228962266341298 ] ] } },
{ "type": "Feature", "properties": { "OBJECTID_1": 329, "OBJECTID": 29773, "Permanent_": "{67383F5F-B934-4E15-9D3F-C09CE8FE2FE4}", "FDate": 1464220800000, "Resolution": 2, "GNIS_ID": " ", "GNIS_Name": " ", "LengthKM": 0.88216694, "ReachCode": "17090004022763", "FlowDir": 1, "WBArea_Per": " ", "FType": 460, "FCode": 46003, "MainPath": 0, "InNetwork": 1, "Visibility": 0, "Shape_Leng": 0.00875367, "Enabled": 1, "GlobalID": "113852c2-58a1-4b4f-b29c-bd00d296b61d", "Width": null, "Shape__Length": 880.46619504868193 }, "geometry": { "type": "LineString", "coordinates": [ [ -122.199894429630007, 44.2259020090466 ], [ -122.199937399980001, 44.226045352608281 ], [ -122.200183926569991, 44.226324575192095 ], [ -122.200340633205002, 44.226872052261299 ], [ -122.199946547459987, 44.227653203960799 ], [ -122.200106068761016, 44.228373183690508 ], [ -122.200326238731009, 44.228845969408205 ], [ -122.200144483130998, 44.229350757899887 ], [ -122.200402127928996, 44.230119856333495 ], [ -122.20047746720499, 44.230656763502793 ], [ -122.200853879092008, 44.231074157719497 ], [ -122.201109493591005, 44.231538512470699 ], [ -122.201279025695015, 44.231720935290106 ], [ -122.201746907879979, 44.2319697119163 ], [ -122.202016238886003, 44.232047712387192 ], [ -122.202423960061012, 44.232079976701101 ], [ -122.202653017987018, 44.232292595387293 ], [ -122.202972369416003, 44.232370265707992 ], [ -122.203178608105006, 44.232493893048797 ], [ -122.20330340185501, 44.232497046683896 ] ] } },
{ "type": "Feature", "properties": { "OBJECTID_1": 330, "OBJECTID": 2398, "Permanent_": "161200227", "FDate": 1464220800000, "Resolution": 2, "GNIS_ID": " ", "GNIS_Name": " ", "LengthKM": 0.34102069, "ReachCode": "17090004014533", "FlowDir": 1, "WBArea_Per": " ", "FType": 460, "FCode": 46003, "MainPath": 0, "InNetwork": 1, "Visibility": 0, "Shape_Leng": 0.00336804, "Enabled": 1, "GlobalID": "9dd4b243-9ba2-44f2-ab97-525112cf96d5", "Width": null, "Shape__Length": 340.3382536524021 }, "geometry": { "type": "LineString", "coordinates": [ [ -122.185712133653013, 44.235171986857296 ], [ -122.185646568234986, 44.234676113266815 ], [ -122.185806838367995, 44.234429012894886 ], [ -122.185798019922998, 44.234071138384991 ], [ -122.186039845751012, 44.233837551016201 ], [ -122.186004408371019, 44.233476187162601 ], [ -122.186102337246012, 44.233399485179611 ], [ -122.186536390580002, 44.2332743861826 ], [ -122.186701507231007, 44.233156613650905 ], [ -122.186962970032013, 44.232812893033 ], [ -122.187054325100988, 44.232563735555402 ] ] } },
{ "type": "Feature", "properties": { "OBJECTID_1": 331, "OBJECTID": 2402, "Permanent_": "{124312F8-5913-4D3D-8587-D0915B17EFD2}", "FDate": 1464220800000, "Resolution": 2, "GNIS_ID": " ", "GNIS_Name": " ", "LengthKM": 0.16788229, "ReachCode": "17090004023102", "FlowDir": 1, "WBArea_Per": " ", "FType": 460, "FCode": 46003, "MainPath": 0, "InNetwork": 1, "Visibility": 0, "Shape_Leng": 0.00162719, "Enabled": 1, "GlobalID": "27bdc098-3ebf-45d4-bee1-72dde7c86170", "Width": null, "Shape__Length": 167.49282851234415 }, "geometry": { "type": "LineString", "coordinates": [ [ -122.189271877140015, 44.256010555769592 ], [ -122.189094170145012, 44.255828291924104 ], [ -122.189046624507, 44.2553427072272 ], [ -122.188686197151014, 44.254936848469804 ], [ -122.188533544895989, 44.254651809625187 ] ] } },
{ "type": "Feature", "properties": { "OBJECTID_1": 332, "OBJECTID": 2553, "Permanent_": "{84B9201D-469B-45A9-8B50-DFA9E0A559B7}", "FDate": 1464220800000, "Resolution": 2, "GNIS_ID": " ", "GNIS_Name": " ", "LengthKM": 0.2276119, "ReachCode": "17090004022910", "FlowDir": 1, "WBArea_Per": " ", "FType": 460, "FCode": 46003, "MainPath": 0, "InNetwork": 1, "Visibility": 0, "Shape_Leng": 0.00234446, "Enabled": 1, "GlobalID": "094404a6-d4dc-4805-894d-591b462f0171", "Width": null, "Shape__Length": 227.3124067006961 }, "geometry": { "type": "LineString", "coordinates": [ [ -122.158582250642013, 44.229112816346394 ], [ -122.158796598964003, 44.229778553375205 ], [ -122.159346372791006, 44.230063117162494 ], [ -122.159654036850995, 44.230440566112392 ], [ -122.16008364388999, 44.230730235606387 ] ] } },
{ "type": "Feature", "properties": { "OBJECTID_1": 333, "OBJECTID": 2692, "Permanent_": "{E1825B4F-BB55-4222-9154-D9E2D96AC2E5}", "FDate": 1464220800000, "Resolution": 2, "GNIS_ID": " ", "GNIS_Name": " ", "LengthKM": 0.16963307, "ReachCode": "17090004023165", "FlowDir": 1, "WBArea_Per": " ", "FType": 460, "FCode": 46003, "MainPath": 0, "InNetwork": 1, "Visibility": 0, "Shape_Leng": 0.00158547, "Enabled": 1, "GlobalID": "731b9894-7418-401d-a64c-cd1658de1be6", "Width": null, "Shape__Length": 169.15600129850418 }, "geometry": { "type": "LineString", "coordinates": [ [ -122.145588781352998, 44.279486211353095 ], [ -122.146009747874004, 44.278190454536997 ], [ -122.146148004485013, 44.278038504803895 ] ] } },
{ "type": "Feature", "properties": { "OBJECTID_1": 334, "OBJECTID": 5762, "Permanent_": "{EC2CDC18-01FE-42D6-9AFD-A4332E5E1B88}", "FDate": 1464220800000, "Resolution": 2, "GNIS_ID": "01123461", "GNIS_Name": "Lookout Creek", "LengthKM": 0.14292277, "ReachCode": "17090004001156", "FlowDir": 1, "WBArea_Per": "108067939", "FType": 558, "FCode": 55800, "MainPath": 0, "InNetwork": 1, "Visibility": 0, "Shape_Leng": 0.00169256, "Enabled": 1, "GlobalID": "92922f5e-7ffb-4175-b034-82910f1301c8", "Width": 1.0, "Shape__Length": 143.12902033366828 }, "geometry": { "type": "LineString", "coordinates": [ [ -122.25470979742002, 44.211509373435099 ], [ -122.255897882550002, 44.211252537633207 ], [ -122.256101566370006, 44.211163486071484 ], [ -122.256277230053001, 44.2109919466848 ] ] } },
{ "type": "Feature", "properties": { "OBJECTID_1": 335, "OBJECTID": 2240, "Permanent_": "{8EC6A427-80B5-4DDA-AD8C-B4B3BE5FBD66}", "FDate": 1464220800000, "Resolution": 2, "GNIS_ID": " ", "GNIS_Name": " ", "LengthKM": 0.06856526, "ReachCode": "17090004022887", "FlowDir": 1, "WBArea_Per": " ", "FType": 460, "FCode": 46003, "MainPath": 0, "InNetwork": 1, "Visibility": 0, "Shape_Leng": 0.00085834, "Enabled": 1, "GlobalID": "c6263529-2f02-4ef8-ba10-b1abd17e778c", "Width": null, "Shape__Length": 68.754168733809536 }, "geometry": { "type": "LineString", "coordinates": [ [ -122.21020002985702, 44.213485852544487 ], [ -122.211055905224015, 44.213522786328404 ] ] } },
{ "type": "Feature", "properties": { "OBJECTID_1": 336, "OBJECTID": 30264, "Permanent_": "161200021", "FDate": 1464220800000, "Resolution": 2, "GNIS_ID": " ", "GNIS_Name": " ", "LengthKM": 0.62578544, "ReachCode": "17090004014585", "FlowDir": 1, "WBArea_Per": " ", "FType": 460, "FCode": 46003, "MainPath": 0, "InNetwork": 1, "Visibility": 0, "Shape_Leng": 0.00663038, "Enabled": 1, "GlobalID": "de571046-4da4-4921-8d67-1890ece68365", "Width": null, "Shape__Length": 625.30460273930942 }, "geometry": { "type": "LineString", "coordinates": [ [ -122.123313714611001, 44.219059977889891 ], [ -122.12221349406299, 44.219452110420903 ], [ -122.121304528668006, 44.219613788409404 ], [ -122.120995599921997, 44.219764673710898 ], [ -122.120183455480998, 44.220353063726208 ], [ -122.119916951806005, 44.220633513687289 ], [ -122.119706373013997, 44.221159053159404 ], [ -122.119797830758003, 44.221991901847503 ], [ -122.119750960855001, 44.222275144618294 ], [ -122.119624042631017, 44.222454514471586 ], [ -122.118975043271021, 44.223036411972991 ] ] } },
{ "type": "Feature", "properties": { "OBJECTID_1": 337, "OBJECTID": 6007, "Permanent_": "{A009284C-90CC-4D11-8BF4-15F08683BB2B}", "FDate": 1464220800000, "Resolution": 2, "GNIS_ID": "01123461", "GNIS_Name": "Lookout Creek", "LengthKM": 0.1562163, "ReachCode": "17090004000321", "FlowDir": 1, "WBArea_Per": "108067939", "FType": 558, "FCode": 55800, "MainPath": 0, "InNetwork": 1, "Visibility": 0, "Shape_Leng": 0.00153422, "Enabled": 1, "GlobalID": "42d5b273-99e6-46c9-b809-d2609f102d23", "Width": 1.0, "Shape__Length": 155.88151064210084 }, "geometry": { "type": "LineString", "coordinates": [ [ -122.220191031444998, 44.229823877924296 ], [ -122.220419786628, 44.229661252072809 ], [ -122.220693902177004, 44.22929500457451 ], [ -122.220675209799012, 44.229068191894292 ], [ -122.220555459508006, 44.228767903023098 ], [ -122.220695412685018, 44.228590698668 ] ] } },
{ "type": "Feature", "properties": { "OBJECTID_1": 338, "OBJECTID": 26094, "Permanent_": "{AC3AA3CB-9DDD-48E4-A60B-AA3C98B0CF86}", "FDate": 1464220800000, "Resolution": 2, "GNIS_ID": " ", "GNIS_Name": " ", "LengthKM": 0.24463339, "ReachCode": "17090004023088", "FlowDir": 1, "WBArea_Per": " ", "FType": 460, "FCode": 46003, "MainPath": 0, "InNetwork": 1, "Visibility": 0, "Shape_Leng": 0.00278762, "Enabled": 1, "GlobalID": "a379feb1-413d-4121-9716-b3cf2b3eb2d7", "Width": null, "Shape__Length": 244.78277155682008 }, "geometry": { "type": "LineString", "coordinates": [ [ -122.157051652706002, 44.253472123226899 ], [ -122.157391770726008, 44.253589071733309 ], [ -122.157931751972995, 44.253616350070402 ], [ -122.158339213497001, 44.253686883425097 ], [ -122.158738896561019, 44.253885470992699 ], [ -122.159286484484014, 44.254258892701493 ], [ -122.159365756123989, 44.254361108297395 ], [ -122.159409860055987, 44.25458404394189 ] ] } },
{ "type": "Feature", "properties": { "OBJECTID_1": 339, "OBJECTID": 25821, "Permanent_": "{21703C39-774A-4A89-9251-AF20A7EF3144}", "FDate": 1464220800000, "Resolution": 2, "GNIS_ID": " ", "GNIS_Name": " ", "LengthKM": 0.31136495, "ReachCode": "17090004022761", "FlowDir": 1, "WBArea_Per": " ", "FType": 460, "FCode": 46003, "MainPath": 0, "InNetwork": 1, "Visibility": 0, "Shape_Leng": 0.003039, "Enabled": 1, "GlobalID": "0a9e85ba-1d27-416b-9f6c-352d1e440bb2", "Width": null, "Shape__Length": 310.66997012490503 }, "geometry": { "type": "LineString", "coordinates": [ [ -122.202220116115996, 44.225123046011298 ], [ -122.202529919830013, 44.225542671723588 ], [ -122.202668173627018, 44.226301146495686 ], [ -122.202329968379999, 44.22665520379779 ], [ -122.201970535457988, 44.226860240583598 ], [ -122.201809911712019, 44.227033890614891 ], [ -122.201729559699999, 44.2272521014795 ], [ -122.201736166380996, 44.227598049528794 ] ] } },
{ "type": "Feature", "properties": { "OBJECTID_1": 340, "OBJECTID": 6412, "Permanent_": "{A24C97BE-87E3-4906-9BE1-CB65A7288A4B}", "FDate": 1464220800000, "Resolution": 2, "GNIS_ID": " ", "GNIS_Name": " ", "LengthKM": 0.24220402, "ReachCode": "17090004022828", "FlowDir": 1, "WBArea_Per": " ", "FType": 460, "FCode": 46003, "MainPath": 0, "InNetwork": 1, "Visibility": 0, "Shape_Leng": 0.00294136, "Enabled": 1, "GlobalID": "e1d673b0-bb79-4631-a2af-cc2d1b0770e6", "Width": null, "Shape__Length": 242.69224105868966 }, "geometry": { "type": "LineString", "coordinates": [ [ -122.152827807356999, 44.214724774386191 ], [ -122.153018767801001, 44.214709135804085 ], [ -122.153411092958009, 44.21475984087499 ], [ -122.154166760395, 44.21468140888399 ], [ -122.154708850774, 44.214429896188889 ], [ -122.155321646461005, 44.214217797338591 ], [ -122.155657585945988, 44.214207778288291 ] ] } },
{ "type": "Feature", "properties": { "OBJECTID_1": 341, "OBJECTID": 2686, "Permanent_": "{EF2120E6-DAA4-4473-A1F5-7DB817BEE1B1}", "FDate": 1464220800000, "Resolution": 2, "GNIS_ID": " ", "GNIS_Name": " ", "LengthKM": 0.26298544, "ReachCode": "17090004022962", "FlowDir": 1, "WBArea_Per": " ", "FType": 460, "FCode": 46003, "MainPath": 0, "InNetwork": 1, "Visibility": 0, "Shape_Leng": 0.00297283, "Enabled": 1, "GlobalID": "fa6998ee-7555-4322-9a25-a33aa84894bc", "Width": null, "Shape__Length": 263.09614471049383 }, "geometry": { "type": "LineString", "coordinates": [ [ -122.133498627611019, 44.235549332653996 ], [ -122.133548881657006, 44.235412787378905 ], [ -122.134033912057006, 44.235015828889999 ], [ -122.134553940038003, 44.234750480744502 ], [ -122.135106606091, 44.234600215615501 ], [ -122.135365474921016, 44.234440653283698 ], [ -122.13571765907902, 44.234342253235397 ], [ -122.136031673172994, 44.23416417757619 ] ] } },
{ "type": "Feature", "properties": { "OBJECTID_1": 342, "OBJECTID": 22154, "Permanent_": "{47AC2C9F-6DF6-4E16-8642-4C05AEF7CF5E}", "FDate": 1464220800000, "Resolution": 2, "GNIS_ID": " ", "GNIS_Name": " ", "LengthKM": 0.12563185, "ReachCode": "17090004023147", "FlowDir": 1, "WBArea_Per": " ", "FType": 460, "FCode": 46003, "MainPath": 0, "InNetwork": 1, "Visibility": 0, "Shape_Leng": 0.00117445, "Enabled": 1, "GlobalID": "699ae1f7-21c6-4434-9513-dfb7cbde78ef", "Width": null, "Shape__Length": 125.27720547447561 }, "geometry": { "type": "LineString", "coordinates": [ [ -122.142211652225996, 44.271663171942691 ], [ -122.142183619706003, 44.271158499629401 ], [ -122.142454863677983, 44.27076384284279 ], [ -122.142457191656007, 44.270590827011205 ] ] } },
{ "type": "Feature", "properties": { "OBJECTID_1": 343, "OBJECTID": 29515, "Permanent_": "161200547", "FDate": 1464220800000, "Resolution": 2, "GNIS_ID": " ", "GNIS_Name": " ", "LengthKM": 0.20424523, "ReachCode": "17090004003758", "FlowDir": 1, "WBArea_Per": " ", "FType": 460, "FCode": 46006, "MainPath": 0, "InNetwork": 1, "Visibility": 0, "Shape_Leng": 0.00244157, "Enabled": 1, "GlobalID": "e681c5c8-18aa-419e-9578-9ebc36737350", "Width": null, "Shape__Length": 204.57666390986617 }, "geometry": { "type": "LineString", "coordinates": [ [ -122.233561547955006, 44.224016254440102 ], [ -122.234254065816017, 44.224122093136003 ], [ -122.23479853065102, 44.224382520892092 ], [ -122.235105627421007, 44.224431257975809 ], [ -122.235456756356001, 44.224627246170591 ], [ -122.235860668303999, 44.224716733612809 ] ] } },
{ "type": "Feature", "properties": { "OBJECTID_1": 344, "OBJECTID": 6285, "Permanent_": "{98E74261-B91A-49C6-9887-19C00BDF84A9}", "FDate": 1476576000000, "Resolution": 2, "GNIS_ID": " ", "GNIS_Name": " ", "LengthKM": 0.20349339, "ReachCode": "17090004023020", "FlowDir": 1, "WBArea_Per": " ", "FType": 460, "FCode": 46003, "MainPath": 0, "InNetwork": 1, "Visibility": 0, "Shape_Leng": 0.00248176, "Enabled": 1, "GlobalID": "fbe7a92f-c302-4d8c-b74c-7e2bed7160d2", "Width": null, "Shape__Length": 203.91177445865392 }, "geometry": { "type": "LineString", "coordinates": [ [ -122.186567732600992, 44.240391325563195 ], [ -122.186949951502982, 44.240221694908001 ], [ -122.187208018546002, 44.240180953088817 ], [ -122.18835632144598, 44.2404607678235 ], [ -122.188968188104013, 44.240407402061997 ] ] } },
{ "type": "Feature", "properties": { "OBJECTID_1": 345, "OBJECTID": 17935, "Permanent_": "{328AED69-872A-4AF5-B7A2-5B2FD440F1BF}", "FDate": 1464220800000, "Resolution": 2, "GNIS_ID": " ", "GNIS_Name": " ", "LengthKM": 0.10006286, "ReachCode": "17090004022868", "FlowDir": 1, "WBArea_Per": " ", "FType": 460, "FCode": 46003, "MainPath": 0, "InNetwork": 1, "Visibility": 0, "Shape_Leng": 0.00094531, "Enabled": 1, "GlobalID": "89e33d40-9c09-467d-9634-944ad352efc7", "Width": null, "Shape__Length": 99.791146772929437 }, "geometry": { "type": "LineString", "coordinates": [ [ -122.192244945092, 44.236110370858391 ], [ -122.192156457533002, 44.235693779728997 ], [ -122.192198283866006, 44.2354453699499 ], [ -122.192006414076005, 44.235273853203495 ] ] } },
{ "type": "Feature", "properties": { "OBJECTID_1": 346, "OBJECTID": 10246, "Permanent_": "{0A5148A3-603F-4F66-B8C4-867DC6708406}", "FDate": 1464220800000, "Resolution": 2, "GNIS_ID": " ", "GNIS_Name": " ", "LengthKM": 0.08993654, "ReachCode": "17090004023122", "FlowDir": 1, "WBArea_Per": " ", "FType": 460, "FCode": 46003, "MainPath": 0, "InNetwork": 1, "Visibility": 0, "Shape_Leng": 0.00104279, "Enabled": 1, "GlobalID": "5e75b4b4-f7c9-4aea-b731-f512b87cc212", "Width": null, "Shape__Length": 90.021878545527869 }, "geometry": { "type": "LineString", "coordinates": [ [ -122.177634702405996, 44.265688230554197 ], [ -122.177281798031004, 44.265389666719692 ], [ -122.176705652345007, 44.265384100272897 ] ] } },
{ "type": "Feature", "properties": { "OBJECTID_1": 347, "OBJECTID": 6008, "Permanent_": "161200354", "FDate": 1464220800000, "Resolution": 2, "GNIS_ID": " ", "GNIS_Name": " ", "LengthKM": 0.18732369, "ReachCode": "17090004014614", "FlowDir": 1, "WBArea_Per": " ", "FType": 460, "FCode": 46003, "MainPath": 0, "InNetwork": 1, "Visibility": 0, "Shape_Leng": 0.00201524, "Enabled": 1, "GlobalID": "6e3be219-1baf-49ae-a23e-81abf0139f25", "Width": null, "Shape__Length": 187.21970787649624 }, "geometry": { "type": "LineString", "coordinates": [ [ -122.215551867395021, 44.229727239073895 ], [ -122.215676661052015, 44.229908295296006 ], [ -122.215813310670001, 44.22991603173179 ], [ -122.216128394660004, 44.229640111289591 ], [ -122.216436921691979, 44.229498421167698 ], [ -122.216775826407016, 44.229098104997696 ], [ -122.217100739827004, 44.228949844202198 ] ] } },
{ "type": "Feature", "properties": { "OBJECTID_1": 348, "OBJECTID": 30263, "Permanent_": "{F6056628-9D72-489E-9F68-6F16E0784FEB}", "FDate": 1464220800000, "Resolution": 2, "GNIS_ID": " ", "GNIS_Name": " ", "LengthKM": 0.35063213, "ReachCode": "17090004022942", "FlowDir": 1, "WBArea_Per": " ", "FType": 460, "FCode": 46003, "MainPath": 0, "InNetwork": 1, "Visibility": 0, "Shape_Leng": 0.00398771, "Enabled": 1, "GlobalID": "098eb9a0-33b2-4e18-8e77-08f7ce95ea26", "Width": null, "Shape__Length": 350.81998206784635 }, "geometry": { "type": "LineString", "coordinates": [ [ -122.126802454427008, 44.217224870568394 ], [ -122.126326623908, 44.217308301548691 ], [ -122.125828957332999, 44.217510167151694 ], [ -122.125365653234994, 44.217802203501293 ], [ -122.124456556423993, 44.218262937549198 ], [ -122.123313714611001, 44.219059977889891 ] ] } },
{ "type": "Feature", "properties": { "OBJECTID_1": 349, "OBJECTID": 6626, "Permanent_": "{39AC1856-B7C8-4394-94D9-EF13910272F0}", "FDate": 1464220800000, "Resolution": 2, "GNIS_ID": " ", "GNIS_Name": " ", "LengthKM": 0.2482656, "ReachCode": "17090004022967", "FlowDir": 1, "WBArea_Per": " ", "FType": 460, "FCode": 46003, "MainPath": 0, "InNetwork": 1, "Visibility": 0, "Shape_Leng": 0.00307378, "Enabled": 1, "GlobalID": "7056b879-b035-4317-89da-e5966c350b49", "Width": null, "Shape__Length": 248.86977538126027 }, "geometry": { "type": "LineString", "coordinates": [ [ -122.116503595972006, 44.236987437580588 ], [ -122.11721388890598, 44.236893107226095 ], [ -122.118028266205002, 44.236696487894008 ], [ -122.119530618276002, 44.236498349691608 ] ] } },
{ "type": "Feature", "properties": { "OBJECTID_1": 350, "OBJECTID": 21474, "Permanent_": "161200430", "FDate": 1464220800000, "Resolution": 2, "GNIS_ID": " ", "GNIS_Name": " ", "LengthKM": 0.05891384, "ReachCode": "17090004014613", "FlowDir": 1, "WBArea_Per": " ", "FType": 460, "FCode": 46003, "MainPath": 0, "InNetwork": 1, "Visibility": 0, "Shape_Leng": 0.00073536, "Enabled": 1, "GlobalID": "a73efa6c-bf1b-4a44-bab7-c7b69aa81268", "Width": null, "Shape__Length": 59.072829591701279 }, "geometry": { "type": "LineString", "coordinates": [ [ -122.242247813532003, 44.204283270653697 ], [ -122.242978862987002, 44.204241628914389 ] ] } },
{ "type": "Feature", "properties": { "OBJECTID_1": 351, "OBJECTID": 26193, "Permanent_": "{BE851EE6-E3A0-4249-9DBD-FE5F252D9923}", "FDate": 1464220800000, "Resolution": 2, "GNIS_ID": " ", "GNIS_Name": " ", "LengthKM": 0.23740528, "ReachCode": "17090004023146", "FlowDir": 1, "WBArea_Per": " ", "FType": 460, "FCode": 46003, "MainPath": 0, "InNetwork": 1, "Visibility": 0, "Shape_Leng": 0.00227399, "Enabled": 1, "GlobalID": "bd315c18-e988-40f6-8887-a2a17eb25b39", "Width": null, "Shape__Length": 236.81718610552673 }, "geometry": { "type": "LineString", "coordinates": [ [ -122.145272018759002, 44.271476550926096 ], [ -122.144585688906005, 44.270535030693999 ], [ -122.144410211804001, 44.27005413988249 ], [ -122.144404002757994, 44.269641186213292 ], [ -122.144290103948009, 44.269516152046094 ] ] } },
{ "type": "Feature", "properties": { "OBJECTID_1": 352, "OBJECTID": 17803, "Permanent_": "{1C1B3A13-5C99-4837-8C51-A814CCFDA773}", "FDate": 1464220800000, "Resolution": 2, "GNIS_ID": " ", "GNIS_Name": " ", "LengthKM": 1.02274558, "ReachCode": "17090004022757", "FlowDir": 1, "WBArea_Per": " ", "FType": 460, "FCode": 46006, "MainPath": 0, "InNetwork": 1, "Visibility": 0, "Shape_Leng": 0.01047362, "Enabled": 1, "GlobalID": "145a105f-6152-486e-a93a-74e246b2d89e", "Width": null, "Shape__Length": 1021.3194776368111 }, "geometry": { "type": "LineString", "coordinates": [ [ -122.207267668282995, 44.225159152422997 ], [ -122.207843530068018, 44.226012542992187 ], [ -122.208377258033011, 44.226313155356898 ], [ -122.208771228857984, 44.226684828574903 ], [ -122.209085458526019, 44.226878810006397 ], [ -122.209157500328004, 44.2273357402903 ], [ -122.209166506632982, 44.227985144969601 ], [ -122.209465233637005, 44.228285104506497 ], [ -122.209566072260003, 44.228505513668502 ], [ -122.209802725410015, 44.228720344962404 ], [ -122.210189046613991, 44.229208321995792 ], [ -122.210468210231994, 44.229879756466595 ], [ -122.210458686386986, 44.2305296557034 ], [ -122.210526387079994, 44.230738998729393 ], [ -122.210688206720008, 44.230868005423794 ], [ -122.210910522703998, 44.230939156207803 ], [ -122.211548315439018, 44.230923268106302 ], [ -122.212177635242, 44.231010949327398 ], [ -122.212292673530982, 44.231098481430493 ], [ -122.212530232192989, 44.231444676852689 ], [ -122.212308392202999, 44.231624996846293 ], [ -122.212310144976001, 44.231756910035095 ], [ -122.212698174392017, 44.232108697243504 ], [ -122.212976415323013, 44.232162318625093 ] ] } },
{ "type": "Feature", "properties": { "OBJECTID_1": 353, "OBJECTID": 14232, "Permanent_": "{97997363-83E7-4D33-BF36-B03350834571}", "FDate": 1464220800000, "Resolution": 2, "GNIS_ID": " ", "GNIS_Name": " ", "LengthKM": 0.2020856, "ReachCode": "17090004023132", "FlowDir": 1, "WBArea_Per": " ", "FType": 460, "FCode": 46003, "MainPath": 0, "InNetwork": 1, "Visibility": 0, "Shape_Leng": 0.00247547, "Enabled": 1, "GlobalID": "00f4ff9f-0ddd-413d-9b5e-e40e0784260e", "Width": null, "Shape__Length": 202.51152833491457 }, "geometry": { "type": "LineString", "coordinates": [ [ -122.159187573627008, 44.268573290063891 ], [ -122.159692429168004, 44.268405042251601 ], [ -122.160907600225997, 44.268518240601203 ], [ -122.161303463774004, 44.268377438365803 ], [ -122.161592795417988, 44.268351478261302 ] ] } },
{ "type": "Feature", "properties": { "OBJECTID_1": 354, "OBJECTID": 30061, "Permanent_": "{C296852D-CB34-4EB3-8841-8E43B4C74AAE}", "FDate": 1464220800000, "Resolution": 2, "GNIS_ID": " ", "GNIS_Name": " ", "LengthKM": 0.16604785, "ReachCode": "17090004023131", "FlowDir": 1, "WBArea_Per": " ", "FType": 460, "FCode": 46003, "MainPath": 0, "InNetwork": 1, "Visibility": 0, "Shape_Leng": 0.00152845, "Enabled": 1, "GlobalID": "60fc497d-d089-43d5-b606-0a91630cd1f4", "Width": null, "Shape__Length": 165.54163054560098 }, "geometry": { "type": "LineString", "coordinates": [ [ -122.150828498566, 44.26867110706079 ], [ -122.150830765709003, 44.268397218464003 ], [ -122.15067982985201, 44.268063468366094 ], [ -122.150691284557993, 44.26771942149049 ], [ -122.150504999860999, 44.267224402956103 ] ] } },
{ "type": "Feature", "properties": { "OBJECTID_1": 355, "OBJECTID": 17540, "Permanent_": "{33CD247F-21C2-4EA0-8C74-225DCC320571}", "FDate": 1464220800000, "Resolution": 2, "GNIS_ID": " ", "GNIS_Name": " ", "LengthKM": 0.25051283, "ReachCode": "17090004022682", "FlowDir": 1, "WBArea_Per": " ", "FType": 460, "FCode": 46003, "MainPath": 0, "InNetwork": 1, "Visibility": 0, "Shape_Leng": 0.00261551, "Enabled": 1, "GlobalID": "cf2a8a7f-db40-476f-9993-87a449ff4690", "Width": null, "Shape__Length": 250.22597286913498 }, "geometry": { "type": "LineString", "coordinates": [ [ -122.254263249015011, 44.217717279370198 ], [ -122.253684911929014, 44.217027586117091 ], [ -122.252475884607009, 44.216131118908997 ], [ -122.252438320611006, 44.216039709029907 ], [ -122.25248177452599, 44.215951030604906 ] ] } },
{ "type": "Feature", "properties": { "OBJECTID_1": 356, "OBJECTID": 10086, "Permanent_": "{3112059E-382C-4E39-A788-68985B5CD0EF}", "FDate": 1464220800000, "Resolution": 2, "GNIS_ID": " ", "GNIS_Name": " ", "LengthKM": 0.24167822, "ReachCode": "17090004023069", "FlowDir": 1, "WBArea_Per": " ", "FType": 460, "FCode": 46003, "MainPath": 0, "InNetwork": 1, "Visibility": 0, "Shape_Leng": 0.00295241, "Enabled": 1, "GlobalID": "6998b174-6e3c-45f0-9ff3-3dcb29f52678", "Width": null, "Shape__Length": 242.18166363783027 }, "geometry": { "type": "LineString", "coordinates": [ [ -122.196574221572021, 44.250757521484296 ], [ -122.196173190844007, 44.250581644538002 ], [ -122.195605935824986, 44.250519929821898 ], [ -122.194981464682002, 44.250534168774294 ], [ -122.194592309886019, 44.250472067281891 ], [ -122.194231363701988, 44.250307396787498 ], [ -122.193716651285001, 44.250268465507403 ] ] } },
{ "type": "Feature", "properties": { "OBJECTID_1": 357, "OBJECTID": 14231, "Permanent_": "{8E00D137-8CD6-41BC-8FDD-138FBD7A01B7}", "FDate": 1464220800000, "Resolution": 2, "GNIS_ID": " ", "GNIS_Name": " ", "LengthKM": 0.55866817, "ReachCode": "17090004023152", "FlowDir": 1, "WBArea_Per": " ", "FType": 460, "FCode": 46003, "MainPath": 0, "InNetwork": 1, "Visibility": 0, "Shape_Leng": 0.00583544, "Enabled": 1, "GlobalID": "46c68acf-8b2b-470b-a5b3-44342b09a017", "Width": null, "Shape__Length": 558.08809043814642 }, "geometry": { "type": "LineString", "coordinates": [ [ -122.160980505853018, 44.272924463792691 ], [ -122.161620723460018, 44.272525975485493 ], [ -122.16201253652298, 44.272442203421797 ], [ -122.162411929347016, 44.272173701521986 ], [ -122.162818663619987, 44.27204756959469 ], [ -122.162994698619002, 44.271924031413796 ], [ -122.163276847115, 44.271368570002984 ], [ -122.163229932768019, 44.271115789674489 ], [ -122.163296652332008, 44.270791614728395 ], [ -122.163276487860998, 44.270418857538886 ], [ -122.163688001194984, 44.269960217870192 ], [ -122.164083798225008, 44.269614737239699 ], [ -122.164273254679003, 44.269291400353893 ], [ -122.164669661763995, 44.269155724889288 ] ] } },
{ "type": "Feature", "properties": { "OBJECTID_1": 358, "OBJECTID": 21612, "Permanent_": "{D1D26D91-28FB-4DB7-99A2-1D1930EB8FC2}", "FDate": 1464220800000, "Resolution": 2, "GNIS_ID": " ", "GNIS_Name": " ", "LengthKM": 0.15651203, "ReachCode": "17090004022796", "FlowDir": 1, "WBArea_Per": " ", "FType": 460, "FCode": 46003, "MainPath": 0, "InNetwork": 1, "Visibility": 0, "Shape_Leng": 0.00147389, "Enabled": 1, "GlobalID": "522f3180-7a96-4514-bbf0-3210e2385827", "Width": null, "Shape__Length": 156.0796627420678 }, "geometry": { "type": "LineString", "coordinates": [ [ -122.229249653379, 44.232721159100883 ], [ -122.229193687134, 44.232569570477999 ], [ -122.228971630448001, 44.232428547819097 ], [ -122.228906822163012, 44.232330575064601 ], [ -122.228870153456995, 44.231411455579 ] ] } },
{ "type": "Feature", "properties": { "OBJECTID_1": 359, "OBJECTID": 13812, "Permanent_": "{D2A08701-53E7-4739-B0A5-A2096CB191B9}", "FDate": 1464220800000, "Resolution": 2, "GNIS_ID": " ", "GNIS_Name": " ", "LengthKM": 0.15629418, "ReachCode": "17090004022723", "FlowDir": 1, "WBArea_Per": " ", "FType": 460, "FCode": 46003, "MainPath": 0, "InNetwork": 1, "Visibility": 0, "Shape_Leng": 0.00145442, "Enabled": 1, "GlobalID": "f4e7b684-1b24-48e0-b924-65ee60c58256", "Width": null, "Shape__Length": 155.82717319817618 }, "geometry": { "type": "LineString", "coordinates": [ [ -122.218297799929999, 44.22407236072489 ], [ -122.218620056898999, 44.224648658302897 ], [ -122.218806744004979, 44.225416292407495 ] ] } },
{ "type": "Feature", "properties": { "OBJECTID_1": 360, "OBJECTID": 2406, "Permanent_": "{DE12D7C7-84B4-47ED-AF49-2562E4A63F8E}", "FDate": 1464220800000, "Resolution": 2, "GNIS_ID": " ", "GNIS_Name": " ", "LengthKM": 0.50754949, "ReachCode": "17090004022882", "FlowDir": 1, "WBArea_Per": " ", "FType": 460, "FCode": 46003, "MainPath": 0, "InNetwork": 1, "Visibility": 0, "Shape_Leng": 0.00563467, "Enabled": 1, "GlobalID": "83faef86-98ad-40f7-a70c-6d287c77106e", "Width": null, "Shape__Length": 507.57869049766674 }, "geometry": { "type": "LineString", "coordinates": [ [ -122.180262077554005, 44.24033434804079 ], [ -122.180588899222997, 44.240276505392394 ], [ -122.180713132066003, 44.240214779911803 ], [ -122.180920205874997, 44.239945817973201 ], [ -122.181455827020997, 44.239636258423999 ], [ -122.181643990588, 44.239341794284798 ], [ -122.181989737652998, 44.239010664270999 ], [ -122.182647677888994, 44.238627582286895 ], [ -122.183618579489007, 44.237852960188384 ], [ -122.183860192466994, 44.237803401410993 ], [ -122.184113627103002, 44.237681860278293 ], [ -122.184584803348997, 44.237662809673779 ], [ -122.184912278685005, 44.23754471858549 ] ] } },
{ "type": "Feature", "properties": { "OBJECTID_1": 361, "OBJECTID": 9954, "Permanent_": "{2BDC059B-F2E7-47EB-962A-125AD1110F5C}", "FDate": 1464220800000, "Resolution": 2, "GNIS_ID": " ", "GNIS_Name": " ", "LengthKM": 0.19908172, "ReachCode": "17090004022750", "FlowDir": 1, "WBArea_Per": " ", "FType": 460, "FCode": 46003, "MainPath": 0, "InNetwork": 1, "Visibility": 0, "Shape_Leng": 0.00184802, "Enabled": 1, "GlobalID": "8cc79817-70b9-4ff0-b8f8-9722fec6e6e9", "Width": null, "Shape__Length": 198.49051508260027 }, "geometry": { "type": "LineString", "coordinates": [ [ -122.218004829192992, 44.242206635285491 ], [ -122.217943036744984, 44.24192328971241 ], [ -122.217954721460998, 44.241420268137603 ], [ -122.217669957072005, 44.241110596577506 ], [ -122.217682296727986, 44.240499148738216 ] ] } },
{ "type": "Feature", "properties": { "OBJECTID_1": 362, "OBJECTID": 17814, "Permanent_": "{083E3890-590D-45E0-A778-5725DE7F8AA3}", "FDate": 1464220800000, "Resolution": 2, "GNIS_ID": " ", "GNIS_Name": " ", "LengthKM": 0.18844169, "ReachCode": "17090004022752", "FlowDir": 1, "WBArea_Per": " ", "FType": 460, "FCode": 46003, "MainPath": 0, "InNetwork": 1, "Visibility": 0, "Shape_Leng": 0.00181166, "Enabled": 1, "GlobalID": "3718da3b-e225-43b5-8bfc-5888fe836a4b", "Width": null, "Shape__Length": 187.97918790315791 }, "geometry": { "type": "LineString", "coordinates": [ [ -122.216419284307989, 44.2435065648571 ], [ -122.216299127349004, 44.243063025624991 ], [ -122.21604415706399, 44.242692160549694 ], [ -122.216006951035993, 44.24230994945669 ], [ -122.215821628120992, 44.242081454346391 ], [ -122.215645924835016, 44.24196993748599 ] ] } },
{ "type": "Feature", "properties": { "OBJECTID_1": 363, "OBJECTID": 5883, "Permanent_": "{622545E1-6705-4238-A079-698990AC419F}", "FDate": 1464220800000, "Resolution": 2, "GNIS_ID": " ", "GNIS_Name": " ", "LengthKM": 0.17733989, "ReachCode": "17090004022703", "FlowDir": 1, "WBArea_Per": " ", "FType": 460, "FCode": 46003, "MainPath": 0, "InNetwork": 1, "Visibility": 0, "Shape_Leng": 0.0016834, "Enabled": 1, "GlobalID": "f28bcd81-f662-4118-88a8-5fb510e0735b", "Width": null, "Shape__Length": 176.86998664660754 }, "geometry": { "type": "LineString", "coordinates": [ [ -122.239394652188992, 44.227435481806999 ], [ -122.239445299367006, 44.226436649126903 ], [ -122.239288322625001, 44.226150391019196 ], [ -122.238993264371004, 44.225970275387695 ] ] } },
{ "type": "Feature", "properties": { "OBJECTID_1": 364, "OBJECTID": 10475, "Permanent_": "{F841B759-91FB-4D64-ADFA-A9947F1E805F}", "FDate": 1464220800000, "Resolution": 2, "GNIS_ID": " ", "GNIS_Name": " ", "LengthKM": 0.56106624, "ReachCode": "17090004022913", "FlowDir": 1, "WBArea_Per": " ", "FType": 460, "FCode": 46003, "MainPath": 0, "InNetwork": 1, "Visibility": 0, "Shape_Leng": 0.00564926, "Enabled": 1, "GlobalID": "6762dd4a-612e-4cfd-bd9d-bfa81ea853b3", "Width": null, "Shape__Length": 560.13212640319966 }, "geometry": { "type": "LineString", "coordinates": [ [ -122.143579750792995, 44.239774070653787 ], [ -122.143823369480998, 44.238803517644889 ], [ -122.144000821917004, 44.238633411362585 ], [ -122.144387771683, 44.238400071661601 ], [ -122.144517698498007, 44.238242867440498 ], [ -122.144643458058013, 44.237799046809592 ], [ -122.144621534313004, 44.237446203969597 ], [ -122.144717354647995, 44.237217442185603 ], [ -122.145027865350016, 44.236937778602709 ], [ -122.145179701521997, 44.236654236710102 ], [ -122.145567280749006, 44.236375567888402 ], [ -122.145636766693016, 44.23604980598131 ], [ -122.145712483226987, 44.2359423943916 ], [ -122.145965507127016, 44.235812822126903 ], [ -122.146635724019006, 44.2356850865391 ] ] } },
{ "type": "Feature", "properties": { "OBJECTID_1": 365, "OBJECTID": 9815, "Permanent_": "{7A5CDC39-D490-4D23-9C80-EBB276AD9723}", "FDate": 1464220800000, "Resolution": 2, "GNIS_ID": " ", "GNIS_Name": " ", "LengthKM": 0.01044665, "ReachCode": "17090004003758", "FlowDir": 1, "WBArea_Per": "108067939", "FType": 558, "FCode": 55800, "MainPath": 0, "InNetwork": 1, "Visibility": 0, "Shape_Leng": 0.00012688, "Enabled": 1, "GlobalID": "f748ac09-773b-46f3-a2bf-2bbbb2cb5fd5", "Width": null, "Shape__Length": 10.467252484010675 }, "geometry": { "type": "LineString", "coordinates": [ [ -122.235860668303999, 44.224716733612809 ], [ -122.235982933705003, 44.224750640642803 ] ] } },
{ "type": "Feature", "properties": { "OBJECTID_1": 366, "OBJECTID": 25522, "Permanent_": "{840BD68E-2B83-4060-AF61-C861321D8557}", "FDate": 1464220800000, "Resolution": 2, "GNIS_ID": "01123461", "GNIS_Name": "Lookout Creek", "LengthKM": 0.13977253, "ReachCode": "17090004001156", "FlowDir": 1, "WBArea_Per": "108067939", "FType": 558, "FCode": 55800, "MainPath": 0, "InNetwork": 1, "Visibility": 0, "Shape_Leng": 0.00159553, "Enabled": 1, "GlobalID": "78841ff1-a036-478e-b13f-0961ba66835b", "Width": 1.0, "Shape__Length": 139.86233669306483 }, "geometry": { "type": "LineString", "coordinates": [ [ -122.250098494454008, 44.215641815486194 ], [ -122.250682173133015, 44.2153511995622 ], [ -122.251030138540997, 44.215246042491508 ], [ -122.251275541609004, 44.215281062808806 ], [ -122.251483765810988, 44.215513235689102 ] ] } },
{ "type": "Feature", "properties": { "OBJECTID_1": 367, "OBJECTID": 30166, "Permanent_": "{806D8E8D-7C01-45A9-B50E-69B1786A692A}", "FDate": 1464220800000, "Resolution": 2, "GNIS_ID": " ", "GNIS_Name": " ", "LengthKM": 0.04742778, "ReachCode": "17090004022974", "FlowDir": 1, "WBArea_Per": " ", "FType": 460, "FCode": 46003, "MainPath": 0, "InNetwork": 1, "Visibility": 0, "Shape_Leng": 0.00058158, "Enabled": 1, "GlobalID": "a64b7ff5-7875-40bd-a436-3490ec709a6c", "Width": null, "Shape__Length": 47.5319115798792 }, "geometry": { "type": "LineString", "coordinates": [ [ -122.128422141898014, 44.239752835410002 ], [ -122.128988274728002, 44.23964311322019 ] ] } },
{ "type": "Feature", "properties": { "OBJECTID_1": 368, "OBJECTID": 2568, "Permanent_": "{2836914E-4760-4EAE-855F-1A4C9AF858BE}", "FDate": 1464220800000, "Resolution": 2, "GNIS_ID": "01124021", "GNIS_Name": "McRae Creek", "LengthKM": 0.05889202, "ReachCode": "17090004000326", "FlowDir": 1, "WBArea_Per": " ", "FType": 460, "FCode": 46006, "MainPath": 0, "InNetwork": 1, "Visibility": 0, "Shape_Leng": 0.00072581, "Enabled": 1, "GlobalID": "9365c166-6b8e-4ae8-817c-1041dbcc80ac", "Width": 1.0, "Shape__Length": 59.024892238679456 }, "geometry": { "type": "LineString", "coordinates": [ [ -122.153082969737994, 44.265753455769207 ], [ -122.153793385314017, 44.265640840173589 ] ] } },
{ "type": "Feature", "properties": { "OBJECTID_1": 369, "OBJECTID": 5875, "Permanent_": "{57D65742-59FF-4682-82A3-9C263564B9BD}", "FDate": 1464220800000, "Resolution": 2, "GNIS_ID": " ", "GNIS_Name": " ", "LengthKM": 0.29704132, "ReachCode": "17090004022667", "FlowDir": 1, "WBArea_Per": " ", "FType": 460, "FCode": 46003, "MainPath": 0, "InNetwork": 1, "Visibility": 0, "Shape_Leng": 0.00365517, "Enabled": 1, "GlobalID": "f0228fd6-7a1d-4b17-968d-97bb79f7bf55", "Width": null, "Shape__Length": 297.73297922721162 }, "geometry": { "type": "LineString", "coordinates": [ [ -122.236800578446008, 44.2104472349993 ], [ -122.237976551862999, 44.21058880240539 ], [ -122.238611115560019, 44.210753854339096 ], [ -122.239338531222003, 44.210824248803291 ], [ -122.239619404357001, 44.210803120208197 ], [ -122.240375562684989, 44.210559461411393 ] ] } },
{ "type": "Feature", "properties": { "OBJECTID_1": 370, "OBJECTID": 6625, "Permanent_": "{1865CDF6-6902-491D-A5CA-EFAB5C8E5AE7}", "FDate": 1464220800000, "Resolution": 2, "GNIS_ID": " ", "GNIS_Name": " ", "LengthKM": 0.23648572, "ReachCode": "17090004022970", "FlowDir": 1, "WBArea_Per": " ", "FType": 460, "FCode": 46003, "MainPath": 0, "InNetwork": 1, "Visibility": 0, "Shape_Leng": 0.00218303, "Enabled": 1, "GlobalID": "11000eae-8e4f-4251-92bc-1243ecaec534", "Width": null, "Shape__Length": 235.76097992490284 }, "geometry": { "type": "LineString", "coordinates": [ [ -122.119984584191997, 44.238793616068598 ], [ -122.119837383109996, 44.23832196986919 ], [ -122.119620289723002, 44.237902996732203 ], [ -122.119312217548, 44.236739662571395 ] ] } },
{ "type": "Feature", "properties": { "OBJECTID_1": 371, "OBJECTID": 18322, "Permanent_": "{A3538486-C48D-4183-B41A-825799003DE9}", "FDate": 1464220800000, "Resolution": 2, "GNIS_ID": "01124021", "GNIS_Name": "McRae Creek", "LengthKM": 0.01501172, "ReachCode": "17090004000326", "FlowDir": 1, "WBArea_Per": " ", "FType": 460, "FCode": 46006, "MainPath": 0, "InNetwork": 1, "Visibility": 0, "Shape_Leng": 0.00015471, "Enabled": 1, "GlobalID": "45bba7e1-203f-4ae7-b348-39e0eb538cd4", "Width": 1.0, "Shape__Length": 14.991389124285325 }, "geometry": { "type": "LineString", "coordinates": [ [ -122.147214863645999, 44.267755323395498 ], [ -122.147323605156998, 44.267645282315392 ] ] } },
{ "type": "Feature", "properties": { "OBJECTID_1": 372, "OBJECTID": 25828, "Permanent_": "161200773", "FDate": 1476576000000, "Resolution": 2, "GNIS_ID": "01124021", "GNIS_Name": "McRae Creek", "LengthKM": 0.19641188, "ReachCode": "17090004000325", "FlowDir": 1, "WBArea_Per": " ", "FType": 460, "FCode": 46006, "MainPath": 0, "InNetwork": 1, "Visibility": 0, "Shape_Leng": 0.00214209, "Enabled": 1, "GlobalID": "e44163ac-7de6-47bd-9c1e-236f96d03cfd", "Width": 1.0, "Shape__Length": 196.37042200030817 }, "geometry": { "type": "LineString", "coordinates": [ [ -122.196126051788013, 44.241998625548497 ], [ -122.196211527068996, 44.241661705220992 ], [ -122.196610594728014, 44.241314563804096 ], [ -122.196818755983998, 44.241052689562608 ], [ -122.197731000369998, 44.241003651005499 ] ] } },
{ "type": "Feature", "properties": { "OBJECTID_1": 373, "OBJECTID": 5759, "Permanent_": "{5E3AAB99-3EF9-448E-AFB7-98BC91DE1E3B}", "FDate": 1464220800000, "Resolution": 2, "GNIS_ID": "01123461", "GNIS_Name": "Lookout Creek", "LengthKM": 0.36182992, "ReachCode": "17090004001156", "FlowDir": 1, "WBArea_Per": "108067939", "FType": 558, "FCode": 55800, "MainPath": 0, "InNetwork": 1, "Visibility": 0, "Shape_Leng": 0.00356304, "Enabled": 1, "GlobalID": "954b38cc-e2e7-4938-863f-4213a9128884", "Width": 1.0, "Shape__Length": 352.02865491763572 }, "geometry": { "type": "LineString", "coordinates": [ [ -122.259699359654988, 44.208097840595499 ], [ -122.260064896257006, 44.207722810881904 ], [ -122.260484920970001, 44.207530968002295 ], [ -122.260746113514003, 44.20724787063439 ], [ -122.260918785958012, 44.206851785600691 ], [ -122.260876941546982, 44.206643969488795 ], [ -122.261051118596001, 44.205978550846297 ], [ -122.261081586501007, 44.205417709537791 ], [ -122.261208589759008, 44.205333694180595 ] ] } },
{ "type": "Feature", "properties": { "OBJECTID_1": 374, "OBJECTID": 6283, "Permanent_": "{989BE405-F75A-4909-9830-46860598BBA0}", "FDate": 1464220800000, "Resolution": 2, "GNIS_ID": " ", "GNIS_Name": " ", "LengthKM": 0.27153082, "ReachCode": "17090004022850", "FlowDir": 1, "WBArea_Per": " ", "FType": 460, "FCode": 46003, "MainPath": 0, "InNetwork": 1, "Visibility": 0, "Shape_Leng": 0.00303195, "Enabled": 1, "GlobalID": "34072c2c-fcad-4880-b74c-10f6ac3da956", "Width": null, "Shape__Length": 271.58542484119761 }, "geometry": { "type": "LineString", "coordinates": [ [ -122.170344118854985, 44.2245310381373 ], [ -122.170070827431999, 44.224633032706507 ], [ -122.169496995716003, 44.225276164464603 ], [ -122.169296510853997, 44.225418690972695 ], [ -122.169179962474004, 44.225457178907099 ], [ -122.168743821996017, 44.22545067926319 ], [ -122.168413255517009, 44.225493532848382 ], [ -122.16798433741701, 44.225834682774291 ], [ -122.167820714192018, 44.2258934435866 ] ] } },
{ "type": "Feature", "properties": { "OBJECTID_1": 375, "OBJECTID": 18205, "Permanent_": "{DAD35BD1-3DAF-438E-ACF7-C28186F087E6}", "FDate": 1464220800000, "Resolution": 2, "GNIS_ID": " ", "GNIS_Name": " ", "LengthKM": 1.07781916, "ReachCode": "17090004022875", "FlowDir": 1, "WBArea_Per": " ", "FType": 460, "FCode": 46003, "MainPath": 0, "InNetwork": 1, "Visibility": 0, "Shape_Leng": 0.0112217, "Enabled": 1, "GlobalID": "4f804940-f87d-4179-8f05-b000962c5a6c", "Width": null, "Shape__Length": 1076.6266918946371 }, "geometry": { "type": "LineString", "coordinates": [ [ -122.167275250768, 44.240730407089202 ], [ -122.166846505916993, 44.240179656184402 ], [ -122.16630743031898, 44.239750441610497 ], [ -122.163952498705996, 44.2390471933507 ], [ -122.163491668860004, 44.238766545531007 ], [ -122.163294123778016, 44.238543069524304 ], [ -122.163121535306999, 44.23802448672901 ], [ -122.163203874998004, 44.237693877354403 ], [ -122.16343567792201, 44.237225468065695 ], [ -122.16349401432602, 44.236808627330888 ], [ -122.163570308209998, 44.236669818792492 ], [ -122.163944897820997, 44.236179053858386 ], [ -122.164251319762997, 44.236018646015488 ], [ -122.164725199799989, 44.235586060924398 ], [ -122.164751629259001, 44.235130643657705 ], [ -122.165206322315996, 44.234851427359096 ], [ -122.165418221246, 44.23439560504719 ], [ -122.165807257536983, 44.234170135943899 ], [ -122.166004773745001, 44.233982963885687 ], [ -122.166100192035003, 44.233754047806293 ], [ -122.166349225808005, 44.233421382768498 ] ] } },
{ "type": "Feature", "properties": { "OBJECTID_1": 376, "OBJECTID": 2112, "Permanent_": "{4E24EF83-0F09-4976-B8AD-05968D51B04A}", "FDate": 1464220800000, "Resolution": 2, "GNIS_ID": " ", "GNIS_Name": " ", "LengthKM": 0.13206141, "ReachCode": "17090004024523", "FlowDir": 1, "WBArea_Per": " ", "FType": 460, "FCode": 46006, "MainPath": 0, "InNetwork": 1, "Visibility": 0, "Shape_Leng": 0.00125979, "Enabled": 1, "GlobalID": "1441cffc-de73-4ca4-8356-a552964b37bc", "Width": null, "Shape__Length": 131.72044542748651 }, "geometry": { "type": "LineString", "coordinates": [ [ -122.224078191950014, 44.231852799826285 ], [ -122.224045069971993, 44.231477785744588 ], [ -122.223671306784993, 44.231056742422702 ], [ -122.223623305353001, 44.230763785931103 ] ] } },
{ "type": "Feature", "properties": { "OBJECTID_1": 377, "OBJECTID": 26292, "Permanent_": "{20F66B8F-D013-4B3D-B74D-E763C36624FF}", "FDate": 1464220800000, "Resolution": 2, "GNIS_ID": " ", "GNIS_Name": " ", "LengthKM": 0.15023357, "ReachCode": "17090004022984", "FlowDir": 1, "WBArea_Per": " ", "FType": 460, "FCode": 46003, "MainPath": 0, "InNetwork": 1, "Visibility": 0, "Shape_Leng": 0.00181506, "Enabled": 1, "GlobalID": "ec0ce62e-b57b-46d9-9cae-7d8fd2226ff5", "Width": null, "Shape__Length": 150.51772076597558 }, "geometry": { "type": "LineString", "coordinates": [ [ -122.119075352632009, 44.225524369960809 ], [ -122.119263935982005, 44.225499966279195 ], [ -122.119492678713996, 44.225546071904006 ], [ -122.119576129809005, 44.225496983687798 ], [ -122.119792120892996, 44.225482256260783 ], [ -122.119914842976002, 44.225514163590098 ], [ -122.12011856296202, 44.225425804392202 ], [ -122.120804522842008, 44.225300602981797 ] ] } },
{ "type": "Feature", "properties": { "OBJECTID_1": 378, "OBJECTID": 29914, "Permanent_": "161200652", "FDate": 1464220800000, "Resolution": 2, "GNIS_ID": "01135972", "GNIS_Name": "Nostoc Creek", "LengthKM": 0.31137216, "ReachCode": "17090004003747", "FlowDir": 1, "WBArea_Per": " ", "FType": 460, "FCode": 46006, "MainPath": 0, "InNetwork": 1, "Visibility": 0, "Shape_Leng": 0.00369815, "Enabled": 1, "GlobalID": "c92f08b4-edd9-48e7-8abe-1be27a1a55ee", "Width": 1.0, "Shape__Length": 311.83169635255734 }, "geometry": { "type": "LineString", "coordinates": [ [ -122.169206730965996, 44.232215218088101 ], [ -122.169721969617001, 44.23228489229961 ], [ -122.170223462660985, 44.231960541995306 ], [ -122.170490946878999, 44.231867706218402 ], [ -122.170840860846994, 44.231657923485699 ], [ -122.171264216051995, 44.231618859337893 ], [ -122.171741533860981, 44.231437044347608 ], [ -122.172122571725012, 44.231430382097791 ], [ -122.172418024639995, 44.231517878869298 ], [ -122.172654927023004, 44.231503596425192 ] ] } },
{ "type": "Feature", "properties": { "OBJECTID_1": 379, "OBJECTID": 25968, "Permanent_": "{CD161D65-5666-46AC-AE09-A978EDD214AE}", "FDate": 1464220800000, "Resolution": 2, "GNIS_ID": " ", "GNIS_Name": " ", "LengthKM": 0.04698801, "ReachCode": "17090004023123", "FlowDir": 1, "WBArea_Per": " ", "FType": 460, "FCode": 46003, "MainPath": 0, "InNetwork": 1, "Visibility": 0, "Shape_Leng": 0.00043967, "Enabled": 1, "GlobalID": "aec4ce64-3966-44e8-b2a3-0fbcb4b94d76", "Width": null, "Shape__Length": 46.855547219397813 }, "geometry": { "type": "LineString", "coordinates": [ [ -122.176854749550998, 44.265784358091302 ], [ -122.176809606899994, 44.265556328162702 ], [ -122.176705652345007, 44.265384100272897 ] ] } },
{ "type": "Feature", "properties": { "OBJECTID_1": 380, "OBJECTID": 1981, "Permanent_": "{A7637FDF-AA77-495E-B723-E9DB8FDF84A7}", "FDate": 1464220800000, "Resolution": 2, "GNIS_ID": " ", "GNIS_Name": " ", "LengthKM": 0.00823986, "ReachCode": "17090004022697", "FlowDir": 1, "WBArea_Per": "108067939", "FType": 558, "FCode": 55800, "MainPath": 0, "InNetwork": 1, "Visibility": 0, "Shape_Leng": 7.81e-05, "Enabled": 1, "GlobalID": "d34fa563-5b52-4da4-b02e-7e3205b523a5", "Width": null, "Shape__Length": 8.2172505603107808 }, "geometry": { "type": "LineString", "coordinates": [ [ -122.242626004938998, 44.222033686757392 ], [ -122.242590049457007, 44.2219643916035 ] ] } },
{ "type": "Feature", "properties": { "OBJECTID_1": 381, "OBJECTID": 6151, "Permanent_": "{BB41CBA0-59A6-4A51-9C62-A9DA1B728147}", "FDate": 1464220800000, "Resolution": 2, "GNIS_ID": " ", "GNIS_Name": " ", "LengthKM": 0.11667558, "ReachCode": "17090004014575", "FlowDir": 1, "WBArea_Per": " ", "FType": 460, "FCode": 46006, "MainPath": 0, "InNetwork": 1, "Visibility": 0, "Shape_Leng": 0.00136977, "Enabled": 1, "GlobalID": "cbc64a9d-4f4d-4ac5-ae5c-cffb65d11fad", "Width": null, "Shape__Length": 116.81680106788789 }, "geometry": { "type": "LineString", "coordinates": [ [ -122.20330340185501, 44.232497046683896 ], [ -122.203644235982992, 44.232581251765296 ], [ -122.203808293305997, 44.232675334560803 ], [ -122.204414144235002, 44.232871382514688 ], [ -122.204559228812997, 44.232980640084698 ] ] } },
{ "type": "Feature", "properties": { "OBJECTID_1": 382, "OBJECTID": 18214, "Permanent_": "{C485AF0A-DCF6-488A-AADC-AF224F3EB1F9}", "FDate": 1464220800000, "Resolution": 2, "GNIS_ID": " ", "GNIS_Name": " ", "LengthKM": 0.10420061, "ReachCode": "17090004023135", "FlowDir": 1, "WBArea_Per": " ", "FType": 460, "FCode": 46003, "MainPath": 0, "InNetwork": 1, "Visibility": 0, "Shape_Leng": 0.00106761, "Enabled": 1, "GlobalID": "94f293bf-d3e0-4239-a4e7-c871b117d996", "Width": null, "Shape__Length": 104.05660543096135 }, "geometry": { "type": "LineString", "coordinates": [ [ -122.151495972845993, 44.269422983412504 ], [ -122.15096068810098, 44.269073049896107 ], [ -122.150828498566, 44.26867110706079 ] ] } },
{ "type": "Feature", "properties": { "OBJECTID_1": 383, "OBJECTID": 17672, "Permanent_": "{E920E790-148F-4F2A-BCE0-94190E3AF953}", "FDate": 1464220800000, "Resolution": 2, "GNIS_ID": " ", "GNIS_Name": " ", "LengthKM": 0.01118782, "ReachCode": "17090004022785", "FlowDir": 1, "WBArea_Per": "108067939", "FType": 558, "FCode": 55800, "MainPath": 0, "InNetwork": 1, "Visibility": 0, "Shape_Leng": 0.00010588, "Enabled": 1, "GlobalID": "36a6e420-602d-456a-8bc3-7374d0a2f276", "Width": null, "Shape__Length": 11.157012889000475 }, "geometry": { "type": "LineString", "coordinates": [ [ -122.243236984763996, 44.221841123733796 ], [ -122.243189208206005, 44.221746871184592 ] ] } },
{ "type": "Feature", "properties": { "OBJECTID_1": 384, "OBJECTID": 17933, "Permanent_": "{B15E6213-670A-4CD0-9D2B-6E897C4E3E5E}", "FDate": 1464220800000, "Resolution": 2, "GNIS_ID": " ", "GNIS_Name": " ", "LengthKM": 0.49966481, "ReachCode": "17090004023045", "FlowDir": 1, "WBArea_Per": " ", "FType": 460, "FCode": 46003, "MainPath": 0, "InNetwork": 1, "Visibility": 0, "Shape_Leng": 0.00502046, "Enabled": 1, "GlobalID": "29ef8a66-0f3a-40c4-ad9b-3c9f77f8d234", "Width": null, "Shape__Length": 498.7981300329912 }, "geometry": { "type": "LineString", "coordinates": [ [ -122.198492456316998, 44.246001154332994 ], [ -122.198662001014, 44.244867329679295 ], [ -122.198427035161998, 44.244641169934987 ], [ -122.198068909827995, 44.244479766921401 ], [ -122.197961188289995, 44.244277960618199 ], [ -122.197191818701995, 44.243571056096101 ], [ -122.196824950251994, 44.243111965910799 ], [ -122.19669074494, 44.242823163344397 ], [ -122.196175048870003, 44.24257409211009 ], [ -122.196332250149993, 44.242260456987509 ] ] } },
{ "type": "Feature", "properties": { "OBJECTID_1": 385, "OBJECTID": 18067, "Permanent_": "161165875", "FDate": 1464220800000, "Resolution": 2, "GNIS_ID": "01130686", "GNIS_Name": "Saddle Creek", "LengthKM": 1.20489806, "ReachCode": "17090004003764", "FlowDir": 1, "WBArea_Per": " ", "FType": 460, "FCode": 46003, "MainPath": 0, "InNetwork": 1, "Visibility": 0, "Shape_Leng": 0.0120585, "Enabled": 1, "GlobalID": "e1383822-9570-4977-bd96-3703f48aa072", "Width": 1.0, "Shape__Length": 1202.7697173065719 }, "geometry": { "type": "LineString", "coordinates": [ [ -122.18023362866802, 44.209395302189193 ], [ -122.179378054691, 44.209552220556787 ], [ -122.178463884935994, 44.209905644241587 ], [ -122.177375134014994, 44.210185628831198 ], [ -122.176908098072019, 44.21048908922711 ], [ -122.176802205607018, 44.210624316050698 ], [ -122.176736371199993, 44.210838453282804 ], [ -122.176840475596009, 44.211192523106099 ], [ -122.176874014028016, 44.2122293305478 ], [ -122.176711763258979, 44.212922036516098 ], [ -122.176847954199005, 44.213353100078699 ], [ -122.176750363025008, 44.213562013427193 ], [ -122.176852948996995, 44.213867802671402 ], [ -122.176790177542003, 44.213976297378508 ], [ -122.176214114740006, 44.214409035587302 ], [ -122.17594633793901, 44.214862110451293 ], [ -122.175861771666987, 44.21532964218769 ], [ -122.176124723730993, 44.216016604282501 ], [ -122.176173747968008, 44.216558617431403 ], [ -122.175893457959006, 44.216918757772909 ], [ -122.175843574853005, 44.217478981075608 ], [ -122.175577785279998, 44.217869788154907 ], [ -122.175560401679988, 44.218168087919395 ] ] } },
{ "type": "Feature", "properties": { "OBJECTID_1": 386, "OBJECTID": 17674, "Permanent_": "161200809", "FDate": 1464220800000, "Resolution": 2, "GNIS_ID": "01123461", "GNIS_Name": "Lookout Creek", "LengthKM": 0.0778637, "ReachCode": "17090004001156", "FlowDir": 1, "WBArea_Per": "108067939", "FType": 558, "FCode": 55800, "MainPath": 0, "InNetwork": 1, "Visibility": 0, "Shape_Leng": 0.00091374, "Enabled": 1, "GlobalID": "cd9027b4-91e4-4e45-9399-3661079041c9", "Width": 1.0, "Shape__Length": 77.957277110926057 }, "geometry": { "type": "LineString", "coordinates": [ [ -122.241751021791998, 44.222296088234799 ], [ -122.242088092095017, 44.222092853785497 ], [ -122.242590049457007, 44.2219643916035 ] ] } },
{ "type": "Feature", "properties": { "OBJECTID_1": 387, "OBJECTID": 22140, "Permanent_": "{88DD31EF-1CDF-4105-988B-45176AFD9D67}", "FDate": 1464220800000, "Resolution": 2, "GNIS_ID": "01123461", "GNIS_Name": "Lookout Creek", "LengthKM": 0.03298597, "ReachCode": "17090004000324", "FlowDir": 1, "WBArea_Per": " ", "FType": 460, "FCode": 46006, "MainPath": 0, "InNetwork": 1, "Visibility": 0, "Shape_Leng": 0.00040303, "Enabled": 1, "GlobalID": "f29a68d5-a651-49b0-ae52-621d12cc1812", "Width": 1.0, "Shape__Length": 33.055669991251627 }, "geometry": { "type": "LineString", "coordinates": [ [ -122.143639862808001, 44.231608578230293 ], [ -122.144030928434006, 44.2315111246049 ] ] } },
{ "type": "Feature", "properties": { "OBJECTID_1": 388, "OBJECTID": 10082, "Permanent_": "161200706", "FDate": 1476576000000, "Resolution": 2, "GNIS_ID": "01124021", "GNIS_Name": "McRae Creek", "LengthKM": 0.08835659, "ReachCode": "17090004000325", "FlowDir": 1, "WBArea_Per": " ", "FType": 460, "FCode": 46006, "MainPath": 0, "InNetwork": 1, "Visibility": 0, "Shape_Leng": 0.00101658, "Enabled": 1, "GlobalID": "6a507a52-25fd-4f72-9cbf-5295d47515d0", "Width": 1.0, "Shape__Length": 88.428035092688759 }, "geometry": { "type": "LineString", "coordinates": [ [ -122.202642399708012, 44.237967695111706 ], [ -122.202748440343981, 44.237833890096283 ], [ -122.202977465997009, 44.237683453720692 ], [ -122.203535568597999, 44.237593608786192 ] ] } },
{ "type": "Feature", "properties": { "OBJECTID_1": 389, "OBJECTID": 10375, "Permanent_": "161200538", "FDate": 1464220800000, "Resolution": 2, "GNIS_ID": "01124021", "GNIS_Name": "McRae Creek", "LengthKM": 0.2255235, "ReachCode": "17090004000326", "FlowDir": 1, "WBArea_Per": " ", "FType": 460, "FCode": 46006, "MainPath": 0, "InNetwork": 1, "Visibility": 0, "Shape_Leng": 0.00239188, "Enabled": 1, "GlobalID": "aec2c766-fc58-4f0e-a8de-3d45bfd50028", "Width": 1.0, "Shape__Length": 225.3476946532889 }, "geometry": { "type": "LineString", "coordinates": [ [ -122.154779110344009, 44.264960015297802 ], [ -122.155308553244012, 44.264636508265305 ], [ -122.155580590382996, 44.264610146477295 ], [ -122.155733781833021, 44.264537402399199 ], [ -122.155962396546997, 44.264288833704398 ], [ -122.155933978351001, 44.263918374436798 ], [ -122.156125252728003, 44.263687132252997 ], [ -122.156359197933995, 44.263513308652989 ] ] } },
{ "type": "Feature", "properties": { "OBJECTID_1": 390, "OBJECTID": 21916, "Permanent_": "{ECC59241-3F15-4C5B-973C-BBED4E60DBBC}", "FDate": 1464220800000, "Resolution": 2, "GNIS_ID": " ", "GNIS_Name": " ", "LengthKM": 0.12377797, "ReachCode": "17090004023000", "FlowDir": 1, "WBArea_Per": " ", "FType": 460, "FCode": 46003, "MainPath": 0, "InNetwork": 1, "Visibility": 0, "Shape_Leng": 0.00121325, "Enabled": 1, "GlobalID": "da1a7aff-4af4-4846-9ac2-f2be1dcf3a9c", "Width": null, "Shape__Length": 123.52254142643565 }, "geometry": { "type": "LineString", "coordinates": [ [ -122.173513604243993, 44.263955476553292 ], [ -122.173757973928005, 44.2639025192913 ], [ -122.173954279041993, 44.263595567809801 ], [ -122.174030265929019, 44.263027811228994 ] ] } },
{ "type": "Feature", "properties": { "OBJECTID_1": 391, "OBJECTID": 13964, "Permanent_": "{D19A951B-144B-4C49-A566-331C24AC1816}", "FDate": 1464220800000, "Resolution": 2, "GNIS_ID": " ", "GNIS_Name": " ", "LengthKM": 0.11754171, "ReachCode": "17090004023013", "FlowDir": 1, "WBArea_Per": " ", "FType": 460, "FCode": 46003, "MainPath": 0, "InNetwork": 1, "Visibility": 0, "Shape_Leng": 0.00128171, "Enabled": 1, "GlobalID": "e104c09a-a2e0-455a-b9c2-b76e797ef80c", "Width": null, "Shape__Length": 117.5040625717109 }, "geometry": { "type": "LineString", "coordinates": [ [ -122.203960751930012, 44.239047202077799 ], [ -122.203611809989994, 44.238676981179701 ], [ -122.202936582899994, 44.238316133841991 ] ] } },
{ "type": "Feature", "properties": { "OBJECTID_1": 392, "OBJECTID": 18068, "Permanent_": "{5AEC3F9E-D54A-4564-8B8E-5F377A8C64D8}", "FDate": 1464220800000, "Resolution": 2, "GNIS_ID": " ", "GNIS_Name": " ", "LengthKM": 0.20285675, "ReachCode": "17090004022858", "FlowDir": 1, "WBArea_Per": " ", "FType": 460, "FCode": 46003, "MainPath": 0, "InNetwork": 1, "Visibility": 0, "Shape_Leng": 0.00191821, "Enabled": 1, "GlobalID": "7a9ff385-6c38-4b04-ba7c-82403de6b485", "Width": null, "Shape__Length": 202.30203599812211 }, "geometry": { "type": "LineString", "coordinates": [ [ -122.183416630729013, 44.225171996250609 ], [ -122.183377012254979, 44.225386663599302 ], [ -122.18343267470199, 44.225761807677891 ], [ -122.183412738623005, 44.226177022606201 ], [ -122.183969677261999, 44.226875077867803 ] ] } },
{ "type": "Feature", "properties": { "OBJECTID_1": 393, "OBJECTID": 21904, "Permanent_": "{F4F951DD-3B63-44E2-A8B9-FAAEA213208E}", "FDate": 1464220800000, "Resolution": 2, "GNIS_ID": " ", "GNIS_Name": " ", "LengthKM": 0.15526482, "ReachCode": "17090004023037", "FlowDir": 1, "WBArea_Per": " ", "FType": 460, "FCode": 46003, "MainPath": 0, "InNetwork": 1, "Visibility": 0, "Shape_Leng": 0.00169318, "Enabled": 1, "GlobalID": "7d04d899-954d-45da-a908-d3d2a7e60897", "Width": null, "Shape__Length": 155.2251388476549 }, "geometry": { "type": "LineString", "coordinates": [ [ -122.183030024936997, 44.2437711027547 ], [ -122.183721322384017, 44.243940025523301 ], [ -122.183836488520001, 44.244069233532791 ], [ -122.183939267987014, 44.24432168997599 ], [ -122.184341941358994, 44.244658674580222 ] ] } },
{ "type": "Feature", "properties": { "OBJECTID_1": 394, "OBJECTID": 30059, "Permanent_": "{DBADBB7C-64B9-4E07-813E-390C58ED5448}", "FDate": 1464220800000, "Resolution": 2, "GNIS_ID": " ", "GNIS_Name": " ", "LengthKM": 0.12861424, "ReachCode": "17090004023002", "FlowDir": 1, "WBArea_Per": " ", "FType": 460, "FCode": 46006, "MainPath": 0, "InNetwork": 1, "Visibility": 0, "Shape_Leng": 0.00150165, "Enabled": 1, "GlobalID": "7de78c0a-bc56-432b-89cf-37cccb6222f9", "Width": null, "Shape__Length": 128.7527968183532 }, "geometry": { "type": "LineString", "coordinates": [ [ -122.155140299462005, 44.262934005824903 ], [ -122.156041667790006, 44.263104928304507 ], [ -122.156347555834003, 44.263292089340091 ], [ -122.156494650697994, 44.26344772590911 ] ] } },
{ "type": "Feature", "properties": { "OBJECTID_1": 395, "OBJECTID": 29910, "Permanent_": "161200816", "FDate": 1464220800000, "Resolution": 2, "GNIS_ID": "01123461", "GNIS_Name": "Lookout Creek", "LengthKM": 0.02317999, "ReachCode": "17090004000322", "FlowDir": 1, "WBArea_Per": " ", "FType": 460, "FCode": 46006, "MainPath": 0, "InNetwork": 1, "Visibility": 0, "Shape_Leng": 0.00024372, "Enabled": 1, "GlobalID": "1be30477-853a-4fcf-9d16-628110b6dd3e", "Width": 1.0, "Shape__Length": 23.159772214755748 }, "geometry": { "type": "LineString", "coordinates": [ [ -122.181464804890979, 44.2309122901355 ], [ -122.181457617020982, 44.230957407275596 ], [ -122.181553202082, 44.230963750637088 ], [ -122.18160901141502, 44.231046078873604 ] ] } },
{ "type": "Feature", "properties": { "OBJECTID_1": 396, "OBJECTID": 25817, "Permanent_": "{3C4C24B9-0C55-4C55-A8AB-B2D904AD3118}", "FDate": 1464220800000, "Resolution": 2, "GNIS_ID": " ", "GNIS_Name": " ", "LengthKM": 0.44943252, "ReachCode": "17090004022886", "FlowDir": 1, "WBArea_Per": " ", "FType": 460, "FCode": 46003, "MainPath": 0, "InNetwork": 1, "Visibility": 0, "Shape_Leng": 0.00528272, "Enabled": 1, "GlobalID": "09df31f4-4b72-44d9-8841-8ee1453595ab", "Width": null, "Shape__Length": 450.00593765189086 }, "geometry": { "type": "LineString", "coordinates": [ [ -122.206224415465002, 44.21171994177741 ], [ -122.207270812914999, 44.211979338730096 ], [ -122.208045066531, 44.212288849063405 ], [ -122.208808502214012, 44.212370112401302 ], [ -122.209859919985021, 44.212659994244305 ], [ -122.21055462490402, 44.213054206090895 ], [ -122.210732614457996, 44.213314997684201 ], [ -122.211055905224015, 44.213522786328404 ] ] } },
{ "type": "Feature", "properties": { "OBJECTID_1": 397, "OBJECTID": 26195, "Permanent_": "161200299", "FDate": 1464220800000, "Resolution": 2, "GNIS_ID": "01124021", "GNIS_Name": "McRae Creek", "LengthKM": 0.15962521, "ReachCode": "17090004014576", "FlowDir": 1, "WBArea_Per": " ", "FType": 460, "FCode": 46003, "MainPath": 0, "InNetwork": 1, "Visibility": 0, "Shape_Leng": 0.00179889, "Enabled": 1, "GlobalID": "aa864430-093a-473a-a7d4-e40a4355162f", "Width": 1.0, "Shape__Length": 159.67778103790158 }, "geometry": { "type": "LineString", "coordinates": [ [ -122.142457191656007, 44.270590827011205 ], [ -122.14323929775199, 44.2701842984387 ], [ -122.143645760800993, 44.270091227124816 ], [ -122.143991329363018, 44.269742279532309 ] ] } },
{ "type": "Feature", "properties": { "OBJECTID_1": 398, "OBJECTID": 29912, "Permanent_": "{762E76E4-C903-476D-A9C8-8122AC40AE3D}", "FDate": 1464220800000, "Resolution": 2, "GNIS_ID": " ", "GNIS_Name": " ", "LengthKM": 0.19391048, "ReachCode": "17090004024526", "FlowDir": 1, "WBArea_Per": " ", "FType": 460, "FCode": 46003, "MainPath": 0, "InNetwork": 1, "Visibility": 0, "Shape_Leng": 0.00180824, "Enabled": 1, "GlobalID": "06978817-ac82-4c4e-8eda-ac2601ae08c9", "Width": null, "Shape__Length": 193.34108273567045 }, "geometry": { "type": "LineString", "coordinates": [ [ -122.17669218476, 44.2340656884572 ], [ -122.177206295028995, 44.233004133460284 ], [ -122.177308084128015, 44.232636559050491 ], [ -122.177287316700998, 44.2324032350772 ] ] } },
{ "type": "Feature", "properties": { "OBJECTID_1": 399, "OBJECTID": 10481, "Permanent_": "{FE81E245-0336-45FB-AEFC-1FE8F3DD09C7}", "FDate": 1464220800000, "Resolution": 2, "GNIS_ID": " ", "GNIS_Name": " ", "LengthKM": 0.09691916, "ReachCode": "17090004023110", "FlowDir": 1, "WBArea_Per": " ", "FType": 460, "FCode": 46003, "MainPath": 0, "InNetwork": 1, "Visibility": 0, "Shape_Leng": 0.00118259, "Enabled": 1, "GlobalID": "eca62a6c-26d7-4b94-8fa2-d09042d365a3", "Width": null, "Shape__Length": 97.116708818234912 }, "geometry": { "type": "LineString", "coordinates": [ [ -122.145913470406995, 44.259229192938605 ], [ -122.146164072763995, 44.25913554115489 ], [ -122.146856473152994, 44.259055611376695 ], [ -122.14705714089402, 44.258980279543295 ] ] } },
{ "type": "Feature", "properties": { "OBJECTID_1": 400, "OBJECTID": 29923, "Permanent_": "{78A18F78-D449-4F3C-A4E9-305AE7AEC16E}", "FDate": 1464220800000, "Resolution": 2, "GNIS_ID": " ", "GNIS_Name": " ", "LengthKM": 0.49060957, "ReachCode": "17090004022880", "FlowDir": 1, "WBArea_Per": " ", "FType": 460, "FCode": 46003, "MainPath": 0, "InNetwork": 1, "Visibility": 0, "Shape_Leng": 0.00465465, "Enabled": 1, "GlobalID": "fad80744-531d-438d-a973-9ea5a83a0a2a", "Width": null, "Shape__Length": 489.30455021652591 }, "geometry": { "type": "LineString", "coordinates": [ [ -122.176308403242999, 44.239007791473298 ], [ -122.17629865816302, 44.238523509839702 ], [ -122.176368766352994, 44.238262907263596 ], [ -122.176352585649994, 44.237552297754505 ], [ -122.177113709875016, 44.236470381507495 ], [ -122.17701869665801, 44.235644739292304 ], [ -122.17705110725602, 44.235467840182395 ], [ -122.177657748146999, 44.234915086581296 ] ] } },
{ "type": "Feature", "properties": { "OBJECTID_1": 401, "OBJECTID": 21752, "Permanent_": "{C473019D-9F15-478D-8F0F-373E3B0E587D}", "FDate": 1464220800000, "Resolution": 2, "GNIS_ID": " ", "GNIS_Name": " ", "LengthKM": 0.19053829, "ReachCode": "17090004022987", "FlowDir": 1, "WBArea_Per": " ", "FType": 460, "FCode": 46006, "MainPath": 0, "InNetwork": 1, "Visibility": 0, "Shape_Leng": 0.00197615, "Enabled": 1, "GlobalID": "52841a12-3086-4ef1-b535-0857b056272c", "Width": null, "Shape__Length": 190.30854815431198 }, "geometry": { "type": "LineString", "coordinates": [ [ -122.192365837761002, 44.246220227232598 ], [ -122.192407191743001, 44.245990757004598 ], [ -122.193282606404992, 44.245322125624803 ], [ -122.193309040689996, 44.245064157495896 ], [ -122.193599459677003, 44.244878064058305 ] ] } },
{ "type": "Feature", "properties": { "OBJECTID_1": 402, "OBJECTID": 10240, "Permanent_": "{0F328815-A577-4F8B-9462-E781938E093A}", "FDate": 1464220800000, "Resolution": 2, "GNIS_ID": " ", "GNIS_Name": " ", "LengthKM": 0.0247537, "ReachCode": "17090004022866", "FlowDir": 1, "WBArea_Per": " ", "FType": 460, "FCode": 46003, "MainPath": 0, "InNetwork": 1, "Visibility": 0, "Shape_Leng": 0.00023321, "Enabled": 1, "GlobalID": "20bf8ad7-6a20-4e2c-80cb-06c62185091f", "Width": null, "Shape__Length": 24.684618645924061 }, "geometry": { "type": "LineString", "coordinates": [ [ -122.175277368558, 44.235923997250502 ], [ -122.175320566021, 44.235828804126591 ], [ -122.175265801625997, 44.2357142934097 ] ] } },
{ "type": "Feature", "properties": { "OBJECTID_1": 403, "OBJECTID": 21749, "Permanent_": "{C043F615-D15D-44A2-9949-F174AD785C61}", "FDate": 1464220800000, "Resolution": 2, "GNIS_ID": " ", "GNIS_Name": " ", "LengthKM": 0.08671747, "ReachCode": "17090004023018", "FlowDir": 1, "WBArea_Per": " ", "FType": 460, "FCode": 46003, "MainPath": 0, "InNetwork": 1, "Visibility": 0, "Shape_Leng": 0.00095128, "Enabled": 1, "GlobalID": "03e1c810-ae42-4d7f-b895-c398969ed009", "Width": null, "Shape__Length": 86.702109427060549 }, "geometry": { "type": "LineString", "coordinates": [ [ -122.204006389454008, 44.239991223963187 ], [ -122.203888123431994, 44.239814491685195 ], [ -122.203546596262001, 44.239697879506799 ], [ -122.203244162090996, 44.2394796517301 ] ] } },
{ "type": "Feature", "properties": { "OBJECTID_1": 404, "OBJECTID": 2114, "Permanent_": "{69DF3EB6-13DC-4552-8B73-31B609F6488A}", "FDate": 1464220800000, "Resolution": 2, "GNIS_ID": " ", "GNIS_Name": " ", "LengthKM": 0.11528187, "ReachCode": "17090004022690", "FlowDir": 1, "WBArea_Per": " ", "FType": 460, "FCode": 46003, "MainPath": 0, "InNetwork": 1, "Visibility": 0, "Shape_Leng": 0.00107261, "Enabled": 1, "GlobalID": "fdcba7ed-7765-4ffc-af30-fef2c2506515", "Width": null, "Shape__Length": 114.93659489853725 }, "geometry": { "type": "LineString", "coordinates": [ [ -122.221516040636004, 44.221264507538898 ], [ -122.22164625209399, 44.221496885290591 ], [ -122.221531992968991, 44.221885736286595 ], [ -122.221660676056999, 44.222255786721902 ] ] } },
{ "type": "Feature", "properties": { "OBJECTID_1": 405, "OBJECTID": 5873, "Permanent_": "{CA68F848-F163-4F3E-84F4-425739603E76}", "FDate": 1464220800000, "Resolution": 2, "GNIS_ID": " ", "GNIS_Name": " ", "LengthKM": 0.25065025, "ReachCode": "17090004022670", "FlowDir": 1, "WBArea_Per": " ", "FType": 460, "FCode": 46003, "MainPath": 0, "InNetwork": 1, "Visibility": 0, "Shape_Leng": 0.00234733, "Enabled": 1, "GlobalID": "5a061387-71cc-479b-bcf2-2dcb99a4d825", "Width": null, "Shape__Length": 249.91946582835212 }, "geometry": { "type": "LineString", "coordinates": [ [ -122.244617734746015, 44.209350538077693 ], [ -122.244477413884994, 44.209564469513204 ], [ -122.244381586434997, 44.209998654777891 ], [ -122.244285821275, 44.210176486315802 ], [ -122.244208911367991, 44.210646667804909 ], [ -122.243891151409002, 44.211056077533094 ], [ -122.243861463938998, 44.21148448693549 ] ] } },
{ "type": "Feature", "properties": { "OBJECTID_1": 406, "OBJECTID": 25687, "Permanent_": "{8524C0EE-34EF-41C1-ADAB-C783C94296A6}", "FDate": 1464220800000, "Resolution": 2, "GNIS_ID": " ", "GNIS_Name": " ", "LengthKM": 0.16617926, "ReachCode": "17090004022738", "FlowDir": 1, "WBArea_Per": " ", "FType": 460, "FCode": 46003, "MainPath": 0, "InNetwork": 1, "Visibility": 0, "Shape_Leng": 0.00174417, "Enabled": 1, "GlobalID": "1e3e4b14-26e4-49f9-a22d-c320dfad78e7", "Width": null, "Shape__Length": 166.00674201367246 }, "geometry": { "type": "LineString", "coordinates": [ [ -122.222770288198021, 44.235130665477499 ], [ -122.222119735815994, 44.234383325337703 ], [ -122.22149787400302, 44.233977343746304 ] ] } },
{ "type": "Feature", "properties": { "OBJECTID_1": 407, "OBJECTID": 2688, "Permanent_": "{18DB74F7-0BA5-412B-B87C-DA9AB40540D8}", "FDate": 1464220800000, "Resolution": 2, "GNIS_ID": "01124021", "GNIS_Name": "McRae Creek", "LengthKM": 0.03533738, "ReachCode": "17090004000326", "FlowDir": 1, "WBArea_Per": " ", "FType": 460, "FCode": 46006, "MainPath": 0, "InNetwork": 1, "Visibility": 0, "Shape_Leng": 0.00038935, "Enabled": 1, "GlobalID": "d51ec7c2-fc07-4fc6-9514-8a1154dd8843", "Width": 1.0, "Shape__Length": 35.33180094584754 }, "geometry": { "type": "LineString", "coordinates": [ [ -122.146891988454016, 44.26797291657229 ], [ -122.147214863645999, 44.267755323395498 ] ] } },
{ "type": "Feature", "properties": { "OBJECTID_1": 408, "OBJECTID": 14104, "Permanent_": "{5600B1C7-5132-4203-8308-9581A992C00C}", "FDate": 1464220800000, "Resolution": 2, "GNIS_ID": " ", "GNIS_Name": " ", "LengthKM": 0.36061361, "ReachCode": "17090004023114", "FlowDir": 1, "WBArea_Per": " ", "FType": 460, "FCode": 46003, "MainPath": 0, "InNetwork": 1, "Visibility": 0, "Shape_Leng": 0.00351314, "Enabled": 1, "GlobalID": "48b9b23a-565a-485f-b69f-156efe51a035", "Width": null, "Shape__Length": 359.80952776437209 }, "geometry": { "type": "LineString", "coordinates": [ [ -122.185322800829994, 44.260630924674501 ], [ -122.185596757436016, 44.260145958718283 ], [ -122.185384328276015, 44.259366602654104 ], [ -122.185255782477995, 44.2591634722828 ], [ -122.18478851728301, 44.258728409490104 ], [ -122.184686005198003, 44.258522306871406 ], [ -122.184686592655012, 44.258237308778796 ], [ -122.184403509405001, 44.258015508366384 ], [ -122.184270989656, 44.257799172463791 ], [ -122.184175263844011, 44.257745489501502 ] ] } },
{ "type": "Feature", "properties": { "OBJECTID_1": 409, "OBJECTID": 26191, "Permanent_": "{79DCC99A-F34E-4AFB-9C36-002389C18EEC}", "FDate": 1464220800000, "Resolution": 2, "GNIS_ID": " ", "GNIS_Name": " ", "LengthKM": 0.40501017, "ReachCode": "17090004022914", "FlowDir": 1, "WBArea_Per": " ", "FType": 460, "FCode": 46003, "MainPath": 0, "InNetwork": 1, "Visibility": 0, "Shape_Leng": 0.00487009, "Enabled": 1, "GlobalID": "ed774fb3-eb8e-416e-9698-2c1e88779383", "Width": null, "Shape__Length": 405.71224691480381 }, "geometry": { "type": "LineString", "coordinates": [ [ -122.133369904603995, 44.244440296368197 ], [ -122.134495758795993, 44.245047648167002 ], [ -122.135185207332981, 44.245335134159284 ], [ -122.135696628207981, 44.245396026078687 ], [ -122.136038727146016, 44.245512766989492 ], [ -122.136664875604012, 44.245578117196196 ], [ -122.137552480554007, 44.245600852322205 ], [ -122.137991262448992, 44.245539692356402 ] ] } },
{ "type": "Feature", "properties": { "OBJECTID_1": 410, "OBJECTID": 6014, "Permanent_": "{C1CABD93-8BFF-4379-B16C-E7BF0DB79CEE}", "FDate": 1464220800000, "Resolution": 2, "GNIS_ID": " ", "GNIS_Name": " ", "LengthKM": 0.18469484, "ReachCode": "17090004022721", "FlowDir": 1, "WBArea_Per": " ", "FType": 460, "FCode": 46003, "MainPath": 0, "InNetwork": 1, "Visibility": 0, "Shape_Leng": 0.00189106, "Enabled": 1, "GlobalID": "0b1449a6-cd29-47ca-b78e-8f37ce200ee0", "Width": null, "Shape__Length": 184.42783735041007 }, "geometry": { "type": "LineString", "coordinates": [ [ -122.226122362184, 44.236269635600102 ], [ -122.226512989333017, 44.236065440205898 ], [ -122.226826347352016, 44.235820495478201 ], [ -122.227052309057001, 44.235536088490392 ], [ -122.227354986881991, 44.23492709388281 ] ] } },
{ "type": "Feature", "properties": { "OBJECTID_1": 411, "OBJECTID": 25678, "Permanent_": "161200417", "FDate": 1464220800000, "Resolution": 2, "GNIS_ID": " ", "GNIS_Name": " ", "LengthKM": 0.20849033, "ReachCode": "17090004014563", "FlowDir": 1, "WBArea_Per": " ", "FType": 460, "FCode": 46003, "MainPath": 0, "InNetwork": 1, "Visibility": 0, "Shape_Leng": 0.00239244, "Enabled": 1, "GlobalID": "0ac1ffd7-1d18-468b-8d88-160b1700b516", "Width": null, "Shape__Length": 208.65036870730333 }, "geometry": { "type": "LineString", "coordinates": [ [ -122.229909546669006, 44.2138011461453 ], [ -122.231027301246996, 44.2138886068348 ], [ -122.231396967520993, 44.214130872855598 ], [ -122.231756912166006, 44.214497490386798 ], [ -122.232010061745015, 44.214672460882802 ] ] } },
{ "type": "Feature", "properties": { "OBJECTID_1": 412, "OBJECTID": 6615, "Permanent_": "{2E2F7F7C-F404-409A-8A2B-AAFCFAD9C690}", "FDate": 1464220800000, "Resolution": 2, "GNIS_ID": " ", "GNIS_Name": " ", "LengthKM": 0.19593265, "ReachCode": "17090004022935", "FlowDir": 1, "WBArea_Per": " ", "FType": 460, "FCode": 46003, "MainPath": 0, "InNetwork": 1, "Visibility": 0, "Shape_Leng": 0.00232776, "Enabled": 1, "GlobalID": "f6fbdec3-eb9d-4d65-9014-f9a1613ff1e8", "Width": null, "Shape__Length": 196.22949230360729 }, "geometry": { "type": "LineString", "coordinates": [ [ -122.122962922165996, 44.21074825873059 ], [ -122.122425787832995, 44.210834053273992 ], [ -122.121804769066003, 44.210703448133195 ], [ -122.121304983234992, 44.210497066335392 ], [ -122.120787975677004, 44.2101867228047 ] ] } },
{ "type": "Feature", "properties": { "OBJECTID_1": 413, "OBJECTID": 29506, "Permanent_": "{78CED290-79DF-4FDD-AF8E-4EC299183AAC}", "FDate": 1464220800000, "Resolution": 2, "GNIS_ID": " ", "GNIS_Name": " ", "LengthKM": 0.12924599, "ReachCode": "17090004022671", "FlowDir": 1, "WBArea_Per": " ", "FType": 460, "FCode": 46003, "MainPath": 0, "InNetwork": 1, "Visibility": 0, "Shape_Leng": 0.00158173, "Enabled": 1, "GlobalID": "57102fb3-33c7-4b1d-8c08-5abd549c165b", "Width": null, "Shape__Length": 129.52970388517971 }, "geometry": { "type": "LineString", "coordinates": [ [ -122.242085606041016, 44.211718011776803 ], [ -122.242604200279018, 44.211725337157098 ], [ -122.243117839079019, 44.211617528347098 ], [ -122.243622086616, 44.211448800030894 ] ] } },
{ "type": "Feature", "properties": { "OBJECTID_1": 414, "OBJECTID": 2411, "Permanent_": "{014730C4-8051-40FA-A563-2ECEAF45FDA5}", "FDate": 1464220800000, "Resolution": 2, "GNIS_ID": " ", "GNIS_Name": " ", "LengthKM": 0.12683435, "ReachCode": "17090004023048", "FlowDir": 1, "WBArea_Per": " ", "FType": 460, "FCode": 46003, "MainPath": 0, "InNetwork": 1, "Visibility": 0, "Shape_Leng": 0.00120585, "Enabled": 1, "GlobalID": "8d45b1fa-7350-49a5-9a8e-b29b5e268d3c", "Width": null, "Shape__Length": 126.50116007401218 }, "geometry": { "type": "LineString", "coordinates": [ [ -122.171182196611994, 44.246147122472792 ], [ -122.171000380513007, 44.246413557824802 ], [ -122.170765600135994, 44.247065293709099 ], [ -122.170651757443991, 44.2472055033641 ] ] } },
{ "type": "Feature", "properties": { "OBJECTID_1": 415, "OBJECTID": 17917, "Permanent_": "{0391E4BC-1528-4BB6-A18E-C13130BB7F00}", "FDate": 1464220800000, "Resolution": 2, "GNIS_ID": " ", "GNIS_Name": " ", "LengthKM": 0.37737255, "ReachCode": "17090004022760", "FlowDir": 1, "WBArea_Per": " ", "FType": 460, "FCode": 46003, "MainPath": 0, "InNetwork": 1, "Visibility": 0, "Shape_Leng": 0.00386274, "Enabled": 1, "GlobalID": "268d83c6-916c-4c5a-9cea-7eb21312c836", "Width": null, "Shape__Length": 376.80960789626278 }, "geometry": { "type": "LineString", "coordinates": [ [ -122.208652642865999, 44.221824951699809 ], [ -122.209026321015997, 44.222331964691897 ], [ -122.209863533280014, 44.223043350540493 ], [ -122.210209718409999, 44.22349696628001 ], [ -122.210595746963008, 44.223828550546102 ], [ -122.211271234180998, 44.224611740732399 ] ] } },
{ "type": "Feature", "properties": { "OBJECTID_1": 416, "OBJECTID": 30265, "Permanent_": "161200796", "FDate": 1464220800000, "Resolution": 2, "GNIS_ID": "01123461", "GNIS_Name": "Lookout Creek", "LengthKM": 0.17804958, "ReachCode": "17090004000324", "FlowDir": 1, "WBArea_Per": " ", "FType": 460, "FCode": 46006, "MainPath": 0, "InNetwork": 1, "Visibility": 0, "Shape_Leng": 0.00192814, "Enabled": 1, "GlobalID": "963bdc3f-f165-4162-98b2-64485d5fb506", "Width": 1.0, "Shape__Length": 177.97843089656885 }, "geometry": { "type": "LineString", "coordinates": [ [ -122.117481169550999, 44.22194626775989 ], [ -122.117644535101007, 44.222076428472604 ], [ -122.117916523875991, 44.222494775223097 ], [ -122.118184179441997, 44.222753283242 ], [ -122.118975043271021, 44.223036411972991 ] ] } },
{ "type": "Feature", "properties": { "OBJECTID_1": 417, "OBJECTID": 17922, "Permanent_": "{9217D709-50B5-4369-AB0E-37E8C4AFC43A}", "FDate": 1464220800000, "Resolution": 2, "GNIS_ID": " ", "GNIS_Name": " ", "LengthKM": 0.15475477, "ReachCode": "17090004022860", "FlowDir": 1, "WBArea_Per": " ", "FType": 460, "FCode": 46003, "MainPath": 0, "InNetwork": 1, "Visibility": 0, "Shape_Leng": 0.00145179, "Enabled": 1, "GlobalID": "1c84a8d7-5d9a-4876-9561-e1502bfee909", "Width": null, "Shape__Length": 154.31428912528705 }, "geometry": { "type": "LineString", "coordinates": [ [ -122.191111719365011, 44.229200612068496 ], [ -122.191074214683965, 44.229816660569391 ], [ -122.190812913696021, 44.230377203281499 ], [ -122.190672908276994, 44.230513720570301 ] ] } },
{ "type": "Feature", "properties": { "OBJECTID_1": 418, "OBJECTID": 21917, "Permanent_": "{568574A9-5FB1-4AEF-994E-F420A8B481F2}", "FDate": 1476576000000, "Resolution": 2, "GNIS_ID": " ", "GNIS_Name": " ", "LengthKM": 0.3039888, "ReachCode": "17090004023001", "FlowDir": 1, "WBArea_Per": " ", "FType": 460, "FCode": 46006, "MainPath": 0, "InNetwork": 1, "Visibility": 0, "Shape_Leng": 0.00348448, "Enabled": 1, "GlobalID": "5062bfd8-8779-415a-8af8-4a874ade9894", "Width": null, "Shape__Length": 304.20976010743533 }, "geometry": { "type": "LineString", "coordinates": [ [ -122.170744645766007, 44.263667302184999 ], [ -122.17101457571701, 44.263556507078391 ], [ -122.171576706257014, 44.263629959339504 ], [ -122.171905034478016, 44.263571006664698 ], [ -122.17212269789799, 44.263733933804403 ], [ -122.172244643513011, 44.263758845850994 ], [ -122.172514802845001, 44.263665197904402 ], [ -122.172947747953998, 44.263598093322187 ], [ -122.173223044942006, 44.263482609743498 ], [ -122.173373057010011, 44.263365168253401 ], [ -122.173484333839994, 44.263012086278295 ], [ -122.173716566965012, 44.262853968262895 ] ] } },
{ "type": "Feature", "properties": { "OBJECTID_1": 419, "OBJECTID": 2407, "Permanent_": "161200568", "FDate": 1464220800000, "Resolution": 2, "GNIS_ID": " ", "GNIS_Name": " ", "LengthKM": 0.31901163, "ReachCode": "17090004000583", "FlowDir": 1, "WBArea_Per": " ", "FType": 460, "FCode": 46006, "MainPath": 0, "InNetwork": 1, "Visibility": 0, "Shape_Leng": 0.00309534, "Enabled": 1, "GlobalID": "6081e896-be91-4da5-9e1d-16383383ef04", "Width": null, "Shape__Length": 318.28502953949572 }, "geometry": { "type": "LineString", "coordinates": [ [ -122.17994422888502, 44.25464508296789 ], [ -122.179886200641008, 44.254536870657994 ], [ -122.179925898118, 44.2541232803692 ], [ -122.180285922593001, 44.253761303595894 ], [ -122.180591135742006, 44.253617856871784 ], [ -122.180777179947, 44.253468818203999 ], [ -122.181040856147007, 44.253001336761201 ], [ -122.181151397772993, 44.252093552289807 ] ] } },
{ "type": "Feature", "properties": { "OBJECTID_1": 420, "OBJECTID": 2404, "Permanent_": "{95D38899-55D7-41F1-AEA6-C4E4900837FC}", "FDate": 1464220800000, "Resolution": 2, "GNIS_ID": " ", "GNIS_Name": " ", "LengthKM": 0.28534323, "ReachCode": "17090004022876", "FlowDir": 1, "WBArea_Per": " ", "FType": 460, "FCode": 46003, "MainPath": 0, "InNetwork": 1, "Visibility": 0, "Shape_Leng": 0.00271663, "Enabled": 1, "GlobalID": "d8918979-9e31-45bb-b174-b1edd72e9920", "Width": null, "Shape__Length": 284.59588908745474 }, "geometry": { "type": "LineString", "coordinates": [ [ -122.184912278685005, 44.23754471858549 ], [ -122.185055268321008, 44.237342255043892 ], [ -122.185139167163996, 44.237019726580698 ], [ -122.185452668037001, 44.236734300573396 ], [ -122.18571212378302, 44.2363276955057 ], [ -122.185886740163014, 44.235581911484296 ], [ -122.185712133653013, 44.235171986857296 ] ] } },
{ "type": "Feature", "properties": { "OBJECTID_1": 421, "OBJECTID": 6292, "Permanent_": "{9A4FD0D1-FC5D-48EA-8F6D-F60C24C5A1D4}", "FDate": 1464220800000, "Resolution": 2, "GNIS_ID": " ", "GNIS_Name": " ", "LengthKM": 0.18180258, "ReachCode": "17090004023108", "FlowDir": 1, "WBArea_Per": " ", "FType": 460, "FCode": 46003, "MainPath": 0, "InNetwork": 1, "Visibility": 0, "Shape_Leng": 0.00218662, "Enabled": 1, "GlobalID": "11e6e1dc-fe0f-43dc-adde-671a70056e6c", "Width": null, "Shape__Length": 182.11343296816935 }, "geometry": { "type": "LineString", "coordinates": [ [ -122.186250228431007, 44.258143279438798 ], [ -122.185348466968009, 44.258120250980696 ], [ -122.184966822804995, 44.257989396716702 ], [ -122.184440188611987, 44.257709874503504 ], [ -122.184282465649005, 44.257695349901397 ], [ -122.184175263844011, 44.257745489501502 ] ] } },
{ "type": "Feature", "properties": { "OBJECTID_1": 422, "OBJECTID": 17920, "Permanent_": "{3E48F8F4-E028-4800-A1AD-739DE1156926}", "FDate": 1464220800000, "Resolution": 2, "GNIS_ID": " ", "GNIS_Name": " ", "LengthKM": 0.83557054, "ReachCode": "17090004022767", "FlowDir": 1, "WBArea_Per": " ", "FType": 460, "FCode": 46003, "MainPath": 0, "InNetwork": 1, "Visibility": 0, "Shape_Leng": 0.0093554, "Enabled": 1, "GlobalID": "1953e38f-67f2-4437-8df3-df85d0108b4f", "Width": null, "Shape__Length": 835.81673014941498 }, "geometry": { "type": "LineString", "coordinates": [ [ -122.196279429072021, 44.236427158038801 ], [ -122.196423825001006, 44.236196968622309 ], [ -122.196437990066002, 44.236020617184806 ], [ -122.196358458373993, 44.235734639222585 ], [ -122.196179399101993, 44.235500534544094 ], [ -122.196193340535004, 44.235251422885383 ], [ -122.196062199771006, 44.235011643807994 ], [ -122.196064131019, 44.234844416464902 ], [ -122.196367319519993, 44.234472754093808 ], [ -122.196662719030002, 44.234369033627004 ], [ -122.196862054603017, 44.234197746575596 ], [ -122.197040772709002, 44.234169180172103 ], [ -122.197321449727994, 44.234225098569901 ], [ -122.197653963324996, 44.234170124399995 ], [ -122.197900631963009, 44.234234889338701 ], [ -122.198203771166021, 44.234006037216183 ], [ -122.198453501219007, 44.234018602583788 ], [ -122.198849370549013, 44.233907627150209 ], [ -122.19919539470402, 44.233983034526901 ], [ -122.199424329688, 44.23397571805819 ], [ -122.199685598925981, 44.233859499114999 ], [ -122.200115076076003, 44.23382917417689 ], [ -122.200382885257994, 44.23373123344021 ], [ -122.200588517503007, 44.233594463170697 ], [ -122.20084239821, 44.233542108386594 ], [ -122.201158130151995, 44.233287203142794 ], [ -122.20161723444798, 44.233284937181701 ], [ -122.201970421476986, 44.233156473738596 ], [ -122.202155011819983, 44.233034484397095 ], [ -122.20240985246302, 44.233004041911698 ], [ -122.202970208108013, 44.2328388655936 ] ] } },
{ "type": "Feature", "properties": { "OBJECTID_1": 423, "OBJECTID": 6406, "Permanent_": "{C5652198-FD2C-4EA3-B72E-132EBC0E1275}", "FDate": 1464220800000, "Resolution": 2, "GNIS_ID": "01123660", "GNIS_Name": "Mack Creek", "LengthKM": 0.06568201, "ReachCode": "17090004000629", "FlowDir": 1, "WBArea_Per": " ", "FType": 460, "FCode": 46006, "MainPath": 0, "InNetwork": 1, "Visibility": 0, "Shape_Leng": 0.00061978, "Enabled": 1, "GlobalID": "e965017b-6d50-4324-9d4a-15d320403a17", "Width": 1.0, "Shape__Length": 65.500143365426155 }, "geometry": { "type": "LineString", "coordinates": [ [ -122.16757302683402, 44.2233873244123 ], [ -122.167674589146003, 44.223501874841894 ], [ -122.167820826602011, 44.223940359118302 ] ] } },
{ "type": "Feature", "properties": { "OBJECTID_1": 424, "OBJECTID": 17676, "Permanent_": "{0A5A1B80-8B1A-42BF-9D11-754B16483304}", "FDate": 1464220800000, "Resolution": 2, "GNIS_ID": " ", "GNIS_Name": " ", "LengthKM": 0.01212553, "ReachCode": "17090004022695", "FlowDir": 1, "WBArea_Per": "108067939", "FType": 558, "FCode": 55800, "MainPath": 0, "InNetwork": 1, "Visibility": 0, "Shape_Leng": 0.00011926, "Enabled": 1, "GlobalID": "3a9b6724-b64e-47fa-af22-8facde9695fa", "Width": null, "Shape__Length": 12.099262004244739 }, "geometry": { "type": "LineString", "coordinates": [ [ -122.23913694334901, 44.223905859179602 ], [ -122.239067340795017, 44.223809260096893 ] ] } },
{ "type": "Feature", "properties": { "OBJECTID_1": 425, "OBJECTID": 6017, "Permanent_": "{241D8679-BC8F-4341-9D46-12E0BDE5130A}", "FDate": 1464220800000, "Resolution": 2, "GNIS_ID": " ", "GNIS_Name": " ", "LengthKM": 0.05784011, "ReachCode": "17090004022742", "FlowDir": 1, "WBArea_Per": " ", "FType": 460, "FCode": 46003, "MainPath": 0, "InNetwork": 1, "Visibility": 0, "Shape_Leng": 0.00072376, "Enabled": 1, "GlobalID": "5c531123-d8c3-4441-9740-d44c43f2b857", "Width": null, "Shape__Length": 57.995053145373873 }, "geometry": { "type": "LineString", "coordinates": [ [ -122.220126989294002, 44.238732328240189 ], [ -122.219405934166005, 44.238719631651797 ] ] } },
{ "type": "Feature", "properties": { "OBJECTID_1": 426, "OBJECTID": 10472, "Permanent_": "161200766", "FDate": 1464220800000, "Resolution": 2, "GNIS_ID": "01123461", "GNIS_Name": "Lookout Creek", "LengthKM": 0.49410442, "ReachCode": "17090004000324", "FlowDir": 1, "WBArea_Per": " ", "FType": 460, "FCode": 46006, "MainPath": 0, "InNetwork": 1, "Visibility": 0, "Shape_Leng": 0.00592619, "Enabled": 1, "GlobalID": "674905bc-fdcb-49de-8442-5248f7ee1536", "Width": 1.0, "Shape__Length": 494.94772130557351 }, "geometry": { "type": "LineString", "coordinates": [ [ -122.138045902421013, 44.231454645578189 ], [ -122.138439978716008, 44.231396256017895 ], [ -122.139357380500002, 44.231034080045504 ], [ -122.140143693480979, 44.230992975753693 ], [ -122.140332468972986, 44.231018082003807 ], [ -122.140568704670002, 44.23088583925 ], [ -122.141186082333007, 44.231145769552093 ], [ -122.141628199726, 44.231270009948808 ], [ -122.141892534142997, 44.231317706605104 ], [ -122.142314810574007, 44.231264745422905 ], [ -122.142568438371001, 44.231477672629097 ], [ -122.142745139549987, 44.231543047023003 ], [ -122.143095665762004, 44.231554444324303 ], [ -122.143431622444993, 44.231648075590108 ], [ -122.143639862808001, 44.231608578230293 ] ] } },
{ "type": "Feature", "properties": { "OBJECTID_1": 427, "OBJECTID": 29915, "Permanent_": "{4AEE99BF-FC10-4A81-A98D-CA6D76F30AB1}", "FDate": 1464220800000, "Resolution": 2, "GNIS_ID": " ", "GNIS_Name": " ", "LengthKM": 0.49812526, "ReachCode": "17090004022848", "FlowDir": 1, "WBArea_Per": " ", "FType": 460, "FCode": 46003, "MainPath": 0, "InNetwork": 1, "Visibility": 0, "Shape_Leng": 0.00578258, "Enabled": 1, "GlobalID": "53300eed-e0d7-47dd-9f75-c694e40baedf", "Width": null, "Shape__Length": 498.63491077697654 }, "geometry": { "type": "LineString", "coordinates": [ [ -122.17267353085002, 44.223010398403801 ], [ -122.171872125595002, 44.223279192173692 ], [ -122.171271223936998, 44.223554278802396 ], [ -122.171156982510013, 44.22352837711729 ], [ -122.170465052941012, 44.223032516398 ], [ -122.170128441827018, 44.222869767102296 ], [ -122.169340368513005, 44.222782133111203 ], [ -122.167982175725996, 44.222817190324498 ], [ -122.167794926932018, 44.222926099345294 ], [ -122.167755982092018, 44.223161729130091 ], [ -122.16757302683402, 44.2233873244123 ] ] } },
{ "type": "Feature", "properties": { "OBJECTID_1": 428, "OBJECTID": 2552, "Permanent_": "161200465", "FDate": 1464220800000, "Resolution": 2, "GNIS_ID": "01135972", "GNIS_Name": "Nostoc Creek", "LengthKM": 1.08551902, "ReachCode": "17090004003747", "FlowDir": 1, "WBArea_Per": " ", "FType": 460, "FCode": 46006, "MainPath": 0, "InNetwork": 1, "Visibility": 0, "Shape_Leng": 0.01167605, "Enabled": 1, "GlobalID": "c9be36fd-8e75-4193-a532-ed17dba4ba8f", "Width": 1.0, "Shape__Length": 1084.9808406212376 }, "geometry": { "type": "LineString", "coordinates": [ [ -122.159155749340997, 44.238080342506798 ], [ -122.159501506313006, 44.237523736587399 ], [ -122.160046168414993, 44.236995114600198 ], [ -122.160297984113001, 44.236825772794994 ], [ -122.160768430003003, 44.236671737835792 ], [ -122.161194417590011, 44.236645803819897 ], [ -122.162341167734013, 44.236242490534103 ], [ -122.162460051999005, 44.235870862216203 ], [ -122.162643910426979, 44.23566520703779 ], [ -122.162715133101997, 44.235270842786598 ], [ -122.162916217643996, 44.235104979318692 ], [ -122.162972236403988, 44.234988558245796 ], [ -122.16296794612002, 44.234804565332801 ], [ -122.162843096043005, 44.234524595352596 ], [ -122.162860215036986, 44.234394064049283 ], [ -122.163260102356006, 44.233783254486994 ], [ -122.163534553382007, 44.233520850308999 ], [ -122.164219104072004, 44.233034898718508 ], [ -122.165212641205983, 44.2325919711841 ], [ -122.165514462163003, 44.23231164433551 ], [ -122.165597385359007, 44.231966196427393 ], [ -122.165819183978002, 44.231800851782182 ], [ -122.166563167536992, 44.231700173522903 ], [ -122.167398251848994, 44.231659465205603 ] ] } },
{ "type": "Feature", "properties": { "OBJECTID_1": 429, "OBJECTID": 14219, "Permanent_": "{CD8C3F78-F9C6-4460-81A4-B3D5B0A0FBCA}", "FDate": 1464220800000, "Resolution": 2, "GNIS_ID": " ", "GNIS_Name": " ", "LengthKM": 0.12597083, "ReachCode": "17090004022805", "FlowDir": 1, "WBArea_Per": " ", "FType": 460, "FCode": 46003, "MainPath": 0, "InNetwork": 1, "Visibility": 0, "Shape_Leng": 0.00152699, "Enabled": 1, "GlobalID": "359bdf15-542d-45e9-83cc-450a0f28167e", "Width": null, "Shape__Length": 126.22056313355492 }, "geometry": { "type": "LineString", "coordinates": [ [ -122.148329481991993, 44.20763267271829 ], [ -122.149278596673, 44.207789024551197 ], [ -122.149795904034008, 44.2080013538598 ] ] } },
{ "type": "Feature", "properties": { "OBJECTID_1": 430, "OBJECTID": 2689, "Permanent_": "{66E950D6-7294-4570-A868-BEAD804C6321}", "FDate": 1464220800000, "Resolution": 2, "GNIS_ID": " ", "GNIS_Name": " ", "LengthKM": 0.09199407, "ReachCode": "17090004023148", "FlowDir": 1, "WBArea_Per": " ", "FType": 460, "FCode": 46003, "MainPath": 0, "InNetwork": 1, "Visibility": 0, "Shape_Leng": 0.00112045, "Enabled": 1, "GlobalID": "ad9c853d-13d9-4741-904c-8043e8fa77d9", "Width": null, "Shape__Length": 92.175870852383298 }, "geometry": { "type": "LineString", "coordinates": [ [ -122.146352154978004, 44.271694266212798 ], [ -122.145476370180006, 44.271584592298993 ], [ -122.145272018759002, 44.271476550926096 ] ] } },
{ "type": "Feature", "properties": { "OBJECTID_1": 431, "OBJECTID": 26186, "Permanent_": "108055849", "FDate": 1464220800000, "Resolution": 2, "GNIS_ID": "01123461", "GNIS_Name": "Lookout Creek", "LengthKM": 0.07804452, "ReachCode": "17090004000324", "FlowDir": 1, "WBArea_Per": " ", "FType": 460, "FCode": 46006, "MainPath": 0, "InNetwork": 1, "Visibility": 0, "Shape_Leng": 0.00091286, "Enabled": 1, "GlobalID": "ab59bb68-b9ce-4caf-8ea0-535521efc844", "Width": 1.0, "Shape__Length": 78.13596772343557 }, "geometry": { "type": "LineString", "coordinates": [ [ -122.147791207383008, 44.232994466767209 ], [ -122.148214770762991, 44.23305197959759 ], [ -122.148421090762014, 44.233221393557997 ], [ -122.148614117592004, 44.233290045158796 ] ] } },
{ "type": "Feature", "properties": { "OBJECTID_1": 432, "OBJECTID": 25532, "Permanent_": "{BB9A29BD-120C-4AE2-9DA8-E9A0CD6788B4}", "FDate": 1464220800000, "Resolution": 2, "GNIS_ID": " ", "GNIS_Name": " ", "LengthKM": 0.01111473, "ReachCode": "17090004022699", "FlowDir": 1, "WBArea_Per": "108067939", "FType": 558, "FCode": 55800, "MainPath": 0, "InNetwork": 1, "Visibility": 0, "Shape_Leng": 0.00010071, "Enabled": 1, "GlobalID": "a6c07b35-5d4e-4341-ba4c-7218c0119e85", "Width": null, "Shape__Length": 11.077310804917424 }, "geometry": { "type": "LineString", "coordinates": [ [ -122.239315644407014, 44.223689012336706 ], [ -122.239314195362994, 44.223590369757105 ] ] } },
{ "type": "Feature", "properties": { "OBJECTID_1": 433, "OBJECTID": 21915, "Permanent_": "{7A919B06-F703-451A-9014-BCD45E89AFBC}", "FDate": 1464220800000, "Resolution": 2, "GNIS_ID": " ", "GNIS_Name": " ", "LengthKM": 0.26654042, "ReachCode": "17090004023107", "FlowDir": 1, "WBArea_Per": " ", "FType": 460, "FCode": 46003, "MainPath": 0, "InNetwork": 1, "Visibility": 0, "Shape_Leng": 0.00322985, "Enabled": 1, "GlobalID": "41411430-f33f-4896-be3b-d16a7954f7ba", "Width": null, "Shape__Length": 267.04365005067422 }, "geometry": { "type": "LineString", "coordinates": [ [ -122.184175263844011, 44.257745489501502 ], [ -122.18366855557899, 44.25782173569479 ], [ -122.182878143509996, 44.257660640689302 ], [ -122.182106475179992, 44.257718855241983 ], [ -122.181788397211008, 44.257497855618197 ], [ -122.181084795313012, 44.257294848451394 ] ] } },
{ "type": "Feature", "properties": { "OBJECTID_1": 434, "OBJECTID": 17925, "Permanent_": "{EB1E0AA5-E475-4190-9412-3C647769FC08}", "FDate": 1464220800000, "Resolution": 2, "GNIS_ID": " ", "GNIS_Name": " ", "LengthKM": 0.06399574, "ReachCode": "17090004023024", "FlowDir": 1, "WBArea_Per": " ", "FType": 460, "FCode": 46003, "MainPath": 0, "InNetwork": 1, "Visibility": 0, "Shape_Leng": 0.00078562, "Enabled": 1, "GlobalID": "545a0a3e-e6f4-4873-8bc4-9917d0ed1c00", "Width": null, "Shape__Length": 64.138046742982766 }, "geometry": { "type": "LineString", "coordinates": [ [ -122.206983792901994, 44.241745144042902 ], [ -122.206397312392994, 44.241732975394712 ], [ -122.206219879402013, 44.241803280304005 ] ] } },
{ "type": "Feature", "properties": { "OBJECTID_1": 435, "OBJECTID": 26297, "Permanent_": "161200015", "FDate": 1464220800000, "Resolution": 2, "GNIS_ID": " ", "GNIS_Name": " ", "LengthKM": 0.81705888, "ReachCode": "17090004014583", "FlowDir": 1, "WBArea_Per": " ", "FType": 460, "FCode": 46003, "MainPath": 0, "InNetwork": 1, "Visibility": 0, "Shape_Leng": 0.00979135, "Enabled": 1, "GlobalID": "98c4fa45-16b3-48f9-b9b7-cf409f5600e8", "Width": null, "Shape__Length": 818.45799501132933 }, "geometry": { "type": "LineString", "coordinates": [ [ -122.107837182792011, 44.221681530397994 ], [ -122.108121406428992, 44.221764254090587 ], [ -122.108674972121989, 44.221802549997911 ], [ -122.108852630514008, 44.221759078039284 ], [ -122.109256424839003, 44.221518516415806 ], [ -122.109910405234999, 44.2214561978818 ], [ -122.110254677667001, 44.2212858353532 ], [ -122.110526752453012, 44.221236536489499 ], [ -122.111164753798008, 44.221211316080996 ], [ -122.111726426315002, 44.221288165763099 ], [ -122.112491919335, 44.221270445742995 ], [ -122.112770072198003, 44.221178679583204 ], [ -122.113419371294, 44.220843772654895 ], [ -122.113712018757013, 44.220536585357401 ], [ -122.114458068122019, 44.220230540790602 ], [ -122.115220388744987, 44.2201921264978 ], [ -122.116101992913997, 44.220608197106792 ], [ -122.117062232674996, 44.220744901999311 ] ] } },
{ "type": "Feature", "properties": { "OBJECTID_1": 436, "OBJECTID": 2408, "Permanent_": "{CAB59ACF-2A9D-44F7-97A1-C1259344A790}", "FDate": 1464220800000, "Resolution": 2, "GNIS_ID": " ", "GNIS_Name": " ", "LengthKM": 0.35600527, "ReachCode": "17090004023051", "FlowDir": 1, "WBArea_Per": " ", "FType": 460, "FCode": 46003, "MainPath": 0, "InNetwork": 1, "Visibility": 0, "Shape_Leng": 0.00420955, "Enabled": 1, "GlobalID": "f1a8c024-98ea-4af3-82f1-64faa2b8df2a", "Width": null, "Shape__Length": 356.48192145232429 }, "geometry": { "type": "LineString", "coordinates": [ [ -122.179796261407006, 44.246249678748192 ], [ -122.180509222227982, 44.246685458905901 ], [ -122.181486115794002, 44.246976043490399 ], [ -122.182240598785995, 44.247305194984889 ], [ -122.182767441848995, 44.247385567368802 ], [ -122.18370432845802, 44.247680469809502 ] ] } },
{ "type": "Feature", "properties": { "OBJECTID_1": 437, "OBJECTID": 14108, "Permanent_": "{82767416-F32D-4E4F-92DE-76C4809E8000}", "FDate": 1464220800000, "Resolution": 2, "GNIS_ID": " ", "GNIS_Name": " ", "LengthKM": 0.02320368, "ReachCode": "17090004023008", "FlowDir": 1, "WBArea_Per": " ", "FType": 460, "FCode": 46006, "MainPath": 0, "InNetwork": 1, "Visibility": 0, "Shape_Leng": 0.00028573, "Enabled": 1, "GlobalID": "9ee19ad0-4b35-4321-a1f5-8569c9b8afc6", "Width": null, "Shape__Length": 23.255482518286506 }, "geometry": { "type": "LineString", "coordinates": [ [ -122.173716566965012, 44.262853968262895 ], [ -122.173996192486001, 44.262795207340403 ] ] } },
{ "type": "Feature", "properties": { "OBJECTID_1": 438, "OBJECTID": 25516, "Permanent_": "{3034ECAF-7F52-47FB-B601-914759AAE2AF}", "FDate": 1464220800000, "Resolution": 2, "GNIS_ID": " ", "GNIS_Name": " ", "LengthKM": 0.34769161, "ReachCode": "17090004022666", "FlowDir": 1, "WBArea_Per": " ", "FType": 460, "FCode": 46003, "MainPath": 0, "InNetwork": 1, "Visibility": 0, "Shape_Leng": 0.00376048, "Enabled": 1, "GlobalID": "e53eb6f7-86c6-4e8a-822e-b3d8a56b92bf", "Width": null, "Shape__Length": 347.53369151500027 }, "geometry": { "type": "LineString", "coordinates": [ [ -122.247511623519003, 44.207272635711 ], [ -122.247864763346996, 44.207214320629795 ], [ -122.248362710585013, 44.207017113980001 ], [ -122.248847188357999, 44.206449383337599 ], [ -122.249173127828016, 44.206173314944003 ], [ -122.249471919541008, 44.205736939706497 ], [ -122.250075232661004, 44.205310523798197 ], [ -122.250440046264998, 44.205121981790107 ] ] } },
{ "type": "Feature", "properties": { "OBJECTID_1": 439, "OBJECTID": 2800, "Permanent_": "{FFE46C88-A892-44FD-9C3F-5EE79403DACD}", "FDate": 1464220800000, "Resolution": 2, "GNIS_ID": "01123461", "GNIS_Name": "Lookout Creek", "LengthKM": 0.13282174, "ReachCode": "17090004000324", "FlowDir": 1, "WBArea_Per": " ", "FType": 460, "FCode": 46006, "MainPath": 0, "InNetwork": 1, "Visibility": 0, "Shape_Leng": 0.00148119, "Enabled": 1, "GlobalID": "e9bfddbb-1fe4-4ee6-b5e8-c910110a97c4", "Width": 1.0, "Shape__Length": 132.84095371266355 }, "geometry": { "type": "LineString", "coordinates": [ [ -122.122681592057006, 44.226263638208692 ], [ -122.12307544259501, 44.226368482355191 ], [ -122.123355229360001, 44.226548441569001 ], [ -122.123612687489995, 44.226818087137801 ], [ -122.123924125545003, 44.227004775426003 ] ] } },
{ "type": "Feature", "properties": { "OBJECTID_1": 440, "OBJECTID": 10606, "Permanent_": "161200619", "FDate": 1464220800000, "Resolution": 2, "GNIS_ID": "01123461", "GNIS_Name": "Lookout Creek", "LengthKM": 0.16707147, "ReachCode": "17090004000324", "FlowDir": 1, "WBArea_Per": " ", "FType": 460, "FCode": 46006, "MainPath": 0, "InNetwork": 1, "Visibility": 0, "Shape_Leng": 0.00161614, "Enabled": 1, "GlobalID": "d99186cc-c55c-43e8-9aa5-493bf638120d", "Width": 1.0, "Shape__Length": 166.67515030990842 }, "geometry": { "type": "LineString", "coordinates": [ [ -122.115745906737018, 44.215806039696709 ], [ -122.115727079520013, 44.216061971994094 ], [ -122.115577145955996, 44.216236190541984 ], [ -122.115362742043018, 44.216354704188099 ], [ -122.115265430433993, 44.216501581262783 ], [ -122.11549456822101, 44.217151274553999 ] ] } },
{ "type": "Feature", "properties": { "OBJECTID_1": 441, "OBJECTID": 22149, "Permanent_": "{DE1FCC6F-3D12-48DB-913A-64F07A93C9E7}", "FDate": 1464220800000, "Resolution": 2, "GNIS_ID": " ", "GNIS_Name": " ", "LengthKM": 0.3853153, "ReachCode": "17090004024528", "FlowDir": 1, "WBArea_Per": " ", "FType": 460, "FCode": 46003, "MainPath": 0, "InNetwork": 1, "Visibility": 0, "Shape_Leng": 0.00376102, "Enabled": 1, "GlobalID": "8a559ee4-3059-414b-b53b-b2970455fce7", "Width": null, "Shape__Length": 384.46801899966613 }, "geometry": { "type": "LineString", "coordinates": [ [ -122.135802294191009, 44.251411150792102 ], [ -122.135757564862004, 44.251157788797492 ], [ -122.136066209305994, 44.2505228996475 ], [ -122.136044530644014, 44.250197901650296 ], [ -122.13636140386302, 44.249847493045898 ], [ -122.136441320091009, 44.249475325335396 ], [ -122.136688507578, 44.249148870125303 ], [ -122.137016104959017, 44.249009549663192 ], [ -122.137519063046, 44.248355598073388 ] ] } },
{ "type": "Feature", "properties": { "OBJECTID_1": 442, "OBJECTID": 22296, "Permanent_": "{CBCFC998-3DB1-4D60-8013-888FB9B8F0B3}", "FDate": 1464220800000, "Resolution": 2, "GNIS_ID": " ", "GNIS_Name": " ", "LengthKM": 0.53699463, "ReachCode": "17090004022938", "FlowDir": 1, "WBArea_Per": " ", "FType": 460, "FCode": 46003, "MainPath": 0, "InNetwork": 1, "Visibility": 0, "Shape_Leng": 0.00647302, "Enabled": 1, "GlobalID": "e40d4972-0c79-4c07-bdc2-6c9acbb765aa", "Width": null, "Shape__Length": 537.99605901477094 }, "geometry": { "type": "LineString", "coordinates": [ [ -122.108389228410999, 44.211756976402292 ], [ -122.108906610022999, 44.211960318893809 ], [ -122.109514477842993, 44.212097548538082 ], [ -122.110350133674999, 44.212102568970586 ], [ -122.110934690547012, 44.211962788960001 ], [ -122.111726651040001, 44.211944333751099 ], [ -122.113018955154018, 44.212116335896404 ], [ -122.113242728695994, 44.212188018671689 ], [ -122.113634511700994, 44.212405911285607 ], [ -122.113928014777997, 44.212657503369996 ], [ -122.114342150599015, 44.212789076442199 ], [ -122.114538012837016, 44.212922982457798 ] ] } },
{ "type": "Feature", "properties": { "OBJECTID_1": 443, "OBJECTID": 25827, "Permanent_": "{A7B7D1D2-5472-4781-A76D-5665C8759E1B}", "FDate": 1464220800000, "Resolution": 2, "GNIS_ID": " ", "GNIS_Name": " ", "LengthKM": 0.86737407, "ReachCode": "17090004023046", "FlowDir": 1, "WBArea_Per": " ", "FType": 460, "FCode": 46003, "MainPath": 0, "InNetwork": 1, "Visibility": 0, "Shape_Leng": 0.00914926, "Enabled": 1, "GlobalID": "5e022b9c-50e2-4074-a08c-fd846cbc35a8", "Width": null, "Shape__Length": 866.64776082188746 }, "geometry": { "type": "LineString", "coordinates": [ [ -122.203464212789001, 44.24651191533119 ], [ -122.203115130044011, 44.24633466926209 ], [ -122.202597049760996, 44.246217484274197 ], [ -122.202312737832017, 44.2459885239359 ], [ -122.20203215897601, 44.24590113564949 ], [ -122.201407377433014, 44.245533163109002 ], [ -122.201377632642007, 44.2451490225572 ], [ -122.201189059259008, 44.244770746078899 ], [ -122.201203782874003, 44.244426846039993 ], [ -122.201035854438999, 44.244250997969907 ], [ -122.199892972892002, 44.243851119622803 ], [ -122.199292701909016, 44.243791542616691 ], [ -122.198965249147008, 44.243694698947394 ], [ -122.198456800772007, 44.243307676742099 ], [ -122.198143578319005, 44.242594114596002 ], [ -122.198119172312019, 44.242182226913201 ], [ -122.198024245135002, 44.241830353057701 ], [ -122.198075290410017, 44.241245432282504 ], [ -122.197991355145007, 44.241137326130392 ], [ -122.197731000369998, 44.241003651005499 ] ] } },
{ "type": "Feature", "properties": { "OBJECTID_1": 444, "OBJECTID": 29513, "Permanent_": "{ADDC35CD-0F12-42DD-8AD6-1D9C8B8CFF96}", "FDate": 1464220800000, "Resolution": 2, "GNIS_ID": " ", "GNIS_Name": " ", "LengthKM": 0.22530464, "ReachCode": "17090004022701", "FlowDir": 1, "WBArea_Per": " ", "FType": 460, "FCode": 46003, "MainPath": 0, "InNetwork": 1, "Visibility": 0, "Shape_Leng": 0.00224813, "Enabled": 1, "GlobalID": "7d7874a4-1801-4624-8d48-cb206af94bac", "Width": null, "Shape__Length": 224.88099265290106 }, "geometry": { "type": "LineString", "coordinates": [ [ -122.240075727293004, 44.227043987818789 ], [ -122.240065079006001, 44.2268325838428 ], [ -122.239776869050019, 44.226189023011386 ], [ -122.239602723844996, 44.225926747040802 ], [ -122.239367888477005, 44.225670629072091 ], [ -122.238811583063011, 44.225323885245594 ] ] } },
{ "type": "Feature", "properties": { "OBJECTID_1": 445, "OBJECTID": 14326, "Permanent_": "{8D339CC5-196C-404F-A3CC-33F7AAD78F70}", "FDate": 1464220800000, "Resolution": 2, "GNIS_ID": " ", "GNIS_Name": " ", "LengthKM": 0.26864606, "ReachCode": "17090004022977", "FlowDir": 1, "WBArea_Per": " ", "FType": 460, "FCode": 46003, "MainPath": 0, "InNetwork": 1, "Visibility": 0, "Shape_Leng": 0.00242434, "Enabled": 1, "GlobalID": "726e10b2-3394-43b0-b319-2ee4518eeaa9", "Width": null, "Shape__Length": 267.74036026968957 }, "geometry": { "type": "LineString", "coordinates": [ [ -122.130846876202, 44.240768302552809 ], [ -122.130723133198018, 44.239552948826997 ], [ -122.130708355799001, 44.238855277782001 ], [ -122.130764732939014, 44.238594556490391 ], [ -122.130708326987005, 44.238373381046401 ] ] } },
{ "type": "Feature", "properties": { "OBJECTID_1": 446, "OBJECTID": 10078, "Permanent_": "{91B342BB-07B0-4704-8ECE-8AC083BA90D7}", "FDate": 1464220800000, "Resolution": 2, "GNIS_ID": " ", "GNIS_Name": " ", "LengthKM": 0.22984532, "ReachCode": "17090004022768", "FlowDir": 1, "WBArea_Per": " ", "FType": 460, "FCode": 46003, "MainPath": 0, "InNetwork": 1, "Visibility": 0, "Shape_Leng": 0.00271447, "Enabled": 1, "GlobalID": "eca624f9-81b2-44fc-a44b-e549d6423e92", "Width": null, "Shape__Length": 230.16507619399076 }, "geometry": { "type": "LineString", "coordinates": [ [ -122.208790615002002, 44.236563405097193 ], [ -122.208460300874009, 44.236548796840893 ], [ -122.207948759093995, 44.2363776121801 ], [ -122.206913023488994, 44.236344432944605 ], [ -122.206612032031003, 44.2361368800618 ], [ -122.206389044513998, 44.236052205332797 ], [ -122.206351673341999, 44.235864765579102 ] ] } },
{ "type": "Feature", "properties": { "OBJECTID_1": 447, "OBJECTID": 9686, "Permanent_": "{B9D438A7-3FDF-4128-A4BB-E832C7B09385}", "FDate": 1464220800000, "Resolution": 2, "GNIS_ID": " ", "GNIS_Name": " ", "LengthKM": 0.23501447, "ReachCode": "17090004023201", "FlowDir": 1, "WBArea_Per": " ", "FType": 460, "FCode": 46003, "MainPath": 0, "InNetwork": 1, "Visibility": 0, "Shape_Leng": 0.00290183, "Enabled": 1, "GlobalID": "50fcc101-91fe-477a-b2f6-4417c0787a6b", "Width": null, "Shape__Length": 23.207287441354037 }, "geometry": { "type": "LineString", "coordinates": [ [ -122.261262351655006, 44.216880748582994 ], [ -122.261506484782998, 44.216770013787908 ] ] } },
{ "type": "Feature", "properties": { "OBJECTID_1": 448, "OBJECTID": 22056, "Permanent_": "{1D960D74-4AC5-4A06-A43C-75AA3F4F0015}", "FDate": 1464220800000, "Resolution": 2, "GNIS_ID": " ", "GNIS_Name": " ", "LengthKM": 0.06964981, "ReachCode": "17090004022894", "FlowDir": 1, "WBArea_Per": " ", "FType": 460, "FCode": 46003, "MainPath": 0, "InNetwork": 1, "Visibility": 0, "Shape_Leng": 0.00083577, "Enabled": 1, "GlobalID": "c77c14ec-6b0f-4e21-9c20-7e87d497c028", "Width": null, "Shape__Length": 69.767611465214287 }, "geometry": { "type": "LineString", "coordinates": [ [ -122.158699745549981, 44.2386199307103 ], [ -122.15887298730901, 44.238624626798483 ], [ -122.159220938505996, 44.238794332879408 ], [ -122.159491134278014, 44.238838581016196 ] ] } },
{ "type": "Feature", "properties": { "OBJECTID_1": 449, "OBJECTID": 29921, "Permanent_": "{6529AA61-3733-4425-88E1-1DF0AF4D294E}", "FDate": 1464220800000, "Resolution": 2, "GNIS_ID": " ", "GNIS_Name": " ", "LengthKM": 0.21217231, "ReachCode": "17090004023029", "FlowDir": 1, "WBArea_Per": " ", "FType": 460, "FCode": 46003, "MainPath": 0, "InNetwork": 1, "Visibility": 0, "Shape_Leng": 0.0021286, "Enabled": 1, "GlobalID": "59a41d2e-b0b1-4fb9-b6cb-ecfc031daed5", "Width": null, "Shape__Length": 211.78984868598809 }, "geometry": { "type": "LineString", "coordinates": [ [ -122.181702801388994, 44.242146093546197 ], [ -122.182125297395999, 44.242773985917808 ], [ -122.182563814157007, 44.243135280785303 ], [ -122.183030024936997, 44.2437711027547 ] ] } },
{ "type": "Feature", "properties": { "OBJECTID_1": 450, "OBJECTID": 13967, "Permanent_": "{EDC3E4A5-50D9-4223-B4CD-63C46BC64CA8}", "FDate": 1464220800000, "Resolution": 2, "GNIS_ID": " ", "GNIS_Name": " ", "LengthKM": 0.40870942, "ReachCode": "17090004024531", "FlowDir": 1, "WBArea_Per": " ", "FType": 460, "FCode": 46003, "MainPath": 0, "InNetwork": 1, "Visibility": 0, "Shape_Leng": 0.00391114, "Enabled": 1, "GlobalID": "5eab0c4d-dc71-4075-9e87-c27a8d10c74a", "Width": null, "Shape__Length": 407.68939924500188 }, "geometry": { "type": "LineString", "coordinates": [ [ -122.192411156755014, 44.253515579547603 ], [ -122.192450612358002, 44.253309522199295 ], [ -122.192965931751999, 44.25262022190411 ], [ -122.193400363166006, 44.251775192448207 ], [ -122.193364218050988, 44.251268100294098 ], [ -122.193282363476996, 44.251196974939504 ], [ -122.19304463136001, 44.251140194141399 ], [ -122.192974827418993, 44.251055949766297 ], [ -122.192897724, 44.250184414668695 ] ] } },
{ "type": "Feature", "properties": { "OBJECTID_1": 451, "OBJECTID": 6616, "Permanent_": "{C02A5B7A-0CEC-4614-8D93-A65DF12A4806}", "FDate": 1464220800000, "Resolution": 2, "GNIS_ID": " ", "GNIS_Name": " ", "LengthKM": 0.21293301, "ReachCode": "17090004022939", "FlowDir": 1, "WBArea_Per": " ", "FType": 460, "FCode": 46003, "MainPath": 0, "InNetwork": 1, "Visibility": 0, "Shape_Leng": 0.00197036, "Enabled": 1, "GlobalID": "ecde751e-79b4-45b7-8b9d-d8510027f880", "Width": null, "Shape__Length": 212.27890507962331 }, "geometry": { "type": "LineString", "coordinates": [ [ -122.115851957474021, 44.21288915449729 ], [ -122.115835962296998, 44.213038660213208 ], [ -122.115486533080983, 44.213745570921702 ], [ -122.115553876750013, 44.214452066410409 ], [ -122.115456027519002, 44.2147319348108 ] ] } },
{ "type": "Feature", "properties": { "OBJECTID_1": 452, "OBJECTID": 25950, "Permanent_": "{838DC4AE-16DA-49AE-B621-B6D4989FC2DA}", "FDate": 1464220800000, "Resolution": 2, "GNIS_ID": " ", "GNIS_Name": " ", "LengthKM": 0.3097238, "ReachCode": "17090004022869", "FlowDir": 1, "WBArea_Per": " ", "FType": 460, "FCode": 46003, "MainPath": 0, "InNetwork": 1, "Visibility": 0, "Shape_Leng": 0.002826, "Enabled": 1, "GlobalID": "ae8f0e6c-3752-4b17-b470-a47fe3b6425e", "Width": null, "Shape__Length": 308.72122494793098 }, "geometry": { "type": "LineString", "coordinates": [ [ -122.178457421131995, 44.236514424663504 ], [ -122.178463752547003, 44.23585878267329 ], [ -122.178239289145992, 44.2353495744944 ], [ -122.178374877518991, 44.234344415105099 ], [ -122.178254268421, 44.233787901459607 ] ] } },
{ "type": "Feature", "properties": { "OBJECTID_1": 453, "OBJECTID": 17798, "Permanent_": "{BAA251DD-5549-4586-BF7A-55F5B827F644}", "FDate": 1464220800000, "Resolution": 2, "GNIS_ID": " ", "GNIS_Name": " ", "LengthKM": 0.17956973, "ReachCode": "17090004022726", "FlowDir": 1, "WBArea_Per": " ", "FType": 460, "FCode": 46003, "MainPath": 0, "InNetwork": 1, "Visibility": 0, "Shape_Leng": 0.00165844, "Enabled": 1, "GlobalID": "3a882c17-2291-4e83-8f59-34da39490846", "Width": null, "Shape__Length": 179.01428695643887 }, "geometry": { "type": "LineString", "coordinates": [ [ -122.214817596184005, 44.223979330851797 ], [ -122.214907221811998, 44.224622338283993 ], [ -122.215046435505016, 44.224932425582395 ], [ -122.215103636229003, 44.225232735397306 ], [ -122.215295430555003, 44.225537431539507 ] ] } },
{ "type": "Feature", "properties": { "OBJECTID_1": 454, "OBJECTID": 14314, "Permanent_": "{AC71E7A3-1A50-41B1-8B6E-9749D3A8F258}", "FDate": 1464220800000, "Resolution": 2, "GNIS_ID": "01123660", "GNIS_Name": "Mack Creek", "LengthKM": 0.16543198, "ReachCode": "17090004000629", "FlowDir": 1, "WBArea_Per": " ", "FType": 460, "FCode": 46006, "MainPath": 0, "InNetwork": 1, "Visibility": 0, "Shape_Leng": 0.0018083, "Enabled": 1, "GlobalID": "42b3ff2b-9d4b-40f7-a65b-149c59402e4c", "Width": 1.0, "Shape__Length": 165.39432248890733 }, "geometry": { "type": "LineString", "coordinates": [ [ -122.143270025316014, 44.211275029321399 ], [ -122.143393402477002, 44.2110281303639 ], [ -122.143671204710017, 44.210805331733802 ], [ -122.144065654216007, 44.210632961646603 ], [ -122.144403090835993, 44.21037525808589 ], [ -122.14470208096202, 44.210288788236397 ] ] } },
{ "type": "Feature", "properties": { "OBJECTID_1": 455, "OBJECTID": 29775, "Permanent_": "161200535", "FDate": 1464220800000, "Resolution": 2, "GNIS_ID": "01123461", "GNIS_Name": "Lookout Creek", "LengthKM": 0.25861551, "ReachCode": "17090004000322", "FlowDir": 1, "WBArea_Per": " ", "FType": 460, "FCode": 46006, "MainPath": 0, "InNetwork": 1, "Visibility": 0, "Shape_Leng": 0.00314203, "Enabled": 1, "GlobalID": "26924412-382b-4107-b12b-da322585d39d", "Width": 1.0, "Shape__Length": 259.1345695275383 }, "geometry": { "type": "LineString", "coordinates": [ [ -122.190364604191018, 44.232722512561494 ], [ -122.190527215884984, 44.232778493084709 ], [ -122.191158440431991, 44.232750771094494 ], [ -122.191471082974005, 44.232867912825697 ], [ -122.192609813732005, 44.23296742717789 ], [ -122.192975917801988, 44.23305588599159 ], [ -122.193198819871995, 44.2330250718542 ], [ -122.193375718300004, 44.2328505470064 ] ] } },
{ "type": "Feature", "properties": { "OBJECTID_1": 456, "OBJECTID": 2561, "Permanent_": "{139CAB7B-C205-4787-AF16-FE23F40D82DA}", "FDate": 1464220800000, "Resolution": 2, "GNIS_ID": " ", "GNIS_Name": " ", "LengthKM": 0.21401828, "ReachCode": "17090004023066", "FlowDir": 1, "WBArea_Per": " ", "FType": 460, "FCode": 46003, "MainPath": 0, "InNetwork": 1, "Visibility": 0, "Shape_Leng": 0.00254956, "Enabled": 1, "GlobalID": "822cee0c-af74-4075-84f8-696e44cec977", "Width": null, "Shape__Length": 214.34848161107962 }, "geometry": { "type": "LineString", "coordinates": [ [ -122.158318037215011, 44.250025880436894 ], [ -122.159278917647995, 44.250182902158492 ], [ -122.159900022337013, 44.250137555131388 ], [ -122.160080572092014, 44.250243247558203 ], [ -122.160350479501005, 44.250512291362 ], [ -122.160689322956998, 44.250591919144895 ] ] } },
{ "type": "Feature", "properties": { "OBJECTID_1": 457, "OBJECTID": 9807, "Permanent_": "{0ACBD47C-784D-4795-B11D-689A63E84CAD}", "FDate": 1464220800000, "Resolution": 2, "GNIS_ID": " ", "GNIS_Name": " ", "LengthKM": 0.4740706, "ReachCode": "17090004022783", "FlowDir": 1, "WBArea_Per": " ", "FType": 460, "FCode": 46003, "MainPath": 0, "InNetwork": 1, "Visibility": 0, "Shape_Leng": 0.0043552, "Enabled": 1, "GlobalID": "0e3338dd-c0b3-46c6-9d7f-02927253c4c2", "Width": null, "Shape__Length": 472.56116517262615 }, "geometry": { "type": "LineString", "coordinates": [ [ -122.250277273359998, 44.21990726753301 ], [ -122.250196505253996, 44.218681222648193 ], [ -122.249952515147001, 44.21816178802549 ], [ -122.249830395399982, 44.217588475342389 ], [ -122.249847573870014, 44.217395096187701 ], [ -122.249977614697016, 44.217175095754101 ], [ -122.249893606109012, 44.216882350685594 ], [ -122.250007635204994, 44.216580142673401 ], [ -122.250024548203996, 44.216285805841892 ], [ -122.250197862487013, 44.215957929015794 ], [ -122.250168332825993, 44.215768352198999 ] ] } },
{ "type": "Feature", "properties": { "OBJECTID_1": 458, "OBJECTID": 2246, "Permanent_": "{846CE8A0-D218-43E8-894A-4E64D2677435}", "FDate": 1464220800000, "Resolution": 2, "GNIS_ID": " ", "GNIS_Name": " ", "LengthKM": 0.31750812, "ReachCode": "17090004022871", "FlowDir": 1, "WBArea_Per": " ", "FType": 460, "FCode": 46003, "MainPath": 0, "InNetwork": 1, "Visibility": 0, "Shape_Leng": 0.00296067, "Enabled": 1, "GlobalID": "944bc717-f55f-490f-a4d9-a6c072aecf2a", "Width": null, "Shape__Length": 316.57858429024446 }, "geometry": { "type": "LineString", "coordinates": [ [ -122.194017108364008, 44.236579471593217 ], [ -122.194013169420998, 44.23644860609199 ], [ -122.194128453684002, 44.2362470772444 ], [ -122.194256403625005, 44.235804859293097 ], [ -122.194274477952021, 44.235399943063683 ], [ -122.194105079363013, 44.235018460183092 ], [ -122.194168452539017, 44.234623723703706 ], [ -122.194472355841995, 44.234291235843592 ], [ -122.194571313159003, 44.233861919667191 ] ] } },
{ "type": "Feature", "properties": { "OBJECTID_1": 459, "OBJECTID": 18439, "Permanent_": "{7F78A300-5BCE-47A3-A259-1884834579CF}", "FDate": 1464220800000, "Resolution": 2, "GNIS_ID": " ", "GNIS_Name": " ", "LengthKM": 0.16997945, "ReachCode": "17090004022943", "FlowDir": 1, "WBArea_Per": " ", "FType": 460, "FCode": 46003, "MainPath": 0, "InNetwork": 1, "Visibility": 0, "Shape_Leng": 0.00212403, "Enabled": 1, "GlobalID": "6eb3c155-707e-4ed5-9f9d-f7d4f29027de", "Width": null, "Shape__Length": 170.4394487542238 }, "geometry": { "type": "LineString", "coordinates": [ [ -122.125427280998011, 44.219000822383798 ], [ -122.124711070003002, 44.219030002288598 ], [ -122.123986343748015, 44.218991329609111 ], [ -122.123530555683004, 44.21906984644891 ], [ -122.123313714611001, 44.219059977889891 ] ] } },
{ "type": "Feature", "properties": { "OBJECTID_1": 460, "OBJECTID": 2245, "Permanent_": "108055921", "FDate": 1464220800000, "Resolution": 2, "GNIS_ID": " ", "GNIS_Name": " ", "LengthKM": 0.47632078, "ReachCode": "17090004003748", "FlowDir": 1, "WBArea_Per": " ", "FType": 460, "FCode": 46003, "MainPath": 0, "InNetwork": 1, "Visibility": 0, "Shape_Leng": 0.00442135, "Enabled": 1, "GlobalID": "53121cbd-799a-4aac-9dea-c28e21e0d9ce", "Width": null, "Shape__Length": 474.89537266133425 }, "geometry": { "type": "LineString", "coordinates": [ [ -122.195282874307011, 44.222911156958695 ], [ -122.19504635381, 44.223868891179997 ], [ -122.195068759382991, 44.224469684784701 ], [ -122.194970810895001, 44.224966290486996 ], [ -122.194911031592994, 44.22503455765149 ], [ -122.194680560473998, 44.225110671483691 ], [ -122.194449097717012, 44.225508882774399 ], [ -122.194391550909998, 44.226147936671794 ], [ -122.194487594792008, 44.22650098195561 ], [ -122.194460198158993, 44.226975815298303 ] ] } },
{ "type": "Feature", "properties": { "OBJECTID_1": 461, "OBJECTID": 18211, "Permanent_": "{379AF0C6-3EC1-4713-A525-4D79B5214FD9}", "FDate": 1464220800000, "Resolution": 2, "GNIS_ID": " ", "GNIS_Name": " ", "LengthKM": 0.56827135, "ReachCode": "17090004023105", "FlowDir": 1, "WBArea_Per": " ", "FType": 460, "FCode": 46003, "MainPath": 0, "InNetwork": 1, "Visibility": 0, "Shape_Leng": 0.00683751, "Enabled": 1, "GlobalID": "99c82ffa-1c95-42b1-8560-044621388965", "Width": null, "Shape__Length": 569.25296766230497 }, "geometry": { "type": "LineString", "coordinates": [ [ -122.160516821252003, 44.257198661473495 ], [ -122.160714862612011, 44.257239447604398 ], [ -122.161049072470021, 44.257431838842891 ], [ -122.161537049234994, 44.257570796562497 ], [ -122.162180118897993, 44.25757889576461 ], [ -122.162809107566005, 44.257498759731206 ], [ -122.163236621018015, 44.257536985359707 ], [ -122.164041733478996, 44.257906817996492 ], [ -122.164663338707982, 44.257779320961298 ], [ -122.165606076947, 44.257765148599596 ], [ -122.165824403912012, 44.257670026762796 ], [ -122.166291244869981, 44.257343168900995 ], [ -122.166826567664998, 44.257501506395485 ], [ -122.167002181732002, 44.257487217275397 ] ] } },
{ "type": "Feature", "properties": { "OBJECTID_1": 462, "OBJECTID": 2806, "Permanent_": "{D6DE226B-C1B2-4297-B148-2CDB00CBEAE9}", "FDate": 1464220800000, "Resolution": 2, "GNIS_ID": " ", "GNIS_Name": " ", "LengthKM": 0.71654588, "ReachCode": "17090004022941", "FlowDir": 1, "WBArea_Per": " ", "FType": 460, "FCode": 46003, "MainPath": 0, "InNetwork": 1, "Visibility": 0, "Shape_Leng": 0.00890742, "Enabled": 1, "GlobalID": "4378d8e4-f8d6-4fc4-8f0c-929233b67dc5", "Width": null, "Shape__Length": 718.39664887914535 }, "geometry": { "type": "LineString", "coordinates": [ [ -122.10711990303399, 44.218847644823498 ], [ -122.107700267624011, 44.218774620527398 ], [ -122.109358151981979, 44.218732707462699 ], [ -122.110572653294994, 44.218633870859406 ], [ -122.111579914798, 44.218663065633699 ], [ -122.112279158155005, 44.218579332144202 ], [ -122.112617459465, 44.218579810770194 ], [ -122.113110091276013, 44.218665236585714 ], [ -122.113725723472001, 44.218621846209693 ], [ -122.114476784198985, 44.218689264157405 ], [ -122.114842000956983, 44.218505639000696 ], [ -122.115928089614002, 44.218384600139494 ] ] } },
{ "type": "Feature", "properties": { "OBJECTID_1": 463, "OBJECTID": 10227, "Permanent_": "{6C479269-DFCA-415C-8C99-96CF25B68E8C}", "FDate": 1464220800000, "Resolution": 2, "GNIS_ID": "01123461", "GNIS_Name": "Lookout Creek", "LengthKM": 0.18668525, "ReachCode": "17090004000322", "FlowDir": 1, "WBArea_Per": " ", "FType": 460, "FCode": 46006, "MainPath": 0, "InNetwork": 1, "Visibility": 0, "Shape_Leng": 0.00227231, "Enabled": 1, "GlobalID": "85be98ec-1657-4085-b525-f60162dab664", "Width": 1.0, "Shape__Length": 187.06715980130193 }, "geometry": { "type": "LineString", "coordinates": [ [ -122.188178074212999, 44.232459202056397 ], [ -122.188898966335998, 44.232388633920301 ], [ -122.189426296176009, 44.232467861012601 ], [ -122.189933268678018, 44.232474119595494 ], [ -122.190090586767994, 44.232525684086205 ], [ -122.190364604191018, 44.232722512561494 ] ] } },
{ "type": "Feature", "properties": { "OBJECTID_1": 464, "OBJECTID": 26072, "Permanent_": "108055971", "FDate": 1464220800000, "Resolution": 2, "GNIS_ID": " ", "GNIS_Name": " ", "LengthKM": 0.1913681, "ReachCode": "17090004003766", "FlowDir": 1, "WBArea_Per": " ", "FType": 460, "FCode": 46003, "MainPath": 0, "InNetwork": 1, "Visibility": 0, "Shape_Leng": 0.00181168, "Enabled": 1, "GlobalID": "df965e5d-ee7d-4c6e-8ff4-7f05dcc281bd", "Width": null, "Shape__Length": 190.84278744034847 }, "geometry": { "type": "LineString", "coordinates": [ [ -122.162823653201002, 44.212516911748395 ], [ -122.162365204018997, 44.213404407665799 ], [ -122.162145110967003, 44.214012360424789 ], [ -122.162033619694014, 44.214123887434702 ] ] } },
{ "type": "Feature", "properties": { "OBJECTID_1": 465, "OBJECTID": 26295, "Permanent_": "{572D6723-AA60-4518-8878-71A0F4914A69}", "FDate": 1464220800000, "Resolution": 2, "GNIS_ID": "01123461", "GNIS_Name": "Lookout Creek", "LengthKM": 0.0850849, "ReachCode": "17090004000324", "FlowDir": 1, "WBArea_Per": " ", "FType": 460, "FCode": 46006, "MainPath": 0, "InNetwork": 1, "Visibility": 0, "Shape_Leng": 0.00081889, "Enabled": 1, "GlobalID": "8ed12dcb-1d7f-4086-8c6f-4f20e8be445b", "Width": 1.0, "Shape__Length": 84.877858313629886 }, "geometry": { "type": "LineString", "coordinates": [ [ -122.11566487802402, 44.217696844403989 ], [ -122.115732629652001, 44.2178640907484 ], [ -122.115951246218017, 44.218028332676191 ], [ -122.115928089614002, 44.218384600139494 ] ] } },
{ "type": "Feature", "properties": { "OBJECTID_1": 466, "OBJECTID": 30048, "Permanent_": "{5AD04247-87CF-45C8-B6D9-CFE51AFA5C83}", "FDate": 1464220800000, "Resolution": 2, "GNIS_ID": " ", "GNIS_Name": " ", "LengthKM": 0.06061268, "ReachCode": "17090004022851", "FlowDir": 1, "WBArea_Per": " ", "FType": 460, "FCode": 46003, "MainPath": 0, "InNetwork": 1, "Visibility": 0, "Shape_Leng": 0.00055536, "Enabled": 1, "GlobalID": "f7799252-5995-4ace-9771-19ff20343ba7", "Width": null, "Shape__Length": 60.41750376846754 }, "geometry": { "type": "LineString", "coordinates": [ [ -122.150800057908, 44.209568984652989 ], [ -122.150819815820995, 44.210099408928507 ] ] } },
{ "type": "Feature", "properties": { "OBJECTID_1": 467, "OBJECTID": 5999, "Permanent_": "{CFE4FDA7-88A4-426A-8D84-CAE31BCAE786}", "FDate": 1464220800000, "Resolution": 2, "GNIS_ID": " ", "GNIS_Name": " ", "LengthKM": 0.35469252, "ReachCode": "17090004022716", "FlowDir": 1, "WBArea_Per": " ", "FType": 460, "FCode": 46003, "MainPath": 0, "InNetwork": 1, "Visibility": 0, "Shape_Leng": 0.00385673, "Enabled": 1, "GlobalID": "4daed850-119d-4986-a70d-97ab4d34db56", "Width": null, "Shape__Length": 354.57765768617367 }, "geometry": { "type": "LineString", "coordinates": [ [ -122.232291650798004, 44.233618706203487 ], [ -122.232229720652995, 44.233234229562093 ], [ -122.231805618123005, 44.2327033300541 ], [ -122.231527595270009, 44.232574957191801 ], [ -122.230758186973006, 44.232376461697399 ], [ -122.230461644675984, 44.232257970288906 ], [ -122.230273716965996, 44.232153619293406 ], [ -122.229712542356012, 44.231664795205198 ], [ -122.229355865787014, 44.231492173772793 ] ] } },
{ "type": "Feature", "properties": { "OBJECTID_1": 468, "OBJECTID": 2251, "Permanent_": "{5664849F-C55C-450B-9752-6DB6C836839F}", "FDate": 1464220800000, "Resolution": 2, "GNIS_ID": " ", "GNIS_Name": " ", "LengthKM": 0.21781217, "ReachCode": "17090004023041", "FlowDir": 1, "WBArea_Per": " ", "FType": 460, "FCode": 46003, "MainPath": 0, "InNetwork": 1, "Visibility": 0, "Shape_Leng": 0.00228285, "Enabled": 1, "GlobalID": "f78c8663-4448-4920-8491-5fd3d9f2a4be", "Width": null, "Shape__Length": 217.59921242381554 }, "geometry": { "type": "LineString", "coordinates": [ [ -122.203414522103998, 44.245418597371 ], [ -122.20298742984599, 44.245315799949516 ], [ -122.202235002091015, 44.244858186850799 ], [ -122.201874391122004, 44.24397793855951 ] ] } },
{ "type": "Feature", "properties": { "OBJECTID_1": 469, "OBJECTID": 5885, "Permanent_": "161200746", "FDate": 1464220800000, "Resolution": 2, "GNIS_ID": " ", "GNIS_Name": " ", "LengthKM": 0.14522739, "ReachCode": "17090004003757", "FlowDir": 1, "WBArea_Per": " ", "FType": 460, "FCode": 46003, "MainPath": 0, "InNetwork": 1, "Visibility": 0, "Shape_Leng": 0.00173543, "Enabled": 1, "GlobalID": "5a508981-c901-4c4c-a322-0acf79439d54", "Width": null, "Shape__Length": 145.46205063213893 }, "geometry": { "type": "LineString", "coordinates": [ [ -122.234693184362015, 44.215059767410096 ], [ -122.236330145791001, 44.215602873429511 ] ] } },
{ "type": "Feature", "properties": { "OBJECTID_1": 470, "OBJECTID": 25518, "Permanent_": "161200822", "FDate": 1464220800000, "Resolution": 2, "GNIS_ID": " ", "GNIS_Name": " ", "LengthKM": 0.89178406, "ReachCode": "17090004003760", "FlowDir": 1, "WBArea_Per": " ", "FType": 460, "FCode": 46006, "MainPath": 0, "InNetwork": 1, "Visibility": 0, "Shape_Leng": 0.01022724, "Enabled": 1, "GlobalID": "b225ff21-ec0b-40ad-b00b-03dcc1fc00a6", "Width": null, "Shape__Length": 892.45851178685825 }, "geometry": { "type": "LineString", "coordinates": [ [ -122.243861463938998, 44.21148448693549 ], [ -122.244371982521002, 44.211678604064801 ], [ -122.24492457376401, 44.212066836680691 ], [ -122.245105854138984, 44.212370246295499 ], [ -122.245323116265013, 44.212604809447789 ], [ -122.245838122736998, 44.212753640384094 ], [ -122.246227315683001, 44.212802748263108 ], [ -122.246972914000011, 44.213071744350401 ], [ -122.247510844676981, 44.213376005186191 ], [ -122.247781817160998, 44.213683574641792 ], [ -122.248495973726008, 44.213905516621502 ], [ -122.248643836262005, 44.214096598873091 ], [ -122.248707295470993, 44.214298955083798 ], [ -122.248892302908999, 44.214419639889599 ], [ -122.24904970090401, 44.214607437827503 ], [ -122.249205448600009, 44.214617815862006 ], [ -122.249435186692992, 44.214536348076102 ], [ -122.249716384348986, 44.214514430635198 ], [ -122.249982216551004, 44.214366032619893 ], [ -122.250134998594021, 44.214336237672796 ], [ -122.250929789330002, 44.214656815415609 ], [ -122.251175846788001, 44.214710825179594 ], [ -122.251661952096001, 44.214730462156709 ], [ -122.252006731094994, 44.214660423212088 ], [ -122.252423192490014, 44.214694475000691 ], [ -122.252749686157983, 44.214588038659407 ] ] } },
{ "type": "Feature", "properties": { "OBJECTID_1": 471, "OBJECTID": 6415, "Permanent_": "161200829", "FDate": 1464220800000, "Resolution": 2, "GNIS_ID": "01123461", "GNIS_Name": "Lookout Creek", "LengthKM": 0.73163661, "ReachCode": "17090004000323", "FlowDir": 1, "WBArea_Per": " ", "FType": 460, "FCode": 46006, "MainPath": 0, "InNetwork": 1, "Visibility": 0, "Shape_Leng": 0.00873105, "Enabled": 1, "GlobalID": "8df65038-a4c6-4801-8d90-2290424100ca", "Width": 1.0, "Shape__Length": 732.80161906981505 }, "geometry": { "type": "LineString", "coordinates": [ [ -122.148614117592004, 44.233290045158796 ], [ -122.149188519865987, 44.233702153337795 ], [ -122.149421336791008, 44.2337431641756 ], [ -122.149671366644981, 44.23391097376151 ], [ -122.149803406573994, 44.233941554334898 ], [ -122.15090671492699, 44.233970703911503 ], [ -122.151182074272995, 44.233905269378802 ], [ -122.151680800731015, 44.233895899044803 ], [ -122.15195816815401, 44.233804343318099 ], [ -122.152429771160996, 44.233865260912111 ], [ -122.152824046091993, 44.233782513915806 ], [ -122.153146296054999, 44.2338067701873 ], [ -122.153619355358998, 44.233770019799692 ], [ -122.154024896578008, 44.233707376856195 ], [ -122.154895681626002, 44.233113120442901 ], [ -122.155109299236997, 44.233085329804801 ], [ -122.155424727046992, 44.233113865088697 ], [ -122.155834062716011, 44.232914634117598 ], [ -122.156794428495019, 44.232614330384997 ] ] } },
{ "type": "Feature", "properties": { "OBJECTID_1": 472, "OBJECTID": 9816, "Permanent_": "{2F0834B5-8940-4DE8-ACCF-68707290D03D}", "FDate": 1464220800000, "Resolution": 2, "GNIS_ID": " ", "GNIS_Name": " ", "LengthKM": 0.35238256, "ReachCode": "17090004022686", "FlowDir": 1, "WBArea_Per": " ", "FType": 460, "FCode": 46003, "MainPath": 0, "InNetwork": 1, "Visibility": 0, "Shape_Leng": 0.00389053, "Enabled": 1, "GlobalID": "d1a4aa20-3611-4c49-8f03-f1fb3a41a4f2", "Width": null, "Shape__Length": 352.38967361290008 }, "geometry": { "type": "LineString", "coordinates": [ [ -122.234323848954006, 44.218625413002492 ], [ -122.234610198541006, 44.218731600979091 ], [ -122.235295913261012, 44.219132761984397 ], [ -122.235867455033002, 44.219296746213203 ], [ -122.236649236516001, 44.219387369722398 ], [ -122.236890848263016, 44.219498698100402 ], [ -122.237193130498994, 44.2198786355506 ], [ -122.237303163065008, 44.220508523114404 ] ] } },
{ "type": "Feature", "properties": { "OBJECTID_1": 473, "OBJECTID": 18441, "Permanent_": "161200798", "FDate": 1464220800000, "Resolution": 2, "GNIS_ID": "01123461", "GNIS_Name": "Lookout Creek", "LengthKM": 0.25211216, "ReachCode": "17090004000324", "FlowDir": 1, "WBArea_Per": " ", "FType": 460, "FCode": 46006, "MainPath": 0, "InNetwork": 1, "Visibility": 0, "Shape_Leng": 0.00262001, "Enabled": 1, "GlobalID": "7c7dd5dd-1e03-4775-ae38-daa936123004", "Width": 1.0, "Shape__Length": 251.82897382621081 }, "geometry": { "type": "LineString", "coordinates": [ [ -122.118975043271021, 44.223036411972991 ], [ -122.119467337702005, 44.223402311829894 ], [ -122.119877250733992, 44.223554437532393 ], [ -122.120147926588004, 44.22382784454539 ], [ -122.120454698098015, 44.223918935556291 ], [ -122.120528149432999, 44.224267378255298 ], [ -122.120466573, 44.22474195041719 ] ] } },
{ "type": "Feature", "properties": { "OBJECTID_1": 474, "OBJECTID": 18215, "Permanent_": "{30CA841C-F46B-4A83-AE95-BFEE0DFD0C43}", "FDate": 1464220800000, "Resolution": 2, "GNIS_ID": " ", "GNIS_Name": " ", "LengthKM": 0.37590976, "ReachCode": "17090004023112", "FlowDir": 1, "WBArea_Per": " ", "FType": 460, "FCode": 46003, "MainPath": 0, "InNetwork": 1, "Visibility": 0, "Shape_Leng": 0.00459893, "Enabled": 1, "GlobalID": "4f7800fb-b1c8-47c8-890f-660e46dceda5", "Width": null, "Shape__Length": 376.69817621971822 }, "geometry": { "type": "LineString", "coordinates": [ [ -122.14705714089402, 44.258980279543295 ], [ -122.147815577832986, 44.259023585831805 ], [ -122.148092735616999, 44.259088179573894 ], [ -122.148797360428986, 44.259141906891209 ], [ -122.149202236662006, 44.259245479494702 ], [ -122.149745141829982, 44.259290250959701 ], [ -122.150066645107017, 44.259368602576394 ], [ -122.151216192364998, 44.259826644029403 ], [ -122.151520140330007, 44.259818863755498 ] ] } },
{ "type": "Feature", "properties": { "OBJECTID_1": 475, "OBJECTID": 21900, "Permanent_": "{74621312-7BBF-4FAA-9214-4B639EDF61BE}", "FDate": 1464220800000, "Resolution": 2, "GNIS_ID": " ", "GNIS_Name": " ", "LengthKM": 0.77620355, "ReachCode": "17090004022874", "FlowDir": 1, "WBArea_Per": " ", "FType": 460, "FCode": 46003, "MainPath": 0, "InNetwork": 1, "Visibility": 0, "Shape_Leng": 0.00761187, "Enabled": 1, "GlobalID": "b8278190-8751-4988-89fc-57ce0151ce17", "Width": null, "Shape__Length": 774.56707116223083 }, "geometry": { "type": "LineString", "coordinates": [ [ -122.181110204625995, 44.237106039145999 ], [ -122.181569579628999, 44.237010642933896 ], [ -122.182044424381004, 44.236765331429801 ], [ -122.182674666554007, 44.236075845997291 ], [ -122.182851159730006, 44.235750563156799 ], [ -122.182847634409001, 44.234961924751794 ], [ -122.183095243083002, 44.234507598984408 ], [ -122.183030187753005, 44.234190812032409 ], [ -122.183137759298006, 44.2335134811727 ], [ -122.183330494279005, 44.233326637451398 ], [ -122.183415122245989, 44.233138524558292 ], [ -122.183408661472015, 44.232849087624707 ], [ -122.183620320024986, 44.232354303729608 ], [ -122.183516861094006, 44.231775162620487 ], [ -122.183423202309996, 44.231718600877898 ], [ -122.183114641583003, 44.231666432790703 ], [ -122.183018030024982, 44.231596890511099 ], [ -122.183066371081011, 44.231330412634399 ], [ -122.183003382462999, 44.231140353768311 ] ] } },
{ "type": "Feature", "properties": { "OBJECTID_1": 476, "OBJECTID": 26198, "Permanent_": "{478A5AD2-11DD-4517-83EE-A1966AA5BBB9}", "FDate": 1464220800000, "Resolution": 2, "GNIS_ID": " ", "GNIS_Name": " ", "LengthKM": 0.98321862, "ReachCode": "17090004023161", "FlowDir": 1, "WBArea_Per": " ", "FType": 460, "FCode": 46003, "MainPath": 0, "InNetwork": 1, "Visibility": 0, "Shape_Leng": 0.01054527, "Enabled": 1, "GlobalID": "a3a0915a-036b-48d2-b042-76205e236601", "Width": null, "Shape__Length": 982.65044743907333 }, "geometry": { "type": "LineString", "coordinates": [ [ -122.13880583936502, 44.276984469817201 ], [ -122.138641717259006, 44.2769074554745 ], [ -122.138191779980005, 44.276871904566498 ], [ -122.137852918511996, 44.276760361938095 ], [ -122.13721616500402, 44.276428867752699 ], [ -122.136786926414999, 44.275919977665801 ], [ -122.136646337670996, 44.275625026881798 ], [ -122.136616272664, 44.274948681596008 ], [ -122.136874168156979, 44.274661930810396 ], [ -122.137582018740986, 44.274043539901903 ], [ -122.138652723966985, 44.273509905419104 ], [ -122.139261375211021, 44.27330921677629 ], [ -122.140370270047001, 44.272309927053499 ], [ -122.140952785181, 44.272037146878006 ], [ -122.141231430868004, 44.271973898884902 ], [ -122.141604235887996, 44.271764533367296 ], [ -122.141721952312011, 44.271611763734903 ], [ -122.141831981368995, 44.271155279427909 ], [ -122.142112768326996, 44.2708127940259 ] ] } },
{ "type": "Feature", "properties": { "OBJECTID_1": 477, "OBJECTID": 29774, "Permanent_": "161200263", "FDate": 1464220800000, "Resolution": 2, "GNIS_ID": " ", "GNIS_Name": " ", "LengthKM": 0.31072383, "ReachCode": "17090004014530", "FlowDir": 1, "WBArea_Per": " ", "FType": 460, "FCode": 46003, "MainPath": 0, "InNetwork": 1, "Visibility": 0, "Shape_Leng": 0.00307071, "Enabled": 1, "GlobalID": "16516ad5-430d-456c-b901-2571bdb5fec8", "Width": null, "Shape__Length": 310.09031817900609 }, "geometry": { "type": "LineString", "coordinates": [ [ -122.193127680445002, 44.224550322430893 ], [ -122.193366096757998, 44.224867512808792 ], [ -122.194041995839001, 44.225419092267103 ], [ -122.193999104195015, 44.225914976309291 ], [ -122.193927327187978, 44.22610405228189 ], [ -122.193976838962996, 44.226484103121699 ], [ -122.194091723902005, 44.226679725155194 ], [ -122.194460198158993, 44.226975815298303 ] ] } },
{ "type": "Feature", "properties": { "OBJECTID_1": 478, "OBJECTID": 18079, "Permanent_": "{30CA6704-F333-4A1A-9376-19FDCA36C66F}", "FDate": 1464220800000, "Resolution": 2, "GNIS_ID": " ", "GNIS_Name": " ", "LengthKM": 0.33678907, "ReachCode": "17090004000583", "FlowDir": 1, "WBArea_Per": " ", "FType": 460, "FCode": 46006, "MainPath": 0, "InNetwork": 1, "Visibility": 0, "Shape_Leng": 0.00329549, "Enabled": 1, "GlobalID": "e02213f6-7125-43da-8b76-86347d3ae917", "Width": null, "Shape__Length": 336.06626565565438 }, "geometry": { "type": "LineString", "coordinates": [ [ -122.181084795313012, 44.257294848451394 ], [ -122.180718889606993, 44.256727743313803 ], [ -122.180301269392018, 44.256442911230295 ], [ -122.180138366916012, 44.256245312034409 ], [ -122.180076341021007, 44.256029536573195 ], [ -122.180213663670983, 44.255832180743994 ], [ -122.180265961238007, 44.255626365718598 ], [ -122.180229202541994, 44.254838277415494 ], [ -122.180123885136013, 44.254702714795201 ], [ -122.17994422888502, 44.25464508296789 ] ] } },
{ "type": "Feature", "properties": { "OBJECTID_1": 479, "OBJECTID": 26296, "Permanent_": "{AED7EA36-D9E7-439E-9FC0-F03ADC13CC21}", "FDate": 1464220800000, "Resolution": 2, "GNIS_ID": " ", "GNIS_Name": " ", "LengthKM": 1.01409511, "ReachCode": "17090004022950", "FlowDir": 1, "WBArea_Per": " ", "FType": 460, "FCode": 46003, "MainPath": 0, "InNetwork": 1, "Visibility": 0, "Shape_Leng": 0.01215693, "Enabled": 1, "GlobalID": "641bf9cf-fdba-4852-b3c6-ccbce29f5c89", "Width": null, "Shape__Length": 1015.8343439615079 }, "geometry": { "type": "LineString", "coordinates": [ [ -122.109010663945995, 44.22602721664699 ], [ -122.110162146099995, 44.226089233471001 ], [ -122.110755332626979, 44.225928237722592 ], [ -122.111260196206999, 44.225908673218008 ], [ -122.11217116295002, 44.225729756344791 ], [ -122.112747662112994, 44.225695611373411 ], [ -122.11354712467201, 44.225522305019403 ], [ -122.114144715064981, 44.225451609135099 ], [ -122.114912629231014, 44.225176360971801 ], [ -122.115590074332005, 44.224830935508592 ], [ -122.115838355613988, 44.224633479764094 ], [ -122.11604678512802, 44.224355364903403 ], [ -122.116297441705001, 44.224169873670903 ], [ -122.117013679766018, 44.224032859645 ], [ -122.117376907360992, 44.2240148083701 ], [ -122.117816878621994, 44.224102384512598 ], [ -122.118108138585995, 44.223976672109586 ], [ -122.118301778925996, 44.223974598987695 ], [ -122.119044931641, 44.224150625057895 ], [ -122.120278641763008, 44.224600621695387 ], [ -122.120466573, 44.22474195041719 ] ] } },
{ "type": "Feature", "properties": { "OBJECTID_1": 480, "OBJECTID": 26078, "Permanent_": "161200618", "FDate": 1464220800000, "Resolution": 2, "GNIS_ID": "01123660", "GNIS_Name": "Mack Creek", "LengthKM": 0.19559699, "ReachCode": "17090004000629", "FlowDir": 1, "WBArea_Per": " ", "FType": 460, "FCode": 46006, "MainPath": 0, "InNetwork": 1, "Visibility": 0, "Shape_Leng": 0.00182524, "Enabled": 1, "GlobalID": "61801837-9185-4f81-90ad-c5dbf349d005", "Width": 1.0, "Shape__Length": 195.0241349642379 }, "geometry": { "type": "LineString", "coordinates": [ [ -122.167820714192018, 44.2258934435866 ], [ -122.168034719298007, 44.226322068395596 ], [ -122.168035593298995, 44.226703920687804 ], [ -122.168118886301997, 44.226974355436802 ], [ -122.168342294091985, 44.227259650818603 ], [ -122.168322046127017, 44.227566106565185 ] ] } },
{ "type": "Feature", "properties": { "OBJECTID_1": 481, "OBJECTID": 13819, "Permanent_": "161200698", "FDate": 1464220800000, "Resolution": 2, "GNIS_ID": " ", "GNIS_Name": " ", "LengthKM": 0.83226635, "ReachCode": "17090004003752", "FlowDir": 1, "WBArea_Per": " ", "FType": 460, "FCode": 46006, "MainPath": 0, "InNetwork": 1, "Visibility": 0, "Shape_Leng": 0.00826693, "Enabled": 1, "GlobalID": "39eea6e6-2555-4b31-8af8-23753ee48c1a", "Width": null, "Shape__Length": 830.67823996921004 }, "geometry": { "type": "LineString", "coordinates": [ [ -122.211422356737003, 44.225940277511491 ], [ -122.211383054481985, 44.226176915400494 ], [ -122.210987906636007, 44.226675458353398 ], [ -122.210807661031012, 44.227416597532503 ], [ -122.210660194377994, 44.22766681804999 ], [ -122.210714269483006, 44.22857775425031 ], [ -122.21084131999001, 44.228876204203715 ], [ -122.211281924621019, 44.229241200745783 ], [ -122.211403443970994, 44.2295033454715 ], [ -122.21157587397002, 44.229665924803399 ], [ -122.211980615513994, 44.229856188761104 ], [ -122.212597662657998, 44.229834358166897 ], [ -122.212944295764004, 44.229943373706192 ], [ -122.213114448645001, 44.230090446944899 ], [ -122.213273535853006, 44.230525522898603 ], [ -122.213190222394999, 44.230870606798305 ], [ -122.213253099584989, 44.2312631518828 ], [ -122.213193480920012, 44.231361813384098 ], [ -122.212891853450998, 44.231586911122797 ], [ -122.212865445503994, 44.231666654348501 ], [ -122.212920980824009, 44.23179175002889 ], [ -122.213067902861994, 44.231898382366595 ], [ -122.213123403937985, 44.232075242941001 ] ] } },
{ "type": "Feature", "properties": { "OBJECTID_1": 482, "OBJECTID": 21747, "Permanent_": "{5CD512A9-1DB8-41F2-838C-9C288F5F6083}", "FDate": 1464220800000, "Resolution": 2, "GNIS_ID": " ", "GNIS_Name": " ", "LengthKM": 0.04499874, "ReachCode": "17090004023035", "FlowDir": 1, "WBArea_Per": " ", "FType": 460, "FCode": 46003, "MainPath": 0, "InNetwork": 1, "Visibility": 0, "Shape_Leng": 0.00041862, "Enabled": 1, "GlobalID": "b3104317-e0d6-451b-875c-e92336713afe", "Width": null, "Shape__Length": 44.866215700683327 }, "geometry": { "type": "LineString", "coordinates": [ [ -122.205878388082013, 44.243808928879687 ], [ -122.205773452256011, 44.243576904261403 ], [ -122.205777624583007, 44.243422627327 ] ] } },
{ "type": "Feature", "properties": { "OBJECTID_1": 483, "OBJECTID": 18442, "Permanent_": "{1F78513A-B589-4831-BB73-5F41382E52CC}", "FDate": 1464220800000, "Resolution": 2, "GNIS_ID": "01123461", "GNIS_Name": "Lookout Creek", "LengthKM": 0.06547307, "ReachCode": "17090004000324", "FlowDir": 1, "WBArea_Per": " ", "FType": 460, "FCode": 46006, "MainPath": 0, "InNetwork": 1, "Visibility": 0, "Shape_Leng": 0.00062079, "Enabled": 1, "GlobalID": "d0708b2b-65f5-4847-bf48-ba6918fe79a9", "Width": 1.0, "Shape__Length": 65.297256776912818 }, "geometry": { "type": "LineString", "coordinates": [ [ -122.11549456822101, 44.217151274553999 ], [ -122.115503406559995, 44.217526882672196 ], [ -122.11566487802402, 44.217696844403989 ] ] } },
{ "type": "Feature", "properties": { "OBJECTID_1": 484, "OBJECTID": 14101, "Permanent_": "161165812", "FDate": 1464220800000, "Resolution": 2, "GNIS_ID": " ", "GNIS_Name": " ", "LengthKM": 0.21098977, "ReachCode": "17090004001635", "FlowDir": 1, "WBArea_Per": " ", "FType": 460, "FCode": 46006, "MainPath": 0, "InNetwork": 1, "Visibility": 0, "Shape_Leng": 0.00258088, "Enabled": 1, "GlobalID": "8ac703b5-05bd-4270-ac76-7b0c69598f41", "Width": null, "Shape__Length": 211.43402277451148 }, "geometry": { "type": "LineString", "coordinates": [ [ -122.168655911814, 44.2537936371779 ], [ -122.168970655761001, 44.253881803352009 ], [ -122.169259086498016, 44.253767287165502 ], [ -122.169752811459972, 44.253703930798409 ], [ -122.169990837089998, 44.2536206300991 ], [ -122.170621238104005, 44.253671527208496 ], [ -122.170948853089996, 44.253600786945007 ], [ -122.171159283719007, 44.253622538565601 ] ] } },
{ "type": "Feature", "properties": { "OBJECTID_1": 485, "OBJECTID": 10229, "Permanent_": "161200467", "FDate": 1464220800000, "Resolution": 2, "GNIS_ID": "01135972", "GNIS_Name": "Nostoc Creek", "LengthKM": 0.14478454, "ReachCode": "17090004003747", "FlowDir": 1, "WBArea_Per": " ", "FType": 460, "FCode": 46006, "MainPath": 0, "InNetwork": 1, "Visibility": 0, "Shape_Leng": 0.00148354, "Enabled": 1, "GlobalID": "4be3e05c-7d90-4194-8300-5729c6942295", "Width": 1.0, "Shape__Length": 144.5827048298209 }, "geometry": { "type": "LineString", "coordinates": [ [ -122.177787354474987, 44.231044012839199 ], [ -122.178039603949998, 44.230943175575192 ], [ -122.178228088371, 44.230799496859291 ], [ -122.178323774077995, 44.2306448552783 ], [ -122.178401504208011, 44.230228804039506 ], [ -122.178688050938021, 44.230009866895685 ] ] } },
{ "type": "Feature", "properties": { "OBJECTID_1": 486, "OBJECTID": 21630, "Permanent_": "{D6FF191E-5DF3-46AE-B711-51C50FC6B790}", "FDate": 1464220800000, "Resolution": 2, "GNIS_ID": " ", "GNIS_Name": " ", "LengthKM": 0.10888992, "ReachCode": "17090004022740", "FlowDir": 1, "WBArea_Per": " ", "FType": 460, "FCode": 46003, "MainPath": 0, "InNetwork": 1, "Visibility": 0, "Shape_Leng": 0.00133545, "Enabled": 1, "GlobalID": "02f5b2a4-f143-44f7-a373-455147fb64d6", "Width": null, "Shape__Length": 109.1299069005405 }, "geometry": { "type": "LineString", "coordinates": [ [ -122.214364114999981, 44.234856396255886 ], [ -122.214568713202013, 44.234757665191495 ], [ -122.215663784829985, 44.234601266227791 ] ] } },
{ "type": "Feature", "properties": { "OBJECTID_1": 487, "OBJECTID": 30270, "Permanent_": "{6CF78E78-8972-444D-B032-300B95AB191D}", "FDate": 1464220800000, "Resolution": 2, "GNIS_ID": " ", "GNIS_Name": " ", "LengthKM": 0.12720216, "ReachCode": "17090004022981", "FlowDir": 1, "WBArea_Per": " ", "FType": 460, "FCode": 46006, "MainPath": 0, "InNetwork": 1, "Visibility": 0, "Shape_Leng": 0.00136294, "Enabled": 1, "GlobalID": "39b4d057-0358-4936-bbc2-4aa5ac6b29b2", "Width": null, "Shape__Length": 127.12143751726491 }, "geometry": { "type": "LineString", "coordinates": [ [ -122.119530618276002, 44.236498349691608 ], [ -122.119984981499002, 44.236254047734 ], [ -122.120370297696994, 44.235956042621297 ], [ -122.12056871693801, 44.235666779052302 ] ] } },
{ "type": "Feature", "properties": { "OBJECTID_1": 488, "OBJECTID": 17800, "Permanent_": "108055851", "FDate": 1464220800000, "Resolution": 2, "GNIS_ID": "01123461", "GNIS_Name": "Lookout Creek", "LengthKM": 0.15750271, "ReachCode": "17090004000321", "FlowDir": 1, "WBArea_Per": " ", "FType": 460, "FCode": 46006, "MainPath": 0, "InNetwork": 1, "Visibility": 0, "Shape_Leng": 0.00193128, "Enabled": 1, "GlobalID": "87e90f1f-2fa2-46c4-8ab5-a624865e98e6", "Width": 1.0, "Shape__Length": 157.8491542142886 }, "geometry": { "type": "LineString", "coordinates": [ [ -122.213452200641015, 44.232152912118494 ], [ -122.213836460875001, 44.232168315677391 ], [ -122.214146296470986, 44.232123633219892 ], [ -122.214648187251001, 44.232030006084905 ], [ -122.215215885912983, 44.231837886394594 ], [ -122.215332467550013, 44.231845820447795 ] ] } },
{ "type": "Feature", "properties": { "OBJECTID_1": 489, "OBJECTID": 13681, "Permanent_": "{4F976846-D072-41D4-A109-016F77EF5A0B}", "FDate": 1464220800000, "Resolution": 2, "GNIS_ID": " ", "GNIS_Name": " ", "LengthKM": 0.25175374, "ReachCode": "17090004022714", "FlowDir": 1, "WBArea_Per": " ", "FType": 460, "FCode": 46003, "MainPath": 0, "InNetwork": 1, "Visibility": 0, "Shape_Leng": 0.0029455, "Enabled": 1, "GlobalID": "020a3ce8-d74d-489a-bf88-feb3b99f8b9e", "Width": null, "Shape__Length": 252.03642848269851 }, "geometry": { "type": "LineString", "coordinates": [ [ -122.234979074620014, 44.232314534382397 ], [ -122.234451268892997, 44.231980619853509 ], [ -122.23349909437799, 44.231513474685805 ], [ -122.232912757801017, 44.231383581514599 ], [ -122.232683344563995, 44.231410291605613 ], [ -122.232286282703001, 44.231536053260591 ] ] } },
{ "type": "Feature", "properties": { "OBJECTID_1": 490, "OBJECTID": 2546, "Permanent_": "{03F9F7CB-4E6D-4D31-A871-C66EDD9079AF}", "FDate": 1464220800000, "Resolution": 2, "GNIS_ID": " ", "GNIS_Name": " ", "LengthKM": 0.19394377, "ReachCode": "17090004022814", "FlowDir": 1, "WBArea_Per": " ", "FType": 460, "FCode": 46003, "MainPath": 0, "InNetwork": 1, "Visibility": 0, "Shape_Leng": 0.00188645, "Enabled": 1, "GlobalID": "f87a8692-08b2-4b09-93bc-2b7f791dcd76", "Width": null, "Shape__Length": 193.49033312104092 }, "geometry": { "type": "LineString", "coordinates": [ [ -122.149795904034008, 44.2080013538598 ], [ -122.150248594491998, 44.208763747370398 ], [ -122.150328241140983, 44.208999696593096 ], [ -122.150800057908, 44.209568984652989 ] ] } },
{ "type": "Feature", "properties": { "OBJECTID_1": 491, "OBJECTID": 1880, "Permanent_": "{80E83943-AE50-4B45-9F2A-8D231C519ABA}", "FDate": 1464220800000, "Resolution": 2, "GNIS_ID": " ", "GNIS_Name": " ", "LengthKM": 0.38493411, "ReachCode": "17090004022673", "FlowDir": 1, "WBArea_Per": " ", "FType": 460, "FCode": 46003, "MainPath": 0, "InNetwork": 1, "Visibility": 0, "Shape_Leng": 0.00401997, "Enabled": 1, "GlobalID": "e09af409-5314-4db8-8874-f5d77c56b1da", "Width": null, "Shape__Length": 384.52726650535129 }, "geometry": { "type": "LineString", "coordinates": [ [ -122.258005405474009, 44.21362469956901 ], [ -122.257258018684993, 44.213339971447297 ], [ -122.256872873072012, 44.213287435161597 ], [ -122.256597224791008, 44.21314075572041 ], [ -122.256547706781021, 44.212959706901003 ], [ -122.256314517505999, 44.212678706879792 ], [ -122.256212960283008, 44.212389839470198 ], [ -122.256246619145998, 44.212266782061597 ], [ -122.256470800518983, 44.21205290495741 ], [ -122.256513321316007, 44.2118035674997 ], [ -122.25645577445701, 44.211665317751198 ], [ -122.256672537216019, 44.211438026757797 ], [ -122.256646028532018, 44.211335881838899 ], [ -122.256403677745013, 44.211075648401895 ] ] } },
{ "type": "Feature", "properties": { "OBJECTID_1": 492, "OBJECTID": 22300, "Permanent_": "161200018", "FDate": 1464220800000, "Resolution": 2, "GNIS_ID": " ", "GNIS_Name": " ", "LengthKM": 0.78977121, "ReachCode": "17090004014584", "FlowDir": 1, "WBArea_Per": " ", "FType": 460, "FCode": 46003, "MainPath": 0, "InNetwork": 1, "Visibility": 0, "Shape_Leng": 0.00945196, "Enabled": 1, "GlobalID": "59992e97-0278-4ec1-b13f-a135ce40d307", "Width": null, "Shape__Length": 791.08713577600338 }, "geometry": { "type": "LineString", "coordinates": [ [ -122.108565082633007, 44.224461228473295 ], [ -122.108891187677003, 44.224411184771093 ], [ -122.110022848145036, 44.224001522339208 ], [ -122.110390154022994, 44.223946821121096 ], [ -122.110872293162004, 44.223722901266299 ], [ -122.11152691817702, 44.223609333638507 ], [ -122.111914100169983, 44.223424921025597 ], [ -122.112331880149014, 44.223112413413695 ], [ -122.112729443940012, 44.22298034994639 ], [ -122.113303335727011, 44.222873633794698 ], [ -122.113985006918995, 44.222896615251202 ], [ -122.114973807711991, 44.222539637749598 ], [ -122.11552388789201, 44.222237319354392 ], [ -122.116044127478986, 44.222121375211998 ], [ -122.117061938204003, 44.22213185156869 ], [ -122.117481169550999, 44.22194626775989 ] ] } },
{ "type": "Feature", "properties": { "OBJECTID_1": 493, "OBJECTID": 2557, "Permanent_": "{1E574641-46B0-4B40-B049-7A069D2805C2}", "FDate": 1464220800000, "Resolution": 2, "GNIS_ID": " ", "GNIS_Name": " ", "LengthKM": 0.10098073, "ReachCode": "17090004023058", "FlowDir": 1, "WBArea_Per": " ", "FType": 460, "FCode": 46003, "MainPath": 0, "InNetwork": 1, "Visibility": 0, "Shape_Leng": 0.00106976, "Enabled": 1, "GlobalID": "f8b93d20-b623-4748-98b0-2ed2b356883f", "Width": null, "Shape__Length": 100.89269691569463 }, "geometry": { "type": "LineString", "coordinates": [ [ -122.167542421657004, 44.248844618734203 ], [ -122.16769089029998, 44.249043373378306 ], [ -122.168345459597006, 44.249535299939595 ] ] } },
{ "type": "Feature", "properties": { "OBJECTID_1": 494, "OBJECTID": 21609, "Permanent_": "{BFF70557-2898-44F3-8F3F-DE31884ACC93}", "FDate": 1464220800000, "Resolution": 2, "GNIS_ID": " ", "GNIS_Name": " ", "LengthKM": 0.20294269, "ReachCode": "17090004022693", "FlowDir": 1, "WBArea_Per": " ", "FType": 460, "FCode": 46003, "MainPath": 0, "InNetwork": 1, "Visibility": 0, "Shape_Leng": 0.00191798, "Enabled": 1, "GlobalID": "782f39ba-7a0b-4111-bfdd-e14e503dac1a", "Width": null, "Shape__Length": 202.38049973194785 }, "geometry": { "type": "LineString", "coordinates": [ [ -122.232194771059994, 44.2213939438765 ], [ -122.232542454924001, 44.222174853509593 ], [ -122.232989970812, 44.222961926966398 ], [ -122.233012631540007, 44.223105029084806 ] ] } },
{ "type": "Feature", "properties": { "OBJECTID_1": 495, "OBJECTID": 18077, "Permanent_": "{1D247084-CBBF-4C2F-9B90-DFABD459B5BA}", "FDate": 1464220800000, "Resolution": 2, "GNIS_ID": " ", "GNIS_Name": " ", "LengthKM": 0.39767145, "ReachCode": "17090004023015", "FlowDir": 1, "WBArea_Per": " ", "FType": 460, "FCode": 46003, "MainPath": 0, "InNetwork": 1, "Visibility": 0, "Shape_Leng": 0.00472852, "Enabled": 1, "GlobalID": "90714227-7c5c-4738-88ad-d52646dbd1cc", "Width": null, "Shape__Length": 398.26076598646188 }, "geometry": { "type": "LineString", "coordinates": [ [ -122.186004534367996, 44.239583628914808 ], [ -122.186324708427009, 44.239439045970087 ], [ -122.186963455641006, 44.239248052056801 ], [ -122.187661538900002, 44.239163074883102 ], [ -122.187941223493993, 44.239043937526382 ], [ -122.188185240143994, 44.239042887333788 ], [ -122.188509265030007, 44.239134315046698 ], [ -122.189110828527021, 44.239423693789298 ], [ -122.189459794691004, 44.239479905542794 ], [ -122.189807244426021, 44.239732716197921 ], [ -122.19006367273002, 44.239783463863503 ], [ -122.190423037342001, 44.239942614082793 ] ] } },
{ "type": "Feature", "properties": { "OBJECTID_1": 496, "OBJECTID": 13813, "Permanent_": "{BF8F3D9B-5DC0-4F7D-AB3D-59FC54BAA9A1}", "FDate": 1464220800000, "Resolution": 2, "GNIS_ID": " ", "GNIS_Name": " ", "LengthKM": 0.11325923, "ReachCode": "17090004022725", "FlowDir": 1, "WBArea_Per": " ", "FType": 460, "FCode": 46003, "MainPath": 0, "InNetwork": 1, "Visibility": 0, "Shape_Leng": 0.00106174, "Enabled": 1, "GlobalID": "b7b08d73-7a7b-4bff-8459-2de3d3880892", "Width": null, "Shape__Length": 112.9334675918516 }, "geometry": { "type": "LineString", "coordinates": [ [ -122.21569860324702, 44.224573677499492 ], [ -122.215482587201009, 44.225258124623295 ], [ -122.215295430555003, 44.225537431539507 ] ] } },
{ "type": "Feature", "properties": { "OBJECTID_1": 497, "OBJECTID": 6286, "Permanent_": "{74E36DF2-A7B9-451F-B260-71623C951FD7}", "FDate": 1464220800000, "Resolution": 2, "GNIS_ID": " ", "GNIS_Name": " ", "LengthKM": 0.33438767, "ReachCode": "17090004023047", "FlowDir": 1, "WBArea_Per": " ", "FType": 460, "FCode": 46003, "MainPath": 0, "InNetwork": 1, "Visibility": 0, "Shape_Leng": 0.00354055, "Enabled": 1, "GlobalID": "87d3eda8-a611-4549-bac8-a8feb852ddf5", "Width": null, "Shape__Length": 334.10990199876977 }, "geometry": { "type": "LineString", "coordinates": [ [ -122.184341941358994, 44.244658674580222 ], [ -122.184544083290007, 44.2447277103727 ], [ -122.185268560286005, 44.245154739024791 ], [ -122.185510077312983, 44.245426249985101 ], [ -122.185976532479003, 44.245658892002908 ], [ -122.186315069685989, 44.246344046575501 ], [ -122.186828842976993, 44.246691756671908 ], [ -122.186882465323009, 44.246877964059003 ] ] } },
{ "type": "Feature", "properties": { "OBJECTID_1": 498, "OBJECTID": 22147, "Permanent_": "{6794370A-6630-40BA-B0A3-87328E15319F}", "FDate": 1464220800000, "Resolution": 2, "GNIS_ID": " ", "GNIS_Name": " ", "LengthKM": 1.14874996, "ReachCode": "17090004022921", "FlowDir": 1, "WBArea_Per": " ", "FType": 460, "FCode": 46003, "MainPath": 0, "InNetwork": 1, "Visibility": 0, "Shape_Leng": 0.01067647, "Enabled": 1, "GlobalID": "70175528-9490-4131-8a24-e62c9768bd6f", "Width": null, "Shape__Length": 1145.3798427159506 }, "geometry": { "type": "LineString", "coordinates": [ [ -122.138764327350998, 44.256253172650503 ], [ -122.138669123330018, 44.256059236163097 ], [ -122.138557116466018, 44.255539094005989 ], [ -122.138687684722015, 44.25494210045909 ], [ -122.138676920592999, 44.254410664761892 ], [ -122.138919919565012, 44.253947274382 ], [ -122.139048633724002, 44.253486718777602 ], [ -122.139073332411002, 44.253207648260393 ], [ -122.13900312845, 44.252612004591008 ], [ -122.139383789973991, 44.251777519892599 ], [ -122.139462885640995, 44.250632462475394 ], [ -122.139603891674, 44.250326470829492 ], [ -122.139383959979, 44.249872176648402 ], [ -122.13936912644499, 44.249380000265099 ], [ -122.139473929044001, 44.24888675170061 ], [ -122.13930093310799, 44.248307656188999 ], [ -122.139232864497998, 44.247767347736797 ], [ -122.138929709886014, 44.247291789339187 ], [ -122.138548886817006, 44.246977756745892 ], [ -122.13850071593302, 44.246565548836401 ], [ -122.138239596513003, 44.246392260244299 ] ] } },
{ "type": "Feature", "properties": { "OBJECTID_1": 499, "OBJECTID": 21898, "Permanent_": "{1D64E670-81A3-4C34-9EBC-E802AB419E6E}", "FDate": 1464220800000, "Resolution": 2, "GNIS_ID": " ", "GNIS_Name": " ", "LengthKM": 0.76462972, "ReachCode": "17090004022857", "FlowDir": 1, "WBArea_Per": " ", "FType": 460, "FCode": 46003, "MainPath": 0, "InNetwork": 1, "Visibility": 0, "Shape_Leng": 0.00753697, "Enabled": 1, "GlobalID": "b7112e4f-b3bf-4349-860b-6dd8f1daf493", "Width": null, "Shape__Length": 763.05969941708929 }, "geometry": { "type": "LineString", "coordinates": [ [ -122.187366415944012, 44.220960896754704 ], [ -122.187269105832982, 44.221276720440798 ], [ -122.18712806105701, 44.221465746890317 ], [ -122.187078894376, 44.221925557957803 ], [ -122.18684753394399, 44.222399036265799 ], [ -122.186815759371001, 44.22274515065839 ], [ -122.186877585532002, 44.223159540349393 ], [ -122.186895469701994, 44.224306128056703 ], [ -122.186790670147005, 44.224669994353498 ], [ -122.186434800488996, 44.225169242502197 ], [ -122.186206554690003, 44.225347270483596 ], [ -122.185835643781999, 44.225780131226493 ], [ -122.185331397287001, 44.226046015927409 ], [ -122.185090760709002, 44.22626469962831 ], [ -122.184648358445017, 44.226477238691793 ], [ -122.184255338934022, 44.226777821840507 ], [ -122.183969677261999, 44.226875077867803 ] ] } },
{ "type": "Feature", "properties": { "OBJECTID_1": 500, "OBJECTID": 2684, "Permanent_": "{B535C578-334B-4D70-9669-FF4A7709E85C}", "FDate": 1464220800000, "Resolution": 2, "GNIS_ID": " ", "GNIS_Name": " ", "LengthKM": 0.47637315, "ReachCode": "17090004022924", "FlowDir": 1, "WBArea_Per": " ", "FType": 460, "FCode": 46006, "MainPath": 0, "InNetwork": 1, "Visibility": 0, "Shape_Leng": 0.00453325, "Enabled": 1, "GlobalID": "06759cdd-8b5d-499e-aa36-f32cf34d8d1b", "Width": null, "Shape__Length": 475.12916116755497 }, "geometry": { "type": "LineString", "coordinates": [ [ -122.146447467734006, 44.244100430281101 ], [ -122.146554404206995, 44.243225689848799 ], [ -122.146794699257015, 44.242937393438396 ], [ -122.146928296112009, 44.242433507393606 ], [ -122.146899014748016, 44.242018871563801 ], [ -122.146692381766002, 44.241754254885407 ], [ -122.146691438343012, 44.241613059426008 ], [ -122.147149228063995, 44.241037181916397 ], [ -122.147529611860008, 44.240331501543402 ], [ -122.147741121343003, 44.240135159224906 ] ] } },
{ "type": "Feature", "properties": { "OBJECTID_1": 501, "OBJECTID": 6288, "Permanent_": "{6F534868-1141-4977-A215-F608D4FB3108}", "FDate": 1464220800000, "Resolution": 2, "GNIS_ID": " ", "GNIS_Name": " ", "LengthKM": 0.53963513, "ReachCode": "17090004023097", "FlowDir": 1, "WBArea_Per": " ", "FType": 460, "FCode": 46003, "MainPath": 0, "InNetwork": 1, "Visibility": 0, "Shape_Leng": 0.00552877, "Enabled": 1, "GlobalID": "0c7d9c1e-e0f0-4f6d-b53a-fd487fa28ca4", "Width": null, "Shape__Length": 538.88662489381727 }, "geometry": { "type": "LineString", "coordinates": [ [ -122.178143744764, 44.255291875990395 ], [ -122.178247546123018, 44.255128232832497 ], [ -122.17821799247902, 44.25500642190481 ], [ -122.178588213429009, 44.2542426533252 ], [ -122.178527570373006, 44.253474160611191 ], [ -122.178845119241004, 44.253106248737097 ], [ -122.179112437160995, 44.253030778701898 ], [ -122.179377535342994, 44.2528189871934 ], [ -122.179708246049998, 44.252791628091607 ], [ -122.179833626608996, 44.252725276265501 ], [ -122.180346309354007, 44.25224000228279 ], [ -122.180749282310984, 44.251945782321187 ], [ -122.180963858105002, 44.251667902192409 ], [ -122.181291452644984, 44.251488055182797 ] ] } },
{ "type": "Feature", "properties": { "OBJECTID_1": 502, "OBJECTID": 17669, "Permanent_": "{17AFC5B6-82F2-4CE4-AE16-229580C707A7}", "FDate": 1464220800000, "Resolution": 2, "GNIS_ID": "01123461", "GNIS_Name": "Lookout Creek", "LengthKM": 0.08609364, "ReachCode": "17090004001156", "FlowDir": 1, "WBArea_Per": "108067939", "FType": 558, "FCode": 55800, "MainPath": 0, "InNetwork": 1, "Visibility": 0, "Shape_Leng": 0.00084207, "Enabled": 1, "GlobalID": "286c82f8-06ea-4500-b801-5050e08f2076", "Width": 1.0, "Shape__Length": 85.903524776265556 }, "geometry": { "type": "LineString", "coordinates": [ [ -122.252884519125004, 44.214488142045894 ], [ -122.252734519284985, 44.214198833255999 ], [ -122.252819657199012, 44.213917417830402 ], [ -122.252982537136006, 44.213809215467798 ] ] } },
{ "type": "Feature", "properties": { "OBJECTID_1": 503, "OBJECTID": 6409, "Permanent_": "{B34E8439-F922-483A-8F68-B03C3EDE1065}", "FDate": 1464220800000, "Resolution": 2, "GNIS_ID": "01123660", "GNIS_Name": "Mack Creek", "LengthKM": 0.07766622, "ReachCode": "17090004000629", "FlowDir": 1, "WBArea_Per": " ", "FType": 460, "FCode": 46006, "MainPath": 0, "InNetwork": 1, "Visibility": 0, "Shape_Leng": 0.00077156, "Enabled": 1, "GlobalID": "a6f354c0-9493-404e-b8d9-cc566a26220a", "Width": 1.0, "Shape__Length": 77.511022993332958 }, "geometry": { "type": "LineString", "coordinates": [ [ -122.163342178220006, 44.215040146093379 ], [ -122.163809616134003, 44.215647382494907 ] ] } },
{ "type": "Feature", "properties": { "OBJECTID_1": 504, "OBJECTID": 26105, "Permanent_": "{D56A842A-2689-4AE1-A6AB-10EA37975FAB}", "FDate": 1464220800000, "Resolution": 2, "GNIS_ID": "01124021", "GNIS_Name": "McRae Creek", "LengthKM": 0.05892952, "ReachCode": "17090004000326", "FlowDir": 1, "WBArea_Per": " ", "FType": 460, "FCode": 46006, "MainPath": 0, "InNetwork": 1, "Visibility": 0, "Shape_Leng": 0.00059491, "Enabled": 1, "GlobalID": "07e0e2df-2a49-450c-bc5b-d1298f811102", "Width": 1.0, "Shape__Length": 58.832981280730209 }, "geometry": { "type": "LineString", "coordinates": [ [ -122.150504999860999, 44.267224402956103 ], [ -122.150665581979013, 44.266965267289393 ], [ -122.150817220513005, 44.266880009440712 ], [ -122.150864764809981, 44.266785669590803 ] ] } },
{ "type": "Feature", "properties": { "OBJECTID_1": 505, "OBJECTID": 9930, "Permanent_": "{DDBC1C9E-351C-4498-9765-41B4C1E6D1B4}", "FDate": 1464220800000, "Resolution": 2, "GNIS_ID": " ", "GNIS_Name": " ", "LengthKM": 0.0246968, "ReachCode": "17090004014496", "FlowDir": 1, "WBArea_Per": " ", "FType": 460, "FCode": 46003, "MainPath": 0, "InNetwork": 1, "Visibility": 0, "Shape_Leng": 0.00022392, "Enabled": 1, "GlobalID": "114de77d-319e-4521-94a7-04e988bb95c5", "Width": null, "Shape__Length": 24.6143886921617 }, "geometry": { "type": "LineString", "coordinates": [ [ -122.229355865787014, 44.231492173772793 ], [ -122.229387170219013, 44.231273171569299 ] ] } },
{ "type": "Feature", "properties": { "OBJECTID_1": 506, "OBJECTID": 10378, "Permanent_": "{94D6873B-234F-4592-8D80-3740A61D6010}", "FDate": 1464220800000, "Resolution": 2, "GNIS_ID": " ", "GNIS_Name": " ", "LengthKM": 0.02756612, "ReachCode": "17090004023004", "FlowDir": 1, "WBArea_Per": " ", "FType": 460, "FCode": 46006, "MainPath": 0, "InNetwork": 1, "Visibility": 0, "Shape_Leng": 0.00034203, "Enabled": 1, "GlobalID": "78789aa1-9324-4d1a-ac7b-b81b252309b7", "Width": null, "Shape__Length": 27.632584133032076 }, "geometry": { "type": "LineString", "coordinates": [ [ -122.150527324573019, 44.266822231197089 ], [ -122.150864764809981, 44.266785669590803 ] ] } },
{ "type": "Feature", "properties": { "OBJECTID_1": 507, "OBJECTID": 13564, "Permanent_": "{EB66F6AC-A265-4A07-8FAB-E826C9CCCA6A}", "FDate": 1464220800000, "Resolution": 2, "GNIS_ID": " ", "GNIS_Name": " ", "LengthKM": 0.00646417, "ReachCode": "17090004014525", "FlowDir": 1, "WBArea_Per": "108067939", "FType": 558, "FCode": 55800, "MainPath": 0, "InNetwork": 1, "Visibility": 0, "Shape_Leng": 7.343e-05, "Enabled": 1, "GlobalID": "3b7fc549-5fc7-4aee-b60f-07a7ea57ffca", "Width": null, "Shape__Length": 6.4671916206611355 }, "geometry": { "type": "LineString", "coordinates": [ [ -122.254645388447983, 44.211474106486399 ], [ -122.25470979742002, 44.211509373435099 ] ] } },
{ "type": "Feature", "properties": { "OBJECTID_1": 508, "OBJECTID": 2565, "Permanent_": "{99981CA9-A1BC-4C70-9A4B-82C552A0AE81}", "FDate": 1464220800000, "Resolution": 2, "GNIS_ID": " ", "GNIS_Name": " ", "LengthKM": 0.26839108, "ReachCode": "17090004001627", "FlowDir": 1, "WBArea_Per": " ", "FType": 460, "FCode": 46006, "MainPath": 0, "InNetwork": 1, "Visibility": 0, "Shape_Leng": 0.0029454, "Enabled": 1, "GlobalID": "fc1bbbe5-184c-4700-8eed-abed23fb9d21", "Width": null, "Shape__Length": 268.34957100376653 }, "geometry": { "type": "LineString", "coordinates": [ [ -122.165136033470006, 44.263209067753301 ], [ -122.165223296395993, 44.263008688616303 ], [ -122.165690461775995, 44.262740008326801 ], [ -122.16590709351, 44.262719384334495 ], [ -122.166291599271005, 44.262759060759606 ], [ -122.166556792603004, 44.2626767372141 ], [ -122.167279359667006, 44.262045879934696 ], [ -122.16747712245801, 44.261787337125888 ] ] } },
{ "type": "Feature", "properties": { "OBJECTID_1": 509, "OBJECTID": 2254, "Permanent_": "{D6F2BE25-8FAF-4632-B079-BC4D59A7EC8A}", "FDate": 1464220800000, "Resolution": 2, "GNIS_ID": " ", "GNIS_Name": " ", "LengthKM": 0.07323298, "ReachCode": "17090004023166", "FlowDir": 1, "WBArea_Per": " ", "FType": 460, "FCode": 46006, "MainPath": 0, "InNetwork": 1, "Visibility": 0, "Shape_Leng": 0.00070788, "Enabled": 1, "GlobalID": "4c979182-bdbd-4e09-abfb-545c4d80b0de", "Width": null, "Shape__Length": 73.059330202393113 }, "geometry": { "type": "LineString", "coordinates": [ [ -122.193599459677003, 44.244878064058305 ], [ -122.193858868562998, 44.244584242335797 ], [ -122.193858851337993, 44.244283703478992 ] ] } },
{ "type": "Feature", "properties": { "OBJECTID_1": 510, "OBJECTID": 26087, "Permanent_": "{8969C468-9BB0-49A2-A2B3-115DD3AE1301}", "FDate": 1464220800000, "Resolution": 2, "GNIS_ID": " ", "GNIS_Name": " ", "LengthKM": 0.12403784, "ReachCode": "17090004023094", "FlowDir": 1, "WBArea_Per": " ", "FType": 460, "FCode": 46003, "MainPath": 0, "InNetwork": 1, "Visibility": 0, "Shape_Leng": 0.00149759, "Enabled": 1, "GlobalID": "21bfa624-25b3-41ab-89ca-d6b63607c887", "Width": null, "Shape__Length": 124.26113584055304 }, "geometry": { "type": "LineString", "coordinates": [ [ -122.164426177810014, 44.254982025245077 ], [ -122.164739325740015, 44.254957551148003 ], [ -122.16529972026602, 44.254700032426193 ], [ -122.165855508480021, 44.25465751049439 ] ] } },
{ "type": "Feature", "properties": { "OBJECTID_1": 511, "OBJECTID": 26083, "Permanent_": "{23CDD831-CF52-4F1E-B58F-C45E6CC8AB6E}", "FDate": 1464220800000, "Resolution": 2, "GNIS_ID": " ", "GNIS_Name": " ", "LengthKM": 0.13163625, "ReachCode": "17090004022835", "FlowDir": 1, "WBArea_Per": " ", "FType": 460, "FCode": 46003, "MainPath": 0, "InNetwork": 1, "Visibility": 0, "Shape_Leng": 0.00121532, "Enabled": 1, "GlobalID": "1f3f1104-7c09-4de5-a84e-2a91f26edd5f", "Width": null, "Shape__Length": 131.22793356425967 }, "geometry": { "type": "LineString", "coordinates": [ [ -122.151779432972006, 44.216356132353901 ], [ -122.15199039709502, 44.215985330626005 ], [ -122.151923528779989, 44.215591327644283 ], [ -122.151962359092011, 44.215214540077895 ] ] } },
{ "type": "Feature", "properties": { "OBJECTID_1": 512, "OBJECTID": 30268, "Permanent_": "108044977", "FDate": 1464220800000, "Resolution": 2, "GNIS_ID": "01135973", "GNIS_Name": "Cold Creek", "LengthKM": 1.13781554, "ReachCode": "17090004001291", "FlowDir": 1, "WBArea_Per": " ", "FType": 460, "FCode": 46006, "MainPath": 0, "InNetwork": 1, "Visibility": 0, "Shape_Leng": 0.01350124, "Enabled": 1, "GlobalID": "c613ed53-cc41-44f6-ada2-3f5018de3a41", "Width": 1.0, "Shape__Length": 1139.490813080753 }, "geometry": { "type": "LineString", "coordinates": [ [ -122.114789116763021, 44.2317479177755 ], [ -122.115475153385006, 44.231398806599692 ], [ -122.116301201671988, 44.231270811538991 ], [ -122.116917960452, 44.2309076834282 ], [ -122.117405228113995, 44.23074024706159 ], [ -122.11771718742601, 44.230557029895692 ], [ -122.118088294950979, 44.2304147807654 ], [ -122.119042053100998, 44.230421231066998 ], [ -122.119423948890997, 44.230569433771798 ], [ -122.120265308265985, 44.230570959529999 ], [ -122.120569895391, 44.230440031801599 ], [ -122.120825144490993, 44.230442500824594 ], [ -122.122707277544009, 44.230176942125894 ], [ -122.123258035881008, 44.229957962757894 ], [ -122.123854645891001, 44.22959817075121 ], [ -122.124810110501016, 44.229192061331091 ], [ -122.126402048192006, 44.229095598542401 ], [ -122.12653646561202, 44.229008587672602 ], [ -122.126750936471993, 44.228727289154108 ], [ -122.127333901132999, 44.228310808867796 ] ] } },
{ "type": "Feature", "properties": { "OBJECTID_1": 513, "OBJECTID": 10469, "Permanent_": "161200462", "FDate": 1464220800000, "Resolution": 2, "GNIS_ID": "01123660", "GNIS_Name": "Mack Creek", "LengthKM": 0.30957944, "ReachCode": "17090004000629", "FlowDir": 1, "WBArea_Per": " ", "FType": 460, "FCode": 46006, "MainPath": 0, "InNetwork": 1, "Visibility": 0, "Shape_Leng": 0.00377881, "Enabled": 1, "GlobalID": "d2c66617-5b1e-4987-8fa7-3a8ed31bc096", "Width": 1.0, "Shape__Length": 310.24403011215179 }, "geometry": { "type": "LineString", "coordinates": [ [ -122.136434290531, 44.21093274154159 ], [ -122.136722115173001, 44.210986768014997 ], [ -122.137014533992016, 44.211133636506098 ], [ -122.137953401852997, 44.211465632028592 ], [ -122.139242328310985, 44.211554123844294 ], [ -122.139762404083982, 44.211456782291613 ], [ -122.140092953362, 44.211474609748286 ] ] } },
{ "type": "Feature", "properties": { "OBJECTID_1": 514, "OBJECTID": 25682, "Permanent_": "{8219E4F2-5C61-41C0-9783-328A2774699F}", "FDate": 1464220800000, "Resolution": 2, "GNIS_ID": "01123461", "GNIS_Name": "Lookout Creek", "LengthKM": 0.07132388, "ReachCode": "17090004000321", "FlowDir": 1, "WBArea_Per": "108067939", "FType": 558, "FCode": 55800, "MainPath": 0, "InNetwork": 1, "Visibility": 0, "Shape_Leng": 0.00085203, "Enabled": 1, "GlobalID": "a782d7a1-3211-4903-8b3c-57492ae7611e", "Width": 1.0, "Shape__Length": 71.438012012962432 }, "geometry": { "type": "LineString", "coordinates": [ [ -122.223694954443019, 44.228558148439106 ], [ -122.22400037725302, 44.228645088028891 ], [ -122.224188615852995, 44.228753727996391 ], [ -122.224496534207006, 44.228805701565101 ] ] } },
{ "type": "Feature", "properties": { "OBJECTID_1": 515, "OBJECTID": 14100, "Permanent_": "{DF1C099C-FAFE-457B-B7C3-2DFB22478C68}", "FDate": 1464220800000, "Resolution": 2, "GNIS_ID": " ", "GNIS_Name": " ", "LengthKM": 0.11804534, "ReachCode": "17090004023049", "FlowDir": 1, "WBArea_Per": " ", "FType": 460, "FCode": 46003, "MainPath": 0, "InNetwork": 1, "Visibility": 0, "Shape_Leng": 0.00113478, "Enabled": 1, "GlobalID": "8d9b4253-756c-4501-9c02-26868cc286ed", "Width": null, "Shape__Length": 117.75444983802691 }, "geometry": { "type": "LineString", "coordinates": [ [ -122.170113941211014, 44.246235303365097 ], [ -122.170165318587991, 44.246473267372693 ], [ -122.170358793223997, 44.246862698884499 ], [ -122.170651757443991, 44.2472055033641 ] ] } },
{ "type": "Feature", "properties": { "OBJECTID_1": 516, "OBJECTID": 9933, "Permanent_": "{AA926F5A-6792-44F0-916F-EC7B261075EC}", "FDate": 1464220800000, "Resolution": 2, "GNIS_ID": " ", "GNIS_Name": " ", "LengthKM": 0.12863755, "ReachCode": "17090004014609", "FlowDir": 1, "WBArea_Per": " ", "FType": 460, "FCode": 46006, "MainPath": 0, "InNetwork": 1, "Visibility": 0, "Shape_Leng": 0.00149687, "Enabled": 1, "GlobalID": "faf30d56-19ef-4ce4-9c4f-07d3ef276d5e", "Width": null, "Shape__Length": 128.77236194782685 }, "geometry": { "type": "LineString", "coordinates": [ [ -122.22236130524, 44.228251749914399 ], [ -122.222809055022012, 44.228137737615796 ], [ -122.223008397456994, 44.228131098035199 ], [ -122.223432256934004, 44.228270352472101 ], [ -122.22369915622501, 44.228531019967683 ] ] } },
{ "type": "Feature", "properties": { "OBJECTID_1": 517, "OBJECTID": 10473, "Permanent_": "{17CA4903-13D8-42A6-A3AA-862857AC3F0B}", "FDate": 1464220800000, "Resolution": 2, "GNIS_ID": " ", "GNIS_Name": " ", "LengthKM": 0.36033248, "ReachCode": "17090004022960", "FlowDir": 1, "WBArea_Per": " ", "FType": 460, "FCode": 46003, "MainPath": 0, "InNetwork": 1, "Visibility": 0, "Shape_Leng": 0.00361513, "Enabled": 1, "GlobalID": "ab8f6aaf-0caa-43f1-b7f0-343769bec0dc", "Width": null, "Shape__Length": 359.69723099085883 }, "geometry": { "type": "LineString", "coordinates": [ [ -122.136031673172994, 44.23416417757619 ], [ -122.136358027788006, 44.234028867296196 ], [ -122.136614335071997, 44.233780573292201 ], [ -122.136866258967999, 44.233630520845985 ], [ -122.137327039539997, 44.233074410543793 ], [ -122.137534258564017, 44.232242045749203 ], [ -122.138028995658999, 44.231770423794799 ], [ -122.138045902421013, 44.231454645578189 ] ] } },
{ "type": "Feature", "properties": { "OBJECTID_1": 518, "OBJECTID": 25381, "Permanent_": "{418F95BB-DB20-4F93-ABB2-637926DE14E1}", "FDate": 1464220800000, "Resolution": 2, "GNIS_ID": " ", "GNIS_Name": " ", "LengthKM": 0.00425077, "ReachCode": "17090004001440", "FlowDir": 1, "WBArea_Per": "108067939", "FType": 558, "FCode": 55800, "MainPath": 0, "InNetwork": 1, "Visibility": 0, "Shape_Leng": 5.126e-05, "Enabled": 1, "GlobalID": "470dde46-a570-4156-b2b2-a8daaac87dee", "Width": null, "Shape__Length": 4.2585091383882396 }, "geometry": { "type": "LineString", "coordinates": [ [ -122.259650424217014, 44.208084077234801 ], [ -122.259699359654988, 44.208097840595499 ] ] } },
{ "type": "Feature", "properties": { "OBJECTID_1": 519, "OBJECTID": 18320, "Permanent_": "{27E2C495-E4C3-4917-97E5-78EA94F04B4B}", "FDate": 1464220800000, "Resolution": 2, "GNIS_ID": " ", "GNIS_Name": " ", "LengthKM": 0.84851758, "ReachCode": "17090004022920", "FlowDir": 1, "WBArea_Per": " ", "FType": 460, "FCode": 46003, "MainPath": 0, "InNetwork": 1, "Visibility": 0, "Shape_Leng": 0.00777514, "Enabled": 1, "GlobalID": "a1d73e4b-4cd1-4ac5-9465-7c739b2408b2", "Width": null, "Shape__Length": 845.85624928863501 }, "geometry": { "type": "LineString", "coordinates": [ [ -122.137505913971012, 44.255782393255309 ], [ -122.137786408512, 44.255176305228801 ], [ -122.137840535546019, 44.254610957610709 ], [ -122.137795861762001, 44.254331869767697 ], [ -122.137597332005001, 44.254006139534191 ], [ -122.137440943100003, 44.2538684035801 ], [ -122.137411368835004, 44.253760148688393 ], [ -122.137542291532, 44.252855734319198 ], [ -122.137454815048983, 44.252114062493092 ], [ -122.137549282447011, 44.251869188788703 ], [ -122.137579842842996, 44.251559464061884 ], [ -122.137562421207974, 44.250687180312298 ], [ -122.137484843759012, 44.250318217107306 ], [ -122.137554918914006, 44.250046645946703 ], [ -122.137405338096983, 44.249364749863503 ], [ -122.137539678871988, 44.248898949673801 ], [ -122.137561305492994, 44.248453907539989 ], [ -122.137519063046, 44.248355598073388 ] ] } },
{ "type": "Feature", "properties": { "OBJECTID_1": 520, "OBJECTID": 22152, "Permanent_": "{2D26DA45-40B0-4B29-8885-2DAF6E12EE30}", "FDate": 1464220800000, "Resolution": 2, "GNIS_ID": " ", "GNIS_Name": " ", "LengthKM": 0.16148979, "ReachCode": "17090004023151", "FlowDir": 1, "WBArea_Per": " ", "FType": 460, "FCode": 46003, "MainPath": 0, "InNetwork": 1, "Visibility": 0, "Shape_Leng": 0.00146649, "Enabled": 1, "GlobalID": "c64d8a3a-f130-4607-8df9-98d683f31f62", "Width": null, "Shape__Length": 160.96925925165039 }, "geometry": { "type": "LineString", "coordinates": [ [ -122.145525830128008, 44.272906606797697 ], [ -122.145282157202999, 44.271936870074995 ], [ -122.145272018759002, 44.271476550926096 ] ] } },
{ "type": "Feature", "properties": { "OBJECTID_1": 521, "OBJECTID": 18202, "Permanent_": "{656EBA21-A920-42B7-A959-8E4946AF7D91}", "FDate": 1464220800000, "Resolution": 2, "GNIS_ID": " ", "GNIS_Name": " ", "LengthKM": 0.5057592, "ReachCode": "17090004024527", "FlowDir": 1, "WBArea_Per": " ", "FType": 460, "FCode": 46003, "MainPath": 0, "InNetwork": 1, "Visibility": 0, "Shape_Leng": 0.00479809, "Enabled": 1, "GlobalID": "336ada30-9144-4d06-b6a3-4310d761230f", "Width": null, "Shape__Length": 504.40664906469397 }, "geometry": { "type": "LineString", "coordinates": [ [ -122.167523099411, 44.23765327956621 ], [ -122.167295288283015, 44.237275340508106 ], [ -122.167212763733005, 44.237024556018291 ], [ -122.166831143284014, 44.236466017560588 ], [ -122.16674114704098, 44.2360335962791 ], [ -122.166521660407014, 44.235807283663597 ], [ -122.166301470808008, 44.2354174933065 ], [ -122.166308186716009, 44.235218201742008 ], [ -122.166506519403015, 44.235009078921799 ], [ -122.16657954280501, 44.234836305432303 ], [ -122.166417448059008, 44.234385323583794 ], [ -122.166424230173021, 44.234114598162108 ], [ -122.166497429122018, 44.233970574719798 ], [ -122.166481528301006, 44.233679269200678 ], [ -122.166349225808005, 44.233421382768498 ] ] } },
{ "type": "Feature", "properties": { "OBJECTID_1": 522, "OBJECTID": 10477, "Permanent_": "{A278542E-3CC0-4696-817C-C0F0799EF4A3}", "FDate": 1464220800000, "Resolution": 2, "GNIS_ID": " ", "GNIS_Name": " ", "LengthKM": 0.2909291, "ReachCode": "17090004022916", "FlowDir": 1, "WBArea_Per": " ", "FType": 460, "FCode": 46003, "MainPath": 0, "InNetwork": 1, "Visibility": 0, "Shape_Leng": 0.00333704, "Enabled": 1, "GlobalID": "b0283d30-1135-45a7-9323-46f059f666ec", "Width": null, "Shape__Length": 291.13819504935589 }, "geometry": { "type": "LineString", "coordinates": [ [ -122.135155574495002, 44.247483047493198 ], [ -122.135929976249017, 44.247378840802902 ], [ -122.136263849621997, 44.247197818094804 ], [ -122.136907604068014, 44.246987013238709 ], [ -122.137756708821001, 44.246499542381507 ], [ -122.138087724673994, 44.246113623774804 ] ] } },
{ "type": "Feature", "properties": { "OBJECTID_1": 523, "OBJECTID": 13817, "Permanent_": "{7734C62A-66C1-44CF-AE71-30A67C7A306B}", "FDate": 1464220800000, "Resolution": 2, "GNIS_ID": " ", "GNIS_Name": " ", "LengthKM": 0.44025857, "ReachCode": "17090004022734", "FlowDir": 1, "WBArea_Per": " ", "FType": 460, "FCode": 46003, "MainPath": 0, "InNetwork": 1, "Visibility": 0, "Shape_Leng": 0.00481437, "Enabled": 1, "GlobalID": "e8d952b4-4609-485e-bbdf-14ba86a9432d", "Width": null, "Shape__Length": 440.19752938413058 }, "geometry": { "type": "LineString", "coordinates": [ [ -122.212680898402013, 44.227395377813714 ], [ -122.212553198807996, 44.227555443770598 ], [ -122.212407112221982, 44.227628807849896 ], [ -122.212376703754018, 44.227992101178998 ], [ -122.212455836591005, 44.2285601119316 ], [ -122.212650220336002, 44.228957645196004 ], [ -122.212937189843004, 44.229146281880901 ], [ -122.213400983146997, 44.229323956176202 ], [ -122.214240821673002, 44.229442257328103 ], [ -122.21466563722602, 44.2295905872733 ], [ -122.215007995701995, 44.229612167551501 ], [ -122.215228721513981, 44.229689102431003 ], [ -122.215551867395021, 44.229727239073895 ] ] } },
{ "type": "Feature", "properties": { "OBJECTID_1": 524, "OBJECTID": 10238, "Permanent_": "{81B86423-4747-448E-B2DF-CF68BA092AC2}", "FDate": 1464220800000, "Resolution": 2, "GNIS_ID": " ", "GNIS_Name": " ", "LengthKM": 0.29092914, "ReachCode": "17090004023032", "FlowDir": 1, "WBArea_Per": " ", "FType": 460, "FCode": 46003, "MainPath": 0, "InNetwork": 1, "Visibility": 0, "Shape_Leng": 0.00359406, "Enabled": 1, "GlobalID": "97924a72-adb5-4fa3-9198-d2a2bdcb3df6", "Width": null, "Shape__Length": 291.61529338999787 }, "geometry": { "type": "LineString", "coordinates": [ [ -122.179500965659017, 44.243606898382389 ], [ -122.17981302899102, 44.243651448665396 ], [ -122.180227753227015, 44.243590155314592 ], [ -122.180556464245996, 44.243593199912198 ], [ -122.181689425790012, 44.243810130741593 ], [ -122.181940997254003, 44.243895803745403 ], [ -122.183030024936997, 44.2437711027547 ] ] } },
{ "type": "Feature", "properties": { "OBJECTID_1": 525, "OBJECTID": 22054, "Permanent_": "{0337570C-6F12-4122-B661-D2B43FE87ED1}", "FDate": 1464220800000, "Resolution": 2, "GNIS_ID": " ", "GNIS_Name": " ", "LengthKM": 0.20576294, "ReachCode": "17090004023079", "FlowDir": 1, "WBArea_Per": " ", "FType": 460, "FCode": 46003, "MainPath": 0, "InNetwork": 1, "Visibility": 0, "Shape_Leng": 0.00204061, "Enabled": 1, "GlobalID": "e0b51144-aa82-456e-9bf7-298c9faff1cc", "Width": null, "Shape__Length": 205.35864989725752 }, "geometry": { "type": "LineString", "coordinates": [ [ -122.161510840516996, 44.251693881050095 ], [ -122.162018752296007, 44.2523990548098 ], [ -122.162247212357997, 44.252648123633293 ], [ -122.162538146936996, 44.252854848483295 ], [ -122.162670826734995, 44.253297603349189 ] ] } },
{ "type": "Feature", "properties": { "OBJECTID_1": 526, "OBJECTID": 14325, "Permanent_": "{C3F5F37C-731D-4740-A4A8-14AD0B0DCA85}", "FDate": 1464220800000, "Resolution": 2, "GNIS_ID": " ", "GNIS_Name": " ", "LengthKM": 0.19280683, "ReachCode": "17090004022929", "FlowDir": 1, "WBArea_Per": " ", "FType": 460, "FCode": 46003, "MainPath": 0, "InNetwork": 1, "Visibility": 0, "Shape_Leng": 0.00189222, "Enabled": 1, "GlobalID": "0b3e8f9e-c8aa-4a69-b633-9470ec29497e", "Width": null, "Shape__Length": 192.39696760260784 }, "geometry": { "type": "LineString", "coordinates": [ [ -122.137519063046, 44.248355598073388 ], [ -122.137861158720028, 44.247994339643597 ], [ -122.137895925558013, 44.247894384153092 ], [ -122.138052377465016, 44.247772699668509 ], [ -122.13807845185201, 44.247677091840295 ], [ -122.137908962924996, 44.247429376618591 ], [ -122.137917654448003, 44.247325076589888 ], [ -122.138095835296014, 44.247055633438791 ], [ -122.13804170134398, 44.24682802655051 ] ] } },
{ "type": "Feature", "properties": { "OBJECTID_1": 527, "OBJECTID": 26188, "Permanent_": "{ECAD9E5E-B697-4468-AE35-BF1F593A2E98}", "FDate": 1464220800000, "Resolution": 2, "GNIS_ID": " ", "GNIS_Name": " ", "LengthKM": 0.06681635, "ReachCode": "17090004022948", "FlowDir": 1, "WBArea_Per": " ", "FType": 460, "FCode": 46003, "MainPath": 0, "InNetwork": 1, "Visibility": 0, "Shape_Leng": 0.00062671, "Enabled": 1, "GlobalID": "fcdad4d7-7634-47ba-b007-4d00c6da9803", "Width": null, "Shape__Length": 66.6267427301715 }, "geometry": { "type": "LineString", "coordinates": [ [ -122.130470388286994, 44.223101842037309 ], [ -122.130429271140997, 44.223520582293389 ], [ -122.130567275830998, 44.223666956742697 ] ] } },
{ "type": "Feature", "properties": { "OBJECTID_1": 528, "OBJECTID": 17812, "Permanent_": "{56965B39-6019-49F8-9CEF-7E8E532279E9}", "FDate": 1464220800000, "Resolution": 2, "GNIS_ID": " ", "GNIS_Name": " ", "LengthKM": 0.19813302, "ReachCode": "17090004022753", "FlowDir": 1, "WBArea_Per": " ", "FType": 460, "FCode": 46003, "MainPath": 0, "InNetwork": 1, "Visibility": 0, "Shape_Leng": 0.00187115, "Enabled": 1, "GlobalID": "6de59307-0e12-4907-9d3f-4e501cf6ebe8", "Width": null, "Shape__Length": 197.59126001127322 }, "geometry": { "type": "LineString", "coordinates": [ [ -122.218726911125998, 44.243874714847585 ], [ -122.218569503284002, 44.243163044947892 ], [ -122.218366233755987, 44.242881839599598 ], [ -122.218295454450995, 44.242569158264999 ], [ -122.218004829192992, 44.242206635285491 ] ] } },
{ "type": "Feature", "properties": { "OBJECTID_1": 529, "OBJECTID": 6020, "Permanent_": "108055821", "FDate": 1464220800000, "Resolution": 2, "GNIS_ID": " ", "GNIS_Name": " ", "LengthKM": 0.35051734, "ReachCode": "17090004003739", "FlowDir": 1, "WBArea_Per": " ", "FType": 460, "FCode": 46003, "MainPath": 0, "InNetwork": 1, "Visibility": 0, "Shape_Leng": 0.00353339, "Enabled": 1, "GlobalID": "9ff7f4df-a84c-4cbe-b49e-47d9d9407888", "Width": null, "Shape__Length": 349.91736749062738 }, "geometry": { "type": "LineString", "coordinates": [ [ -122.217891292071016, 44.238536086489809 ], [ -122.217390648557, 44.238015247063998 ], [ -122.217173294348981, 44.237536029275503 ], [ -122.217168072556007, 44.237234533323409 ], [ -122.217042172301021, 44.237004929290606 ], [ -122.216120353032011, 44.236371173110498 ], [ -122.215788610109996, 44.235894326720604 ] ] } },
{ "type": "Feature", "properties": { "OBJECTID_1": 530, "OBJECTID": 21899, "Permanent_": "161200819", "FDate": 1464220800000, "Resolution": 2, "GNIS_ID": "01123461", "GNIS_Name": "Lookout Creek", "LengthKM": 0.41325344, "ReachCode": "17090004000322", "FlowDir": 1, "WBArea_Per": " ", "FType": 460, "FCode": 46006, "MainPath": 0, "InNetwork": 1, "Visibility": 0, "Shape_Leng": 0.00472358, "Enabled": 1, "GlobalID": "65ca9874-ce11-48cb-8060-07e5788eaf2e", "Width": 1.0, "Shape__Length": 413.53409497982994 }, "geometry": { "type": "LineString", "coordinates": [ [ -122.183003382462999, 44.231140353768311 ], [ -122.18350331578398, 44.230921109235702 ], [ -122.183700360905988, 44.2309047489628 ], [ -122.183865185596986, 44.230941486323403 ], [ -122.184209765255005, 44.231294389612003 ], [ -122.184271717235006, 44.231562959299588 ], [ -122.184348095552011, 44.231638825687085 ], [ -122.184866706218997, 44.231716787152699 ], [ -122.185194219853997, 44.231827158510299 ], [ -122.186381273408998, 44.232479166990792 ], [ -122.187054325100988, 44.232563735555402 ] ] } },
{ "type": "Feature", "properties": { "OBJECTID_1": 531, "OBJECTID": 22153, "Permanent_": "{D712A520-7892-4B46-A0FD-90EE20E0E701}", "FDate": 1464220800000, "Resolution": 2, "GNIS_ID": " ", "GNIS_Name": " ", "LengthKM": 0.1956711, "ReachCode": "17090004023150", "FlowDir": 1, "WBArea_Per": " ", "FType": 460, "FCode": 46003, "MainPath": 0, "InNetwork": 1, "Visibility": 0, "Shape_Leng": 0.00220634, "Enabled": 1, "GlobalID": "f3984cb4-2765-4c4e-ae6f-aaf5509b4598", "Width": null, "Shape__Length": 195.74674042431172 }, "geometry": { "type": "LineString", "coordinates": [ [ -122.143921679038996, 44.272590954949997 ], [ -122.14398192661001, 44.2724682645268 ], [ -122.143949616877009, 44.27237386126739 ], [ -122.143384108888995, 44.272076191524604 ], [ -122.143222847345996, 44.271862494699782 ], [ -122.143000428741004, 44.271808124997001 ], [ -122.142641042861001, 44.271820157948504 ], [ -122.142211652225996, 44.271663171942691 ] ] } },
{ "type": "Feature", "properties": { "OBJECTID_1": 532, "OBJECTID": 22143, "Permanent_": "{FD3F722A-D07A-4594-8761-DA0CB642C7FC}", "FDate": 1464220800000, "Resolution": 2, "GNIS_ID": " ", "GNIS_Name": " ", "LengthKM": 0.30195065, "ReachCode": "17090004022945", "FlowDir": 1, "WBArea_Per": " ", "FType": 460, "FCode": 46003, "MainPath": 0, "InNetwork": 1, "Visibility": 0, "Shape_Leng": 0.00276053, "Enabled": 1, "GlobalID": "3b3e440d-c03f-4fa5-a0cb-dfb4122fbe42", "Width": null, "Shape__Length": 300.97535318551104 }, "geometry": { "type": "LineString", "coordinates": [ [ -122.13012198059198, 44.220449991510996 ], [ -122.130197046131002, 44.220931078241392 ], [ -122.130170147503989, 44.221314083564685 ], [ -122.13034474962501, 44.2219670514122 ], [ -122.130555167448009, 44.222421110824392 ], [ -122.130567422835014, 44.222920430260508 ], [ -122.130470388286994, 44.223101842037309 ] ] } },
{ "type": "Feature", "properties": { "OBJECTID_1": 533, "OBJECTID": 2799, "Permanent_": "{A02B5712-E444-447A-B4B4-D2D237835831}", "FDate": 1464220800000, "Resolution": 2, "GNIS_ID": " ", "GNIS_Name": " ", "LengthKM": 0.83142189, "ReachCode": "17090004022971", "FlowDir": 1, "WBArea_Per": " ", "FType": 460, "FCode": 46003, "MainPath": 0, "InNetwork": 1, "Visibility": 0, "Shape_Leng": 0.00786601, "Enabled": 1, "GlobalID": "7ff9ba15-63c3-4d6c-a650-361436a0a6e0", "Width": null, "Shape__Length": 829.18768316334865 }, "geometry": { "type": "LineString", "coordinates": [ [ -122.123881411373006, 44.239123837064405 ], [ -122.123760260468998, 44.238617245819313 ], [ -122.12385157101599, 44.238250286496502 ], [ -122.123759833655996, 44.237794556939498 ], [ -122.123865702519012, 44.237106291173795 ], [ -122.124031544525991, 44.236695228035195 ], [ -122.123996714377981, 44.235928228463294 ], [ -122.124112043387996, 44.235462081150501 ], [ -122.124050815358018, 44.235125932555803 ], [ -122.12412794699901, 44.234897071682994 ], [ -122.124073304909004, 44.234581516861894 ], [ -122.124126608287, 44.234355875520201 ], [ -122.124398068687029, 44.233803932308497 ], [ -122.124761384614004, 44.233469815781397 ], [ -122.125294102432008, 44.232602189844307 ], [ -122.125817662334995, 44.232236068154201 ], [ -122.125983291151996, 44.232228640376398 ] ] } },
{ "type": "Feature", "properties": { "OBJECTID_1": 534, "OBJECTID": 17678, "Permanent_": "{E52421A1-0A60-4011-9F3B-F35C7DF6C90F}", "FDate": 1464220800000, "Resolution": 2, "GNIS_ID": " ", "GNIS_Name": " ", "LengthKM": 0.19054427, "ReachCode": "17090004022695", "FlowDir": 1, "WBArea_Per": " ", "FType": 460, "FCode": 46003, "MainPath": 0, "InNetwork": 1, "Visibility": 0, "Shape_Leng": 0.00192878, "Enabled": 1, "GlobalID": "1c9714e0-16a6-4d75-928c-4fd037e7f530", "Width": null, "Shape__Length": 190.23043948176604 }, "geometry": { "type": "LineString", "coordinates": [ [ -122.238811583063011, 44.225323885245594 ], [ -122.238516128227005, 44.225056867491901 ], [ -122.238401615285014, 44.224680806726596 ], [ -122.238519375035011, 44.224499092901688 ], [ -122.238880708796003, 44.224296186400196 ], [ -122.239142484575993, 44.223984503343907 ], [ -122.23913694334901, 44.223905859179602 ] ] } },
{ "type": "Feature", "properties": { "OBJECTID_1": 535, "OBJECTID": 2566, "Permanent_": "{1FAE9FA3-3B25-4711-9D98-114238BB4E33}", "FDate": 1464220800000, "Resolution": 2, "GNIS_ID": " ", "GNIS_Name": " ", "LengthKM": 0.59290657, "ReachCode": "17090004023134", "FlowDir": 1, "WBArea_Per": " ", "FType": 460, "FCode": 46003, "MainPath": 0, "InNetwork": 1, "Visibility": 0, "Shape_Leng": 0.00580311, "Enabled": 1, "GlobalID": "2b788884-25e7-4d8b-a6e1-585510e9046c", "Width": null, "Shape__Length": 591.64113379075866 }, "geometry": { "type": "LineString", "coordinates": [ [ -122.164669661763995, 44.269155724889288 ], [ -122.164855646945, 44.2687960846987 ], [ -122.165432937895005, 44.268255666640698 ], [ -122.165482280521999, 44.268019823758998 ], [ -122.165350096563998, 44.267567888357398 ], [ -122.165353025949997, 44.267187005547392 ], [ -122.165519731204995, 44.266927314811298 ], [ -122.165614006929985, 44.266586852271494 ], [ -122.165847635657997, 44.266251137334997 ], [ -122.165887431616994, 44.266085189984892 ], [ -122.166238271786995, 44.265789634748302 ], [ -122.166086311282996, 44.265516353825603 ], [ -122.165968490376002, 44.2649651335676 ], [ -122.166503758755994, 44.264541203255497 ], [ -122.16670015701898, 44.264465317857201 ] ] } },
{ "type": "Feature", "properties": { "OBJECTID_1": 536, "OBJECTID": 10363, "Permanent_": "{5004A435-D366-4DBA-B575-BCA30806866E}", "FDate": 1464220800000, "Resolution": 2, "GNIS_ID": " ", "GNIS_Name": " ", "LengthKM": 0.29503832, "ReachCode": "17090004022843", "FlowDir": 1, "WBArea_Per": " ", "FType": 460, "FCode": 46003, "MainPath": 0, "InNetwork": 1, "Visibility": 0, "Shape_Leng": 0.00345237, "Enabled": 1, "GlobalID": "48d59816-2eb8-456e-8c53-39074c033712", "Width": null, "Shape__Length": 295.38132246707926 }, "geometry": { "type": "LineString", "coordinates": [ [ -122.159026672717999, 44.221398641878707 ], [ -122.159600429614017, 44.221869025054403 ], [ -122.159943411396014, 44.222035448092598 ], [ -122.160922642836979, 44.222253883016108 ], [ -122.161062379320015, 44.222333419369193 ], [ -122.162173666515002, 44.222637914529791 ] ] } },
{ "type": "Feature", "properties": { "OBJECTID_1": 537, "OBJECTID": 21629, "Permanent_": "161200340", "FDate": 1464220800000, "Resolution": 2, "GNIS_ID": " ", "GNIS_Name": " ", "LengthKM": 0.19200631, "ReachCode": "17090004014630", "FlowDir": 1, "WBArea_Per": " ", "FType": 460, "FCode": 46003, "MainPath": 0, "InNetwork": 1, "Visibility": 0, "Shape_Leng": 0.00183897, "Enabled": 1, "GlobalID": "6960e1a2-a456-4737-a4cf-9407a790573e", "Width": null, "Shape__Length": 191.52298044373973 }, "geometry": { "type": "LineString", "coordinates": [ [ -122.217682296727986, 44.240499148738216 ], [ -122.217521804816002, 44.240177841386803 ], [ -122.217633445211987, 44.240007264351391 ], [ -122.217597961319996, 44.239797204803786 ], [ -122.217786470673019, 44.239653911323302 ], [ -122.21797718831202, 44.239311316442709 ], [ -122.217925539749004, 44.238922118593699 ] ] } },
{ "type": "Feature", "properties": { "OBJECTID_1": 538, "OBJECTID": 21476, "Permanent_": "{445D844B-A419-4C61-8ABC-CA06A885D126}", "FDate": 1464220800000, "Resolution": 2, "GNIS_ID": " ", "GNIS_Name": " ", "LengthKM": 0.03224854, "ReachCode": "17090004022682", "FlowDir": 1, "WBArea_Per": "108067939", "FType": 558, "FCode": 55800, "MainPath": 0, "InNetwork": 1, "Visibility": 0, "Shape_Leng": 0.00038933, "Enabled": 1, "GlobalID": "35a554f0-0231-481c-9ac3-84af6bf5c2e4", "Width": null, "Shape__Length": 32.308621527582211 }, "geometry": { "type": "LineString", "coordinates": [ [ -122.25248177452599, 44.215951030604906 ], [ -122.252853498715993, 44.215846173814391 ] ] } },
{ "type": "Feature", "properties": { "OBJECTID_1": 539, "OBJECTID": 9934, "Permanent_": "161200682", "FDate": 1464220800000, "Resolution": 2, "GNIS_ID": " ", "GNIS_Name": " ", "LengthKM": 0.2963288, "ReachCode": "17090004000616", "FlowDir": 1, "WBArea_Per": " ", "FType": 460, "FCode": 46006, "MainPath": 0, "InNetwork": 1, "Visibility": 0, "Shape_Leng": 0.00310752, "Enabled": 1, "GlobalID": "39606378-0754-4a2f-9aab-0dce592a484b", "Width": null, "Shape__Length": 296.02350534960812 }, "geometry": { "type": "LineString", "coordinates": [ [ -122.221589191049006, 44.217956718049592 ], [ -122.222114866046027, 44.218450339033097 ], [ -122.222207510096979, 44.218646640531695 ], [ -122.222648423698018, 44.219196322390893 ], [ -122.222891545178001, 44.219365929256483 ], [ -122.223373223262001, 44.219872148318899 ], [ -122.223512214608007, 44.219920152603798 ], [ -122.223818738228005, 44.219900747099899 ] ] } },
{ "type": "Feature", "properties": { "OBJECTID_1": 540, "OBJECTID": 25947, "Permanent_": "161200230", "FDate": 1464220800000, "Resolution": 2, "GNIS_ID": " ", "GNIS_Name": " ", "LengthKM": 0.78701959, "ReachCode": "17090004014534", "FlowDir": 1, "WBArea_Per": " ", "FType": 460, "FCode": 46003, "MainPath": 0, "InNetwork": 1, "Visibility": 0, "Shape_Leng": 0.00765982, "Enabled": 1, "GlobalID": "05b8157c-c7fa-40fd-8c22-44cfc3601637", "Width": null, "Shape__Length": 785.23330121462368 }, "geometry": { "type": "LineString", "coordinates": [ [ -122.190134488018003, 44.224249055043884 ], [ -122.190214190860999, 44.225217911104693 ], [ -122.190312278064013, 44.225609399778797 ], [ -122.190224774705015, 44.225951668105601 ], [ -122.189848324002995, 44.226720166122007 ], [ -122.189489206480005, 44.226988357882497 ], [ -122.189382483711995, 44.227258241732102 ], [ -122.189103438855, 44.2275391807771 ], [ -122.18876199159601, 44.228462832107283 ], [ -122.188879425932001, 44.228758838826103 ], [ -122.189089357520999, 44.229051997164802 ], [ -122.189362019895015, 44.229228374246595 ], [ -122.189850266347989, 44.229425339469202 ], [ -122.190041140917018, 44.2296697881292 ], [ -122.190176379112998, 44.229999862361204 ], [ -122.190376262849995, 44.23015420895711 ], [ -122.190672908276994, 44.230513720570301 ] ] } },
{ "type": "Feature", "properties": { "OBJECTID_1": 541, "OBJECTID": 10236, "Permanent_": "108046647", "FDate": 1464220800000, "Resolution": 2, "GNIS_ID": " ", "GNIS_Name": " ", "LengthKM": 0.34026024, "ReachCode": "17090004000583", "FlowDir": 1, "WBArea_Per": " ", "FType": 460, "FCode": 46006, "MainPath": 0, "InNetwork": 1, "Visibility": 0, "Shape_Leng": 0.00363115, "Enabled": 1, "GlobalID": "5a501fab-a9d9-43e6-8dee-55b2f97c62cc", "Width": null, "Shape__Length": 340.04771024012859 }, "geometry": { "type": "LineString", "coordinates": [ [ -122.181291452644984, 44.251488055182797 ], [ -122.181370597509002, 44.251397469760796 ], [ -122.181700447374013, 44.251294336832395 ], [ -122.182193846706994, 44.251225537762892 ], [ -122.182654456977005, 44.25121428736211 ], [ -122.183041303780016, 44.250931882858296 ], [ -122.183120740166018, 44.250744249510994 ], [ -122.183129089302994, 44.250378162616293 ], [ -122.183350444718002, 44.250158373821193 ], [ -122.183674035639015, 44.249680505242395 ], [ -122.183667238679007, 44.249569354937485 ], [ -122.183576834780013, 44.249488882928894 ] ] } },
{ "type": "Feature", "properties": { "OBJECTID_1": 542, "OBJECTID": 25676, "Permanent_": "{98AA7750-CA47-4A33-8BDF-E87F2E3A42C0}", "FDate": 1464220800000, "Resolution": 2, "GNIS_ID": " ", "GNIS_Name": " ", "LengthKM": 0.17970873, "ReachCode": "17090004022892", "FlowDir": 1, "WBArea_Per": " ", "FType": 460, "FCode": 46003, "MainPath": 0, "InNetwork": 1, "Visibility": 0, "Shape_Leng": 0.00179864, "Enabled": 1, "GlobalID": "f6b9f697-5b5a-4149-8df5-99b5d0ba9301", "Width": null, "Shape__Length": 179.37806552626128 }, "geometry": { "type": "LineString", "coordinates": [ [ -122.213574562485007, 44.212636433915996 ], [ -122.213741129021003, 44.212693846598803 ], [ -122.213969912785004, 44.212945925607599 ], [ -122.214079377755979, 44.213244439014403 ], [ -122.214475984060982, 44.213634060178805 ], [ -122.214502178844015, 44.213828422892909 ], [ -122.214598997115999, 44.21399275772319 ] ] } },
{ "type": "Feature", "properties": { "OBJECTID_1": 543, "OBJECTID": 25689, "Permanent_": "{AF059776-E4B0-450B-AF1E-2B86F3E9BC79}", "FDate": 1464220800000, "Resolution": 2, "GNIS_ID": " ", "GNIS_Name": " ", "LengthKM": 0.12739787, "ReachCode": "17090004022730", "FlowDir": 1, "WBArea_Per": " ", "FType": 460, "FCode": 46003, "MainPath": 0, "InNetwork": 1, "Visibility": 0, "Shape_Leng": 0.00134111, "Enabled": 1, "GlobalID": "35876280-4984-46f9-b3d2-a6e1bf5046b9", "Width": null, "Shape__Length": 127.27554929584636 }, "geometry": { "type": "LineString", "coordinates": [ [ -122.216513051202995, 44.225718140878797 ], [ -122.216715305728016, 44.22606773473651 ], [ -122.217014831566999, 44.226348330593396 ], [ -122.217481459168994, 44.226584090606984 ] ] } },
{ "type": "Feature", "properties": { "OBJECTID_1": 544, "OBJECTID": 29668, "Permanent_": "{3A7EFF1E-45E0-4A26-B788-8495876A7A3E}", "FDate": 1464220800000, "Resolution": 2, "GNIS_ID": " ", "GNIS_Name": " ", "LengthKM": 0.00831046, "ReachCode": "17090004003739", "FlowDir": 1, "WBArea_Per": " ", "FType": 460, "FCode": 46003, "MainPath": 0, "InNetwork": 1, "Visibility": 0, "Shape_Leng": 7.748e-05, "Enabled": 1, "GlobalID": "19b97610-43df-4197-85c5-300e4db6836d", "Width": null, "Shape__Length": 8.2859097617663426 }, "geometry": { "type": "LineString", "coordinates": [ [ -122.215788610109996, 44.235894326720604 ], [ -122.215758459666006, 44.23582295011709 ] ] } },
{ "type": "Feature", "properties": { "OBJECTID_1": 545, "OBJECTID": 25951, "Permanent_": "161200631", "FDate": 1464220800000, "Resolution": 2, "GNIS_ID": "01135972", "GNIS_Name": "Nostoc Creek", "LengthKM": 0.43431407, "ReachCode": "17090004003747", "FlowDir": 1, "WBArea_Per": " ", "FType": 460, "FCode": 46006, "MainPath": 0, "InNetwork": 1, "Visibility": 0, "Shape_Leng": 0.00530313, "Enabled": 1, "GlobalID": "0bd0ca37-9330-4c77-974e-3171dfb7a2ef", "Width": 1.0, "Shape__Length": 435.23138958091397 }, "geometry": { "type": "LineString", "coordinates": [ [ -122.172654927023004, 44.231503596425192 ], [ -122.173215968428011, 44.231387815392203 ], [ -122.173840239967987, 44.231347327343208 ], [ -122.174348068819015, 44.231050255324298 ], [ -122.17479512475002, 44.230937950566897 ], [ -122.175325538341013, 44.231004064675098 ], [ -122.175646882184012, 44.230982123452186 ], [ -122.175998969499005, 44.231074082772587 ], [ -122.176538183532003, 44.231061966316503 ], [ -122.177103291867013, 44.231180322482096 ], [ -122.17759178176199, 44.231118134815908 ], [ -122.177787354474987, 44.231044012839199 ] ] } },
{ "type": "Feature", "properties": { "OBJECTID_1": 546, "OBJECTID": 9801, "Permanent_": "{8C5DA0B7-7CFC-40E7-8170-B6ADD2BF9EEF}", "FDate": 1464220800000, "Resolution": 2, "GNIS_ID": " ", "GNIS_Name": " ", "LengthKM": 0.08256532, "ReachCode": "17090004003768", "FlowDir": 1, "WBArea_Per": " ", "FType": 460, "FCode": 46006, "MainPath": 0, "InNetwork": 1, "Visibility": 0, "Shape_Leng": 0.00092522, "Enabled": 1, "GlobalID": "0454ad74-5e85-4435-91ba-6fa2fabf7c88", "Width": null, "Shape__Length": 82.581844211405766 }, "geometry": { "type": "LineString", "coordinates": [ [ -122.249647686551995, 44.204645987314592 ], [ -122.250440046264998, 44.205121981790107 ] ] } },
{ "type": "Feature", "properties": { "OBJECTID_1": 547, "OBJECTID": 25515, "Permanent_": "{1C0126B4-39FB-49BE-A80E-10D006E25282}", "FDate": 1464220800000, "Resolution": 2, "GNIS_ID": " ", "GNIS_Name": " ", "LengthKM": 0.54764258, "ReachCode": "17090004022784", "FlowDir": 1, "WBArea_Per": " ", "FType": 460, "FCode": 46003, "MainPath": 0, "InNetwork": 1, "Visibility": 0, "Shape_Leng": 0.00584317, "Enabled": 1, "GlobalID": "81f75e28-f48e-472b-8b61-3c4447dec168", "Width": null, "Shape__Length": 547.29159516982872 }, "geometry": { "type": "LineString", "coordinates": [ [ -122.249054105960994, 44.209090526670494 ], [ -122.249250658473997, 44.210154282847107 ], [ -122.249481844421993, 44.2106392867137 ], [ -122.249785681258018, 44.211067751153784 ], [ -122.249977531512002, 44.211250281353287 ], [ -122.251102888280002, 44.211951326960701 ], [ -122.252547583839998, 44.212117456573189 ], [ -122.253116440637996, 44.212382685593901 ] ] } },
{ "type": "Feature", "properties": { "OBJECTID_1": 548, "OBJECTID": 10084, "Permanent_": "161200781", "FDate": 1476576000000, "Resolution": 2, "GNIS_ID": "01124021", "GNIS_Name": "McRae Creek", "LengthKM": 0.3066126, "ReachCode": "17090004000325", "FlowDir": 1, "WBArea_Per": " ", "FType": 460, "FCode": 46006, "MainPath": 0, "InNetwork": 1, "Visibility": 0, "Shape_Leng": 0.00364865, "Enabled": 1, "GlobalID": "79bace64-d31f-44fe-8358-cc9d432619d4", "Width": 1.0, "Shape__Length": 307.07647360925176 }, "geometry": { "type": "LineString", "coordinates": [ [ -122.19923945832501, 44.238964598320891 ], [ -122.199601419095004, 44.23889159456899 ], [ -122.19993873790699, 44.238623084751502 ], [ -122.200432981638997, 44.238409114007588 ], [ -122.200719747861996, 44.238373662588096 ], [ -122.201181780164006, 44.23824094043249 ], [ -122.201535228645014, 44.238256629959992 ], [ -122.202006108587014, 44.238121934309298 ], [ -122.202406171541995, 44.238113853556897 ], [ -122.202642399708012, 44.237967695111706 ] ] } },
{ "type": "Feature", "properties": { "OBJECTID_1": 549, "OBJECTID": 29924, "Permanent_": "{07FECEA2-284A-484B-B0CB-A03DD3F1D959}", "FDate": 1464220800000, "Resolution": 2, "GNIS_ID": " ", "GNIS_Name": " ", "LengthKM": 0.20511077, "ReachCode": "17090004023063", "FlowDir": 1, "WBArea_Per": " ", "FType": 460, "FCode": 46003, "MainPath": 0, "InNetwork": 1, "Visibility": 0, "Shape_Leng": 0.00219427, "Enabled": 1, "GlobalID": "4dbae02d-c7fc-4d7e-a0a0-d6856909209e", "Width": null, "Shape__Length": 204.99107664360866 }, "geometry": { "type": "LineString", "coordinates": [ [ -122.175537074966996, 44.248631123424403 ], [ -122.176050433616993, 44.249266552798801 ], [ -122.176244006287007, 44.249679839369797 ], [ -122.176824176470021, 44.249811257073198 ], [ -122.177126813157017, 44.249833033734603 ] ] } },
{ "type": "Feature", "properties": { "OBJECTID_1": 550, "OBJECTID": 25819, "Permanent_": "{38ED4D7F-668C-49C1-9852-1024551B521E}", "FDate": 1464220800000, "Resolution": 2, "GNIS_ID": " ", "GNIS_Name": " ", "LengthKM": 0.06600614, "ReachCode": "17090004022890", "FlowDir": 1, "WBArea_Per": " ", "FType": 460, "FCode": 46003, "MainPath": 0, "InNetwork": 1, "Visibility": 0, "Shape_Leng": 0.00081337, "Enabled": 1, "GlobalID": "aef3545c-2b2e-4aeb-8f46-662e3bf17d5e", "Width": null, "Shape__Length": 66.162304380357426 }, "geometry": { "type": "LineString", "coordinates": [ [ -122.211055905224015, 44.213522786328404 ], [ -122.211469896086996, 44.213615022667199 ], [ -122.211852164750013, 44.213615156118102 ] ] } },
{ "type": "Feature", "properties": { "OBJECTID_1": 551, "OBJECTID": 26091, "Permanent_": "{8393967A-5A54-4D96-923A-2F6E69859C6F}", "FDate": 1464220800000, "Resolution": 2, "GNIS_ID": " ", "GNIS_Name": " ", "LengthKM": 0.01414443, "ReachCode": "17090004023090", "FlowDir": 1, "WBArea_Per": " ", "FType": 460, "FCode": 46003, "MainPath": 0, "InNetwork": 1, "Visibility": 0, "Shape_Leng": 0.00014813, "Enabled": 1, "GlobalID": "db1bcbca-6a10-435c-b243-5d29593ee4a0", "Width": null, "Shape__Length": 14.129962308551743 }, "geometry": { "type": "LineString", "coordinates": [ [ -122.159409860055987, 44.25458404394189 ], [ -122.159513768003009, 44.25468100106329 ] ] } },
{ "type": "Feature", "properties": { "OBJECTID_1": 552, "OBJECTID": 2802, "Permanent_": "{62E21BE9-D922-44F6-BA85-F7665EB7B5C6}", "FDate": 1464220800000, "Resolution": 2, "GNIS_ID": "01135973", "GNIS_Name": "Cold Creek", "LengthKM": 0.16753889, "ReachCode": "17090004001291", "FlowDir": 1, "WBArea_Per": " ", "FType": 460, "FCode": 46003, "MainPath": 0, "InNetwork": 1, "Visibility": 0, "Shape_Leng": 0.0020186, "Enabled": 1, "GlobalID": "2ca716c5-7ce7-46b5-878c-5dc5c5c46de4", "Width": 1.0, "Shape__Length": 167.84068754128072 }, "geometry": { "type": "LineString", "coordinates": [ [ -122.112867120732005, 44.232297003456601 ], [ -122.11401439782999, 44.232041716010897 ], [ -122.114466444010006, 44.231801423329202 ], [ -122.114789116763021, 44.2317479177755 ] ] } },
{ "type": "Feature", "properties": { "OBJECTID_1": 553, "OBJECTID": 26088, "Permanent_": "{DDB57F19-6338-49A7-AAAD-43361E92D338}", "FDate": 1464220800000, "Resolution": 2, "GNIS_ID": " ", "GNIS_Name": " ", "LengthKM": 0.31015676, "ReachCode": "17090004023059", "FlowDir": 1, "WBArea_Per": " ", "FType": 460, "FCode": 46003, "MainPath": 0, "InNetwork": 1, "Visibility": 0, "Shape_Leng": 0.00357825, "Enabled": 1, "GlobalID": "8eedd679-c88c-4ed7-806e-1f1c2aa7e87a", "Width": null, "Shape__Length": 310.40983171237605 }, "geometry": { "type": "LineString", "coordinates": [ [ -122.16435166284198, 44.248150621182205 ], [ -122.164630509413001, 44.248323484531483 ], [ -122.165391013559017, 44.248554263240592 ], [ -122.165806833973008, 44.248780726787402 ], [ -122.166333105204998, 44.248878222632896 ], [ -122.166608131250001, 44.24912502443761 ], [ -122.16685926769398, 44.24919861375281 ], [ -122.167544180286981, 44.249610848483591 ] ] } },
{ "type": "Feature", "properties": { "OBJECTID_1": 554, "OBJECTID": 22051, "Permanent_": "{6C78D049-21A3-410A-A563-2A95F2A5C171}", "FDate": 1464220800000, "Resolution": 2, "GNIS_ID": " ", "GNIS_Name": " ", "LengthKM": 0.06802747, "ReachCode": "17090004022830", "FlowDir": 1, "WBArea_Per": " ", "FType": 460, "FCode": 46003, "MainPath": 0, "InNetwork": 1, "Visibility": 0, "Shape_Leng": 0.00079276, "Enabled": 1, "GlobalID": "21e6b7c8-7877-46cc-8849-d928afbd087b", "Width": null, "Shape__Length": 68.099611826837119 }, "geometry": { "type": "LineString", "coordinates": [ [ -122.151241154551983, 44.215525293807403 ], [ -122.151838777619005, 44.215300421833696 ], [ -122.151962359092011, 44.215214540077895 ] ] } },
{ "type": "Feature", "properties": { "OBJECTID_1": 555, "OBJECTID": 5876, "Permanent_": "161200775", "FDate": 1464220800000, "Resolution": 2, "GNIS_ID": " ", "GNIS_Name": " ", "LengthKM": 0.50826135, "ReachCode": "17090004003760", "FlowDir": 1, "WBArea_Per": " ", "FType": 460, "FCode": 46003, "MainPath": 0, "InNetwork": 1, "Visibility": 0, "Shape_Leng": 0.00585184, "Enabled": 1, "GlobalID": "1db0ab44-1d57-4803-bfd6-66466c9c3f76", "Width": null, "Shape__Length": 508.68294847673667 }, "geometry": { "type": "LineString", "coordinates": [ [ -122.23521706478401, 44.208369092225709 ], [ -122.235464123722011, 44.208423637757996 ], [ -122.236051192291995, 44.208406944554895 ], [ -122.236598386425015, 44.208637903599694 ], [ -122.236828662391005, 44.208795806397909 ], [ -122.237368736690001, 44.208838245697997 ], [ -122.237761097724984, 44.209023196402491 ], [ -122.238292323180985, 44.209382987556182 ], [ -122.23888053901301, 44.209619907260496 ], [ -122.239243247779015, 44.209832130206991 ], [ -122.239574485884987, 44.209965194739901 ], [ -122.239946515266013, 44.210011024462204 ], [ -122.240308528897998, 44.210386182078807 ], [ -122.240375562684989, 44.210559461411393 ] ] } },
{ "type": "Feature", "properties": { "OBJECTID_1": 556, "OBJECTID": 2681, "Permanent_": "{72EE62D1-B696-40D0-B1BF-62F6B890350E}", "FDate": 1464220800000, "Resolution": 2, "GNIS_ID": " ", "GNIS_Name": " ", "LengthKM": 0.53459651, "ReachCode": "17090004022904", "FlowDir": 1, "WBArea_Per": " ", "FType": 460, "FCode": 46003, "MainPath": 0, "InNetwork": 1, "Visibility": 0, "Shape_Leng": 0.00528315, "Enabled": 1, "GlobalID": "5a12c364-6cf8-4ee9-81b3-06213f5ff5d8", "Width": null, "Shape__Length": 533.52922884529232 }, "geometry": { "type": "LineString", "coordinates": [ [ -122.144492331484997, 44.223526833458308 ], [ -122.144735054480009, 44.224245689808399 ], [ -122.145244551190004, 44.225058704379592 ], [ -122.145647143946988, 44.226030275952503 ], [ -122.145705097122004, 44.226583602906999 ], [ -122.145831660477, 44.226913507280891 ], [ -122.14629848144898, 44.227225229763597 ], [ -122.146816402963012, 44.227351927118789 ], [ -122.147107342777005, 44.227485661515502 ], [ -122.147231007808003, 44.227603765826402 ] ] } },
{ "type": "Feature", "properties": { "OBJECTID_1": 557, "OBJECTID": 6157, "Permanent_": "{E5FE0F3B-DE18-4F6E-BAB1-6AAF0BF343AA}", "FDate": 1464220800000, "Resolution": 2, "GNIS_ID": " ", "GNIS_Name": " ", "LengthKM": 0.29104607, "ReachCode": "17090004023034", "FlowDir": 1, "WBArea_Per": " ", "FType": 460, "FCode": 46003, "MainPath": 0, "InNetwork": 1, "Visibility": 0, "Shape_Leng": 0.00308068, "Enabled": 1, "GlobalID": "a79f23bf-86cf-4e4f-9d68-101c447d8e16", "Width": null, "Shape__Length": 290.82184881938673 }, "geometry": { "type": "LineString", "coordinates": [ [ -122.208283782050017, 44.243622311621515 ], [ -122.207922870451995, 44.243511783175983 ], [ -122.207649396879006, 44.243371534092816 ], [ -122.207392175758997, 44.243318596661894 ], [ -122.207073340985019, 44.243090135956791 ], [ -122.206625494397016, 44.242983601390399 ], [ -122.206435369836996, 44.242722807728804 ], [ -122.206219879402013, 44.241803280304005 ] ] } },
{ "type": "Feature", "properties": { "OBJECTID_1": 558, "OBJECTID": 10369, "Permanent_": "{8CE20EED-F191-49F8-817F-F8E2FAD91C44}", "FDate": 1464220800000, "Resolution": 2, "GNIS_ID": " ", "GNIS_Name": " ", "LengthKM": 0.07295253, "ReachCode": "17090004022893", "FlowDir": 1, "WBArea_Per": " ", "FType": 460, "FCode": 46003, "MainPath": 0, "InNetwork": 1, "Visibility": 0, "Shape_Leng": 0.00074215, "Enabled": 1, "GlobalID": "b5fa5ed9-0431-46ec-9223-acad6f2dd40b", "Width": null, "Shape__Length": 72.839653387998098 }, "geometry": { "type": "LineString", "coordinates": [ [ -122.158699745549981, 44.2386199307103 ], [ -122.158755592534987, 44.238422702241294 ], [ -122.159155749340997, 44.238080342506798 ] ] } },
{ "type": "Feature", "properties": { "OBJECTID_1": 559, "OBJECTID": 30053, "Permanent_": "{1F9B399D-985E-4D06-9D27-6127D43B8CE5}", "FDate": 1464220800000, "Resolution": 2, "GNIS_ID": " ", "GNIS_Name": " ", "LengthKM": 0.62241875, "ReachCode": "17090004022909", "FlowDir": 1, "WBArea_Per": " ", "FType": 460, "FCode": 46003, "MainPath": 0, "InNetwork": 1, "Visibility": 0, "Shape_Leng": 0.00743414, "Enabled": 1, "GlobalID": "77bdd684-711a-459a-8b6d-1dadb703684c", "Width": null, "Shape__Length": 623.43160527328473 }, "geometry": { "type": "LineString", "coordinates": [ [ -122.148725192490005, 44.228195860594703 ], [ -122.148890138612003, 44.228419449686591 ], [ -122.149367603738995, 44.2287564070866 ], [ -122.150033599993009, 44.228962476332093 ], [ -122.151469682111014, 44.229181769736897 ], [ -122.151929897512005, 44.2295213486085 ], [ -122.152061935031995, 44.229530567572795 ], [ -122.152500589358993, 44.229402251343103 ], [ -122.152844769759, 44.229419186886709 ], [ -122.154603130531001, 44.229767064172293 ], [ -122.155164398051994, 44.229638101962493 ], [ -122.155680118583007, 44.229656799914999 ] ] } },
{ "type": "Feature", "properties": { "OBJECTID_1": 560, "OBJECTID": 10228, "Permanent_": "{201C2755-195B-4C68-B9BD-909E3B372690}", "FDate": 1464220800000, "Resolution": 2, "GNIS_ID": " ", "GNIS_Name": " ", "LengthKM": 0.43107662, "ReachCode": "17090004022859", "FlowDir": 1, "WBArea_Per": " ", "FType": 460, "FCode": 46003, "MainPath": 0, "InNetwork": 1, "Visibility": 0, "Shape_Leng": 0.00408313, "Enabled": 1, "GlobalID": "8810dad6-ab96-4701-b9f8-ac6b951604cc", "Width": null, "Shape__Length": 429.90716455411484 }, "geometry": { "type": "LineString", "coordinates": [ [ -122.180899283912012, 44.225526954580097 ], [ -122.181007474722009, 44.225844072292695 ], [ -122.181149735388999, 44.226018371742597 ], [ -122.181185977287015, 44.226324343484805 ], [ -122.181353318844998, 44.226652890232991 ], [ -122.181555479850999, 44.227330551876904 ], [ -122.181603505541005, 44.227743495634002 ], [ -122.181812721832003, 44.2279464176505 ], [ -122.182144104654, 44.228414627640497 ], [ -122.18221440253599, 44.228729740546093 ], [ -122.182519361464998, 44.229141906646603 ] ] } },
{ "type": "Feature", "properties": { "OBJECTID_1": 561, "OBJECTID": 21907, "Permanent_": "{4E491225-7A5E-41EC-882B-50BAB4AB0CB3}", "FDate": 1464220800000, "Resolution": 2, "GNIS_ID": " ", "GNIS_Name": " ", "LengthKM": 1.52387076, "ReachCode": "17090004024516", "FlowDir": 1, "WBArea_Per": " ", "FType": 460, "FCode": 46006, "MainPath": 0, "InNetwork": 1, "Visibility": 0, "Shape_Leng": 0.01668824, "Enabled": 1, "GlobalID": "e8e639fb-cd55-4bfc-bf75-d51621864dcc", "Width": null, "Shape__Length": 1523.5955766496427 }, "geometry": { "type": "LineString", "coordinates": [ [ -122.171017384373982, 44.257256523131197 ], [ -122.171207561868997, 44.257203981025093 ], [ -122.171342307456001, 44.25709805697489 ], [ -122.171546316643997, 44.256746546802908 ], [ -122.171556603273004, 44.256420766692095 ], [ -122.171887795163997, 44.256322800097898 ], [ -122.172115923874017, 44.256126620982499 ], [ -122.172179398140997, 44.255857193899892 ], [ -122.172362099742998, 44.255525619944194 ], [ -122.172754303770006, 44.255218328300295 ], [ -122.172927228505984, 44.254703436582595 ], [ -122.173492239950008, 44.254690577909493 ], [ -122.173919634211003, 44.254379001081304 ], [ -122.174282427801998, 44.254220584268289 ], [ -122.174560536442982, 44.254149441559896 ], [ -122.174918514427006, 44.2541546819646 ], [ -122.175268385011009, 44.254050431144904 ], [ -122.175581137500998, 44.253884405002012 ], [ -122.175960803308996, 44.253835651425192 ], [ -122.17659376886202, 44.253466409696593 ], [ -122.176894032952006, 44.253161672134397 ], [ -122.177243770347005, 44.253154161423495 ], [ -122.177485831813001, 44.25283207725149 ], [ -122.177419703188008, 44.252500636861306 ], [ -122.177503132859002, 44.252387056902698 ], [ -122.177755551506991, 44.252220918912982 ], [ -122.177687250839, 44.252001419981795 ], [ -122.178114547941007, 44.251609995327598 ], [ -122.178305994385994, 44.251299573256503 ], [ -122.178885949039, 44.251003157610292 ], [ -122.179265449338999, 44.250882635416694 ], [ -122.179522713159997, 44.25069385400959 ], [ -122.180256410044009, 44.250433697131797 ], [ -122.180421807397011, 44.250465698841786 ], [ -122.180854420764007, 44.250787358274692 ], [ -122.181016314936016, 44.250835952800308 ], [ -122.181775629016016, 44.2505086177297 ], [ -122.181985266911994, 44.250316867000294 ], [ -122.182684565700001, 44.249972412426494 ], [ -122.183445335922997, 44.249663467228693 ], [ -122.183576834780013, 44.249488882928894 ] ] } },
{ "type": "Feature", "properties": { "OBJECTID_1": 562, "OBJECTID": 17927, "Permanent_": "{B0191CD8-351A-4D24-8E40-A31639BFCFAF}", "FDate": 1464220800000, "Resolution": 2, "GNIS_ID": " ", "GNIS_Name": " ", "LengthKM": 0.13500822, "ReachCode": "17090004023021", "FlowDir": 1, "WBArea_Per": " ", "FType": 460, "FCode": 46003, "MainPath": 0, "InNetwork": 1, "Visibility": 0, "Shape_Leng": 0.00144534, "Enabled": 1, "GlobalID": "8ec52714-67d5-48a7-b2a4-1542a73acf89", "Width": null, "Shape__Length": 134.91633030457263 }, "geometry": { "type": "LineString", "coordinates": [ [ -122.205121287357997, 44.24088599423969 ], [ -122.204378283267005, 44.240399453397487 ], [ -122.204006389454008, 44.239991223963187 ] ] } },
{ "type": "Feature", "properties": { "OBJECTID_1": 563, "OBJECTID": 21610, "Permanent_": "{5D33441A-F3C1-4762-94FF-561C470A5FF0}", "FDate": 1464220800000, "Resolution": 2, "GNIS_ID": " ", "GNIS_Name": " ", "LengthKM": 0.13141723, "ReachCode": "17090004022711", "FlowDir": 1, "WBArea_Per": " ", "FType": 460, "FCode": 46003, "MainPath": 0, "InNetwork": 1, "Visibility": 0, "Shape_Leng": 0.00150749, "Enabled": 1, "GlobalID": "ec7eec54-6eff-4c3f-b291-ebfdf2c9f5ad", "Width": null, "Shape__Length": 131.51366857012695 }, "geometry": { "type": "LineString", "coordinates": [ [ -122.232286282703001, 44.231536053260591 ], [ -122.231778703730001, 44.231565992878203 ], [ -122.231527238454035, 44.23148090913871 ], [ -122.231103361547994, 44.23118848757381 ], [ -122.230963654372985, 44.231031605836307 ] ] } },
{ "type": "Feature", "properties": { "OBJECTID_1": 564, "OBJECTID": 2555, "Permanent_": "108055841", "FDate": 1464220800000, "Resolution": 2, "GNIS_ID": "01135971", "GNIS_Name": "Shorter Creek", "LengthKM": 2.26516822, "ReachCode": "17090004003741", "FlowDir": 1, "WBArea_Per": " ", "FType": 460, "FCode": 46006, "MainPath": 0, "InNetwork": 1, "Visibility": 0, "Shape_Leng": 0.0219622, "Enabled": 1, "GlobalID": "eb4dcdb5-951f-4c1a-a094-f85b88e72fc6", "Width": 1.0, "Shape__Length": 2259.9700615444981 }, "geometry": { "type": "LineString", "coordinates": [ [ -122.153498340550996, 44.249677832493703 ], [ -122.153576255481994, 44.2492321582979 ], [ -122.153551129378002, 44.248808012152594 ], [ -122.153628307795003, 44.248613848112704 ], [ -122.154128168602014, 44.248160037139094 ], [ -122.154569182450004, 44.247958066718503 ], [ -122.154865603187019, 44.2477562429942 ], [ -122.155022907790979, 44.247492395346598 ], [ -122.155247292471003, 44.247329240779209 ], [ -122.155041724748997, 44.246139619136798 ], [ -122.155060346019994, 44.245709197423814 ], [ -122.154904669550007, 44.245095413102995 ], [ -122.154960613628006, 44.244727748034002 ], [ -122.155019596477999, 44.244587739673101 ], [ -122.155914207267017, 44.2436137105123 ], [ -122.156079655190979, 44.243173181572899 ], [ -122.156071615800016, 44.242689114701996 ], [ -122.156151078066003, 44.242294601643898 ], [ -122.156785738739003, 44.241444863568098 ], [ -122.156965752881007, 44.240976513979405 ], [ -122.15699561469701, 44.240669354063087 ], [ -122.157322418950983, 44.240049269298197 ], [ -122.157368364166018, 44.239108389554183 ], [ -122.157645143324984, 44.238602237186598 ], [ -122.157711406339999, 44.238116422158406 ], [ -122.158132747004998, 44.237593507333699 ], [ -122.158229875771994, 44.237358909826 ], [ -122.158135216966997, 44.236831073972283 ], [ -122.158265235214003, 44.236502492260698 ], [ -122.157826352274, 44.235832873318905 ], [ -122.158198735229007, 44.234654976378692 ], [ -122.158200933546993, 44.234217245978783 ], [ -122.158063337331015, 44.233944118222894 ], [ -122.15806811127301, 44.233786968065793 ], [ -122.158359298407007, 44.233451303607303 ], [ -122.158625531751994, 44.233024714001608 ], [ -122.158951887165003, 44.232798673251907 ], [ -122.159020683912999, 44.232696398415406 ], [ -122.159015948852996, 44.23260780981979 ], [ -122.158805463074984, 44.232302430952394 ], [ -122.158830641866004, 44.232200373391699 ], [ -122.159222145464, 44.232091168727287 ], [ -122.160082928568002, 44.232084007381992 ], [ -122.160365134790993, 44.2319376261011 ], [ -122.160439196718002, 44.231800330961306 ] ] } },
{ "type": "Feature", "properties": { "OBJECTID_1": 565, "OBJECTID": 18076, "Permanent_": "{A10B4EB2-7758-446D-8753-7EBD8AFE2596}", "FDate": 1464220800000, "Resolution": 2, "GNIS_ID": " ", "GNIS_Name": " ", "LengthKM": 0.09560878, "ReachCode": "17090004023085", "FlowDir": 1, "WBArea_Per": " ", "FType": 460, "FCode": 46003, "MainPath": 0, "InNetwork": 1, "Visibility": 0, "Shape_Leng": 0.00090648, "Enabled": 1, "GlobalID": "e63a23a5-2beb-478f-9390-dbb247e66c2d", "Width": null, "Shape__Length": 95.354041296921238 }, "geometry": { "type": "LineString", "coordinates": [ [ -122.188395107115994, 44.253715574107993 ], [ -122.188115318933995, 44.253050626602707 ], [ -122.188001186039997, 44.2529135797514 ] ] } },
{ "type": "Feature", "properties": { "OBJECTID_1": 566, "OBJECTID": 2241, "Permanent_": "{91364373-EECF-43FF-B4B2-D8B3A95E5D82}", "FDate": 1464220800000, "Resolution": 2, "GNIS_ID": " ", "GNIS_Name": " ", "LengthKM": 0.44283298, "ReachCode": "17090004022762", "FlowDir": 1, "WBArea_Per": " ", "FType": 460, "FCode": 46003, "MainPath": 0, "InNetwork": 1, "Visibility": 0, "Shape_Leng": 0.00409097, "Enabled": 1, "GlobalID": "16405f2d-b8e3-423d-8c0d-8c4c85774661", "Width": null, "Shape__Length": 441.4729656150185 }, "geometry": { "type": "LineString", "coordinates": [ [ -122.201316872511001, 44.223777804027506 ], [ -122.201237514341003, 44.224306864601999 ], [ -122.201029795162995, 44.22488220193619 ], [ -122.201016326350995, 44.225550072364783 ], [ -122.201119591132979, 44.225889843403202 ], [ -122.201319605593014, 44.227161069164204 ], [ -122.201572169016018, 44.227511461903489 ], [ -122.201736166380996, 44.227598049528794 ] ] } },
{ "type": "Feature", "properties": { "OBJECTID_1": 567, "OBJECTID": 21618, "Permanent_": "{1BE8792C-8DCB-4B39-8CBE-4E24E9CAB3D5}", "FDate": 1464220800000, "Resolution": 2, "GNIS_ID": " ", "GNIS_Name": " ", "LengthKM": 0.02781766, "ReachCode": "17090004003752", "FlowDir": 1, "WBArea_Per": " ", "FType": 460, "FCode": 46006, "MainPath": 0, "InNetwork": 1, "Visibility": 0, "Shape_Leng": 0.0003395, "Enabled": 1, "GlobalID": "4fff2bdd-7111-422c-8e1f-4fdbac4ce99e", "Width": null, "Shape__Length": 27.875597479167737 }, "geometry": { "type": "LineString", "coordinates": [ [ -122.213123403937985, 44.232075242941001 ], [ -122.213452200641015, 44.232152912118494 ] ] } },
{ "type": "Feature", "properties": { "OBJECTID_1": 568, "OBJECTID": 13662, "Permanent_": "{091C1213-4688-4C4D-B3BC-69266C8EC07A}", "FDate": 1464220800000, "Resolution": 2, "GNIS_ID": " ", "GNIS_Name": " ", "LengthKM": 0.08551761, "ReachCode": "17090004014498", "FlowDir": 1, "WBArea_Per": " ", "FType": 460, "FCode": 46003, "MainPath": 0, "InNetwork": 1, "Visibility": 0, "Shape_Leng": 0.0008153, "Enabled": 1, "GlobalID": "bf4bd0ab-3f8d-4a8a-84cf-f5870dc1b80f", "Width": null, "Shape__Length": 85.289365692703555 }, "geometry": { "type": "LineString", "coordinates": [ [ -122.249279496716994, 44.203933799265492 ], [ -122.249647686551995, 44.204645987314592 ] ] } },
{ "type": "Feature", "properties": { "OBJECTID_1": 569, "OBJECTID": 9951, "Permanent_": "{7CE218EF-4E45-4D93-957B-5C272234EB3A}", "FDate": 1464220800000, "Resolution": 2, "GNIS_ID": " ", "GNIS_Name": " ", "LengthKM": 0.14659556, "ReachCode": "17090004022745", "FlowDir": 1, "WBArea_Per": " ", "FType": 460, "FCode": 46003, "MainPath": 0, "InNetwork": 1, "Visibility": 0, "Shape_Leng": 0.00163352, "Enabled": 1, "GlobalID": "e3259fb2-a522-4308-b5e8-152255cfeedd", "Width": null, "Shape__Length": 146.61026155188796 }, "geometry": { "type": "LineString", "coordinates": [ [ -122.220778658450996, 44.239547104769201 ], [ -122.220531253937992, 44.239419061799609 ], [ -122.220174487461989, 44.239326656908297 ], [ -122.219638267695984, 44.238948501665092 ], [ -122.219405934166005, 44.238719631651797 ] ] } },
{ "type": "Feature", "properties": { "OBJECTID_1": 570, "OBJECTID": 6514, "Permanent_": "{E920D860-400C-481C-8D37-37BD1FB9A7F9}", "FDate": 1464220800000, "Resolution": 2, "GNIS_ID": " ", "GNIS_Name": " ", "LengthKM": 0.05680435, "ReachCode": "17090004023153", "FlowDir": 1, "WBArea_Per": " ", "FType": 460, "FCode": 46003, "MainPath": 0, "InNetwork": 1, "Visibility": 0, "Shape_Leng": 0.00056249, "Enabled": 1, "GlobalID": "83ca31ea-57f2-42d8-91e8-ebc1aeb07ca5", "Width": null, "Shape__Length": 56.692911172479477 }, "geometry": { "type": "LineString", "coordinates": [ [ -122.145830737845998, 44.273350585082291 ], [ -122.145765594460002, 44.2732238598458 ], [ -122.145553442748991, 44.273030481067785 ], [ -122.145525830128008, 44.272906606797697 ] ] } },
{ "type": "Feature", "properties": { "OBJECTID_1": 571, "OBJECTID": 26098, "Permanent_": "{AC5FE81D-0EFD-4214-B214-8F9CB771FE40}", "FDate": 1464220800000, "Resolution": 2, "GNIS_ID": " ", "GNIS_Name": " ", "LengthKM": 1.50233481, "ReachCode": "17090004023159", "FlowDir": 1, "WBArea_Per": " ", "FType": 460, "FCode": 46003, "MainPath": 0, "InNetwork": 1, "Visibility": 0, "Shape_Leng": 0.01549112, "Enabled": 1, "GlobalID": "7f076a0a-4a00-4774-9851-9f3c15e0d867", "Width": null, "Shape__Length": 1500.4381689480113 }, "geometry": { "type": "LineString", "coordinates": [ [ -122.159922146360984, 44.274964557537501 ], [ -122.160211341656009, 44.2747219100793 ], [ -122.161059814159003, 44.274494553617693 ], [ -122.161406311196998, 44.274197390044193 ], [ -122.161911450656007, 44.27393128322899 ], [ -122.162326849847005, 44.273793910640691 ], [ -122.16273333860201, 44.27359197696579 ], [ -122.163094390919994, 44.273337375101185 ], [ -122.163365125989003, 44.273216289384195 ], [ -122.163737619532, 44.273149372170991 ], [ -122.163990988262015, 44.272934830379896 ], [ -122.164317840902996, 44.272784640195297 ], [ -122.164883729861984, 44.272292894319406 ], [ -122.165349956125993, 44.272027040477084 ], [ -122.165472082449995, 44.271863461400294 ], [ -122.165533807025, 44.271591377278199 ], [ -122.165377856340001, 44.270729576401394 ], [ -122.165584199265012, 44.270505004575099 ], [ -122.165640655868998, 44.270312689444907 ], [ -122.165927483033016, 44.270192811698699 ], [ -122.166091573158013, 44.270008621514201 ], [ -122.166141265133021, 44.269795671242591 ], [ -122.166100526120005, 44.269464075714694 ], [ -122.166185238118018, 44.269209632978594 ], [ -122.166155291474979, 44.268971932592692 ], [ -122.166419156304002, 44.268555752828284 ], [ -122.166533538862012, 44.268228352144902 ], [ -122.167025070067012, 44.267531147495291 ], [ -122.167105751959014, 44.267294987727396 ], [ -122.16704123070501, 44.266971503594284 ], [ -122.167097929799013, 44.266776245390403 ], [ -122.167331936386987, 44.266548472401098 ], [ -122.167467758843017, 44.266224042210695 ], [ -122.167793750602996, 44.265976100155498 ], [ -122.167877586165019, 44.26583590930511 ], [ -122.167834868618996, 44.265668181630097 ], [ -122.167462414504996, 44.265401799359402 ], [ -122.16737255972501, 44.265212715676796 ], [ -122.167212746114998, 44.265044415039206 ], [ -122.166780363004008, 44.264760368913699 ], [ -122.16670015701898, 44.264465317857201 ] ] } },
{ "type": "Feature", "properties": { "OBJECTID_1": 572, "OBJECTID": 29655, "Permanent_": "{9D7F9E09-821B-4A3D-873E-21BC22391F49}", "FDate": 1464220800000, "Resolution": 2, "GNIS_ID": " ", "GNIS_Name": " ", "LengthKM": 0.12679713, "ReachCode": "17090004022719", "FlowDir": 1, "WBArea_Per": " ", "FType": 460, "FCode": 46003, "MainPath": 0, "InNetwork": 1, "Visibility": 0, "Shape_Leng": 0.00114721, "Enabled": 1, "GlobalID": "0133a056-a533-4b1a-b7ed-7b8a6ab1b163", "Width": null, "Shape__Length": 126.37103440850386 }, "geometry": { "type": "LineString", "coordinates": [ [ -122.227354986881991, 44.23492709388281 ], [ -122.227486914625985, 44.233799871385003 ] ] } },
{ "type": "Feature", "properties": { "OBJECTID_1": 573, "OBJECTID": 2242, "Permanent_": "{0E299FB4-FCF3-4487-BAD3-C6E127AAC408}", "FDate": 1464220800000, "Resolution": 2, "GNIS_ID": " ", "GNIS_Name": " ", "LengthKM": 1.77157416, "ReachCode": "17090004022764", "FlowDir": 1, "WBArea_Per": " ", "FType": 460, "FCode": 46003, "MainPath": 0, "InNetwork": 1, "Visibility": 0, "Shape_Leng": 0.01768887, "Enabled": 1, "GlobalID": "4d659ffe-d88b-40fb-911c-9f86e19dcfab", "Width": null, "Shape__Length": 1768.3414724032646 }, "geometry": { "type": "LineString", "coordinates": [ [ -122.201407989635996, 44.219683675159395 ], [ -122.201389462251001, 44.219848178801698 ], [ -122.201303498245011, 44.219962824234401 ], [ -122.200780869213006, 44.220347344478498 ], [ -122.200446594488994, 44.220745805934484 ], [ -122.20047742014998, 44.221017076393586 ], [ -122.200198295538996, 44.221295217139598 ], [ -122.200115882047996, 44.221606567183485 ], [ -122.199924505379002, 44.221690104883002 ], [ -122.199388477598987, 44.222134734140901 ], [ -122.199172604873979, 44.222255295328097 ], [ -122.198759519381994, 44.2223714776338 ], [ -122.198371829142999, 44.222367675445298 ], [ -122.198008363930001, 44.2224919126201 ], [ -122.197189244122995, 44.223211997613795 ], [ -122.197115850779014, 44.2233641271769 ], [ -122.197141306178992, 44.22368266131199 ], [ -122.197061837752997, 44.2243168405506 ], [ -122.197245494482999, 44.224670815449592 ], [ -122.197242373902, 44.225042760501303 ], [ -122.197358606676019, 44.225441168934601 ], [ -122.197311154345996, 44.22570901437539 ], [ -122.197102602290016, 44.226108758673597 ], [ -122.197163250469004, 44.226692452505993 ], [ -122.196995482420988, 44.227035469977906 ], [ -122.197108708015008, 44.227474533509195 ], [ -122.196930949519015, 44.228018750865886 ], [ -122.196610013213999, 44.228579590015194 ], [ -122.196476114380019, 44.22921666171451 ], [ -122.196264557972, 44.229428968713698 ], [ -122.196027782841014, 44.229935652944405 ], [ -122.196089531444002, 44.230950685177994 ], [ -122.196713210653002, 44.231576465307988 ], [ -122.197428915217017, 44.231661525675101 ], [ -122.197753535578997, 44.231818272483501 ], [ -122.198139523066999, 44.232335006681495 ], [ -122.198227059922004, 44.232605441860393 ], [ -122.198507877360996, 44.232491040069498 ], [ -122.198705529706018, 44.232515463003693 ] ] } },
{ "type": "Feature", "properties": { "OBJECTID_1": 574, "OBJECTID": 21484, "Permanent_": "{720B5D4B-3749-4643-84CD-6FB3E268CC17}", "FDate": 1464220800000, "Resolution": 2, "GNIS_ID": " ", "GNIS_Name": " ", "LengthKM": 0.01486492, "ReachCode": "17090004022707", "FlowDir": 1, "WBArea_Per": "108067939", "FType": 558, "FCode": 55800, "MainPath": 0, "InNetwork": 1, "Visibility": 0, "Shape_Leng": 0.00015112, "Enabled": 1, "GlobalID": "036c7225-365f-444e-aa70-94ad2dc5d047", "Width": null, "Shape__Length": 14.841084675740936 }, "geometry": { "type": "LineString", "coordinates": [ [ -122.237292030022004, 44.225065973381597 ], [ -122.23738884119598, 44.224954969205598 ] ] } },
{ "type": "Feature", "properties": { "OBJECTID_1": 575, "OBJECTID": 30045, "Permanent_": "{F9BF34DC-00A6-43D2-8C39-B4FC338C777E}", "FDate": 1464220800000, "Resolution": 2, "GNIS_ID": " ", "GNIS_Name": " ", "LengthKM": 0.14679346, "ReachCode": "17090004022811", "FlowDir": 1, "WBArea_Per": " ", "FType": 460, "FCode": 46003, "MainPath": 0, "InNetwork": 1, "Visibility": 0, "Shape_Leng": 0.00183399, "Enabled": 1, "GlobalID": "04d41c87-0a07-4773-96e4-b9a20fa4d5a8", "Width": null, "Shape__Length": 147.19300348491217 }, "geometry": { "type": "LineString", "coordinates": [ [ -122.167585702848001, 44.208624357060792 ], [ -122.166590845466004, 44.208648347642892 ], [ -122.166071531816016, 44.208727428963506 ], [ -122.16576076231398, 44.2087226668394 ] ] } },
{ "type": "Feature", "properties": { "OBJECTID_1": 576, "OBJECTID": 29658, "Permanent_": "{11D7CE40-D648-4934-A976-F90895CA38F4}", "FDate": 1464220800000, "Resolution": 2, "GNIS_ID": " ", "GNIS_Name": " ", "LengthKM": 0.00460882, "ReachCode": "17090004022737", "FlowDir": 1, "WBArea_Per": "108067939", "FType": 558, "FCode": 55800, "MainPath": 0, "InNetwork": 1, "Visibility": 0, "Shape_Leng": 5.515e-05, "Enabled": 1, "GlobalID": "1959fd14-6ae2-4d77-872c-930280dbc26c", "Width": null, "Shape__Length": 4.6163192904366541 }, "geometry": { "type": "LineString", "coordinates": [ [ -122.223642821915988, 44.228575685146602 ], [ -122.223694954443019, 44.228558148439106 ] ] } },
{ "type": "Feature", "properties": { "OBJECTID_1": 577, "OBJECTID": 25830, "Permanent_": "{0BB6C2A2-9C72-44F5-B279-F41EFAA37DDB}", "FDate": 1464220800000, "Resolution": 2, "GNIS_ID": " ", "GNIS_Name": " ", "LengthKM": 0.14481745, "ReachCode": "17090004023017", "FlowDir": 1, "WBArea_Per": " ", "FType": 460, "FCode": 46003, "MainPath": 0, "InNetwork": 1, "Visibility": 0, "Shape_Leng": 0.00134823, "Enabled": 1, "GlobalID": "7c1642f2-8aa9-4903-bc89-90048e98750d", "Width": null, "Shape__Length": 144.39128677636432 }, "geometry": { "type": "LineString", "coordinates": [ [ -122.194036756136995, 44.238909223184294 ], [ -122.193985714869015, 44.239181603162891 ], [ -122.19405972859299, 44.239493496026903 ], [ -122.194011136270021, 44.239854959192293 ], [ -122.194234362235008, 44.24015138664241 ] ] } },
{ "type": "Feature", "properties": { "OBJECTID_1": 578, "OBJECTID": 6509, "Permanent_": "{7E734B1F-A549-4004-B014-676C9C217BBA}", "FDate": 1464220800000, "Resolution": 2, "GNIS_ID": " ", "GNIS_Name": " ", "LengthKM": 0.32166514, "ReachCode": "17090004022953", "FlowDir": 1, "WBArea_Per": " ", "FType": 460, "FCode": 46003, "MainPath": 0, "InNetwork": 1, "Visibility": 0, "Shape_Leng": 0.00368872, "Enabled": 1, "GlobalID": "15576589-577d-404e-a225-b0ecab094def", "Width": null, "Shape__Length": 321.92556910628275 }, "geometry": { "type": "LineString", "coordinates": [ [ -122.137825799272989, 44.22720348743249 ], [ -122.13756106721398, 44.227826383919897 ], [ -122.137216345514005, 44.228090338803391 ], [ -122.136619920434995, 44.228198456006503 ], [ -122.136262156165017, 44.228345760424091 ], [ -122.135957619389998, 44.22840447591431 ], [ -122.134703973570012, 44.228500083293 ] ] } },
{ "type": "Feature", "properties": { "OBJECTID_1": 579, "OBJECTID": 6148, "Permanent_": "161200303", "FDate": 1464220800000, "Resolution": 2, "GNIS_ID": " ", "GNIS_Name": " ", "LengthKM": 0.37897041, "ReachCode": "17090004014602", "FlowDir": 1, "WBArea_Per": " ", "FType": 460, "FCode": 46003, "MainPath": 0, "InNetwork": 1, "Visibility": 0, "Shape_Leng": 0.00350248, "Enabled": 1, "GlobalID": "f8ad82f2-8049-4b7c-a4bf-dae454dc7723", "Width": null, "Shape__Length": 377.80157137996071 }, "geometry": { "type": "LineString", "coordinates": [ [ -122.210463657605999, 44.2208625338356 ], [ -122.210498224475018, 44.22108522943531 ], [ -122.210623411953989, 44.221259612029399 ], [ -122.210666850106989, 44.221551518346693 ], [ -122.210781758501014, 44.22171058921829 ], [ -122.210833618401011, 44.222330312734897 ], [ -122.211108517875985, 44.222981750719903 ], [ -122.211009526048983, 44.223593852632305 ], [ -122.211218393747998, 44.224146077868582 ] ] } },
{ "type": "Feature", "properties": { "OBJECTID_1": 580, "OBJECTID": 9935, "Permanent_": "{2BF53436-8535-42A5-8DFD-0B0C17D58F42}", "FDate": 1464220800000, "Resolution": 2, "GNIS_ID": " ", "GNIS_Name": " ", "LengthKM": 0.00765304, "ReachCode": "17090004022735", "FlowDir": 1, "WBArea_Per": "108067939", "FType": 558, "FCode": 55800, "MainPath": 0, "InNetwork": 1, "Visibility": 0, "Shape_Leng": 8.84e-05, "Enabled": 1, "GlobalID": "76bce76b-55e1-4b6c-b635-f4c9bf23e952", "Width": null, "Shape__Length": 7.6592909920749532 }, "geometry": { "type": "LineString", "coordinates": [ [ -122.220615817156016, 44.228552238961491 ], [ -122.220695412685018, 44.228590698668 ] ] } },
{ "type": "Feature", "properties": { "OBJECTID_1": 581, "OBJECTID": 25953, "Permanent_": "161165877", "FDate": 1464220800000, "Resolution": 2, "GNIS_ID": "01130686", "GNIS_Name": "Saddle Creek", "LengthKM": 0.76653892, "ReachCode": "17090004003764", "FlowDir": 1, "WBArea_Per": " ", "FType": 460, "FCode": 46006, "MainPath": 0, "InNetwork": 1, "Visibility": 0, "Shape_Leng": 0.00869043, "Enabled": 1, "GlobalID": "3a69dc54-8de0-412a-a6fa-8359c0a1e1d5", "Width": 1.0, "Shape__Length": 766.93253831737286 }, "geometry": { "type": "LineString", "coordinates": [ [ -122.175560401679988, 44.218168087919395 ], [ -122.175348190161998, 44.218527604455304 ], [ -122.175005011087009, 44.21866142586039 ], [ -122.174435750261011, 44.219044382292893 ], [ -122.174190331952005, 44.219530983473398 ], [ -122.173880421103007, 44.219687029433189 ], [ -122.173696977806003, 44.219961698232296 ], [ -122.17356190059202, 44.220068853203998 ], [ -122.173019055822991, 44.220311871501103 ], [ -122.172587554611013, 44.220407922619103 ], [ -122.172221123366981, 44.220401945674595 ], [ -122.172030504854021, 44.22045931683629 ], [ -122.171552466121014, 44.220734675251002 ], [ -122.171053152176995, 44.220803869359592 ], [ -122.170659535786996, 44.220921999090599 ], [ -122.168877566106005, 44.221786371399006 ], [ -122.168506928515995, 44.22177739710331 ], [ -122.168164463734001, 44.221869780554989 ] ] } },
{ "type": "Feature", "properties": { "OBJECTID_1": 582, "OBJECTID": 2549, "Permanent_": "161200824", "FDate": 1464220800000, "Resolution": 2, "GNIS_ID": "01123660", "GNIS_Name": "Mack Creek", "LengthKM": 0.18795806, "ReachCode": "17090004000629", "FlowDir": 1, "WBArea_Per": " ", "FType": 460, "FCode": 46006, "MainPath": 0, "InNetwork": 1, "Visibility": 0, "Shape_Leng": 0.00194842, "Enabled": 1, "GlobalID": "2984747f-c854-4064-8a29-945508a9b08c", "Width": 1.0, "Shape__Length": 187.73132063318366 }, "geometry": { "type": "LineString", "coordinates": [ [ -122.165273104052019, 44.216590644958096 ], [ -122.165727873809999, 44.216962407220201 ], [ -122.166032004080009, 44.217050016479398 ], [ -122.16613324625601, 44.217196479488301 ], [ -122.166338743759994, 44.217331328500002 ], [ -122.166482594291011, 44.217606195196808 ], [ -122.166480486661001, 44.217890642971597 ] ] } },
{ "type": "Feature", "properties": { "OBJECTID_1": 583, "OBJECTID": 10366, "Permanent_": "{030E1E5B-F576-4907-9724-34300B765565}", "FDate": 1464220800000, "Resolution": 2, "GNIS_ID": " ", "GNIS_Name": " ", "LengthKM": 0.11619096, "ReachCode": "17090004023061", "FlowDir": 1, "WBArea_Per": " ", "FType": 460, "FCode": 46003, "MainPath": 0, "InNetwork": 1, "Visibility": 0, "Shape_Leng": 0.00141658, "Enabled": 1, "GlobalID": "21ccb6e2-00c9-45ea-a656-0bafc572dc08", "Width": null, "Shape__Length": 116.42856387565429 }, "geometry": { "type": "LineString", "coordinates": [ [ -122.166178341597998, 44.249734677782307 ], [ -122.166375401671999, 44.249806377088902 ], [ -122.166804012493003, 44.249800537185905 ], [ -122.167432964072006, 44.249677809569498 ], [ -122.167544180286981, 44.249610848483591 ] ] } },
{ "type": "Feature", "properties": { "OBJECTID_1": 584, "OBJECTID": 9932, "Permanent_": "{67A74BF7-9DC2-4ADB-8A7E-EC2DA5E043C9}", "FDate": 1464220800000, "Resolution": 2, "GNIS_ID": " ", "GNIS_Name": " ", "LengthKM": 0.14317671, "ReachCode": "17090004022712", "FlowDir": 1, "WBArea_Per": " ", "FType": 460, "FCode": 46003, "MainPath": 0, "InNetwork": 1, "Visibility": 0, "Shape_Leng": 0.00135816, "Enabled": 1, "GlobalID": "dc04e8fd-72bb-4e9c-84b7-6c90c0904e0b", "Width": null, "Shape__Length": 142.79371291714921 }, "geometry": { "type": "LineString", "coordinates": [ [ -122.223623305353001, 44.230763785931103 ], [ -122.223464204202998, 44.2304383841144 ], [ -122.223545753793019, 44.230303317226301 ], [ -122.223415784007997, 44.230061217551999 ], [ -122.223461655573004, 44.229887924880195 ], [ -122.223385202808998, 44.229765600975703 ], [ -122.223376922703011, 44.229572107175706 ] ] } },
{ "type": "Feature", "properties": { "OBJECTID_1": 585, "OBJECTID": 5761, "Permanent_": "161200760", "FDate": 1464220800000, "Resolution": 2, "GNIS_ID": "01123461", "GNIS_Name": "Lookout Creek", "LengthKM": 0.46400284, "ReachCode": "17090004001156", "FlowDir": 1, "WBArea_Per": "108067939", "FType": 558, "FCode": 55800, "MainPath": 0, "InNetwork": 1, "Visibility": 0, "Shape_Leng": 0.00496082, "Enabled": 1, "GlobalID": "bec959ff-0355-444f-98bf-340cfe13b5ab", "Width": 1.0, "Shape__Length": 463.71571459090836 }, "geometry": { "type": "LineString", "coordinates": [ [ -122.256277230053001, 44.2109919466848 ], [ -122.256544069992998, 44.210703754175192 ], [ -122.256862969211994, 44.210593396011483 ], [ -122.257085996296013, 44.210414891625398 ], [ -122.257163602307017, 44.210228497106989 ], [ -122.257182276794012, 44.209485173021292 ], [ -122.257290732445, 44.209276605241193 ], [ -122.257465601143011, 44.209102857526702 ], [ -122.257883134315009, 44.208904153968199 ], [ -122.258666484320003, 44.208687858989308 ], [ -122.259292993052, 44.208436876237094 ], [ -122.259539091429005, 44.208297548879102 ], [ -122.259699359654988, 44.208097840595499 ] ] } },
{ "type": "Feature", "properties": { "OBJECTID_1": 586, "OBJECTID": 25519, "Permanent_": "{19AF78C9-4EA3-45FA-ABAF-8C89C7173F24}", "FDate": 1464220800000, "Resolution": 2, "GNIS_ID": " ", "GNIS_Name": " ", "LengthKM": 0.18653294, "ReachCode": "17090004022669", "FlowDir": 1, "WBArea_Per": " ", "FType": 460, "FCode": 46003, "MainPath": 0, "InNetwork": 1, "Visibility": 0, "Shape_Leng": 0.00169729, "Enabled": 1, "GlobalID": "7642871c-d356-4c3b-bb08-9d369ee89477", "Width": null, "Shape__Length": 185.91135163128573 }, "geometry": { "type": "LineString", "coordinates": [ [ -122.243534787059005, 44.209363257037097 ], [ -122.243488428480006, 44.210438057315891 ], [ -122.243304412873016, 44.211009819937203 ] ] } },
{ "type": "Feature", "properties": { "OBJECTID_1": 587, "OBJECTID": 18206, "Permanent_": "{EB235849-5926-4DAE-BFBB-27AED4727C88}", "FDate": 1464220800000, "Resolution": 2, "GNIS_ID": " ", "GNIS_Name": " ", "LengthKM": 0.45341579, "ReachCode": "17090004022831", "FlowDir": 1, "WBArea_Per": " ", "FType": 460, "FCode": 46003, "MainPath": 0, "InNetwork": 1, "Visibility": 0, "Shape_Leng": 0.00540389, "Enabled": 1, "GlobalID": "f4daacf3-7573-438e-b5be-bffd6d29aa93", "Width": null, "Shape__Length": 454.13286082167332 }, "geometry": { "type": "LineString", "coordinates": [ [ -122.158276796034002, 44.215749711586497 ], [ -122.159284588581997, 44.215474468792493 ], [ -122.159617390953017, 44.215428823793296 ], [ -122.159919985341986, 44.215435377361487 ], [ -122.16061114965801, 44.215607074904298 ], [ -122.161040211555999, 44.21561823252739 ], [ -122.161419497927994, 44.21557501509789 ], [ -122.161918654220997, 44.215412671255507 ], [ -122.162857424196005, 44.214807501525307 ], [ -122.162988102192003, 44.214835558587708 ], [ -122.163342178220006, 44.215040146093379 ] ] } },
{ "type": "Feature", "properties": { "OBJECTID_1": 588, "OBJECTID": 2563, "Permanent_": "{EA870FA1-33B6-40EA-9A39-AFE17F98A11A}", "FDate": 1464220800000, "Resolution": 2, "GNIS_ID": "01124021", "GNIS_Name": "McRae Creek", "LengthKM": 0.19845474, "ReachCode": "17090004000326", "FlowDir": 1, "WBArea_Per": " ", "FType": 460, "FCode": 46006, "MainPath": 0, "InNetwork": 1, "Visibility": 0, "Shape_Leng": 0.00192598, "Enabled": 1, "GlobalID": "8bbffc08-51ca-40b0-b042-e27b6c4eb64c", "Width": 1.0, "Shape__Length": 198.00979404252391 }, "geometry": { "type": "LineString", "coordinates": [ [ -122.167002181732002, 44.257487217275397 ], [ -122.167156579639993, 44.2573870350964 ], [ -122.167380242375017, 44.257330393220407 ], [ -122.167451100206009, 44.257256560484201 ], [ -122.167582146782991, 44.256902408072698 ], [ -122.167547335573005, 44.256639242004304 ], [ -122.167694916229991, 44.256271281256687 ], [ -122.167686073289005, 44.255928433599202 ] ] } },
{ "type": "Feature", "properties": { "OBJECTID_1": 589, "OBJECTID": 22298, "Permanent_": "161200009", "FDate": 1464220800000, "Resolution": 2, "GNIS_ID": " ", "GNIS_Name": " ", "LengthKM": 0.58653591, "ReachCode": "17090004014552", "FlowDir": 1, "WBArea_Per": " ", "FType": 460, "FCode": 46003, "MainPath": 0, "InNetwork": 1, "Visibility": 0, "Shape_Leng": 0.00698424, "Enabled": 1, "GlobalID": "a72be76e-3cf9-4798-b0e6-76307e6b2de0", "Width": null, "Shape__Length": 587.4571252624753 }, "geometry": { "type": "LineString", "coordinates": [ [ -122.122282152002981, 44.214035923295491 ], [ -122.122035455418001, 44.214018740131202 ], [ -122.120737200454997, 44.214166716335598 ], [ -122.119194398459001, 44.214763351814199 ], [ -122.118842086344998, 44.215011580956109 ], [ -122.118257472007997, 44.215087325576498 ], [ -122.117655833943019, 44.2150049747342 ], [ -122.117431524308003, 44.215129943953798 ], [ -122.117129296141982, 44.215203946072393 ], [ -122.116261777175012, 44.21578094366221 ], [ -122.115745906737018, 44.215806039696709 ] ] } },
{ "type": "Feature", "properties": { "OBJECTID_1": 590, "OBJECTID": 2570, "Permanent_": "161200730", "FDate": 1464220800000, "Resolution": 2, "GNIS_ID": "01124021", "GNIS_Name": "McRae Creek", "LengthKM": 0.26679805, "ReachCode": "17090004000326", "FlowDir": 1, "WBArea_Per": " ", "FType": 460, "FCode": 46006, "MainPath": 0, "InNetwork": 1, "Visibility": 0, "Shape_Leng": 0.00327105, "Enabled": 1, "GlobalID": "1ddd4fa0-0add-4528-91a5-25ced0f0578e", "Width": 1.0, "Shape__Length": 267.36686029342798 }, "geometry": { "type": "LineString", "coordinates": [ [ -122.147323605156998, 44.267645282315392 ], [ -122.147801925134999, 44.267630558588493 ], [ -122.148484566285006, 44.267511068769103 ], [ -122.148899562492019, 44.267595815837197 ], [ -122.149135181690994, 44.267592077539994 ], [ -122.149787555575003, 44.267413641909087 ], [ -122.150042163310005, 44.267284534113095 ], [ -122.150504999860999, 44.267224402956103 ] ] } },
{ "type": "Feature", "properties": { "OBJECTID_1": 591, "OBJECTID": 14223, "Permanent_": "{B6ACC398-88A1-41DE-AF3C-986114C041DC}", "FDate": 1464220800000, "Resolution": 2, "GNIS_ID": "01123660", "GNIS_Name": "Mack Creek", "LengthKM": 0.03455439, "ReachCode": "17090004000629", "FlowDir": 1, "WBArea_Per": " ", "FType": 460, "FCode": 46006, "MainPath": 0, "InNetwork": 1, "Visibility": 0, "Shape_Leng": 0.00033749, "Enabled": 1, "GlobalID": "8f051307-f22c-4f65-8038-a6b63fb16db9", "Width": 1.0, "Shape__Length": 34.475844072590888 }, "geometry": { "type": "LineString", "coordinates": [ [ -122.166480486661001, 44.217890642971597 ], [ -122.166671253448001, 44.218169049650186 ] ] } },
{ "type": "Feature", "properties": { "OBJECTID_1": 592, "OBJECTID": 29780, "Permanent_": "{0E93C4F5-A302-4060-9460-0917F403073C}", "FDate": 1464220800000, "Resolution": 2, "GNIS_ID": " ", "GNIS_Name": " ", "LengthKM": 0.03434734, "ReachCode": "17090004022986", "FlowDir": 1, "WBArea_Per": " ", "FType": 460, "FCode": 46006, "MainPath": 0, "InNetwork": 1, "Visibility": 0, "Shape_Leng": 0.00034424, "Enabled": 1, "GlobalID": "fb940ced-ec7e-4831-b61c-497e53e396bd", "Width": null, "Shape__Length": 34.285353923772924 }, "geometry": { "type": "LineString", "coordinates": [ [ -122.196332250149993, 44.242260456987509 ], [ -122.196126051788013, 44.241998625548497 ] ] } },
{ "type": "Feature", "properties": { "OBJECTID_1": 593, "OBJECTID": 10480, "Permanent_": "{748BEC22-F184-4182-8D88-CBD546AAC9FC}", "FDate": 1464220800000, "Resolution": 2, "GNIS_ID": " ", "GNIS_Name": " ", "LengthKM": 0.29795262, "ReachCode": "17090004022965", "FlowDir": 1, "WBArea_Per": " ", "FType": 460, "FCode": 46003, "MainPath": 0, "InNetwork": 1, "Visibility": 0, "Shape_Leng": 0.00359261, "Enabled": 1, "GlobalID": "bfe8704e-bd40-47a3-8cc5-dc2c1c5e50ba", "Width": null, "Shape__Length": 298.49808573010705 }, "geometry": { "type": "LineString", "coordinates": [ [ -122.130089777018014, 44.236383435152391 ], [ -122.130975471667, 44.236235078461085 ], [ -122.131859075339008, 44.235919470781688 ], [ -122.133148845487, 44.235825495127195 ], [ -122.13332682837202, 44.235740078207904 ], [ -122.133498627611019, 44.235549332653996 ] ] } },
{ "type": "Feature", "properties": { "OBJECTID_1": 594, "OBJECTID": 21485, "Permanent_": "{22BD2072-E095-44FA-985C-1D9255A239C8}", "FDate": 1464220800000, "Resolution": 2, "GNIS_ID": " ", "GNIS_Name": " ", "LengthKM": 0.27789041, "ReachCode": "17090004022717", "FlowDir": 1, "WBArea_Per": " ", "FType": 460, "FCode": 46003, "MainPath": 0, "InNetwork": 1, "Visibility": 0, "Shape_Leng": 0.00279028, "Enabled": 1, "GlobalID": "40a93766-e418-4b70-b9c7-116009b0f70d", "Width": null, "Shape__Length": 277.3929021302979 }, "geometry": { "type": "LineString", "coordinates": [ [ -122.233959537646015, 44.233652915400498 ], [ -122.233913055609008, 44.233408151919207 ], [ -122.233575756242004, 44.232689687623299 ], [ -122.232943982903009, 44.2320304259352 ], [ -122.232286282703001, 44.231536053260591 ] ] } },
{ "type": "Feature", "properties": { "OBJECTID_1": 595, "OBJECTID": 18319, "Permanent_": "{DF93C393-9D66-4B22-85A9-E2FB58301CD2}", "FDate": 1464220800000, "Resolution": 2, "GNIS_ID": " ", "GNIS_Name": " ", "LengthKM": 0.03565097, "ReachCode": "17090004022921", "FlowDir": 1, "WBArea_Per": " ", "FType": 460, "FCode": 46003, "MainPath": 0, "InNetwork": 1, "Visibility": 0, "Shape_Leng": 0.00034548, "Enabled": 1, "GlobalID": "a1f82c8e-a9b1-4474-b1c1-953d3643b0a7", "Width": null, "Shape__Length": 35.57037040978939 }, "geometry": { "type": "LineString", "coordinates": [ [ -122.138239596513003, 44.246392260244299 ], [ -122.138166445191999, 44.246144143119892 ], [ -122.138087724673994, 44.246113623774804 ] ] } },
{ "type": "Feature", "properties": { "OBJECTID_1": 596, "OBJECTID": 10379, "Permanent_": "{FAE656A6-7E5A-4082-967F-4E04AEE34684}", "FDate": 1464220800000, "Resolution": 2, "GNIS_ID": " ", "GNIS_Name": " ", "LengthKM": 0.11059402, "ReachCode": "17090004023137", "FlowDir": 1, "WBArea_Per": " ", "FType": 460, "FCode": 46003, "MainPath": 0, "InNetwork": 1, "Visibility": 0, "Shape_Leng": 0.0011681, "Enabled": 1, "GlobalID": "6321b9e5-ef0c-4227-a6d2-1925dff98a0b", "Width": null, "Shape__Length": 110.49199301838469 }, "geometry": { "type": "LineString", "coordinates": [ [ -122.149771527384999, 44.269914900799193 ], [ -122.150026775838995, 44.269618560687398 ], [ -122.150645802362007, 44.269151423121293 ] ] } },
{ "type": "Feature", "properties": { "OBJECTID_1": 597, "OBJECTID": 14227, "Permanent_": "{1FA1A25C-3C15-42D2-A487-DDC2EA720638}", "FDate": 1464220800000, "Resolution": 2, "GNIS_ID": " ", "GNIS_Name": " ", "LengthKM": 1.11597946, "ReachCode": "17090004023101", "FlowDir": 1, "WBArea_Per": " ", "FType": 460, "FCode": 46003, "MainPath": 0, "InNetwork": 1, "Visibility": 0, "Shape_Leng": 0.01332612, "Enabled": 1, "GlobalID": "76f31834-3434-4371-89a8-792fe22ede64", "Width": null, "Shape__Length": 1117.7264064005071 }, "geometry": { "type": "LineString", "coordinates": [ [ -122.151971298045012, 44.255164977964299 ], [ -122.15258680407301, 44.255557023095498 ], [ -122.152772545700003, 44.255769672550493 ], [ -122.153108141065999, 44.255888552091797 ], [ -122.153571743659015, 44.256129369825793 ], [ -122.154214047089013, 44.256379113892699 ], [ -122.155153205705986, 44.256569708770705 ], [ -122.156036762961008, 44.256388037322509 ], [ -122.156205656964019, 44.256404050118988 ], [ -122.156458375963012, 44.256537739742498 ], [ -122.157344151293984, 44.256433934973899 ], [ -122.157818226797019, 44.256332566123007 ], [ -122.158356237112002, 44.256147112195187 ], [ -122.158799535588003, 44.256097203663309 ], [ -122.159766429559994, 44.255771056720505 ], [ -122.160296059534019, 44.255729779319992 ], [ -122.160931888392, 44.255547443301197 ], [ -122.161425712021995, 44.255666471152701 ], [ -122.161731138158999, 44.255637953953894 ], [ -122.162240031678991, 44.255509309730094 ], [ -122.162779059753007, 44.255623257811799 ], [ -122.163521422206003, 44.255574492579683 ], [ -122.163780352217017, 44.255500668021909 ], [ -122.164364141279009, 44.255151573891595 ], [ -122.164426177810014, 44.254982025245077 ] ] } },
{ "type": "Feature", "properties": { "OBJECTID_1": 598, "OBJECTID": 26100, "Permanent_": "{651455CE-63D5-4C26-8455-5EF1C657AB77}", "FDate": 1464220800000, "Resolution": 2, "GNIS_ID": " ", "GNIS_Name": " ", "LengthKM": 0.34150305, "ReachCode": "17090004023006", "FlowDir": 1, "WBArea_Per": " ", "FType": 460, "FCode": 46006, "MainPath": 0, "InNetwork": 1, "Visibility": 0, "Shape_Leng": 0.00318227, "Enabled": 1, "GlobalID": "1c054cbe-f072-4cd5-bb15-e978946bef23", "Width": null, "Shape__Length": 340.5272834044859 }, "geometry": { "type": "LineString", "coordinates": [ [ -122.157854187271994, 44.273182840404502 ], [ -122.157963584303005, 44.272728568726308 ], [ -122.157841205973, 44.272272988045501 ], [ -122.15780798632801, 44.271851556868491 ], [ -122.157868118363993, 44.271726894674302 ], [ -122.158207300686982, 44.271437929933008 ], [ -122.158230360087018, 44.271206434166501 ], [ -122.158339111596007, 44.271030529885003 ], [ -122.15842209074701, 44.270265221620406 ] ] } },
{ "type": "Feature", "properties": { "OBJECTID_1": 599, "OBJECTID": 2801, "Permanent_": "{B7E8841F-AFD8-4E85-95F3-5A6ABA7E39E3}", "FDate": 1464220800000, "Resolution": 2, "GNIS_ID": "01123461", "GNIS_Name": "Lookout Creek", "LengthKM": 0.03090054, "ReachCode": "17090004000324", "FlowDir": 1, "WBArea_Per": " ", "FType": 460, "FCode": 46006, "MainPath": 0, "InNetwork": 1, "Visibility": 0, "Shape_Leng": 0.00029977, "Enabled": 1, "GlobalID": "ac72294a-2ee8-4ab2-9168-473e26f6fb20", "Width": 1.0, "Shape__Length": 30.827579409352783 }, "geometry": { "type": "LineString", "coordinates": [ [ -122.120466573, 44.22474195041719 ], [ -122.120627450632995, 44.224993166163394 ] ] } },
{ "type": "Feature", "properties": { "OBJECTID_1": 600, "OBJECTID": 25949, "Permanent_": "{5B5BBF5E-A5A2-4DAF-B021-48A757AD8F77}", "FDate": 1464220800000, "Resolution": 2, "GNIS_ID": " ", "GNIS_Name": " ", "LengthKM": 0.28662098, "ReachCode": "17090004003751", "FlowDir": 1, "WBArea_Per": " ", "FType": 460, "FCode": 46006, "MainPath": 0, "InNetwork": 1, "Visibility": 0, "Shape_Leng": 0.0030194, "Enabled": 1, "GlobalID": "2c23e5d6-bdf7-4c81-bbed-88a18a8b7482", "Width": null, "Shape__Length": 286.37161528857376 }, "geometry": { "type": "LineString", "coordinates": [ [ -122.182519361464998, 44.229141906646603 ], [ -122.182450313254989, 44.229487554588097 ], [ -122.182266184268016, 44.229756127667791 ], [ -122.181864484711014, 44.230001027093792 ], [ -122.181159192009005, 44.230042365638191 ], [ -122.181012982469994, 44.230150140870315 ], [ -122.181013820301985, 44.230263172043486 ], [ -122.181407616081984, 44.230619664289193 ], [ -122.181464804890979, 44.2309122901355 ] ] } },
{ "type": "Feature", "properties": { "OBJECTID_1": 601, "OBJECTID": 10233, "Permanent_": "{686A786B-2D69-4296-BBB5-C7DA82A3CA88}", "FDate": 1464220800000, "Resolution": 2, "GNIS_ID": " ", "GNIS_Name": " ", "LengthKM": 0.15640543, "ReachCode": "17090004023056", "FlowDir": 1, "WBArea_Per": " ", "FType": 460, "FCode": 46003, "MainPath": 0, "InNetwork": 1, "Visibility": 0, "Shape_Leng": 0.00189257, "Enabled": 1, "GlobalID": "f1c8e8d2-a1f1-4372-94b4-ba2377d66ddb", "Width": null, "Shape__Length": 156.69829969834319 }, "geometry": { "type": "LineString", "coordinates": [ [ -122.188074156040983, 44.248557810958502 ], [ -122.188247975397005, 44.248444035427603 ], [ -122.188600359336007, 44.248372074500395 ], [ -122.189436871601998, 44.248524374936402 ], [ -122.189729075063994, 44.248538784080296 ], [ -122.189881069394986, 44.248612458576297 ] ] } },
{ "type": "Feature", "properties": { "OBJECTID_1": 602, "OBJECTID": 21918, "Permanent_": "{3ACD8318-928D-48A7-8CEB-04ED3AFD17D1}", "FDate": 1464220800000, "Resolution": 2, "GNIS_ID": " ", "GNIS_Name": " ", "LengthKM": 0.25785291, "ReachCode": "17090004024514", "FlowDir": 1, "WBArea_Per": " ", "FType": 460, "FCode": 46006, "MainPath": 0, "InNetwork": 1, "Visibility": 0, "Shape_Leng": 0.00315056, "Enabled": 1, "GlobalID": "8f9b49b0-3700-4122-a2ad-2ce2b44e55fc", "Width": null, "Shape__Length": 258.38255340792222 }, "geometry": { "type": "LineString", "coordinates": [ [ -122.170662627457006, 44.262204366225397 ], [ -122.172070708854974, 44.262644666511598 ], [ -122.172778187843988, 44.262677507282099 ], [ -122.173355037698016, 44.26284323621519 ], [ -122.173716566965012, 44.262853968262895 ] ] } },
{ "type": "Feature", "properties": { "OBJECTID_1": 603, "OBJECTID": 26185, "Permanent_": "161200174", "FDate": 1464220800000, "Resolution": 2, "GNIS_ID": " ", "GNIS_Name": " ", "LengthKM": 0.65142205, "ReachCode": "17090004014557", "FlowDir": 1, "WBArea_Per": " ", "FType": 460, "FCode": 46003, "MainPath": 0, "InNetwork": 1, "Visibility": 0, "Shape_Leng": 0.00688658, "Enabled": 1, "GlobalID": "edd3de97-5afb-44a9-9273-44cb16b94321", "Width": null, "Shape__Length": 650.85265326036938 }, "geometry": { "type": "LineString", "coordinates": [ [ -122.131550659762993, 44.206554540104904 ], [ -122.131555469515007, 44.207088313274397 ], [ -122.131704170964994, 44.207359749825002 ], [ -122.132730327511993, 44.208372914575392 ], [ -122.133406986007003, 44.208805747293404 ], [ -122.133673383751002, 44.20921626967101 ], [ -122.134150226440994, 44.209697718180792 ], [ -122.134638609977998, 44.209919909213895 ], [ -122.134997609208, 44.210211809386699 ], [ -122.135388955154994, 44.210440562094902 ], [ -122.136434290531, 44.21093274154159 ] ] } },
{ "type": "Feature", "properties": { "OBJECTID_1": 604, "OBJECTID": 30056, "Permanent_": "161200635", "FDate": 1464220800000, "Resolution": 2, "GNIS_ID": "01124021", "GNIS_Name": "McRae Creek", "LengthKM": 0.16883529, "ReachCode": "17090004000326", "FlowDir": 1, "WBArea_Per": " ", "FType": 460, "FCode": 46006, "MainPath": 0, "InNetwork": 1, "Visibility": 0, "Shape_Leng": 0.00171576, "Enabled": 1, "GlobalID": "5a257f8f-5df8-497a-b0bf-658577e943b8", "Width": 1.0, "Shape__Length": 168.57633439403679 }, "geometry": { "type": "LineString", "coordinates": [ [ -122.164960369738012, 44.2601986516202 ], [ -122.165443638141994, 44.2597169061561 ], [ -122.165566105769003, 44.259502540077492 ], [ -122.165588870571014, 44.259284402546193 ], [ -122.165737977451016, 44.259068721044684 ], [ -122.166011078560018, 44.258968314367401 ] ] } },
{ "type": "Feature", "properties": { "OBJECTID_1": 605, "OBJECTID": 14097, "Permanent_": "161200680", "FDate": 1464220800000, "Resolution": 2, "GNIS_ID": "01124021", "GNIS_Name": "McRae Creek", "LengthKM": 0.29601959, "ReachCode": "17090004000326", "FlowDir": 1, "WBArea_Per": " ", "FType": 460, "FCode": 46006, "MainPath": 0, "InNetwork": 1, "Visibility": 0, "Shape_Leng": 0.00362979, "Enabled": 1, "GlobalID": "9012d1d4-1e2a-4172-867f-dcd64c8379d0", "Width": 1.0, "Shape__Length": 296.66263418865708 }, "geometry": { "type": "LineString", "coordinates": [ [ -122.179864948819002, 44.248746013856994 ], [ -122.180086533131004, 44.248684540627309 ], [ -122.180399102131005, 44.248733332466401 ], [ -122.180865321238997, 44.248719619450704 ], [ -122.181401794949011, 44.248826864880897 ], [ -122.181827781393991, 44.248814739452897 ], [ -122.18227291769, 44.248973728126785 ], [ -122.182454468559996, 44.248995235096203 ], [ -122.182991342511997, 44.248976514579383 ], [ -122.183395832852, 44.248802058673895 ] ] } },
{ "type": "Feature", "properties": { "OBJECTID_1": 606, "OBJECTID": 2541, "Permanent_": "{1C4D253E-188E-406F-A826-7D30DFBD89C1}", "FDate": 1464220800000, "Resolution": 2, "GNIS_ID": " ", "GNIS_Name": " ", "LengthKM": 0.22166234, "ReachCode": "17090004024525", "FlowDir": 1, "WBArea_Per": " ", "FType": 460, "FCode": 46003, "MainPath": 0, "InNetwork": 1, "Visibility": 0, "Shape_Leng": 0.00222216, "Enabled": 1, "GlobalID": "98354ecb-1358-4f29-b85e-3afb7b19482d", "Width": null, "Shape__Length": 221.27492237087972 }, "geometry": { "type": "LineString", "coordinates": [ [ -122.158622810551009, 44.209760245221595 ], [ -122.158473105010003, 44.210021122410694 ], [ -122.158412744430009, 44.210332509905797 ], [ -122.158142642396015, 44.2108637635232 ], [ -122.158066073708, 44.211139782212911 ], [ -122.157850869483994, 44.211277909402696 ], [ -122.157405292421018, 44.2113671399281 ] ] } },
{ "type": "Feature", "properties": { "OBJECTID_1": 607, "OBJECTID": 18213, "Permanent_": "{D02A5A5A-CD9F-4A9C-80B4-4CDB8AFB763F}", "FDate": 1464220800000, "Resolution": 2, "GNIS_ID": " ", "GNIS_Name": " ", "LengthKM": 0.11186989, "ReachCode": "17090004023155", "FlowDir": 1, "WBArea_Per": " ", "FType": 460, "FCode": 46003, "MainPath": 0, "InNetwork": 1, "Visibility": 0, "Shape_Leng": 0.00105499, "Enabled": 1, "GlobalID": "f227fa16-e2fd-4c7e-b22b-19755ebfdab0", "Width": null, "Shape__Length": 111.56776201572944 }, "geometry": { "type": "LineString", "coordinates": [ [ -122.157608693154984, 44.274127488531803 ], [ -122.15774257436, 44.273667289134799 ], [ -122.157933670720013, 44.273376214129598 ], [ -122.157854187271994, 44.273182840404502 ] ] } },
{ "type": "Feature", "properties": { "OBJECTID_1": 608, "OBJECTID": 1983, "Permanent_": "{F7D5A42A-31B5-4490-85F7-1F1D220A7EB0}", "FDate": 1464220800000, "Resolution": 2, "GNIS_ID": " ", "GNIS_Name": " ", "LengthKM": 0.34058817, "ReachCode": "17090004022692", "FlowDir": 1, "WBArea_Per": " ", "FType": 460, "FCode": 46003, "MainPath": 0, "InNetwork": 1, "Visibility": 0, "Shape_Leng": 0.00371808, "Enabled": 1, "GlobalID": "ddcc2854-3e31-4b84-9083-74ba7ff4464b", "Width": null, "Shape__Length": 340.51471187609752 }, "geometry": { "type": "LineString", "coordinates": [ [ -122.238792776406001, 44.221608552811205 ], [ -122.238770434805005, 44.222079409312798 ], [ -122.239048972807993, 44.222454149806495 ], [ -122.239415523936017, 44.222756304470586 ], [ -122.239660976495003, 44.222751720036392 ], [ -122.240337931314997, 44.222521947954398 ], [ -122.240646123597003, 44.222543406943309 ], [ -122.240818536749018, 44.222661541473599 ], [ -122.240964892111009, 44.222665956857703 ], [ -122.241106968227996, 44.2225958219734 ], [ -122.241317635639021, 44.222388637600694 ], [ -122.241496913407005, 44.222330647845595 ] ] } },
{ "type": "Feature", "properties": { "OBJECTID_1": 609, "OBJECTID": 18314, "Permanent_": "161200695", "FDate": 1464220800000, "Resolution": 2, "GNIS_ID": "01123660", "GNIS_Name": "Mack Creek", "LengthKM": 0.15661756, "ReachCode": "17090004000629", "FlowDir": 1, "WBArea_Per": " ", "FType": 460, "FCode": 46006, "MainPath": 0, "InNetwork": 1, "Visibility": 0, "Shape_Leng": 0.00189413, "Enabled": 1, "GlobalID": "855d7612-f4e1-47b2-a01c-5bef15fc4d1d", "Width": 1.0, "Shape__Length": 156.91842548376897 }, "geometry": { "type": "LineString", "coordinates": [ [ -122.141456326650996, 44.211592477656701 ], [ -122.141646397784015, 44.2115666490281 ], [ -122.142087635935013, 44.211641626081509 ], [ -122.142391138598015, 44.211606892260605 ], [ -122.143270025316014, 44.211275029321399 ] ] } },
{ "type": "Feature", "properties": { "OBJECTID_1": 610, "OBJECTID": 29771, "Permanent_": "{64FBC956-4FC6-4F28-AA0F-0F211D1EEEFD}", "FDate": 1464220800000, "Resolution": 2, "GNIS_ID": " ", "GNIS_Name": " ", "LengthKM": 0.5478553, "ReachCode": "17090004022888", "FlowDir": 1, "WBArea_Per": " ", "FType": 460, "FCode": 46003, "MainPath": 0, "InNetwork": 1, "Visibility": 0, "Shape_Leng": 0.00618731, "Enabled": 1, "GlobalID": "e35ae0b7-a38b-4237-b3ff-1f929b73a73d", "Width": null, "Shape__Length": 548.06991015961842 }, "geometry": { "type": "LineString", "coordinates": [ [ -122.20651324890602, 44.210756085038206 ], [ -122.207409234576986, 44.210819848943792 ], [ -122.208209567810997, 44.211329905192507 ], [ -122.208662609193993, 44.211475993850598 ], [ -122.209498947013017, 44.212094804494598 ], [ -122.210656824910018, 44.212741553254297 ], [ -122.211663987777996, 44.21343653162819 ], [ -122.211852164750013, 44.213615156118102 ] ] } },
{ "type": "Feature", "properties": { "OBJECTID_1": 611, "OBJECTID": 17930, "Permanent_": "161200610", "FDate": 1476576000000, "Resolution": 2, "GNIS_ID": "01124021", "GNIS_Name": "McRae Creek", "LengthKM": 0.18202431, "ReachCode": "17090004000325", "FlowDir": 1, "WBArea_Per": " ", "FType": 460, "FCode": 46006, "MainPath": 0, "InNetwork": 1, "Visibility": 0, "Shape_Leng": 0.00191189, "Enabled": 1, "GlobalID": "6c798890-612d-40af-a564-32b4431b491a", "Width": 1.0, "Shape__Length": 181.8399639394579 }, "geometry": { "type": "LineString", "coordinates": [ [ -122.197779604906998, 44.240297778027795 ], [ -122.198460267047992, 44.239659767800497 ], [ -122.198989173865996, 44.239348822923901 ], [ -122.199102462460985, 44.239225174540991 ], [ -122.199154542726006, 44.239038239041101 ] ] } },
{ "type": "Feature", "properties": { "OBJECTID_1": 612, "OBJECTID": 2680, "Permanent_": "{4D07B48A-1FC4-4B92-A186-500EF6DB51B3}", "FDate": 1464220800000, "Resolution": 2, "GNIS_ID": " ", "GNIS_Name": " ", "LengthKM": 0.13826748, "ReachCode": "17090004022907", "FlowDir": 1, "WBArea_Per": " ", "FType": 460, "FCode": 46003, "MainPath": 0, "InNetwork": 1, "Visibility": 0, "Shape_Leng": 0.0016241, "Enabled": 1, "GlobalID": "811d337c-7f7c-4390-ad94-6a2971fe7a3b", "Width": null, "Shape__Length": 138.43649345956626 }, "geometry": { "type": "LineString", "coordinates": [ [ -122.147231007808003, 44.227603765826402 ], [ -122.147682915529003, 44.227733371386087 ], [ -122.14819875645, 44.228001977544885 ], [ -122.148592544161019, 44.228107919834002 ], [ -122.148725192490005, 44.228195860594703 ] ] } },
{ "type": "Feature", "properties": { "OBJECTID_1": 613, "OBJECTID": 21628, "Permanent_": "{9F67D096-65AC-42EF-8E36-C79DE9B70B5E}", "FDate": 1464220800000, "Resolution": 2, "GNIS_ID": " ", "GNIS_Name": " ", "LengthKM": 0.13760685, "ReachCode": "17090004022751", "FlowDir": 1, "WBArea_Per": " ", "FType": 460, "FCode": 46003, "MainPath": 0, "InNetwork": 1, "Visibility": 0, "Shape_Leng": 0.00125774, "Enabled": 1, "GlobalID": "dfaab205-001d-4b03-a05d-afa2fa5bd9f5", "Width": null, "Shape__Length": 137.16595516093778 }, "geometry": { "type": "LineString", "coordinates": [ [ -122.217819453453018, 44.243415865627895 ], [ -122.217782165389011, 44.2431460304147 ], [ -122.217859944772997, 44.242971273507891 ], [ -122.217871323191005, 44.24259740935139 ], [ -122.218004829192992, 44.242206635285491 ] ] } },
{ "type": "Feature", "properties": { "OBJECTID_1": 614, "OBJECTID": 10607, "Permanent_": "{C19374F6-FF6A-42A3-B71E-442FA3FF6719}", "FDate": 1464220800000, "Resolution": 2, "GNIS_ID": " ", "GNIS_Name": " ", "LengthKM": 0.26673405, "ReachCode": "17090004022980", "FlowDir": 1, "WBArea_Per": " ", "FType": 460, "FCode": 46006, "MainPath": 0, "InNetwork": 1, "Visibility": 0, "Shape_Leng": 0.00271094, "Enabled": 1, "GlobalID": "86f22ca3-e4ec-47ed-9c14-a62103c13556", "Width": null, "Shape__Length": 266.31187270086866 }, "geometry": { "type": "LineString", "coordinates": [ [ -122.113020113745989, 44.233738045577297 ], [ -122.113187996076007, 44.233508083474291 ], [ -122.113597298752012, 44.233172905480593 ], [ -122.113828022023014, 44.232860430356297 ], [ -122.114266377579, 44.232550101521895 ], [ -122.114447379995994, 44.232363604540502 ], [ -122.114789116763021, 44.2317479177755 ] ] } },
{ "type": "Feature", "properties": { "OBJECTID_1": 615, "OBJECTID": 2793, "Permanent_": "{5D0F4CF7-A70B-41C9-B2F4-FE069EB9FB83}", "FDate": 1464220800000, "Resolution": 2, "GNIS_ID": " ", "GNIS_Name": " ", "LengthKM": 0.34725051, "ReachCode": "17090004022934", "FlowDir": 1, "WBArea_Per": " ", "FType": 460, "FCode": 46003, "MainPath": 0, "InNetwork": 1, "Visibility": 0, "Shape_Leng": 0.00411809, "Enabled": 1, "GlobalID": "fb29b5e4-7008-41f3-89db-f9d67824781f", "Width": null, "Shape__Length": 347.76987082215481 }, "geometry": { "type": "LineString", "coordinates": [ [ -122.12461318862799, 44.209133541625398 ], [ -122.123326362600011, 44.209093371983805 ], [ -122.122676815779997, 44.209163672144292 ], [ -122.122388860002005, 44.209234825949792 ], [ -122.121652612443015, 44.209677017907403 ], [ -122.121288784604005, 44.209833554759101 ], [ -122.120996583338012, 44.210079987067196 ], [ -122.120787975677004, 44.2101867228047 ] ] } },
{ "type": "Feature", "properties": { "OBJECTID_1": 616, "OBJECTID": 13678, "Permanent_": "161200395", "FDate": 1464220800000, "Resolution": 2, "GNIS_ID": " ", "GNIS_Name": " ", "LengthKM": 0.58227281, "ReachCode": "17090004014489", "FlowDir": 1, "WBArea_Per": " ", "FType": 460, "FCode": 46003, "MainPath": 0, "InNetwork": 1, "Visibility": 0, "Shape_Leng": 0.00590675, "Enabled": 1, "GlobalID": "d9d82e20-80b1-4459-9b3d-95a90eed67eb", "Width": null, "Shape__Length": 581.33385451426864 }, "geometry": { "type": "LineString", "coordinates": [ [ -122.236886495465015, 44.213634927325295 ], [ -122.236988752670001, 44.213827914956298 ], [ -122.237598293687995, 44.214246188101797 ], [ -122.237734670896003, 44.214722125906796 ], [ -122.237744277665996, 44.215139740667894 ], [ -122.237991405510996, 44.215505520814496 ], [ -122.23824552332799, 44.215724935160097 ], [ -122.238494573921983, 44.216057443277101 ], [ -122.239778137331001, 44.216851230792706 ], [ -122.240191639576011, 44.21735959759441 ], [ -122.240410738647, 44.217745427706099 ], [ -122.240455211019011, 44.217943907798492 ] ] } },
{ "type": "Feature", "properties": { "OBJECTID_1": 617, "OBJECTID": 29928, "Permanent_": "108046633", "FDate": 1464220800000, "Resolution": 2, "GNIS_ID": "01124021", "GNIS_Name": "McRae Creek", "LengthKM": 0.44007687, "ReachCode": "17090004000326", "FlowDir": 1, "WBArea_Per": " ", "FType": 460, "FCode": 46006, "MainPath": 0, "InNetwork": 1, "Visibility": 0, "Shape_Leng": 0.00469547, "Enabled": 1, "GlobalID": "f36fac51-1d88-4257-966d-2288a3672e8b", "Width": 1.0, "Shape__Length": 439.79451656751945 }, "geometry": { "type": "LineString", "coordinates": [ [ -122.171159283719007, 44.253622538565601 ], [ -122.171404579636004, 44.253488937929191 ], [ -122.171898197741001, 44.253490883474399 ], [ -122.172155041454005, 44.253331956436682 ], [ -122.172515287289002, 44.253305878374093 ], [ -122.172826771570996, 44.253184929006899 ], [ -122.172948295157013, 44.253064594133384 ], [ -122.173041995350005, 44.252638020358106 ], [ -122.173457932988981, 44.251968475153902 ], [ -122.173782560025984, 44.25171649190299 ], [ -122.174211755041, 44.251537906925591 ], [ -122.174504903933013, 44.251008263005495 ] ] } },
{ "type": "Feature", "properties": { "OBJECTID_1": 618, "OBJECTID": 29777, "Permanent_": "{12488C74-A8E4-49E6-9C09-630DA99852BE}", "FDate": 1464220800000, "Resolution": 2, "GNIS_ID": " ", "GNIS_Name": " ", "LengthKM": 0.13921602, "ReachCode": "17090004023025", "FlowDir": 1, "WBArea_Per": " ", "FType": 460, "FCode": 46003, "MainPath": 0, "InNetwork": 1, "Visibility": 0, "Shape_Leng": 0.00148771, "Enabled": 1, "GlobalID": "bea6e167-0720-4e31-a1f8-61b06bb1a561", "Width": null, "Shape__Length": 139.11949549538429 }, "geometry": { "type": "LineString", "coordinates": [ [ -122.206219879402013, 44.241803280304005 ], [ -122.205838970093993, 44.241609129501398 ], [ -122.205204253408994, 44.241107868752508 ], [ -122.205121287357997, 44.24088599423969 ] ] } },
{ "type": "Feature", "properties": { "OBJECTID_1": 619, "OBJECTID": 2551, "Permanent_": "{632E5C7C-2400-43D6-90BE-8757DF4343AC}", "FDate": 1464220800000, "Resolution": 2, "GNIS_ID": " ", "GNIS_Name": " ", "LengthKM": 0.48644411, "ReachCode": "17090004022849", "FlowDir": 1, "WBArea_Per": " ", "FType": 460, "FCode": 46003, "MainPath": 0, "InNetwork": 1, "Visibility": 0, "Shape_Leng": 0.00589043, "Enabled": 1, "GlobalID": "26b4aff5-d2a3-49ed-9217-5b519ee63358", "Width": null, "Shape__Length": 487.38116065627577 }, "geometry": { "type": "LineString", "coordinates": [ [ -122.162173666515002, 44.222637914529791 ], [ -122.162368453783003, 44.222683537610607 ], [ -122.162805769917, 44.222923783364685 ], [ -122.163574479024021, 44.2232221694453 ], [ -122.163979306344984, 44.223276277976595 ], [ -122.164788241615, 44.223545060785092 ], [ -122.165117990685019, 44.223586292822709 ], [ -122.165794837630003, 44.223541378425004 ], [ -122.166403749232998, 44.223626525853405 ], [ -122.167672168980005, 44.223957781061394 ], [ -122.167820826602011, 44.223940359118302 ] ] } },
{ "type": "Feature", "properties": { "OBJECTID_1": 620, "OBJECTID": 25962, "Permanent_": "{03E61064-401F-4951-BB82-39AC70FD2CD2}", "FDate": 1464220800000, "Resolution": 2, "GNIS_ID": " ", "GNIS_Name": " ", "LengthKM": 0.14074741, "ReachCode": "17090004022884", "FlowDir": 1, "WBArea_Per": " ", "FType": 460, "FCode": 46003, "MainPath": 0, "InNetwork": 1, "Visibility": 0, "Shape_Leng": 0.00129001, "Enabled": 1, "GlobalID": "270ed728-5a52-4530-b63b-1a9f110d1acd", "Width": null, "Shape__Length": 140.30185831750063 }, "geometry": { "type": "LineString", "coordinates": [ [ -122.171589305698006, 44.241479009068797 ], [ -122.171326392425016, 44.240724523729902 ], [ -122.171392519901019, 44.2402457961579 ] ] } },
{ "type": "Feature", "properties": { "OBJECTID_1": 621, "OBJECTID": 6620, "Permanent_": "{1709ECB5-6664-48A7-9A54-0C44DFBB3090}", "FDate": 1464220800000, "Resolution": 2, "GNIS_ID": " ", "GNIS_Name": " ", "LengthKM": 0.30748613, "ReachCode": "17090004022951", "FlowDir": 1, "WBArea_Per": " ", "FType": 460, "FCode": 46003, "MainPath": 0, "InNetwork": 1, "Visibility": 0, "Shape_Leng": 0.00310709, "Enabled": 1, "GlobalID": "9b1c3198-0430-4a60-89ce-8f961e63cefd", "Width": null, "Shape__Length": 306.96522743143169 }, "geometry": { "type": "LineString", "coordinates": [ [ -122.125905646931997, 44.224677549998788 ], [ -122.125862918989, 44.224820890391797 ], [ -122.12556320014302, 44.225148981346599 ], [ -122.124394342506989, 44.2262303040063 ], [ -122.123924125545003, 44.227004775426003 ] ] } },
{ "type": "Feature", "properties": { "OBJECTID_1": 622, "OBJECTID": 13680, "Permanent_": "108055913", "FDate": 1464220800000, "Resolution": 2, "GNIS_ID": "01123461", "GNIS_Name": "Lookout Creek", "LengthKM": 0.29247766, "ReachCode": "17090004001156", "FlowDir": 1, "WBArea_Per": "108067939", "FType": 558, "FCode": 55800, "MainPath": 0, "InNetwork": 1, "Visibility": 0, "Shape_Leng": 0.00336347, "Enabled": 1, "GlobalID": "1a5d8eab-aa95-442c-925e-10dee0a95388", "Width": 1.0, "Shape__Length": 292.69945579440565 }, "geometry": { "type": "LineString", "coordinates": [ [ -122.232994030163979, 44.226186820212895 ], [ -122.234253974562009, 44.225652346663104 ], [ -122.234492250773997, 44.225415392254291 ], [ -122.235210741889972, 44.225018363654705 ], [ -122.235982933705003, 44.224750640642803 ] ] } },
{ "type": "Feature", "properties": { "OBJECTID_1": 623, "OBJECTID": 22146, "Permanent_": "161200654", "FDate": 1464220800000, "Resolution": 2, "GNIS_ID": " ", "GNIS_Name": " ", "LengthKM": 0.85492278, "ReachCode": "17090004000596", "FlowDir": 1, "WBArea_Per": " ", "FType": 460, "FCode": 46006, "MainPath": 0, "InNetwork": 1, "Visibility": 0, "Shape_Leng": 0.00842578, "Enabled": 1, "GlobalID": "8249fdce-b515-41fd-9b3d-20d78b2e22a8", "Width": null, "Shape__Length": 853.1714518554254 }, "geometry": { "type": "LineString", "coordinates": [ [ -122.143381540963006, 44.24354739411671 ], [ -122.143444580113012, 44.243295113001807 ], [ -122.143703243255999, 44.243020551916892 ], [ -122.143853069189973, 44.242731919276999 ], [ -122.144238344255001, 44.242388028563802 ], [ -122.144684208602001, 44.242235785437899 ], [ -122.144900062451995, 44.241998220678596 ], [ -122.144817025080002, 44.241368565966091 ], [ -122.14489082982, 44.241014689835986 ], [ -122.144853943839991, 44.240515512255293 ], [ -122.144983229335011, 44.240234216610709 ], [ -122.145135419767982, 44.240054305101189 ], [ -122.145610037956004, 44.239694634020395 ], [ -122.145748823671013, 44.239483666041899 ], [ -122.146023148520996, 44.239276960488503 ], [ -122.146059448149003, 44.239111354178895 ], [ -122.146201916772014, 44.238952924664495 ], [ -122.146510440184997, 44.238745218499687 ], [ -122.146515895782997, 44.238655784610387 ], [ -122.146365610341007, 44.238372857235298 ], [ -122.146701584181002, 44.237787037969994 ], [ -122.146741506668008, 44.237325233757296 ], [ -122.146890381490991, 44.237122813388709 ], [ -122.146897182135007, 44.236988165994404 ], [ -122.147006436498998, 44.236892510004218 ] ] } },
{ "type": "Feature", "properties": { "OBJECTID_1": 624, "OBJECTID": 2248, "Permanent_": "{5BC0D7F4-0636-4B33-AB61-6AFDCB0DD424}", "FDate": 1464220800000, "Resolution": 2, "GNIS_ID": " ", "GNIS_Name": " ", "LengthKM": 0.21847777, "ReachCode": "17090004022855", "FlowDir": 1, "WBArea_Per": " ", "FType": 460, "FCode": 46003, "MainPath": 0, "InNetwork": 1, "Visibility": 0, "Shape_Leng": 0.00235544, "Enabled": 1, "GlobalID": "b3565d23-e067-46c0-b1a9-f258a0ff7ea6", "Width": null, "Shape__Length": 218.36723729171891 }, "geometry": { "type": "LineString", "coordinates": [ [ -122.192141375877014, 44.21655804101939 ], [ -122.193034661470008, 44.216993989388996 ], [ -122.193356718781004, 44.217305892873604 ], [ -122.193627072834019, 44.21777378259619 ], [ -122.193950394248986, 44.217929886758803 ] ] } },
{ "type": "Feature", "properties": { "OBJECTID_1": 625, "OBJECTID": 1977, "Permanent_": "{78202488-9BAE-4093-8ED2-179B0FB6B093}", "FDate": 1464220800000, "Resolution": 2, "GNIS_ID": " ", "GNIS_Name": " ", "LengthKM": 0.4105126, "ReachCode": "17090004022799", "FlowDir": 1, "WBArea_Per": " ", "FType": 460, "FCode": 46003, "MainPath": 0, "InNetwork": 1, "Visibility": 0, "Shape_Leng": 0.00399558, "Enabled": 1, "GlobalID": "d017b2c5-08f5-4543-9d5b-5d08bf298d32", "Width": null, "Shape__Length": 409.57979593888433 }, "geometry": { "type": "LineString", "coordinates": [ [ -122.241613399072008, 44.207782306715004 ], [ -122.241715100975981, 44.208013351977598 ], [ -122.241749901923981, 44.208400304622593 ], [ -122.242009227924996, 44.208772362444094 ], [ -122.242245962774007, 44.20932269434919 ], [ -122.242222916470993, 44.21000155495981 ], [ -122.242351573514981, 44.210476807078393 ], [ -122.242764396838993, 44.210828683102598 ], [ -122.243304412873016, 44.211009819937203 ] ] } },
{ "type": "Feature", "properties": { "OBJECTID_1": 626, "OBJECTID": 6162, "Permanent_": "{BC059BDD-6F0F-41B4-857C-D9E1C9ABE302}", "FDate": 1464220800000, "Resolution": 2, "GNIS_ID": " ", "GNIS_Name": " ", "LengthKM": 0.31445232, "ReachCode": "17090004022985", "FlowDir": 1, "WBArea_Per": " ", "FType": 460, "FCode": 46006, "MainPath": 0, "InNetwork": 1, "Visibility": 0, "Shape_Leng": 0.00376674, "Enabled": 1, "GlobalID": "0fefe940-c627-43af-91bb-2d152df79d8e", "Width": null, "Shape__Length": 314.97471104811774 }, "geometry": { "type": "LineString", "coordinates": [ [ -122.194234362235008, 44.24015138664241 ], [ -122.194611620901014, 44.240255307813996 ], [ -122.195212575168, 44.240194993796308 ], [ -122.19572958390701, 44.240266384427301 ], [ -122.19627712034702, 44.240187525822591 ], [ -122.196600326166006, 44.240330307329394 ], [ -122.196858159455985, 44.240537533486801 ], [ -122.197108249653994, 44.240488702249593 ], [ -122.197428221662008, 44.240297745088498 ], [ -122.197608857638002, 44.240266888314189 ], [ -122.197779604906998, 44.240297778027795 ] ] } },
{ "type": "Feature", "properties": { "OBJECTID_1": 627, "OBJECTID": 10609, "Permanent_": "{807AC2CB-2C07-45E1-9CDC-1EF64C131753}", "FDate": 1464220800000, "Resolution": 2, "GNIS_ID": " ", "GNIS_Name": " ", "LengthKM": 0.03327108, "ReachCode": "17090004022982", "FlowDir": 1, "WBArea_Per": " ", "FType": 460, "FCode": 46006, "MainPath": 0, "InNetwork": 1, "Visibility": 0, "Shape_Leng": 0.00034301, "Enabled": 1, "GlobalID": "0845d004-fbf0-4dfe-9462-11242bb799eb", "Width": null, "Shape__Length": 33.226678103359831 }, "geometry": { "type": "LineString", "coordinates": [ [ -122.119312217548, 44.236739662571395 ], [ -122.119528229156018, 44.236554766345606 ], [ -122.119530618276002, 44.236498349691608 ] ] } },
{ "type": "Feature", "properties": { "OBJECTID_1": 628, "OBJECTID": 6004, "Permanent_": "{39C0695D-8124-49F3-8C55-EA74E4ADBFC5}", "FDate": 1464220800000, "Resolution": 2, "GNIS_ID": " ", "GNIS_Name": " ", "LengthKM": 0.15354651, "ReachCode": "17090004022722", "FlowDir": 1, "WBArea_Per": " ", "FType": 460, "FCode": 46003, "MainPath": 0, "InNetwork": 1, "Visibility": 0, "Shape_Leng": 0.00162679, "Enabled": 1, "GlobalID": "6e95f43b-b8ab-448c-a437-205cb73813c5", "Width": null, "Shape__Length": 153.4252785365164 }, "geometry": { "type": "LineString", "coordinates": [ [ -122.224193155820998, 44.217333955443493 ], [ -122.223737075735016, 44.217452932456595 ], [ -122.223425468177993, 44.217761707392604 ], [ -122.223399973435008, 44.21795716963679 ], [ -122.223263998680011, 44.218161131421397 ], [ -122.223068283060002, 44.218305219184984 ] ] } },
{ "type": "Feature", "properties": { "OBJECTID_1": 629, "OBJECTID": 26099, "Permanent_": "161200633", "FDate": 1464220800000, "Resolution": 2, "GNIS_ID": "01124021", "GNIS_Name": "McRae Creek", "LengthKM": 0.58731463, "ReachCode": "17090004000326", "FlowDir": 1, "WBArea_Per": " ", "FType": 460, "FCode": 46006, "MainPath": 0, "InNetwork": 1, "Visibility": 0, "Shape_Leng": 0.00680709, "Enabled": 1, "GlobalID": "4cbc0b6e-ff47-462f-8254-5c3473bf209c", "Width": 1.0, "Shape__Length": 587.86640654894177 }, "geometry": { "type": "LineString", "coordinates": [ [ -122.157870426283012, 44.263025390447496 ], [ -122.158965095550002, 44.262744962233199 ], [ -122.159313337895, 44.262726771003408 ], [ -122.159684634669006, 44.262496528891411 ], [ -122.160249233223993, 44.262515478464493 ], [ -122.160779707925002, 44.262453759135489 ], [ -122.160878743575992, 44.262224568139594 ], [ -122.161001218088018, 44.262135283146584 ], [ -122.161522827715999, 44.262045517307399 ], [ -122.161833967404007, 44.261876962161487 ], [ -122.162258566038005, 44.261809187712501 ], [ -122.162435729367999, 44.2617168531754 ], [ -122.162700784501013, 44.26167679436471 ], [ -122.162951855797019, 44.261473466225297 ], [ -122.16323238089899, 44.261357318453996 ], [ -122.163901598579002, 44.260713914930491 ] ] } },
{ "type": "Feature", "properties": { "OBJECTID_1": 630, "OBJECTID": 17797, "Permanent_": "{755613C7-5838-4F27-A69F-BC8D2B911BD5}", "FDate": 1464220800000, "Resolution": 2, "GNIS_ID": " ", "GNIS_Name": " ", "LengthKM": 0.130821, "ReachCode": "17090004022724", "FlowDir": 1, "WBArea_Per": " ", "FType": 460, "FCode": 46003, "MainPath": 0, "InNetwork": 1, "Visibility": 0, "Shape_Leng": 0.00141036, "Enabled": 1, "GlobalID": "00d4d762-9b32-4569-9ac5-50685f4a7f74", "Width": null, "Shape__Length": 130.75320868014117 }, "geometry": { "type": "LineString", "coordinates": [ [ -122.217716233843007, 44.224587704395695 ], [ -122.218059092117002, 44.225028407094683 ], [ -122.218447663031995, 44.225282449907887 ], [ -122.218806744004979, 44.225416292407495 ] ] } },
{ "type": "Feature", "properties": { "OBJECTID_1": 631, "OBJECTID": 14224, "Permanent_": "108055905", "FDate": 1464220800000, "Resolution": 2, "GNIS_ID": "01123461", "GNIS_Name": "Lookout Creek", "LengthKM": 0.8374423, "ReachCode": "17090004000323", "FlowDir": 1, "WBArea_Per": " ", "FType": 460, "FCode": 46006, "MainPath": 0, "InNetwork": 1, "Visibility": 0, "Shape_Leng": 0.00926763, "Enabled": 1, "GlobalID": "605b6281-471c-4055-b191-de4d165ca9b6", "Width": 1.0, "Shape__Length": 837.49407523451418 }, "geometry": { "type": "LineString", "coordinates": [ [ -122.161052642995003, 44.231512232248299 ], [ -122.161966455022011, 44.231332056034105 ], [ -122.162331521605992, 44.2309818610644 ], [ -122.162705434445016, 44.230803933282992 ], [ -122.163272263600021, 44.230191925907604 ], [ -122.163402773518996, 44.229888922117688 ], [ -122.163630571511007, 44.22961980162701 ], [ -122.163677406356001, 44.229221526899792 ], [ -122.163984320181001, 44.229135566368996 ], [ -122.164687674590979, 44.229048716197191 ], [ -122.165219512479993, 44.228743834844394 ], [ -122.165316349974006, 44.228643110622102 ], [ -122.165528644976021, 44.228016046619302 ], [ -122.165704626891014, 44.227861475419701 ], [ -122.166266396948004, 44.227758483087001 ], [ -122.166631398232994, 44.227920989801603 ], [ -122.166845162737005, 44.227942038195096 ], [ -122.167074390631015, 44.227857970448397 ], [ -122.167203777968979, 44.227735110087593 ], [ -122.167429289736006, 44.227739321662696 ], [ -122.168047690061002, 44.2275530141643 ], [ -122.168322046127017, 44.227566106565185 ] ] } },
{ "type": "Feature", "properties": { "OBJECTID_1": 632, "OBJECTID": 1985, "Permanent_": "{CC5F91F9-8EF7-4815-AC40-962C5A6CD353}", "FDate": 1464220800000, "Resolution": 2, "GNIS_ID": " ", "GNIS_Name": " ", "LengthKM": 0.10082203, "ReachCode": "17090004022687", "FlowDir": 1, "WBArea_Per": " ", "FType": 460, "FCode": 46003, "MainPath": 0, "InNetwork": 1, "Visibility": 0, "Shape_Leng": 0.0012382, "Enabled": 1, "GlobalID": "504bdc0c-4e24-4bb0-9dd0-be0c0dc806f2", "Width": null, "Shape__Length": 101.04949653453893 }, "geometry": { "type": "LineString", "coordinates": [ [ -122.236094668353019, 44.220357937196994 ], [ -122.236898801997981, 44.22054560383831 ], [ -122.237303163065008, 44.220508523114404 ] ] } },
{ "type": "Feature", "properties": { "OBJECTID_1": 633, "OBJECTID": 6000, "Permanent_": "{67E818A0-D583-4F88-89F8-891F623F150C}", "FDate": 1464220800000, "Resolution": 2, "GNIS_ID": " ", "GNIS_Name": " ", "LengthKM": 0.0921607, "ReachCode": "17090004022674", "FlowDir": 1, "WBArea_Per": " ", "FType": 460, "FCode": 46003, "MainPath": 0, "InNetwork": 1, "Visibility": 0, "Shape_Leng": 0.00102841, "Enabled": 1, "GlobalID": "87224de7-e93f-48ae-8e7d-722d4f5fc090", "Width": null, "Shape__Length": 92.175091998685431 }, "geometry": { "type": "LineString", "coordinates": [ [ -122.229045868010999, 44.214304182838902 ], [ -122.229228743338993, 44.214203968556589 ], [ -122.229607973745019, 44.213869325555294 ], [ -122.229909546669006, 44.2138011461453 ] ] } },
{ "type": "Feature", "properties": { "OBJECTID_1": 634, "OBJECTID": 2794, "Permanent_": "{E3692E4B-6BAE-4995-B09A-96ED7B542A28}", "FDate": 1464220800000, "Resolution": 2, "GNIS_ID": " ", "GNIS_Name": " ", "LengthKM": 0.77331609, "ReachCode": "17090004022936", "FlowDir": 1, "WBArea_Per": " ", "FType": 460, "FCode": 46003, "MainPath": 0, "InNetwork": 1, "Visibility": 0, "Shape_Leng": 0.00955227, "Enabled": 1, "GlobalID": "db903485-b06b-46ff-a6a4-ed5e141b7117", "Width": null, "Shape__Length": 775.20069578448761 }, "geometry": { "type": "LineString", "coordinates": [ [ -122.125233114976993, 44.212365042557792 ], [ -122.124894357437, 44.212238349436802 ], [ -122.123904557873999, 44.212182062580595 ], [ -122.123048232366997, 44.212044845297903 ], [ -122.122539712204969, 44.212037431696295 ], [ -122.122117112422998, 44.212098753452999 ], [ -122.121784263747003, 44.212061598571083 ], [ -122.120878907082997, 44.212062334866793 ], [ -122.11996022302101, 44.212179232410094 ], [ -122.119584182075002, 44.212287193138302 ], [ -122.118897748962993, 44.212329540593792 ], [ -122.118355761524001, 44.2124307576332 ], [ -122.118038616942002, 44.212585640245003 ], [ -122.117009317661001, 44.2127218584791 ], [ -122.116806964639011, 44.212801046907884 ], [ -122.116142771954003, 44.212810035555194 ], [ -122.115851957474021, 44.21288915449729 ] ] } },
{ "type": "Feature", "properties": { "OBJECTID_1": 635, "OBJECTID": 17919, "Permanent_": "{F4C6CB75-365B-43CF-A28E-DB99D5F55E02}", "FDate": 1476576000000, "Resolution": 2, "GNIS_ID": "01124021", "GNIS_Name": "McRae Creek", "LengthKM": 0.290603, "ReachCode": "17090004000325", "FlowDir": 1, "WBArea_Per": " ", "FType": 460, "FCode": 46006, "MainPath": 0, "InNetwork": 1, "Visibility": 0, "Shape_Leng": 0.0032433, "Enabled": 1, "GlobalID": "c3d70508-49da-4186-86df-9ee0b655f48b", "Width": 1.0, "Shape__Length": 290.66602948695089 }, "geometry": { "type": "LineString", "coordinates": [ [ -122.206684695076987, 44.234742609806496 ], [ -122.207220607512994, 44.234570391557298 ], [ -122.207410157850006, 44.234462298371895 ], [ -122.207547924045002, 44.234268574431503 ], [ -122.207566653177992, 44.233945283644495 ], [ -122.20786989115301, 44.233750504026197 ], [ -122.208161328084003, 44.233461561025607 ], [ -122.208584711559979, 44.233316279523699 ], [ -122.209247950741002, 44.233288572225092 ] ] } },
{ "type": "Feature", "properties": { "OBJECTID_1": 636, "OBJECTID": 2401, "Permanent_": "{E320D235-51DA-411B-8E45-BB8A15A207EF}", "FDate": 1464220800000, "Resolution": 2, "GNIS_ID": " ", "GNIS_Name": " ", "LengthKM": 0.31798921, "ReachCode": "17090004022841", "FlowDir": 1, "WBArea_Per": " ", "FType": 460, "FCode": 46003, "MainPath": 0, "InNetwork": 1, "Visibility": 0, "Shape_Leng": 0.00378364, "Enabled": 1, "GlobalID": "de699cf5-67e1-458a-bd4a-a4421c4dd531", "Width": null, "Shape__Length": 318.4745187221518 }, "geometry": { "type": "LineString", "coordinates": [ [ -122.170815481615008, 44.2180757805734 ], [ -122.170382507477001, 44.218360280793199 ], [ -122.169177873690998, 44.218845458385502 ], [ -122.168613128768996, 44.218902123346908 ], [ -122.167563964706019, 44.219219280579388 ], [ -122.167271148075002, 44.219264551457201 ] ] } },
{ "type": "Feature", "properties": { "OBJECTID_1": 637, "OBJECTID": 18074, "Permanent_": "{81CAECDE-76B7-4BA2-B2CB-0C4BFFE2C9D6}", "FDate": 1464220800000, "Resolution": 2, "GNIS_ID": " ", "GNIS_Name": " ", "LengthKM": 0.08006481, "ReachCode": "17090004023040", "FlowDir": 1, "WBArea_Per": " ", "FType": 460, "FCode": 46003, "MainPath": 0, "InNetwork": 1, "Visibility": 0, "Shape_Leng": 0.0009553, "Enabled": 1, "GlobalID": "52a4df74-0d53-49f8-b4f4-c8c4899cedc9", "Width": null, "Shape__Length": 80.19058858162478 }, "geometry": { "type": "LineString", "coordinates": [ [ -122.188677895284002, 44.245484825099304 ], [ -122.188946115627019, 44.245502942634999 ], [ -122.189219222337996, 44.2455859525313 ], [ -122.189394707058, 44.245571081527693 ], [ -122.189570861929013, 44.245691382097192 ] ] } },
{ "type": "Feature", "properties": { "OBJECTID_1": 638, "OBJECTID": 21631, "Permanent_": "{F2AD36C0-5708-4923-BC8F-2B0A1A6A3390}", "FDate": 1464220800000, "Resolution": 2, "GNIS_ID": " ", "GNIS_Name": " ", "LengthKM": 0.20206775, "ReachCode": "17090004022744", "FlowDir": 1, "WBArea_Per": " ", "FType": 460, "FCode": 46003, "MainPath": 0, "InNetwork": 1, "Visibility": 0, "Shape_Leng": 0.00194784, "Enabled": 1, "GlobalID": "2092f070-e327-4f29-9e48-b2794cb8ed94", "Width": null, "Shape__Length": 201.57739658926687 }, "geometry": { "type": "LineString", "coordinates": [ [ -122.21399180460098, 44.239033741965592 ], [ -122.213917617119009, 44.238827856153193 ], [ -122.214116665231984, 44.238244950091392 ], [ -122.214431549866021, 44.237648319185894 ], [ -122.214771439735003, 44.237387090980604 ] ] } },
{ "type": "Feature", "properties": { "OBJECTID_1": 639, "OBJECTID": 14095, "Permanent_": "108055833", "FDate": 1464220800000, "Resolution": 2, "GNIS_ID": " ", "GNIS_Name": " ", "LengthKM": 0.5259434, "ReachCode": "17090004003740", "FlowDir": 1, "WBArea_Per": " ", "FType": 460, "FCode": 46006, "MainPath": 0, "InNetwork": 1, "Visibility": 0, "Shape_Leng": 0.00528633, "Enabled": 1, "GlobalID": "6bb1afc9-fba1-4164-990b-59fb4637da0e", "Width": null, "Shape__Length": 525.03888328020059 }, "geometry": { "type": "LineString", "coordinates": [ [ -122.188289908059005, 44.236565598464097 ], [ -122.188597823454998, 44.236349990944603 ], [ -122.188985168670982, 44.236178780004501 ], [ -122.189194162116991, 44.235825142221486 ], [ -122.189782208303996, 44.235334751249091 ], [ -122.189905949020002, 44.234892871984492 ], [ -122.189906301218997, 44.2346775353178 ], [ -122.189750785480001, 44.234412363795286 ], [ -122.189721107490996, 44.234174307212697 ], [ -122.189634241261999, 44.234006502264997 ], [ -122.189655693207001, 44.233670696018692 ], [ -122.189513027396018, 44.23340069778321 ], [ -122.189675102417013, 44.233179865915204 ], [ -122.189805430769994, 44.23310349682 ], [ -122.189837720000995, 44.232920311652698 ], [ -122.19010178698899, 44.2328016288931 ], [ -122.190297613696004, 44.232822399066293 ], [ -122.190364604191018, 44.232722512561494 ] ] } },
{ "type": "Feature", "properties": { "OBJECTID_1": 640, "OBJECTID": 10077, "Permanent_": "{523F0494-2270-471E-AF07-5A91C1DAAFFA}", "FDate": 1464220800000, "Resolution": 2, "GNIS_ID": " ", "GNIS_Name": " ", "LengthKM": 0.13921565, "ReachCode": "17090004014606", "FlowDir": 1, "WBArea_Per": " ", "FType": 460, "FCode": 46006, "MainPath": 0, "InNetwork": 1, "Visibility": 0, "Shape_Leng": 0.00134366, "Enabled": 1, "GlobalID": "b501dd91-5f57-4e9d-9a3e-352fa00c80a5", "Width": null, "Shape__Length": 138.88338342185057 }, "geometry": { "type": "LineString", "coordinates": [ [ -122.206351673341999, 44.235864765579102 ], [ -122.206480003330995, 44.2357129571296 ], [ -122.20641584937502, 44.235458873949703 ], [ -122.206604122261979, 44.235353073540907 ], [ -122.206679654758986, 44.235235193689498 ], [ -122.206722273715982, 44.234816954708201 ], [ -122.206684695076987, 44.234742609806496 ] ] } },
{ "type": "Feature", "properties": { "OBJECTID_1": 641, "OBJECTID": 26106, "Permanent_": "{3ECB0359-3204-4852-8AFF-C2B09C37C2AB}", "FDate": 1464220800000, "Resolution": 2, "GNIS_ID": " ", "GNIS_Name": " ", "LengthKM": 0.73874965, "ReachCode": "17090004023111", "FlowDir": 1, "WBArea_Per": " ", "FType": 460, "FCode": 46003, "MainPath": 0, "InNetwork": 1, "Visibility": 0, "Shape_Leng": 0.00888208, "Enabled": 1, "GlobalID": "c3e7903b-1713-441f-8446-a21aa9ec3ee8", "Width": null, "Shape__Length": 740.01116675662422 }, "geometry": { "type": "LineString", "coordinates": [ [ -122.14310062346398, 44.258086523323897 ], [ -122.144476757695017, 44.257790305410403 ], [ -122.144938187826995, 44.257770420894005 ], [ -122.145738338735001, 44.257901507296189 ], [ -122.146760800338996, 44.258221682113302 ], [ -122.14766585906402, 44.258369051787483 ], [ -122.148148184453007, 44.258383871220694 ], [ -122.148630055204009, 44.25846094328589 ], [ -122.149196694785999, 44.258592565051309 ], [ -122.150584481801999, 44.259187250507196 ], [ -122.151157342136017, 44.259625205925197 ], [ -122.151520140330007, 44.259818863755498 ] ] } },
{ "type": "Feature", "properties": { "OBJECTID_1": 642, "OBJECTID": 6419, "Permanent_": "{7F83F9B4-C30A-4654-BF5B-9B515D4678F7}", "FDate": 1464220800000, "Resolution": 2, "GNIS_ID": " ", "GNIS_Name": " ", "LengthKM": 0.1867049, "ReachCode": "17090004023005", "FlowDir": 1, "WBArea_Per": " ", "FType": 460, "FCode": 46006, "MainPath": 0, "InNetwork": 1, "Visibility": 0, "Shape_Leng": 0.00193125, "Enabled": 1, "GlobalID": "461e1d39-8400-4129-8499-ba6aecaae58a", "Width": null, "Shape__Length": 186.4746489483332 }, "geometry": { "type": "LineString", "coordinates": [ [ -122.152807895107998, 44.26762099527209 ], [ -122.152612727218013, 44.267538894562598 ], [ -122.152199610577014, 44.267252098542293 ], [ -122.151659181200984, 44.266780422108305 ], [ -122.151587061027996, 44.266298685415492 ] ] } },
{ "type": "Feature", "properties": { "OBJECTID_1": 643, "OBJECTID": 6152, "Permanent_": "161200296", "FDate": 1464220800000, "Resolution": 2, "GNIS_ID": " ", "GNIS_Name": " ", "LengthKM": 0.58621891, "ReachCode": "17090004014575", "FlowDir": 1, "WBArea_Per": " ", "FType": 460, "FCode": 46003, "MainPath": 0, "InNetwork": 1, "Visibility": 0, "Shape_Leng": 0.00555862, "Enabled": 1, "GlobalID": "19cdf345-e494-4c85-aa63-a17533ce6332", "Width": null, "Shape__Length": 584.64334831165411 }, "geometry": { "type": "LineString", "coordinates": [ [ -122.201736166380996, 44.227598049528794 ], [ -122.201753739809021, 44.228193498554084 ], [ -122.20192765574599, 44.228541209787693 ], [ -122.201741853805018, 44.228954411723294 ], [ -122.201658125347976, 44.229414768460302 ], [ -122.201694575480005, 44.229751125054115 ], [ -122.201840168195019, 44.230180483960901 ], [ -122.202150319886996, 44.23064253098039 ], [ -122.202857136478016, 44.23130136943589 ], [ -122.202896355366988, 44.231601647756207 ], [ -122.203085828989998, 44.231916288198398 ], [ -122.203185388055005, 44.232353627652593 ], [ -122.20330340185501, 44.232497046683896 ] ] } },
{ "type": "Feature", "properties": { "OBJECTID_1": 644, "OBJECTID": 22139, "Permanent_": "161200681", "FDate": 1464220800000, "Resolution": 2, "GNIS_ID": "01123461", "GNIS_Name": "Lookout Creek", "LengthKM": 0.37427082, "ReachCode": "17090004000324", "FlowDir": 1, "WBArea_Per": " ", "FType": 460, "FCode": 46006, "MainPath": 0, "InNetwork": 1, "Visibility": 0, "Shape_Leng": 0.00430908, "Enabled": 1, "GlobalID": "7bbfdb96-46cc-412b-b97c-9612e6c13a06", "Width": 1.0, "Shape__Length": 374.58373034020269 }, "geometry": { "type": "LineString", "coordinates": [ [ -122.144030928434006, 44.2315111246049 ], [ -122.144360838550995, 44.23157363537679 ], [ -122.14476184217699, 44.2314829412027 ], [ -122.145027558994997, 44.23156114800959 ], [ -122.145614644356002, 44.231631300342002 ], [ -122.146821250184018, 44.232286943324588 ], [ -122.147037492750002, 44.232535978228697 ], [ -122.147142155226007, 44.232812284703904 ], [ -122.147791207383008, 44.232994466767209 ] ] } },
{ "type": "Feature", "properties": { "OBJECTID_1": 645, "OBJECTID": 6403, "Permanent_": "108055957", "FDate": 1464220800000, "Resolution": 2, "GNIS_ID": "01123660", "GNIS_Name": "Mack Creek", "LengthKM": 0.45077131, "ReachCode": "17090004000629", "FlowDir": 1, "WBArea_Per": " ", "FType": 460, "FCode": 46006, "MainPath": 0, "InNetwork": 1, "Visibility": 0, "Shape_Leng": 0.00520129, "Enabled": 1, "GlobalID": "fa4d0f41-d745-4a1a-9634-c4d295a80ec8", "Width": 1.0, "Shape__Length": 451.159616697091 }, "geometry": { "type": "LineString", "coordinates": [ [ -122.157387218983004, 44.212135512527091 ], [ -122.157665440599985, 44.2121661521562 ], [ -122.158038503375991, 44.212337135291904 ], [ -122.158780446872996, 44.212322374165907 ], [ -122.159178750875014, 44.212415126554397 ], [ -122.159909268652001, 44.212914950517302 ], [ -122.161047050118015, 44.213441442565802 ], [ -122.161564976444012, 44.213873322236196 ], [ -122.162033619694014, 44.214123887434702 ] ] } },
{ "type": "Feature", "properties": { "OBJECTID_1": 646, "OBJECTID": 26103, "Permanent_": "{0830A630-30C1-432E-80FF-09BC3A4DC4A0}", "FDate": 1464220800000, "Resolution": 2, "GNIS_ID": "01124021", "GNIS_Name": "McRae Creek", "LengthKM": 0.13738437, "ReachCode": "17090004000326", "FlowDir": 1, "WBArea_Per": " ", "FType": 460, "FCode": 46006, "MainPath": 0, "InNetwork": 1, "Visibility": 0, "Shape_Leng": 0.00161889, "Enabled": 1, "GlobalID": "4899c788-6967-4ef2-96e5-c22e3fa0a7d1", "Width": 1.0, "Shape__Length": 137.55425390534555 }, "geometry": { "type": "LineString", "coordinates": [ [ -122.151587061027996, 44.266298685415492 ], [ -122.151993003946998, 44.266255040574592 ], [ -122.153082969737994, 44.265753455769207 ] ] } },
{ "type": "Feature", "properties": { "OBJECTID_1": 647, "OBJECTID": 10361, "Permanent_": "{93B03373-55B9-4DC0-972C-AC8BF9E51FD7}", "FDate": 1476576000000, "Resolution": 2, "GNIS_ID": " ", "GNIS_Name": " ", "LengthKM": 0.14403793, "ReachCode": "17090004024612", "FlowDir": 1, "WBArea_Per": " ", "FType": 460, "FCode": 46003, "MainPath": 0, "InNetwork": 1, "Visibility": 0, "Shape_Leng": 0.00158479, "Enabled": 1, "GlobalID": "6eb5d83b-bffc-4b5d-b224-8db210f05658", "Width": null, "Shape__Length": 144.02646530610457 }, "geometry": { "type": "LineString", "coordinates": [ [ -122.166731992644998, 44.221254255839604 ], [ -122.167471446916011, 44.221508315830391 ], [ -122.167631573207998, 44.221734742916695 ], [ -122.167893638346001, 44.221894730117995 ], [ -122.167988171136983, 44.222079173520008 ] ] } },
{ "type": "Feature", "properties": { "OBJECTID_1": 648, "OBJECTID": 10474, "Permanent_": "161200580", "FDate": 1464220800000, "Resolution": 2, "GNIS_ID": "01123461", "GNIS_Name": "Lookout Creek", "LengthKM": 0.34901406, "ReachCode": "17090004000324", "FlowDir": 1, "WBArea_Per": " ", "FType": 460, "FCode": 46006, "MainPath": 0, "InNetwork": 1, "Visibility": 0, "Shape_Leng": 0.00399081, "Enabled": 1, "GlobalID": "6eafe3f4-d565-4db4-89f3-ea03a2bc675c", "Width": 1.0, "Shape__Length": 349.24543982792011 }, "geometry": { "type": "LineString", "coordinates": [ [ -122.130720242853016, 44.229711649279402 ], [ -122.131220384688007, 44.230071832751008 ], [ -122.131716619838997, 44.230334748860614 ], [ -122.131876533503004, 44.23036177353211 ], [ -122.132124089152995, 44.230305996900896 ], [ -122.132281097520988, 44.230329643470903 ], [ -122.132683124059994, 44.230662172034393 ], [ -122.133200375674008, 44.230731253815101 ], [ -122.133667751575004, 44.231026279817499 ], [ -122.134039977263996, 44.2310751090682 ], [ -122.134222897675997, 44.231239271055706 ] ] } },
{ "type": "Feature", "properties": { "OBJECTID_1": 649, "OBJECTID": 25684, "Permanent_": "{7126E70A-FD1F-4BE3-BBB3-E0D89D8A5E1E}", "FDate": 1464220800000, "Resolution": 2, "GNIS_ID": " ", "GNIS_Name": " ", "LengthKM": 0.05845669, "ReachCode": "17090004022683", "FlowDir": 1, "WBArea_Per": " ", "FType": 460, "FCode": 46003, "MainPath": 0, "InNetwork": 1, "Visibility": 0, "Shape_Leng": 0.00057997, "Enabled": 1, "GlobalID": "4ca01a1f-1f84-4471-a1db-0b52a0fdb426", "Width": null, "Shape__Length": 58.341860600792025 }, "geometry": { "type": "LineString", "coordinates": [ [ -122.22277538706598, 44.217855922741691 ], [ -122.222844745936996, 44.218053486005992 ], [ -122.223037374751982, 44.218195125625201 ], [ -122.223068283060002, 44.218305219184984 ] ] } },
{ "type": "Feature", "properties": { "OBJECTID_1": 650, "OBJECTID": 6282, "Permanent_": "{E1AB8406-E8ED-4100-A234-3C4A15DD93E2}", "FDate": 1464220800000, "Resolution": 2, "GNIS_ID": " ", "GNIS_Name": " ", "LengthKM": 0.17843861, "ReachCode": "17090004022852", "FlowDir": 1, "WBArea_Per": " ", "FType": 460, "FCode": 46003, "MainPath": 0, "InNetwork": 1, "Visibility": 0, "Shape_Leng": 0.00202979, "Enabled": 1, "GlobalID": "7005384f-dd50-4249-b663-bb6ccf9745e2", "Width": null, "Shape__Length": 178.54313800513142 }, "geometry": { "type": "LineString", "coordinates": [ [ -122.186442607184006, 44.231631033921005 ], [ -122.186865879494007, 44.231653155957801 ], [ -122.187204951799984, 44.231760231263308 ], [ -122.187404232448998, 44.231908948171998 ], [ -122.187576742589997, 44.23214986792609 ], [ -122.188064532346019, 44.232325353304802 ], [ -122.188178074212999, 44.232459202056397 ] ] } },
{ "type": "Feature", "properties": { "OBJECTID_1": 651, "OBJECTID": 25832, "Permanent_": "{5C4E4F95-8A26-47F2-88F8-525C6584634A}", "FDate": 1464220800000, "Resolution": 2, "GNIS_ID": " ", "GNIS_Name": " ", "LengthKM": 0.42075351, "ReachCode": "17090004023084", "FlowDir": 1, "WBArea_Per": " ", "FType": 460, "FCode": 46003, "MainPath": 0, "InNetwork": 1, "Visibility": 0, "Shape_Leng": 0.00429302, "Enabled": 1, "GlobalID": "0b1fe68e-2fce-493c-a6b2-51f18b23e5f9", "Width": null, "Shape__Length": 420.11805582630387 }, "geometry": { "type": "LineString", "coordinates": [ [ -122.195730655932991, 44.253293110634289 ], [ -122.195174658737997, 44.252720688412104 ], [ -122.194653270645006, 44.252376410673591 ], [ -122.194055961017995, 44.251664554336003 ], [ -122.193645104698987, 44.250846109138003 ], [ -122.193382439551002, 44.250566215843484 ], [ -122.193168617944991, 44.250444359652903 ], [ -122.192897724, 44.250184414668695 ] ] } },
{ "type": "Feature", "properties": { "OBJECTID_1": 652, "OBJECTID": 13804, "Permanent_": "161200374", "FDate": 1464220800000, "Resolution": 2, "GNIS_ID": " ", "GNIS_Name": " ", "LengthKM": 0.23768628, "ReachCode": "17090004014496", "FlowDir": 1, "WBArea_Per": " ", "FType": 460, "FCode": 46003, "MainPath": 0, "InNetwork": 1, "Visibility": 0, "Shape_Leng": 0.00250456, "Enabled": 1, "GlobalID": "4345079f-dca9-42f8-8721-28cdd502aa3a", "Width": null, "Shape__Length": 237.47595296649791 }, "geometry": { "type": "LineString", "coordinates": [ [ -122.230972454956017, 44.233042215750793 ], [ -122.230673067146014, 44.232814772510999 ], [ -122.229946610636006, 44.232594800286108 ], [ -122.229712678427006, 44.232458707446703 ], [ -122.229564242104999, 44.232183559609098 ], [ -122.22949756581599, 44.231886090654399 ], [ -122.229323124714995, 44.231657841684303 ], [ -122.229355865787014, 44.231492173772793 ] ] } },
{ "type": "Feature", "properties": { "OBJECTID_1": 653, "OBJECTID": 29776, "Permanent_": "161200294", "FDate": 1464220800000, "Resolution": 2, "GNIS_ID": " ", "GNIS_Name": " ", "LengthKM": 0.860502, "ReachCode": "17090004014606", "FlowDir": 1, "WBArea_Per": " ", "FType": 460, "FCode": 46003, "MainPath": 0, "InNetwork": 1, "Visibility": 0, "Shape_Leng": 0.00881012, "Enabled": 1, "GlobalID": "215dd2a0-a50a-4407-9697-07a973a69a71", "Width": null, "Shape__Length": 859.27987245335203 }, "geometry": { "type": "LineString", "coordinates": [ [ -122.209575355772017, 44.242004420856603 ], [ -122.209917148878006, 44.240987367560187 ], [ -122.209921403227, 44.240625973630799 ], [ -122.209731921825011, 44.240311831088597 ], [ -122.209425921066014, 44.240008518365009 ], [ -122.208930045523985, 44.239343615389394 ], [ -122.208744922723014, 44.239174864606106 ], [ -122.208495962044012, 44.239038108494796 ], [ -122.20838649304001, 44.238798815275501 ], [ -122.208103358814995, 44.238488706098998 ], [ -122.207921776160006, 44.238369809808098 ], [ -122.207625234826011, 44.238312805396902 ], [ -122.207206925598996, 44.237992391190495 ], [ -122.206999658062998, 44.23774649645631 ], [ -122.206766244733018, 44.237590807400494 ], [ -122.206700351430996, 44.23737087468519 ], [ -122.206589729436985, 44.237246195674601 ], [ -122.205922029793996, 44.236949539237202 ], [ -122.205545450301983, 44.236862233016588 ], [ -122.205842632455003, 44.236331380130004 ], [ -122.206351673341999, 44.235864765579102 ] ] } },
{ "type": "Feature", "properties": { "OBJECTID_1": 654, "OBJECTID": 25521, "Permanent_": "{0605F12F-88F0-475C-8D4A-A9C7867D487B}", "FDate": 1464220800000, "Resolution": 2, "GNIS_ID": "01123461", "GNIS_Name": "Lookout Creek", "LengthKM": 0.04367342, "ReachCode": "17090004001156", "FlowDir": 1, "WBArea_Per": "108067939", "FType": 558, "FCode": 55800, "MainPath": 0, "InNetwork": 1, "Visibility": 0, "Shape_Leng": 0.0004534, "Enabled": 1, "GlobalID": "08fa6e9a-b814-47e4-9006-a1553dbb7009", "Width": 1.0, "Shape__Length": 43.621841753243579 }, "geometry": { "type": "LineString", "coordinates": [ [ -122.252853498715993, 44.215846173814391 ], [ -122.253047005549021, 44.215753962331299 ], [ -122.253151216256015, 44.215544413926089 ] ] } },
{ "type": "Feature", "properties": { "OBJECTID_1": 655, "OBJECTID": 14229, "Permanent_": "161200555", "FDate": 1464220800000, "Resolution": 2, "GNIS_ID": " ", "GNIS_Name": " ", "LengthKM": 0.36646058, "ReachCode": "17090004001627", "FlowDir": 1, "WBArea_Per": " ", "FType": 460, "FCode": 46006, "MainPath": 0, "InNetwork": 1, "Visibility": 0, "Shape_Leng": 0.00363636, "Enabled": 1, "GlobalID": "40beadd9-15aa-4d89-a685-de10cdc45609", "Width": null, "Shape__Length": 365.75763500576392 }, "geometry": { "type": "LineString", "coordinates": [ [ -122.16747712245801, 44.261787337125888 ], [ -122.16760994671499, 44.261543301869786 ], [ -122.167548852571983, 44.261394876779391 ], [ -122.167626383443007, 44.261170129126903 ], [ -122.167611067383007, 44.261017289418803 ], [ -122.167364322874988, 44.260792056454292 ], [ -122.166774082429015, 44.260406633524809 ], [ -122.166469692893017, 44.259877510628193 ], [ -122.166132890521979, 44.259681516965493 ], [ -122.166001105754006, 44.259139503431996 ], [ -122.166011078560018, 44.258968314367401 ] ] } },
{ "type": "Feature", "properties": { "OBJECTID_1": 656, "OBJECTID": 26192, "Permanent_": "{99A00F8E-2EF4-4042-A81C-936DF37F600B}", "FDate": 1464220800000, "Resolution": 2, "GNIS_ID": " ", "GNIS_Name": " ", "LengthKM": 0.35415145, "ReachCode": "17090004022917", "FlowDir": 1, "WBArea_Per": " ", "FType": 460, "FCode": 46003, "MainPath": 0, "InNetwork": 1, "Visibility": 0, "Shape_Leng": 0.00433024, "Enabled": 1, "GlobalID": "cde68f89-a560-47de-8a18-62ad4f955a79", "Width": null, "Shape__Length": 354.90125434974595 }, "geometry": { "type": "LineString", "coordinates": [ [ -122.130958412604997, 44.246843275906201 ], [ -122.132033201488994, 44.246932401864704 ], [ -122.13243405192901, 44.246914560800299 ], [ -122.133538335047021, 44.246981959672098 ], [ -122.134717977972997, 44.247488736578092 ], [ -122.134912483223019, 44.247528927600499 ], [ -122.135155574495002, 44.247483047493198 ] ] } },
{ "type": "Feature", "properties": { "OBJECTID_1": 657, "OBJECTID": 10234, "Permanent_": "{413AF891-1802-4658-991A-FFA9C4E1B9CA}", "FDate": 1464220800000, "Resolution": 2, "GNIS_ID": " ", "GNIS_Name": " ", "LengthKM": 0.0864751, "ReachCode": "17090004023099", "FlowDir": 1, "WBArea_Per": " ", "FType": 460, "FCode": 46003, "MainPath": 0, "InNetwork": 1, "Visibility": 0, "Shape_Leng": 0.00087387, "Enabled": 1, "GlobalID": "1f51f390-fb51-422e-95e6-53ef71d4b0ca", "Width": null, "Shape__Length": 86.333202330331446 }, "geometry": { "type": "LineString", "coordinates": [ [ -122.187990815276009, 44.255284377060796 ], [ -122.188205093608005, 44.255008784352086 ], [ -122.188306407897002, 44.254781467968691 ], [ -122.188425414237003, 44.254675887224401 ], [ -122.188533544895989, 44.254651809625187 ] ] } },
{ "type": "Feature", "properties": { "OBJECTID_1": 658, "OBJECTID": 30163, "Permanent_": "{AA775654-CFEA-4F01-A711-825E8D285D78}", "FDate": 1464220800000, "Resolution": 2, "GNIS_ID": " ", "GNIS_Name": " ", "LengthKM": 0.17877008, "ReachCode": "17090004022946", "FlowDir": 1, "WBArea_Per": " ", "FType": 460, "FCode": 46003, "MainPath": 0, "InNetwork": 1, "Visibility": 0, "Shape_Leng": 0.00175984, "Enabled": 1, "GlobalID": "f40111ef-addd-48ba-9441-581631c28cc9", "Width": null, "Shape__Length": 178.39028732622106 }, "geometry": { "type": "LineString", "coordinates": [ [ -122.129472305711005, 44.221685883428805 ], [ -122.129568772777006, 44.221946615424393 ], [ -122.129815813789008, 44.222302569973301 ], [ -122.13034085362402, 44.222861067524796 ], [ -122.130470388286994, 44.223101842037309 ] ] } },
{ "type": "Feature", "properties": { "OBJECTID_1": 659, "OBJECTID": 29922, "Permanent_": "{6F56D210-318C-4D38-8C3A-40B18A6A23C6}", "FDate": 1464220800000, "Resolution": 2, "GNIS_ID": " ", "GNIS_Name": " ", "LengthKM": 0.60674759, "ReachCode": "17090004024517", "FlowDir": 1, "WBArea_Per": " ", "FType": 460, "FCode": 46006, "MainPath": 0, "InNetwork": 1, "Visibility": 0, "Shape_Leng": 0.00625418, "Enabled": 1, "GlobalID": "7e0b7f84-a0bd-45a6-9706-19addcbcc53b", "Width": null, "Shape__Length": 605.98375521908679 }, "geometry": { "type": "LineString", "coordinates": [ [ -122.184549966532003, 44.256278184726391 ], [ -122.184682507408013, 44.256015626897991 ], [ -122.184681642357006, 44.255879969514503 ], [ -122.184583258676994, 44.255674361631186 ], [ -122.184672101717993, 44.255387197925394 ], [ -122.184428582411982, 44.254743254371689 ], [ -122.183803559882008, 44.254356353531392 ], [ -122.183345687436002, 44.254159883792397 ], [ -122.183206475343979, 44.2538676647996 ], [ -122.182715957086003, 44.253721333132894 ], [ -122.182563796869999, 44.253428035755796 ], [ -122.182030671731994, 44.253014524998903 ], [ -122.181970713158009, 44.252535051382893 ], [ -122.181871897034, 44.252365681676196 ], [ -122.181474117682015, 44.252136854527691 ], [ -122.181151397772993, 44.252093552289807 ] ] } },
{ "type": "Feature", "properties": { "OBJECTID_1": 660, "OBJECTID": 9941, "Permanent_": "{55E8E8A2-FB35-4D90-86D2-BAD295719D2D}", "FDate": 1464220800000, "Resolution": 2, "GNIS_ID": " ", "GNIS_Name": " ", "LengthKM": 0.03066776, "ReachCode": "17090004022891", "FlowDir": 1, "WBArea_Per": " ", "FType": 460, "FCode": 46003, "MainPath": 0, "InNetwork": 1, "Visibility": 0, "Shape_Leng": 0.00038197, "Enabled": 1, "GlobalID": "e565f15b-b1c6-4c65-a3ef-5c74bbf9a05d", "Width": null, "Shape__Length": 30.7482232951042 }, "geometry": { "type": "LineString", "coordinates": [ [ -122.211852164750013, 44.213615156118102 ], [ -122.212230965044995, 44.213612167288197 ] ] } },
{ "type": "Feature", "properties": { "OBJECTID_1": 661, "OBJECTID": 14234, "Permanent_": "{46FAA56F-C9F4-455D-9BA8-A6EA2C84D64A}", "FDate": 1464220800000, "Resolution": 2, "GNIS_ID": " ", "GNIS_Name": " ", "LengthKM": 0.12446969, "ReachCode": "17090004023156", "FlowDir": 1, "WBArea_Per": " ", "FType": 460, "FCode": 46003, "MainPath": 0, "InNetwork": 1, "Visibility": 0, "Shape_Leng": 0.00123362, "Enabled": 1, "GlobalID": "f9ad70d0-1b0a-481d-a8e7-1c706244bc4b", "Width": null, "Shape__Length": 124.22465678360291 }, "geometry": { "type": "LineString", "coordinates": [ [ -122.157120862526, 44.274159371737291 ], [ -122.157346164568011, 44.273763166734085 ], [ -122.157854187271994, 44.273182840404502 ] ] } },
{ "type": "Feature", "properties": { "OBJECTID_1": 662, "OBJECTID": 21901, "Permanent_": "{20B93338-0016-463C-8DB7-C9FEC77DFB14}", "FDate": 1464220800000, "Resolution": 2, "GNIS_ID": " ", "GNIS_Name": " ", "LengthKM": 0.8690749, "ReachCode": "17090004022881", "FlowDir": 1, "WBArea_Per": " ", "FType": 460, "FCode": 46003, "MainPath": 0, "InNetwork": 1, "Visibility": 0, "Shape_Leng": 0.00824326, "Enabled": 1, "GlobalID": "b8365134-30e1-4b9b-91f7-ae1ab54b902c", "Width": null, "Shape__Length": 866.75451656341079 }, "geometry": { "type": "LineString", "coordinates": [ [ -122.171392519901019, 44.2402457961579 ], [ -122.171252153007018, 44.240016895793801 ], [ -122.170765773507014, 44.239596437626496 ], [ -122.170356679712, 44.23843718025779 ], [ -122.17040369819, 44.237890377735091 ], [ -122.170175506787999, 44.237105545296096 ], [ -122.169936936518994, 44.236747806504795 ], [ -122.169705678331994, 44.236188120273397 ], [ -122.169370881130021, 44.2356983938026 ], [ -122.16930558233598, 44.235372284540098 ], [ -122.168884114223005, 44.234881791209297 ], [ -122.168627540138999, 44.233790470062495 ], [ -122.16848640868902, 44.233531432471388 ], [ -122.168256969007004, 44.2333054242714 ], [ -122.168199815998008, 44.232984439610888 ] ] } },
{ "type": "Feature", "properties": { "OBJECTID_1": 663, "OBJECTID": 10231, "Permanent_": "{CB4DAB3A-9C5F-4302-BE47-282CC38F1E6C}", "FDate": 1464220800000, "Resolution": 2, "GNIS_ID": " ", "GNIS_Name": " ", "LengthKM": 0.1062178, "ReachCode": "17090004023096", "FlowDir": 1, "WBArea_Per": " ", "FType": 460, "FCode": 46003, "MainPath": 0, "InNetwork": 1, "Visibility": 0, "Shape_Leng": 0.00096849, "Enabled": 1, "GlobalID": "83135d87-6016-416a-a295-bbdcff1faaaa", "Width": null, "Shape__Length": 105.87667518675184 }, "geometry": { "type": "LineString", "coordinates": [ [ -122.188533544895989, 44.254651809625187 ], [ -122.188570117263012, 44.2544065994813 ], [ -122.188395107115994, 44.253715574107993 ] ] } },
{ "type": "Feature", "properties": { "OBJECTID_1": 664, "OBJECTID": 22049, "Permanent_": "{A2850CAB-A586-4F6A-9FF5-774579E88393}", "FDate": 1464220800000, "Resolution": 2, "GNIS_ID": " ", "GNIS_Name": " ", "LengthKM": 0.23965434, "ReachCode": "17090004022842", "FlowDir": 1, "WBArea_Per": " ", "FType": 460, "FCode": 46003, "MainPath": 0, "InNetwork": 1, "Visibility": 0, "Shape_Leng": 0.00225616, "Enabled": 1, "GlobalID": "048dcc52-fd3e-434e-af11-9d15e7214294", "Width": null, "Shape__Length": 238.98396508006499 }, "geometry": { "type": "LineString", "coordinates": [ [ -122.16144661522101, 44.220618714062098 ], [ -122.161767113742997, 44.221215458607105 ], [ -122.161762174206999, 44.221805227443191 ], [ -122.161891080608996, 44.222293111259901 ], [ -122.161983099248999, 44.222496323496202 ], [ -122.162173666515002, 44.222637914529791 ] ] } },
{ "type": "Feature", "properties": { "OBJECTID_1": 665, "OBJECTID": 13803, "Permanent_": "{595CC9F5-369B-48D4-9693-C19F8F3B8EAC}", "FDate": 1464220800000, "Resolution": 2, "GNIS_ID": " ", "GNIS_Name": " ", "LengthKM": 0.10430196, "ReachCode": "17090004022710", "FlowDir": 1, "WBArea_Per": " ", "FType": 460, "FCode": 46003, "MainPath": 0, "InNetwork": 1, "Visibility": 0, "Shape_Leng": 0.00105312, "Enabled": 1, "GlobalID": "bcc9124b-48b0-46cf-980f-30d5483274c1", "Width": null, "Shape__Length": 104.13058042381265 }, "geometry": { "type": "LineString", "coordinates": [ [ -122.230963654372985, 44.231031605836307 ], [ -122.230615612593979, 44.230792200071306 ], [ -122.230587514409009, 44.23064112209061 ], [ -122.23065149704702, 44.230365415566609 ], [ -122.230508085470007, 44.230266957475195 ] ] } },
{ "type": "Feature", "properties": { "OBJECTID_1": 666, "OBJECTID": 6518, "Permanent_": "{D99EFD63-2C67-4DE9-9BBB-FEB4505C071F}", "FDate": 1464220800000, "Resolution": 2, "GNIS_ID": " ", "GNIS_Name": " ", "LengthKM": 0.59640358, "ReachCode": "17090004023160", "FlowDir": 1, "WBArea_Per": " ", "FType": 460, "FCode": 46003, "MainPath": 0, "InNetwork": 1, "Visibility": 0, "Shape_Leng": 0.00547995, "Enabled": 1, "GlobalID": "64293582-8366-4b91-b5de-b7713e970ea1", "Width": null, "Shape__Length": 594.58032015858998 }, "geometry": { "type": "LineString", "coordinates": [ [ -122.141848626957014, 44.276867870885503 ], [ -122.141803917550988, 44.276042456261202 ], [ -122.141853014858995, 44.2755835148971 ], [ -122.142070113507998, 44.2753002019655 ], [ -122.142061070260993, 44.275073514728099 ], [ -122.142196217610007, 44.27465631474179 ], [ -122.142380533793997, 44.274367282025203 ], [ -122.142308911187015, 44.274060747711196 ], [ -122.142319074567993, 44.273733230957198 ], [ -122.142485333791015, 44.273297335222594 ], [ -122.142341808354999, 44.272500442840297 ], [ -122.142203812183993, 44.272229702181505 ], [ -122.142211652225996, 44.271663171942691 ] ] } },
{ "type": "Feature", "properties": { "OBJECTID_1": 667, "OBJECTID": 22142, "Permanent_": "{A5237406-73A5-4DAC-83F9-FAA247D7B227}", "FDate": 1464220800000, "Resolution": 2, "GNIS_ID": " ", "GNIS_Name": " ", "LengthKM": 0.23380917, "ReachCode": "17090004022947", "FlowDir": 1, "WBArea_Per": " ", "FType": 460, "FCode": 46003, "MainPath": 0, "InNetwork": 1, "Visibility": 0, "Shape_Leng": 0.00219409, "Enabled": 1, "GlobalID": "6e81f9fb-0e98-4106-b280-c52b2b6fe7a1", "Width": null, "Shape__Length": 233.14314172103263 }, "geometry": { "type": "LineString", "coordinates": [ [ -122.131069440055001, 44.221682478325995 ], [ -122.131152841599999, 44.222793526223107 ], [ -122.130831230971012, 44.223238824886508 ], [ -122.130733923842016, 44.223483783374895 ], [ -122.130567275830998, 44.223666956742697 ] ] } },
{ "type": "Feature", "properties": { "OBJECTID_1": 668, "OBJECTID": 21488, "Permanent_": "{8298B8D2-8A8E-4C62-8CA1-055733585D4F}", "FDate": 1464220800000, "Resolution": 2, "GNIS_ID": " ", "GNIS_Name": " ", "LengthKM": 0.49494364, "ReachCode": "17090004022713", "FlowDir": 1, "WBArea_Per": " ", "FType": 460, "FCode": 46003, "MainPath": 0, "InNetwork": 1, "Visibility": 0, "Shape_Leng": 0.00594047, "Enabled": 1, "GlobalID": "047aacf9-1a4c-4ef0-bfe3-de43d1b07902", "Width": null, "Shape__Length": 495.78768663769534 }, "geometry": { "type": "LineString", "coordinates": [ [ -122.236583247591994, 44.231837156992299 ], [ -122.236363929267014, 44.231900466699301 ], [ -122.236100648637006, 44.231876027488184 ], [ -122.23518685816002, 44.231484453364786 ], [ -122.23502776690701, 44.23134306903308 ], [ -122.234179240276006, 44.230997919004693 ], [ -122.233789452954014, 44.230911377131306 ], [ -122.233312258818017, 44.230924125240499 ], [ -122.232996812813013, 44.230815538482702 ], [ -122.232550914130996, 44.23077539402771 ], [ -122.232158474781997, 44.230810393425706 ], [ -122.231679221169003, 44.230762713521202 ], [ -122.231560441894018, 44.230782978246204 ], [ -122.231165832393984, 44.2309915452255 ], [ -122.230963654372985, 44.231031605836307 ] ] } },
{ "type": "Feature", "properties": { "OBJECTID_1": 669, "OBJECTID": 10085, "Permanent_": "{7384778F-6D76-4168-980B-9E1CE136BFC8}", "FDate": 1476576000000, "Resolution": 2, "GNIS_ID": "01124021", "GNIS_Name": "McRae Creek", "LengthKM": 0.01063496, "ReachCode": "17090004000325", "FlowDir": 1, "WBArea_Per": " ", "FType": 460, "FCode": 46006, "MainPath": 0, "InNetwork": 1, "Visibility": 0, "Shape_Leng": 0.0001124, "Enabled": 1, "GlobalID": "87416b65-5940-4162-aa01-9d18408edbac", "Width": 1.0, "Shape__Length": 10.62506377286098 }, "geometry": { "type": "LineString", "coordinates": [ [ -122.199154542726006, 44.239038239041101 ], [ -122.19923945832501, 44.238964598320891 ] ] } },
{ "type": "Feature", "properties": { "OBJECTID_1": 670, "OBJECTID": 6416, "Permanent_": "{164F98D4-09C0-4ACB-94A5-BEF37BD5A1F8}", "FDate": 1464220800000, "Resolution": 2, "GNIS_ID": " ", "GNIS_Name": " ", "LengthKM": 0.09854952, "ReachCode": "17090004022991", "FlowDir": 1, "WBArea_Per": " ", "FType": 460, "FCode": 46006, "MainPath": 0, "InNetwork": 1, "Visibility": 0, "Shape_Leng": 0.00115003, "Enabled": 1, "GlobalID": "2b4d277e-76c6-4bc7-a369-23d6def475c4", "Width": null, "Shape__Length": 98.651509273756005 }, "geometry": { "type": "LineString", "coordinates": [ [ -122.167607113509021, 44.254236775425888 ], [ -122.167931989896019, 44.254138821957604 ], [ -122.168655911814, 44.2537936371779 ] ] } },
{ "type": "Feature", "properties": { "OBJECTID_1": 671, "OBJECTID": 25686, "Permanent_": "161200623", "FDate": 1464220800000, "Resolution": 2, "GNIS_ID": " ", "GNIS_Name": " ", "LengthKM": 0.30967548, "ReachCode": "17090004014609", "FlowDir": 1, "WBArea_Per": " ", "FType": 460, "FCode": 46003, "MainPath": 0, "InNetwork": 1, "Visibility": 0, "Shape_Leng": 0.00295696, "Enabled": 1, "GlobalID": "3ed27b0f-e8bb-425e-9a7f-eb5711909f32", "Width": null, "Shape__Length": 308.87379642124256 }, "geometry": { "type": "LineString", "coordinates": [ [ -122.222362990620994, 44.225692125444901 ], [ -122.222461706225999, 44.225946933249389 ], [ -122.222716374878019, 44.226150973038003 ], [ -122.222810948021007, 44.226394204921391 ], [ -122.222695736161995, 44.226801810087416 ], [ -122.222168186021989, 44.227946021380802 ], [ -122.222223123395992, 44.228124226994701 ], [ -122.22236130524, 44.228251749914399 ] ] } },
{ "type": "Feature", "properties": { "OBJECTID_1": 672, "OBJECTID": 29670, "Permanent_": "108055819", "FDate": 1464220800000, "Resolution": 2, "GNIS_ID": " ", "GNIS_Name": " ", "LengthKM": 0.19473794, "ReachCode": "17090004003738", "FlowDir": 1, "WBArea_Per": " ", "FType": 460, "FCode": 46003, "MainPath": 0, "InNetwork": 1, "Visibility": 0, "Shape_Leng": 0.00193292, "Enabled": 1, "GlobalID": "3740ecaa-c61d-4bfe-a44a-8a7203b68365", "Width": null, "Shape__Length": 194.35879466025341 }, "geometry": { "type": "LineString", "coordinates": [ [ -122.214771439735003, 44.237387090980604 ], [ -122.214939642922985, 44.237333605428603 ], [ -122.215338826971006, 44.2369974413755 ], [ -122.215588212957002, 44.236561599344292 ], [ -122.215611470621013, 44.236197708298583 ], [ -122.215788610109996, 44.235894326720604 ] ] } },
{ "type": "Feature", "properties": { "OBJECTID_1": 673, "OBJECTID": 2400, "Permanent_": "{40434AAE-2B74-40DF-BE23-66A111F290F1}", "FDate": 1464220800000, "Resolution": 2, "GNIS_ID": " ", "GNIS_Name": " ", "LengthKM": 0.18688006, "ReachCode": "17090004022832", "FlowDir": 1, "WBArea_Per": " ", "FType": 460, "FCode": 46003, "MainPath": 0, "InNetwork": 1, "Visibility": 0, "Shape_Leng": 0.00228069, "Enabled": 1, "GlobalID": "07be2d9c-6bf4-4015-92dc-11c71fd92267", "Width": null, "Shape__Length": 187.27863998293734 }, "geometry": { "type": "LineString", "coordinates": [ [ -122.171417581153989, 44.215099688769406 ], [ -122.170889417151002, 44.215183209453393 ], [ -122.170572793900021, 44.215318969580906 ], [ -122.169987165887008, 44.215346960595504 ], [ -122.169742059521994, 44.215429390250591 ], [ -122.169379797687, 44.215466354281098 ], [ -122.169210986503018, 44.215547328042902 ] ] } },
{ "type": "Feature", "properties": { "OBJECTID_1": 674, "OBJECTID": 21471, "Permanent_": "{92030B83-1ADB-4FFA-9F11-1443CDA75317}", "FDate": 1464220800000, "Resolution": 2, "GNIS_ID": " ", "GNIS_Name": " ", "LengthKM": 0.07964027, "ReachCode": "17090004003768", "FlowDir": 1, "WBArea_Per": " ", "FType": 460, "FCode": 46006, "MainPath": 0, "InNetwork": 1, "Visibility": 0, "Shape_Leng": 0.00095692, "Enabled": 1, "GlobalID": "feb57bcf-73c1-4c35-a723-e32b2a5cc98f", "Width": null, "Shape__Length": 79.780210353298003 }, "geometry": { "type": "LineString", "coordinates": [ [ -122.250440046264998, 44.205121981790107 ], [ -122.251349686021996, 44.205408345934906 ] ] } },
{ "type": "Feature", "properties": { "OBJECTID_1": 675, "OBJECTID": 22062, "Permanent_": "{9185C481-4802-4D89-AC61-8718BAF8095D}", "FDate": 1464220800000, "Resolution": 2, "GNIS_ID": " ", "GNIS_Name": " ", "LengthKM": 0.65564836, "ReachCode": "17090004024530", "FlowDir": 1, "WBArea_Per": " ", "FType": 460, "FCode": 46006, "MainPath": 0, "InNetwork": 1, "Visibility": 0, "Shape_Leng": 0.00696864, "Enabled": 1, "GlobalID": "a243ce20-5782-4d0d-988e-2e52b2a1ca4c", "Width": null, "Shape__Length": 655.21304404736929 }, "geometry": { "type": "LineString", "coordinates": [ [ -122.154970371241987, 44.271762776937202 ], [ -122.154909519965003, 44.271244715053903 ], [ -122.154946195720015, 44.270196465352385 ], [ -122.155259037087021, 44.26971934679549 ], [ -122.155394354932, 44.269368913104209 ], [ -122.155532884519005, 44.269204367504798 ], [ -122.156298269705999, 44.268757859233403 ], [ -122.156734408418998, 44.268746112260899 ], [ -122.157027015332019, 44.268648885481795 ], [ -122.157423464529018, 44.268600227525503 ], [ -122.158097031469012, 44.268314654539914 ], [ -122.158830682551979, 44.268244668864099 ], [ -122.158769526265019, 44.268435389447703 ], [ -122.158804366892014, 44.268519983988099 ], [ -122.159187573627008, 44.268573290063891 ] ] } },
{ "type": "Feature", "properties": { "OBJECTID_1": 676, "OBJECTID": 2403, "Permanent_": "{28F197B6-447A-4971-B02E-1CB0DCD5AB18}", "FDate": 1476576000000, "Resolution": 2, "GNIS_ID": "01124021", "GNIS_Name": "McRae Creek", "LengthKM": 0.30326506, "ReachCode": "17090004000325", "FlowDir": 1, "WBArea_Per": " ", "FType": 460, "FCode": 46006, "MainPath": 0, "InNetwork": 1, "Visibility": 0, "Shape_Leng": 0.00341515, "Enabled": 1, "GlobalID": "396f2f5b-c346-41bd-9469-4c2216c87587", "Width": 1.0, "Shape__Length": 303.37822120276223 }, "geometry": { "type": "LineString", "coordinates": [ [ -122.186882465323009, 44.246877964059003 ], [ -122.187317399628, 44.247026823853503 ], [ -122.187544979677014, 44.246994246307693 ], [ -122.187929072190002, 44.246762187650098 ], [ -122.188468438391993, 44.246178017901592 ], [ -122.188987989129018, 44.246034442423593 ], [ -122.189453236459002, 44.246009081545296 ], [ -122.189599429422998, 44.245959380969502 ], [ -122.189647757865984, 44.245871021726202 ], [ -122.189570861929013, 44.245691382097192 ] ] } },
{ "type": "Feature", "properties": { "OBJECTID_1": 677, "OBJECTID": 13666, "Permanent_": "{8F265B43-3BFB-44F6-A0F1-350BCBD524DE}", "FDate": 1464220800000, "Resolution": 2, "GNIS_ID": " ", "GNIS_Name": " ", "LengthKM": 0.00264942, "ReachCode": "17090004022679", "FlowDir": 1, "WBArea_Per": "108067939", "FType": 558, "FCode": 55800, "MainPath": 0, "InNetwork": 1, "Visibility": 0, "Shape_Leng": 2.859e-05, "Enabled": 1, "GlobalID": "c0eb07ef-62a0-4fa9-9d75-6268c81deb9e", "Width": null, "Shape__Length": 2.6480030043540199 }, "geometry": { "type": "LineString", "coordinates": [ [ -122.253173865058997, 44.215561681485703 ], [ -122.253151216256015, 44.215544413926089 ] ] } },
{ "type": "Feature", "properties": { "OBJECTID_1": 678, "OBJECTID": 2111, "Permanent_": "{A3C4C6CE-244C-4B49-9801-AF708943C6B9}", "FDate": 1464220800000, "Resolution": 2, "GNIS_ID": " ", "GNIS_Name": " ", "LengthKM": 0.00298391, "ReachCode": "17090004000616", "FlowDir": 1, "WBArea_Per": "108067939", "FType": 558, "FCode": 55800, "MainPath": 0, "InNetwork": 1, "Visibility": 0, "Shape_Leng": 3.602e-05, "Enabled": 1, "GlobalID": "2f7318e3-d444-4034-882e-4c15503ffcb6", "Width": null, "Shape__Length": 2.9894075905860502 }, "geometry": { "type": "LineString", "coordinates": [ [ -122.227883866352002, 44.22840968641659 ], [ -122.227918311818996, 44.228420198106605 ] ] } },
{ "type": "Feature", "properties": { "OBJECTID_1": 679, "OBJECTID": 6407, "Permanent_": "{395AD26A-F43C-4050-BA15-4EAFFA82F268}", "FDate": 1464220800000, "Resolution": 2, "GNIS_ID": " ", "GNIS_Name": " ", "LengthKM": 0.12612788, "ReachCode": "17090004022862", "FlowDir": 1, "WBArea_Per": " ", "FType": 460, "FCode": 46003, "MainPath": 0, "InNetwork": 1, "Visibility": 0, "Shape_Leng": 0.00129136, "Enabled": 1, "GlobalID": "6c1efd5d-9e52-4322-979c-2ee0f46322c6", "Width": null, "Shape__Length": 125.94589194679642 }, "geometry": { "type": "LineString", "coordinates": [ [ -122.167357102298993, 44.23390041600409 ], [ -122.167522990337005, 44.233585722037887 ], [ -122.167799766618003, 44.233427734553096 ], [ -122.168199815998008, 44.232984439610888 ] ] } },
{ "type": "Feature", "properties": { "OBJECTID_1": 680, "OBJECTID": 2572, "Permanent_": "{DF92EB78-3156-4243-9372-E66B49769FA1}", "FDate": 1464220800000, "Resolution": 2, "GNIS_ID": " ", "GNIS_Name": " ", "LengthKM": 0.94571117, "ReachCode": "17090004023126", "FlowDir": 1, "WBArea_Per": " ", "FType": 460, "FCode": 46003, "MainPath": 0, "InNetwork": 1, "Visibility": 0, "Shape_Leng": 0.01118262, "Enabled": 1, "GlobalID": "75478479-6a41-462a-8c17-4b1672a16bbc", "Width": null, "Shape__Length": 946.96264160976125 }, "geometry": { "type": "LineString", "coordinates": [ [ -122.140162194471998, 44.264030837401101 ], [ -122.140578750861991, 44.264183312424393 ], [ -122.140915378711, 44.264366644222498 ], [ -122.141585121353017, 44.264546583689899 ], [ -122.142708929481998, 44.265291114156597 ], [ -122.143168258114017, 44.26547224145839 ], [ -122.143690124372, 44.265796741358791 ], [ -122.144245617983984, 44.266069416182994 ], [ -122.145385517894994, 44.26617833994051 ], [ -122.145892030126006, 44.2662761969423 ], [ -122.146697068103009, 44.266584033219893 ], [ -122.147325738069, 44.2669473512995 ], [ -122.147754912777017, 44.267003406680715 ], [ -122.147990166284998, 44.267107132148894 ], [ -122.148618103360988, 44.267243283209595 ], [ -122.150182623719004, 44.266990501186896 ], [ -122.150527324573019, 44.266822231197089 ] ] } },
{ "type": "Feature", "properties": { "OBJECTID_1": 681, "OBJECTID": 22141, "Permanent_": "{2EAFE99C-BEAC-4721-9699-27B78315884C}", "FDate": 1464220800000, "Resolution": 2, "GNIS_ID": " ", "GNIS_Name": " ", "LengthKM": 0.63253498, "ReachCode": "17090004022954", "FlowDir": 1, "WBArea_Per": " ", "FType": 460, "FCode": 46003, "MainPath": 0, "InNetwork": 1, "Visibility": 0, "Shape_Leng": 0.00577614, "Enabled": 1, "GlobalID": "3d2f0120-399e-409f-8f99-46704556aa36", "Width": null, "Shape__Length": 630.48607803515915 }, "geometry": { "type": "LineString", "coordinates": [ [ -122.135350147918004, 44.222936889996696 ], [ -122.135413531060991, 44.223107677422604 ], [ -122.13529647639001, 44.223592646961805 ], [ -122.135187400556021, 44.223808038510505 ], [ -122.135201596047011, 44.224142807496499 ], [ -122.135079530978985, 44.2250960480469 ], [ -122.135222501721984, 44.225532036330598 ], [ -122.135077037027997, 44.225995337714501 ], [ -122.135095119006991, 44.226472266512907 ], [ -122.13496218527402, 44.226772715949906 ], [ -122.134971394057999, 44.227102622257291 ], [ -122.134838121453996, 44.227410505528297 ], [ -122.134703973570012, 44.228500083293 ] ] } },
{ "type": "Feature", "properties": { "OBJECTID_1": 682, "OBJECTID": 10602, "Permanent_": "161200436", "FDate": 1464220800000, "Resolution": 2, "GNIS_ID": "01123461", "GNIS_Name": "Lookout Creek", "LengthKM": 0.24845984, "ReachCode": "17090004000324", "FlowDir": 1, "WBArea_Per": " ", "FType": 460, "FCode": 46006, "MainPath": 0, "InNetwork": 1, "Visibility": 0, "Shape_Leng": 0.00231044, "Enabled": 1, "GlobalID": "f8eeabf1-60e1-49ca-8508-633db3f4e933", "Width": 1.0, "Shape__Length": 247.71358165119432 }, "geometry": { "type": "LineString", "coordinates": [ [ -122.113820986693995, 44.210786350996294 ], [ -122.114209650222989, 44.211453973179502 ], [ -122.114397820299018, 44.2120748646837 ], [ -122.114410229339995, 44.212414530636508 ], [ -122.114531293626996, 44.212731333602896 ], [ -122.114538012837016, 44.212922982457798 ] ] } },
{ "type": "Feature", "properties": { "OBJECTID_1": 683, "OBJECTID": 14235, "Permanent_": "{9674633D-2D8F-483A-A024-B0446A121C00}", "FDate": 1464220800000, "Resolution": 2, "GNIS_ID": " ", "GNIS_Name": " ", "LengthKM": 0.65898734, "ReachCode": "17090004022999", "FlowDir": 1, "WBArea_Per": " ", "FType": 460, "FCode": 46006, "MainPath": 0, "InNetwork": 1, "Visibility": 0, "Shape_Leng": 0.00747874, "Enabled": 1, "GlobalID": "0bcb8a7d-7b73-4ef1-9729-12a92c0c4167", "Width": null, "Shape__Length": 659.31443447643551 }, "geometry": { "type": "LineString", "coordinates": [ [ -122.151520140330007, 44.259818863755498 ], [ -122.152242159197996, 44.259816353294397 ], [ -122.153166182457014, 44.260360402709289 ], [ -122.153504902310004, 44.260504978223992 ], [ -122.15379543278199, 44.260560671251007 ], [ -122.154219876981003, 44.260769285595103 ], [ -122.154660449269016, 44.261025862731117 ], [ -122.154784568485013, 44.261184435782191 ], [ -122.154828663876003, 44.261502924245598 ], [ -122.155173145678006, 44.261869972653408 ], [ -122.155892360576004, 44.262188083395394 ], [ -122.156499056250993, 44.262612997634001 ], [ -122.157594468485996, 44.262859989555189 ], [ -122.157786258176017, 44.262935835786209 ], [ -122.157870426283012, 44.263025390447496 ] ] } },
{ "type": "Feature", "properties": { "OBJECTID_1": 684, "OBJECTID": 10357, "Permanent_": "{8340D863-DD10-4832-93D4-704A67E5BB98}", "FDate": 1464220800000, "Resolution": 2, "GNIS_ID": " ", "GNIS_Name": " ", "LengthKM": 0.07247307, "ReachCode": "17090004022812", "FlowDir": 1, "WBArea_Per": " ", "FType": 460, "FCode": 46003, "MainPath": 0, "InNetwork": 1, "Visibility": 0, "Shape_Leng": 0.00086298, "Enabled": 1, "GlobalID": "60f13051-b5e6-433a-ab0d-3dc1a7b7f615", "Width": null, "Shape__Length": 72.585805287255852 }, "geometry": { "type": "LineString", "coordinates": [ [ -122.16576076231398, 44.2087226668394 ], [ -122.164950753809009, 44.208999243908394 ] ] } },
{ "type": "Feature", "properties": { "OBJECTID_1": 685, "OBJECTID": 2554, "Permanent_": "161200105", "FDate": 1464220800000, "Resolution": 2, "GNIS_ID": " ", "GNIS_Name": " ", "LengthKM": 0.71658665, "ReachCode": "17090004014634", "FlowDir": 1, "WBArea_Per": " ", "FType": 460, "FCode": 46003, "MainPath": 0, "InNetwork": 1, "Visibility": 0, "Shape_Leng": 0.00690222, "Enabled": 1, "GlobalID": "4601d9ab-fdca-4767-ae27-e3260c545774", "Width": null, "Shape__Length": 714.84364526932541 }, "geometry": { "type": "LineString", "coordinates": [ [ -122.155999390782995, 44.238456041794301 ], [ -122.156151816242016, 44.238334990378704 ], [ -122.156462139979993, 44.237681488085698 ], [ -122.156716312593005, 44.23737672886601 ], [ -122.157154396059013, 44.237070911583501 ], [ -122.157277280412998, 44.236789229583195 ], [ -122.157159315300007, 44.236289539306398 ], [ -122.156749326711008, 44.235530069493095 ], [ -122.156803376796006, 44.234988109410104 ], [ -122.15677071699298, 44.234680526417996 ], [ -122.156674318317997, 44.234467361143409 ], [ -122.156273196041994, 44.23399237938029 ], [ -122.156440758112993, 44.233706393321697 ], [ -122.156774544263001, 44.2334167418826 ], [ -122.156845086443994, 44.233281292176599 ], [ -122.156865606544002, 44.233046763977192 ], [ -122.156794428495019, 44.232614330384997 ] ] } },
{ "type": "Feature", "properties": { "OBJECTID_1": 686, "OBJECTID": 13671, "Permanent_": "{E9FC33F3-45D0-4F85-9EB5-023D21C588EC}", "FDate": 1464220800000, "Resolution": 2, "GNIS_ID": " ", "GNIS_Name": " ", "LengthKM": 0.00779358, "ReachCode": "17090004022250", "FlowDir": 1, "WBArea_Per": "108067939", "FType": 558, "FCode": 55800, "MainPath": 0, "InNetwork": 1, "Visibility": 0, "Shape_Leng": 7.738e-05, "Enabled": 1, "GlobalID": "0cc9a647-e22a-4548-9d6a-91cf9e2feb5a", "Width": null, "Shape__Length": 7.7778988299013854 }, "geometry": { "type": "LineString", "coordinates": [ [ -122.244623394411008, 44.221247861423983 ], [ -122.244576835183011, 44.221186822867409 ] ] } },
{ "type": "Feature", "properties": { "OBJECTID_1": 687, "OBJECTID": 26075, "Permanent_": "161200511", "FDate": 1464220800000, "Resolution": 2, "GNIS_ID": "01123660", "GNIS_Name": "Mack Creek", "LengthKM": 0.43121318, "ReachCode": "17090004000629", "FlowDir": 1, "WBArea_Per": " ", "FType": 460, "FCode": 46006, "MainPath": 0, "InNetwork": 1, "Visibility": 0, "Shape_Leng": 0.00510149, "Enabled": 1, "GlobalID": "337f43f2-40cf-4a13-825d-6ff7e6437842", "Width": 1.0, "Shape__Length": 431.82532593226409 }, "geometry": { "type": "LineString", "coordinates": [ [ -122.152655635985013, 44.210898513965596 ], [ -122.153894935761002, 44.211394183437804 ], [ -122.154237018047994, 44.211481588491608 ], [ -122.154764983853994, 44.211509351063697 ], [ -122.155494074808004, 44.211331417863903 ], [ -122.155855906686, 44.211351246904897 ], [ -122.156253759042002, 44.2116049536275 ], [ -122.156506009224003, 44.211686615045792 ], [ -122.156936067586003, 44.212021406343602 ], [ -122.157387218983004, 44.212135512527091 ] ] } },
{ "type": "Feature", "properties": { "OBJECTID_1": 688, "OBJECTID": 29919, "Permanent_": "{A5419701-F4C1-492F-95CF-13993F5F6D35}", "FDate": 1464220800000, "Resolution": 2, "GNIS_ID": "01124021", "GNIS_Name": "McRae Creek", "LengthKM": 0.14876979, "ReachCode": "17090004000326", "FlowDir": 1, "WBArea_Per": " ", "FType": 460, "FCode": 46006, "MainPath": 0, "InNetwork": 1, "Visibility": 0, "Shape_Leng": 0.0014896, "Enabled": 1, "GlobalID": "58a8b066-58a5-4d67-9c1e-397d06851075", "Width": 1.0, "Shape__Length": 148.50466159060986 }, "geometry": { "type": "LineString", "coordinates": [ [ -122.183395832852, 44.248802058673895 ], [ -122.183727868717, 44.248639995826309 ], [ -122.183896495780004, 44.2484456373572 ], [ -122.183884539971999, 44.248342959006003 ], [ -122.183706574799999, 44.248121354700309 ], [ -122.183645189450999, 44.247949916678508 ], [ -122.18370432845802, 44.247680469809502 ] ] } },
{ "type": "Feature", "properties": { "OBJECTID_1": 689, "OBJECTID": 13808, "Permanent_": "108055923", "FDate": 1464220800000, "Resolution": 2, "GNIS_ID": " ", "GNIS_Name": " ", "LengthKM": 0.53018457, "ReachCode": "17090004003755", "FlowDir": 1, "WBArea_Per": " ", "FType": 460, "FCode": 46006, "MainPath": 0, "InNetwork": 1, "Visibility": 0, "Shape_Leng": 0.00554405, "Enabled": 1, "GlobalID": "2afc2ded-d7c2-4fcf-88c7-d4d50a85004a", "Width": null, "Shape__Length": 529.62666521280664 }, "geometry": { "type": "LineString", "coordinates": [ [ -122.221660676056999, 44.222255786721902 ], [ -122.222069138472008, 44.222832375807684 ], [ -122.222459801521012, 44.223067994403799 ], [ -122.222839938771997, 44.223218419921494 ], [ -122.223170726042994, 44.223572368315104 ], [ -122.223565859980994, 44.223889747542806 ], [ -122.223868056259008, 44.224289104904202 ], [ -122.223960561127015, 44.224967978868101 ], [ -122.224026937117003, 44.22509654342911 ], [ -122.224447997140004, 44.225344268265196 ], [ -122.224643089837997, 44.225589581072903 ], [ -122.22488366603001, 44.225733266044408 ], [ -122.225228444283985, 44.225807104283099 ], [ -122.225405137368014, 44.225793633772092 ] ] } },
{ "type": "Feature", "properties": { "OBJECTID_1": 690, "OBJECTID": 29913, "Permanent_": "161200674", "FDate": 1464220800000, "Resolution": 2, "GNIS_ID": "01123461", "GNIS_Name": "Lookout Creek", "LengthKM": 0.25945028, "ReachCode": "17090004000322", "FlowDir": 1, "WBArea_Per": " ", "FType": 460, "FCode": 46006, "MainPath": 0, "InNetwork": 1, "Visibility": 0, "Shape_Leng": 0.00314665, "Enabled": 1, "GlobalID": "b4a17487-08c3-441c-8602-07d340ae12a6", "Width": 1.0, "Shape__Length": 259.95672290215373 }, "geometry": { "type": "LineString", "coordinates": [ [ -122.175666544279991, 44.229294915079009 ], [ -122.175832896556017, 44.229338419298905 ], [ -122.176751541995998, 44.229392852919695 ], [ -122.177348682911003, 44.229491965902405 ], [ -122.177725523735006, 44.229597844151499 ], [ -122.178181591100994, 44.229838177477596 ], [ -122.178688050938021, 44.230009866895685 ] ] } },
{ "type": "Feature", "properties": { "OBJECTID_1": 691, "OBJECTID": 13565, "Permanent_": "108045807", "FDate": 1464220800000, "Resolution": 2, "GNIS_ID": " ", "GNIS_Name": " ", "LengthKM": 0.58743343, "ReachCode": "17090004001440", "FlowDir": 1, "WBArea_Per": " ", "FType": 460, "FCode": 46006, "MainPath": 0, "InNetwork": 1, "Visibility": 0, "Shape_Leng": 0.00684938, "Enabled": 1, "GlobalID": "984d1f59-02ab-4f0f-9326-bf80537165c6", "Width": null, "Shape__Length": 588.07644597919511 }, "geometry": { "type": "LineString", "coordinates": [ [ -122.253446944217004, 44.205790228827397 ], [ -122.253682744307, 44.205728927547696 ], [ -122.254411629491003, 44.205744843957206 ], [ -122.255057866775019, 44.20593557046859 ], [ -122.255575752465006, 44.206177714012291 ], [ -122.256083374930995, 44.206233524654294 ], [ -122.257097624758998, 44.2067199009917 ], [ -122.257759116610984, 44.207202331873191 ], [ -122.258291264139004, 44.207419066881002 ], [ -122.258622899569005, 44.207662203669194 ], [ -122.259031722093994, 44.2077926695695 ], [ -122.259423180340008, 44.207838869802302 ], [ -122.259650424217014, 44.208084077234801 ] ] } },
{ "type": "Feature", "properties": { "OBJECTID_1": 692, "OBJECTID": 29779, "Permanent_": "{0375C5AF-554A-44AB-A1F0-20278E8DB0F4}", "FDate": 1464220800000, "Resolution": 2, "GNIS_ID": " ", "GNIS_Name": " ", "LengthKM": 0.5197096, "ReachCode": "17090004023036", "FlowDir": 1, "WBArea_Per": " ", "FType": 460, "FCode": 46003, "MainPath": 0, "InNetwork": 1, "Visibility": 0, "Shape_Leng": 0.00499017, "Enabled": 1, "GlobalID": "d8b17b40-b8f2-44b8-949b-20e0aa13627d", "Width": null, "Shape__Length": 518.42300216474348 }, "geometry": { "type": "LineString", "coordinates": [ [ -122.201874391122004, 44.24397793855951 ], [ -122.201441760727008, 44.243465153078184 ], [ -122.201345643285009, 44.243198255802184 ], [ -122.201054983735006, 44.242713875767699 ], [ -122.200948796535002, 44.242030697870398 ], [ -122.200844934428019, 44.241755801595097 ], [ -122.200933952679009, 44.241508737263601 ], [ -122.200925618119001, 44.241311483980304 ], [ -122.200551203622013, 44.240307996256 ], [ -122.199904135557006, 44.239825547650788 ], [ -122.199859841038005, 44.239720994024097 ] ] } },
{ "type": "Feature", "properties": { "OBJECTID_1": 693, "OBJECTID": 21751, "Permanent_": "{BF507EDA-E866-40FE-9CC0-7C73FBD1B984}", "FDate": 1464220800000, "Resolution": 2, "GNIS_ID": " ", "GNIS_Name": " ", "LengthKM": 0.23160444, "ReachCode": "17090004024510", "FlowDir": 1, "WBArea_Per": " ", "FType": 460, "FCode": 46003, "MainPath": 0, "InNetwork": 1, "Visibility": 0, "Shape_Leng": 0.00243763, "Enabled": 1, "GlobalID": "49c0f993-985e-48b4-ac0c-008d827b1007", "Width": null, "Shape__Length": 231.39693949245947 }, "geometry": { "type": "LineString", "coordinates": [ [ -122.197799823932996, 44.238016727177893 ], [ -122.197947417104999, 44.238195215761991 ], [ -122.198108320844014, 44.238277250058907 ], [ -122.198374273072005, 44.238330263402297 ], [ -122.198549863985008, 44.238512545317803 ], [ -122.198459899969009, 44.239014562080705 ], [ -122.198491189196005, 44.239078855845399 ], [ -122.198785504987015, 44.239176475065896 ], [ -122.19902729664301, 44.238913184109187 ], [ -122.19923945832501, 44.238964598320891 ] ] } },
{ "type": "Feature", "properties": { "OBJECTID_1": 694, "OBJECTID": 29509, "Permanent_": "{48A9E505-D25E-40F5-9EB5-55AA83227A98}", "FDate": 1464220800000, "Resolution": 2, "GNIS_ID": " ", "GNIS_Name": " ", "LengthKM": 0.01547588, "ReachCode": "17090004003760", "FlowDir": 1, "WBArea_Per": "108067939", "FType": 558, "FCode": 55800, "MainPath": 0, "InNetwork": 1, "Visibility": 0, "Shape_Leng": 0.00016785, "Enabled": 1, "GlobalID": "b41c30ef-5b59-4648-88ac-4f7f8f1f8178", "Width": null, "Shape__Length": 15.468772497498502 }, "geometry": { "type": "LineString", "coordinates": [ [ -122.252749686157983, 44.214588038659407 ], [ -122.252884519125004, 44.214488142045894 ] ] } },
{ "type": "Feature", "properties": { "OBJECTID_1": 695, "OBJECTID": 9940, "Permanent_": "{0E6A9AD8-03B9-4649-8BAA-41F1847855E8}", "FDate": 1464220800000, "Resolution": 2, "GNIS_ID": " ", "GNIS_Name": " ", "LengthKM": 0.37416126, "ReachCode": "17090004022733", "FlowDir": 1, "WBArea_Per": " ", "FType": 460, "FCode": 46003, "MainPath": 0, "InNetwork": 1, "Visibility": 0, "Shape_Leng": 0.00348628, "Enabled": 1, "GlobalID": "de6612a7-4aea-419a-b42c-d4e69171e5fd", "Width": null, "Shape__Length": 373.05569154223991 }, "geometry": { "type": "LineString", "coordinates": [ [ -122.215265929388011, 44.226521048440503 ], [ -122.215052982033995, 44.227427186976001 ], [ -122.215176902571002, 44.227791162424396 ], [ -122.215136914862995, 44.228236815180608 ], [ -122.215490078735002, 44.228691618489108 ], [ -122.21558345158499, 44.228892991572899 ], [ -122.215574541634993, 44.228989615836483 ], [ -122.215437377439002, 44.229156032006109 ], [ -122.215467684578002, 44.22952817358879 ], [ -122.215551867395021, 44.229727239073895 ] ] } },
{ "type": "Feature", "properties": { "OBJECTID_1": 696, "OBJECTID": 14099, "Permanent_": "{339EDAAC-DB43-4E59-B927-1E976AA7603D}", "FDate": 1464220800000, "Resolution": 2, "GNIS_ID": " ", "GNIS_Name": " ", "LengthKM": 0.12215534, "ReachCode": "17090004023054", "FlowDir": 1, "WBArea_Per": " ", "FType": 460, "FCode": 46003, "MainPath": 0, "InNetwork": 1, "Visibility": 0, "Shape_Leng": 0.00133863, "Enabled": 1, "GlobalID": "c730088f-868e-491c-a8c1-c7fe4b7d6e9c", "Width": null, "Shape__Length": 122.12563699191287 }, "geometry": { "type": "LineString", "coordinates": [ [ -122.17444353525002, 44.247883155905399 ], [ -122.175372235786, 44.248578555603288 ], [ -122.175537074966996, 44.248631123424403 ] ] } },
{ "type": "Feature", "properties": { "OBJECTID_1": 697, "OBJECTID": 26093, "Permanent_": "{FB0F8247-7766-448A-98A8-5A49E0FEF34A}", "FDate": 1464220800000, "Resolution": 2, "GNIS_ID": " ", "GNIS_Name": " ", "LengthKM": 0.65602821, "ReachCode": "17090004022899", "FlowDir": 1, "WBArea_Per": " ", "FType": 460, "FCode": 46003, "MainPath": 0, "InNetwork": 1, "Visibility": 0, "Shape_Leng": 0.0061146, "Enabled": 1, "GlobalID": "eefeb1f3-64c5-41d9-80e8-9e2a783251cb", "Width": null, "Shape__Length": 654.11496785781924 }, "geometry": { "type": "LineString", "coordinates": [ [ -122.158281243266998, 44.245523839570694 ], [ -122.158237416935009, 44.245280419550994 ], [ -122.158417057649018, 44.2446071943832 ], [ -122.158253232884988, 44.243862752836016 ], [ -122.158130958472, 44.24361690085599 ], [ -122.158179791210998, 44.243281364170606 ], [ -122.158387651861005, 44.242941993524894 ], [ -122.158354399526999, 44.242830774526901 ], [ -122.158183653028999, 44.242640056903205 ], [ -122.158387642457996, 44.242271013183597 ], [ -122.158453644058994, 44.241565265662189 ], [ -122.158670209107996, 44.2413120497813 ], [ -122.158696749103996, 44.240923297766706 ], [ -122.158859730878007, 44.240675290367896 ], [ -122.158734876054993, 44.24035891750399 ], [ -122.158810445951005, 44.239904302355903 ] ] } },
{ "type": "Feature", "properties": { "OBJECTID_1": 698, "OBJECTID": 2556, "Permanent_": "{0522D1FB-9BEF-4FCB-A492-8752744D31CE}", "FDate": 1464220800000, "Resolution": 2, "GNIS_ID": " ", "GNIS_Name": " ", "LengthKM": 0.09089192, "ReachCode": "17090004022829", "FlowDir": 1, "WBArea_Per": " ", "FType": 460, "FCode": 46003, "MainPath": 0, "InNetwork": 1, "Visibility": 0, "Shape_Leng": 0.00102039, "Enabled": 1, "GlobalID": "40a611f6-1a22-4fce-b773-2837701eee30", "Width": null, "Shape__Length": 90.918319712169918 }, "geometry": { "type": "LineString", "coordinates": [ [ -122.151962359092011, 44.215214540077895 ], [ -122.152171150592011, 44.215060910897392 ], [ -122.152605524706999, 44.214924896855095 ], [ -122.152827807356999, 44.214724774386191 ] ] } },
{ "type": "Feature", "properties": { "OBJECTID_1": 699, "OBJECTID": 10075, "Permanent_": "{671BF8A3-FFF1-4246-8A86-B3806DB0B040}", "FDate": 1464220800000, "Resolution": 2, "GNIS_ID": "01123461", "GNIS_Name": "Lookout Creek", "LengthKM": 0.21268171, "ReachCode": "17090004000322", "FlowDir": 1, "WBArea_Per": " ", "FType": 460, "FCode": 46006, "MainPath": 0, "InNetwork": 1, "Visibility": 0, "Shape_Leng": 0.00255383, "Enabled": 1, "GlobalID": "9fda31e1-81c0-49c9-8751-6ec0cf9d2dfd", "Width": 1.0, "Shape__Length": 213.05198550503439 }, "geometry": { "type": "LineString", "coordinates": [ [ -122.200564433883002, 44.232631885773806 ], [ -122.200835832374011, 44.232655301383893 ], [ -122.202180699749988, 44.232444445557292 ], [ -122.202677479011001, 44.232567309000594 ], [ -122.202970208108013, 44.2328388655936 ] ] } },
{ "type": "Feature", "properties": { "OBJECTID_1": 700, "OBJECTID": 5878, "Permanent_": "{EC169341-8840-4E09-A9E7-37F3199002B5}", "FDate": 1464220800000, "Resolution": 2, "GNIS_ID": "01123461", "GNIS_Name": "Lookout Creek", "LengthKM": 0.1196227, "ReachCode": "17090004001156", "FlowDir": 1, "WBArea_Per": "108067939", "FType": 558, "FCode": 55800, "MainPath": 0, "InNetwork": 1, "Visibility": 0, "Shape_Leng": 0.00144093, "Enabled": 1, "GlobalID": "84995b8d-ce8f-4acb-b449-c91525ca4a0d", "Width": 1.0, "Shape__Length": 119.84025349837462 }, "geometry": { "type": "LineString", "coordinates": [ [ -122.251483765810988, 44.215513235689102 ], [ -122.251694804250008, 44.2155204568841 ], [ -122.252163700549005, 44.215761112484202 ], [ -122.252853498715993, 44.215846173814391 ] ] } },
{ "type": "Feature", "properties": { "OBJECTID_1": 701, "OBJECTID": 13811, "Permanent_": "{C6B0A8F8-CAD5-4B4B-B91F-2CAF24823C4F}", "FDate": 1464220800000, "Resolution": 2, "GNIS_ID": "01123461", "GNIS_Name": "Lookout Creek", "LengthKM": 0.0153127, "ReachCode": "17090004000321", "FlowDir": 1, "WBArea_Per": "108067939", "FType": 558, "FCode": 55800, "MainPath": 0, "InNetwork": 1, "Visibility": 0, "Shape_Leng": 0.00014966, "Enabled": 1, "GlobalID": "bc02fae3-43d1-4bfc-92ff-cb6b64054f7e", "Width": 1.0, "Shape__Length": 15.278215358453545 }, "geometry": { "type": "LineString", "coordinates": [ [ -122.220695412685018, 44.228590698668 ], [ -122.220778369453996, 44.228467694897503 ] ] } },
{ "type": "Feature", "properties": { "OBJECTID_1": 702, "OBJECTID": 22299, "Permanent_": "{8FF861EA-8E11-493D-AB0D-80A6E1B29732}", "FDate": 1464220800000, "Resolution": 2, "GNIS_ID": " ", "GNIS_Name": " ", "LengthKM": 0.87146718, "ReachCode": "17090004022978", "FlowDir": 1, "WBArea_Per": " ", "FType": 460, "FCode": 46003, "MainPath": 0, "InNetwork": 1, "Visibility": 0, "Shape_Leng": 0.01029232, "Enabled": 1, "GlobalID": "6639dcff-cddd-4643-8aea-b4a9c209731b", "Width": null, "Shape__Length": 872.65322968683984 }, "geometry": { "type": "LineString", "coordinates": [ [ -122.109552511952003, 44.228855390824492 ], [ -122.110124287077014, 44.228839899269296 ], [ -122.111021015657016, 44.228539403495802 ], [ -122.112544275055001, 44.228350739636092 ], [ -122.113465403847997, 44.227874959622795 ], [ -122.11397684225102, 44.227776899042901 ], [ -122.115228582962004, 44.227250266690504 ], [ -122.115733649651986, 44.227127643283197 ], [ -122.11646085331202, 44.226787812566606 ], [ -122.117001743732018, 44.226355060012104 ], [ -122.117193897144006, 44.226277500509291 ], [ -122.117454011864993, 44.226252350771503 ], [ -122.118247285872002, 44.225973520951094 ], [ -122.118658346342983, 44.225652596163805 ], [ -122.119075352632009, 44.225524369960809 ] ] } },
{ "type": "Feature", "properties": { "OBJECTID_1": 703, "OBJECTID": 2562, "Permanent_": "{1281FF23-B464-46D3-A3D5-09CA566EEBDE}", "FDate": 1464220800000, "Resolution": 2, "GNIS_ID": " ", "GNIS_Name": " ", "LengthKM": 1.15106394, "ReachCode": "17090004022915", "FlowDir": 1, "WBArea_Per": " ", "FType": 460, "FCode": 46003, "MainPath": 0, "InNetwork": 1, "Visibility": 0, "Shape_Leng": 0.01191944, "Enabled": 1, "GlobalID": "f581a430-0b21-4877-8b8e-ac26c04abaf5", "Width": null, "Shape__Length": 1149.6825345963437 }, "geometry": { "type": "LineString", "coordinates": [ [ -122.149289032057013, 44.246367021584796 ], [ -122.149711221223015, 44.2460580683491 ], [ -122.150099922849009, 44.2454843291695 ], [ -122.150053783269016, 44.245092696072184 ], [ -122.149846892973997, 44.244879620633199 ], [ -122.149891489118005, 44.244738458993098 ], [ -122.150121249611004, 44.2445391700874 ], [ -122.150170708616997, 44.244428762172895 ], [ -122.150045937418, 44.243686488268096 ], [ -122.150453708849994, 44.24330890407969 ], [ -122.150726945666008, 44.243206392830409 ], [ -122.150980859092016, 44.243037551927799 ], [ -122.151483257775993, 44.242419819114694 ], [ -122.151693832668002, 44.2418100222608 ], [ -122.151641225820995, 44.241272295927189 ], [ -122.151958140147016, 44.241166539943507 ], [ -122.152084390742999, 44.2408448303349 ], [ -122.152388663869985, 44.240596940075505 ], [ -122.153054744775019, 44.240205320145002 ], [ -122.153675348972996, 44.239528075330206 ], [ -122.154113755656979, 44.239423929156501 ], [ -122.154751076671999, 44.239109849679593 ], [ -122.155481788687013, 44.238997203855611 ], [ -122.155999390782995, 44.238456041794301 ] ] } },
{ "type": "Feature", "properties": { "OBJECTID_1": 704, "OBJECTID": 10610, "Permanent_": "{34017204-F16D-4DA4-902D-D688227E7D5C}", "FDate": 1464220800000, "Resolution": 2, "GNIS_ID": " ", "GNIS_Name": " ", "LengthKM": 0.08821812, "ReachCode": "17090004022983", "FlowDir": 1, "WBArea_Per": " ", "FType": 460, "FCode": 46006, "MainPath": 0, "InNetwork": 1, "Visibility": 0, "Shape_Leng": 0.00092816, "Enabled": 1, "GlobalID": "a70d1daf-ab16-4022-9d54-bee94b43a087", "Width": null, "Shape__Length": 88.130845266609683 }, "geometry": { "type": "LineString", "coordinates": [ [ -122.11862842146401, 44.237352092440695 ], [ -122.118965023333985, 44.237103669073093 ], [ -122.119312217548, 44.236739662571395 ] ] } },
{ "type": "Feature", "properties": { "OBJECTID_1": 705, "OBJECTID": 18323, "Permanent_": "{9454EF03-EC50-46B1-9C8B-D7E4E21B739B}", "FDate": 1464220800000, "Resolution": 2, "GNIS_ID": " ", "GNIS_Name": " ", "LengthKM": 0.426783, "ReachCode": "17090004023141", "FlowDir": 1, "WBArea_Per": " ", "FType": 460, "FCode": 46003, "MainPath": 0, "InNetwork": 1, "Visibility": 0, "Shape_Leng": 0.00521539, "Enabled": 1, "GlobalID": "c4454ab0-aed6-47f4-a1b5-3229f877624c", "Width": null, "Shape__Length": 427.65895782400474 }, "geometry": { "type": "LineString", "coordinates": [ [ -122.137062280191017, 44.270032102161501 ], [ -122.138217997859016, 44.2703293438462 ], [ -122.139351097174995, 44.270510747464698 ], [ -122.139669682063001, 44.270648682142195 ], [ -122.140127625804013, 44.270658709840397 ], [ -122.140770445425005, 44.270746615586802 ], [ -122.141513940374011, 44.270664944720906 ], [ -122.141783019187997, 44.270801062727898 ], [ -122.14195866253101, 44.270748116359115 ], [ -122.142112768326996, 44.2708127940259 ] ] } },
{ "type": "Feature", "properties": { "OBJECTID_1": 706, "OBJECTID": 18208, "Permanent_": "{BEBE81D6-478F-439D-ACFF-DC70431DBA71}", "FDate": 1464220800000, "Resolution": 2, "GNIS_ID": " ", "GNIS_Name": " ", "LengthKM": 0.41724621, "ReachCode": "17090004023095", "FlowDir": 1, "WBArea_Per": " ", "FType": 460, "FCode": 46003, "MainPath": 0, "InNetwork": 1, "Visibility": 0, "Shape_Leng": 0.00508534, "Enabled": 1, "GlobalID": "bb791ab5-f2a4-4daa-a25e-52a17f65950d", "Width": null, "Shape__Length": 418.08762914419577 }, "geometry": { "type": "LineString", "coordinates": [ [ -122.159513768003009, 44.25468100106329 ], [ -122.160254107423, 44.254873903757201 ], [ -122.160543462671015, 44.254753254698286 ], [ -122.161170374473016, 44.254630968955794 ], [ -122.161853916848983, 44.254894520795901 ], [ -122.162482690814016, 44.254975079117095 ], [ -122.162754084680998, 44.255054332203898 ], [ -122.163076754634005, 44.255025125714603 ], [ -122.163547009241995, 44.254891973698498 ], [ -122.164426177810014, 44.254982025245077 ] ] } },
{ "type": "Feature", "properties": { "OBJECTID_1": 707, "OBJECTID": 10364, "Permanent_": "{F0C3F4E9-8336-4E27-83E2-F2FD7FD3E054}", "FDate": 1464220800000, "Resolution": 2, "GNIS_ID": " ", "GNIS_Name": " ", "LengthKM": 0.39417517, "ReachCode": "17090004022911", "FlowDir": 1, "WBArea_Per": " ", "FType": 460, "FCode": 46003, "MainPath": 0, "InNetwork": 1, "Visibility": 0, "Shape_Leng": 0.00470221, "Enabled": 1, "GlobalID": "829aba45-e94b-4dfc-b441-6634a2ef3aea", "Width": null, "Shape__Length": 394.8011473400644 }, "geometry": { "type": "LineString", "coordinates": [ [ -122.155680118583007, 44.229656799914999 ], [ -122.156093936519014, 44.229873017530394 ], [ -122.156615652259006, 44.230290195758009 ], [ -122.156989114666004, 44.230385410946091 ], [ -122.157623425511019, 44.230659497902202 ], [ -122.158211933003997, 44.230697068617893 ], [ -122.158677056656003, 44.230660778056091 ], [ -122.159218526180993, 44.230764617499297 ], [ -122.159869914032001, 44.230770377112599 ], [ -122.16008364388999, 44.230730235606387 ] ] } },
{ "type": "Feature", "properties": { "OBJECTID_1": 708, "OBJECTID": 6002, "Permanent_": "{28339E3E-250D-4409-84EB-2A06C29FA16B}", "FDate": 1464220800000, "Resolution": 2, "GNIS_ID": " ", "GNIS_Name": " ", "LengthKM": 0.00566966, "ReachCode": "17090004022715", "FlowDir": 1, "WBArea_Per": "108067939", "FType": 558, "FCode": 55800, "MainPath": 0, "InNetwork": 1, "Visibility": 0, "Shape_Leng": 5.099e-05, "Enabled": 1, "GlobalID": "42008363-841f-49a0-b26b-9d014f09277f", "Width": null, "Shape__Length": 5.6501154853602795 }, "geometry": { "type": "LineString", "coordinates": [ [ -122.224501742971, 44.228856429920796 ], [ -122.224496534207006, 44.228805701565101 ] ] } },
{ "type": "Feature", "properties": { "OBJECTID_1": 709, "OBJECTID": 26102, "Permanent_": "{7070D89C-E377-4C64-892C-0D2113524CD6}", "FDate": 1464220800000, "Resolution": 2, "GNIS_ID": " ", "GNIS_Name": " ", "LengthKM": 0.24166938, "ReachCode": "17090004023118", "FlowDir": 1, "WBArea_Per": " ", "FType": 460, "FCode": 46003, "MainPath": 0, "InNetwork": 1, "Visibility": 0, "Shape_Leng": 0.00297116, "Enabled": 1, "GlobalID": "1b612def-c44d-472e-b088-b9538d57ec3d", "Width": null, "Shape__Length": 242.20231718743929 }, "geometry": { "type": "LineString", "coordinates": [ [ -122.151880849246993, 44.264616018576305 ], [ -122.152125679470998, 44.264584683278187 ], [ -122.152525867342007, 44.264739746362203 ], [ -122.153242356066002, 44.264772673253781 ], [ -122.153708502061008, 44.264865628216093 ], [ -122.154531724933989, 44.264849520199292 ], [ -122.154779110344009, 44.264960015297802 ] ] } },
{ "type": "Feature", "properties": { "OBJECTID_1": 710, "OBJECTID": 22144, "Permanent_": "108044979", "FDate": 1464220800000, "Resolution": 2, "GNIS_ID": "01123461", "GNIS_Name": "Lookout Creek", "LengthKM": 0.11773492, "ReachCode": "17090004000324", "FlowDir": 1, "WBArea_Per": " ", "FType": 460, "FCode": 46006, "MainPath": 0, "InNetwork": 1, "Visibility": 0, "Shape_Leng": 0.00134148, "Enabled": 1, "GlobalID": "06b0d4f7-c3fe-41e4-b38b-f88a1a7e136b", "Width": 1.0, "Shape__Length": 117.80446605917088 }, "geometry": { "type": "LineString", "coordinates": [ [ -122.127333901132999, 44.228310808867796 ], [ -122.127866218706998, 44.228461284870093 ], [ -122.128188253158996, 44.228747611481296 ], [ -122.128503558407999, 44.228893576735388 ] ] } },
{ "type": "Feature", "properties": { "OBJECTID_1": 711, "OBJECTID": 9817, "Permanent_": "{BE42F8FC-7DA2-40AC-810F-D3079D3C78E7}", "FDate": 1464220800000, "Resolution": 2, "GNIS_ID": " ", "GNIS_Name": " ", "LengthKM": 0.06207006, "ReachCode": "17090004003757", "FlowDir": 1, "WBArea_Per": " ", "FType": 460, "FCode": 46003, "MainPath": 0, "InNetwork": 1, "Visibility": 0, "Shape_Leng": 0.00065892, "Enabled": 1, "GlobalID": "0af997d5-d2fe-4290-8b60-00059098402f", "Width": null, "Shape__Length": 62.018581490138793 }, "geometry": { "type": "LineString", "coordinates": [ [ -122.234199690007998, 44.214642870864992 ], [ -122.23461441793502, 44.214948040913796 ], [ -122.234693184362015, 44.215059767410096 ] ] } },
{ "type": "Feature", "properties": { "OBJECTID_1": 712, "OBJECTID": 2685, "Permanent_": "{3BBEE996-876B-4067-9847-1DC709F636BD}", "FDate": 1464220800000, "Resolution": 2, "GNIS_ID": " ", "GNIS_Name": " ", "LengthKM": 0.54443108, "ReachCode": "17090004022925", "FlowDir": 1, "WBArea_Per": " ", "FType": 460, "FCode": 46006, "MainPath": 0, "InNetwork": 1, "Visibility": 0, "Shape_Leng": 0.00625203, "Enabled": 1, "GlobalID": "20982f6a-e1b8-4fd7-b4c5-9af524e1f1e5", "Width": null, "Shape__Length": 544.86787286131948 }, "geometry": { "type": "LineString", "coordinates": [ [ -122.137991262448992, 44.245539692356402 ], [ -122.138137979090018, 44.245241806715391 ], [ -122.13864836121202, 44.244933409380501 ], [ -122.139040392707997, 44.244873748372605 ], [ -122.139621512964993, 44.24494644332421 ], [ -122.140170884499994, 44.244889527275603 ], [ -122.140907131223997, 44.244893075407603 ], [ -122.141164133399997, 44.244794738743309 ], [ -122.141473132599998, 44.244401288230797 ], [ -122.141874648910019, 44.244288368840699 ], [ -122.142816924519991, 44.244204727644004 ], [ -122.142987700402003, 44.243947184448402 ], [ -122.143381540963006, 44.24354739411671 ] ] } },
{ "type": "Feature", "properties": { "OBJECTID_1": 713, "OBJECTID": 25679, "Permanent_": "{445ED872-ADF7-4AA2-BE6B-3AD181678FE1}", "FDate": 1464220800000, "Resolution": 2, "GNIS_ID": " ", "GNIS_Name": " ", "LengthKM": 0.05810575, "ReachCode": "17090004003744", "FlowDir": 1, "WBArea_Per": " ", "FType": 460, "FCode": 46003, "MainPath": 0, "InNetwork": 1, "Visibility": 0, "Shape_Leng": 0.00064413, "Enabled": 1, "GlobalID": "ae7791b2-861b-4992-b096-695eb5aa882b", "Width": null, "Shape__Length": 58.109341548475335 }, "geometry": { "type": "LineString", "coordinates": [ [ -122.228870153456995, 44.231411455579 ], [ -122.22901954168799, 44.231298235052996 ], [ -122.229129199078017, 44.231299310033492 ], [ -122.229234558027997, 44.231200402353394 ], [ -122.229387170219013, 44.231273171569299 ] ] } },
{ "type": "Feature", "properties": { "OBJECTID_1": 714, "OBJECTID": 5879, "Permanent_": "{3CFE2AB0-DBB5-403A-9B3E-9EB5B711F1D6}", "FDate": 1464220800000, "Resolution": 2, "GNIS_ID": " ", "GNIS_Name": " ", "LengthKM": 0.01517795, "ReachCode": "17090004022783", "FlowDir": 1, "WBArea_Per": "108067939", "FType": 558, "FCode": 55800, "MainPath": 0, "InNetwork": 1, "Visibility": 0, "Shape_Leng": 0.00014477, "Enabled": 1, "GlobalID": "39cfc180-308a-4e46-9494-d12349be95a2", "Width": null, "Shape__Length": 15.137617863635827 }, "geometry": { "type": "LineString", "coordinates": [ [ -122.250168332825993, 44.215768352198999 ], [ -122.250098494454008, 44.215641815486194 ] ] } },
{ "type": "Feature", "properties": { "OBJECTID_1": 715, "OBJECTID": 29669, "Permanent_": "{4434E414-5398-466B-9F15-3C5A65E65C40}", "FDate": 1464220800000, "Resolution": 2, "GNIS_ID": " ", "GNIS_Name": " ", "LengthKM": 0.14297813, "ReachCode": "17090004003743", "FlowDir": 1, "WBArea_Per": " ", "FType": 460, "FCode": 46006, "MainPath": 0, "InNetwork": 1, "Visibility": 0, "Shape_Leng": 0.00133346, "Enabled": 1, "GlobalID": "88e7e1ab-96f1-402b-9247-a3e334af3548", "Width": null, "Shape__Length": 142.56048312346684 }, "geometry": { "type": "LineString", "coordinates": [ [ -122.215758459666006, 44.23582295011709 ], [ -122.215806464728999, 44.235409318322695 ], [ -122.215612346604004, 44.23518018242909 ], [ -122.215564700974966, 44.234935237027003 ], [ -122.215663784829985, 44.234601266227791 ] ] } },
{ "type": "Feature", "properties": { "OBJECTID_1": 716, "OBJECTID": 25970, "Permanent_": "{3C4A615E-8F51-4F98-9AF2-371646A03981}", "FDate": 1464220800000, "Resolution": 2, "GNIS_ID": " ", "GNIS_Name": " ", "LengthKM": 0.22090499, "ReachCode": "17090004023136", "FlowDir": 1, "WBArea_Per": " ", "FType": 460, "FCode": 46003, "MainPath": 0, "InNetwork": 1, "Visibility": 0, "Shape_Leng": 0.0021107, "Enabled": 1, "GlobalID": "884bf539-9d79-4ccb-885a-ea4c193912cd", "Width": null, "Shape__Length": 220.351389310191 }, "geometry": { "type": "LineString", "coordinates": [ [ -122.169601288498001, 44.269267246019496 ], [ -122.169778846738993, 44.26882001960611 ], [ -122.169801334810998, 44.268092550355803 ], [ -122.170397788571989, 44.267443535324702 ] ] } },
{ "type": "Feature", "properties": { "OBJECTID_1": 717, "OBJECTID": 29516, "Permanent_": "{9A840163-1BE6-41B8-9CF1-348C881786A4}", "FDate": 1464220800000, "Resolution": 2, "GNIS_ID": " ", "GNIS_Name": " ", "LengthKM": 0.0157394, "ReachCode": "17090004022709", "FlowDir": 1, "WBArea_Per": "108067939", "FType": 558, "FCode": 55800, "MainPath": 0, "InNetwork": 1, "Visibility": 0, "Shape_Leng": 0.00016204, "Enabled": 1, "GlobalID": "886294b3-6bf3-49a1-a77a-3511f852af31", "Width": null, "Shape__Length": 15.717471895502191 }, "geometry": { "type": "LineString", "coordinates": [ [ -122.233106024557003, 44.2263018695743 ], [ -122.232994030163979, 44.226186820212895 ] ] } },
{ "type": "Feature", "properties": { "OBJECTID_1": 718, "OBJECTID": 9804, "Permanent_": "161200392", "FDate": 1464220800000, "Resolution": 2, "GNIS_ID": " ", "GNIS_Name": " ", "LengthKM": 0.42376378, "ReachCode": "17090004014493", "FlowDir": 1, "WBArea_Per": " ", "FType": 460, "FCode": 46003, "MainPath": 0, "InNetwork": 1, "Visibility": 0, "Shape_Leng": 0.00439597, "Enabled": 1, "GlobalID": "5b04d434-7042-4421-b858-80857d73b779", "Width": null, "Shape__Length": 423.24389287549531 }, "geometry": { "type": "LineString", "coordinates": [ [ -122.231242106937003, 44.211655816520093 ], [ -122.231308292954012, 44.211844986883499 ], [ -122.231715774050997, 44.212280027990801 ], [ -122.232447108119004, 44.212637037756195 ], [ -122.232786304206016, 44.212852038324904 ], [ -122.233485263426005, 44.213510319631808 ], [ -122.23382542653799, 44.213735406200797 ], [ -122.234101763144011, 44.214146236325803 ], [ -122.234199690007998, 44.214642870864992 ] ] } },
{ "type": "Feature", "properties": { "OBJECTID_1": 719, "OBJECTID": 6418, "Permanent_": "{A87B4E1A-FE83-462F-A0FF-D775CA8BC8FC}", "FDate": 1464220800000, "Resolution": 2, "GNIS_ID": "01124021", "GNIS_Name": "McRae Creek", "LengthKM": 0.19160509, "ReachCode": "17090004000326", "FlowDir": 1, "WBArea_Per": " ", "FType": 460, "FCode": 46006, "MainPath": 0, "InNetwork": 1, "Visibility": 0, "Shape_Leng": 0.00189464, "Enabled": 1, "GlobalID": "461f46c4-e11f-4727-b179-5c0d9512a40e", "Width": 1.0, "Shape__Length": 191.2260771797105 }, "geometry": { "type": "LineString", "coordinates": [ [ -122.166011078560018, 44.258968314367401 ], [ -122.166252764619998, 44.258765992513084 ], [ -122.166303608941007, 44.258427745367293 ], [ -122.166468909472016, 44.258087167961591 ], [ -122.166767029589991, 44.257889780827007 ], [ -122.166958083694993, 44.25766200371941 ], [ -122.167002181732002, 44.257487217275397 ] ] } },
{ "type": "Feature", "properties": { "OBJECTID_1": 720, "OBJECTID": 2560, "Permanent_": "{AF4F6AD3-2754-409C-B302-CF4CE4929E45}", "FDate": 1464220800000, "Resolution": 2, "GNIS_ID": " ", "GNIS_Name": " ", "LengthKM": 0.07149325, "ReachCode": "17090004023074", "FlowDir": 1, "WBArea_Per": " ", "FType": 460, "FCode": 46003, "MainPath": 0, "InNetwork": 1, "Visibility": 0, "Shape_Leng": 0.00075585, "Enabled": 1, "GlobalID": "7af84eb1-fd4d-4631-b722-4d53a7d18df7", "Width": null, "Shape__Length": 71.429144180859751 }, "geometry": { "type": "LineString", "coordinates": [ [ -122.158414295111001, 44.251593912682402 ], [ -122.158703114820995, 44.251773801656192 ], [ -122.158977807080007, 44.252082355197601 ] ] } },
{ "type": "Feature", "properties": { "OBJECTID_1": 721, "OBJECTID": 17934, "Permanent_": "{967F1C73-EB7C-427D-95BF-D1914C2352EC}", "FDate": 1476576000000, "Resolution": 2, "GNIS_ID": "01124021", "GNIS_Name": "McRae Creek", "LengthKM": 0.05337217, "ReachCode": "17090004000325", "FlowDir": 1, "WBArea_Per": " ", "FType": 460, "FCode": 46006, "MainPath": 0, "InNetwork": 1, "Visibility": 0, "Shape_Leng": 0.00049737, "Enabled": 1, "GlobalID": "77523853-b1e5-4873-9807-57eff9fc46c8", "Width": 1.0, "Shape__Length": 53.215474346359862 }, "geometry": { "type": "LineString", "coordinates": [ [ -122.194968765184015, 44.243339048134779 ], [ -122.195158139627011, 44.242880437598011 ] ] } },
{ "type": "Feature", "properties": { "OBJECTID_1": 722, "OBJECTID": 14318, "Permanent_": "161200692", "FDate": 1464220800000, "Resolution": 2, "GNIS_ID": "01123660", "GNIS_Name": "Mack Creek", "LengthKM": 0.10988973, "ReachCode": "17090004000629", "FlowDir": 1, "WBArea_Per": " ", "FType": 460, "FCode": 46006, "MainPath": 0, "InNetwork": 1, "Visibility": 0, "Shape_Leng": 0.00137159, "Enabled": 1, "GlobalID": "26e3463e-8860-4f39-8be7-1706e22c8e7a", "Width": 1.0, "Shape__Length": 110.18568172832029 }, "geometry": { "type": "LineString", "coordinates": [ [ -122.140092953362, 44.211474609748286 ], [ -122.141456326650996, 44.211592477656701 ] ] } },
{ "type": "Feature", "properties": { "OBJECTID_1": 723, "OBJECTID": 6510, "Permanent_": "161200749", "FDate": 1464220800000, "Resolution": 2, "GNIS_ID": "01123461", "GNIS_Name": "Lookout Creek", "LengthKM": 0.3267806, "ReachCode": "17090004000324", "FlowDir": 1, "WBArea_Per": " ", "FType": 460, "FCode": 46006, "MainPath": 0, "InNetwork": 1, "Visibility": 0, "Shape_Leng": 0.00397531, "Enabled": 1, "GlobalID": "fa074b9e-2735-4ded-bbb2-e049ddf95a27", "Width": 1.0, "Shape__Length": 327.44501664725436 }, "geometry": { "type": "LineString", "coordinates": [ [ -122.134222897675997, 44.231239271055706 ], [ -122.134475284383996, 44.2313798163702 ], [ -122.13470896365601, 44.23141346408071 ], [ -122.134969078303001, 44.231383204826606 ], [ -122.13528807938701, 44.231529425971303 ], [ -122.135449538385018, 44.231557028132301 ], [ -122.135837687674993, 44.231568890011303 ], [ -122.136117818331982, 44.231485212832709 ], [ -122.137190386065015, 44.2313866621652 ], [ -122.137559698166996, 44.231304655277697 ], [ -122.137797603311, 44.231328380133299 ], [ -122.138045902421013, 44.231454645578189 ] ] } },
{ "type": "Feature", "properties": { "OBJECTID_1": 724, "OBJECTID": 6512, "Permanent_": "{FDD83F5D-A761-4C15-B32D-6D7D8ED8715C}", "FDate": 1464220800000, "Resolution": 2, "GNIS_ID": " ", "GNIS_Name": " ", "LengthKM": 0.20188893, "ReachCode": "17090004022973", "FlowDir": 1, "WBArea_Per": " ", "FType": 460, "FCode": 46003, "MainPath": 0, "InNetwork": 1, "Visibility": 0, "Shape_Leng": 0.00218493, "Enabled": 1, "GlobalID": "ec0f222e-7cbd-4825-aa96-c6f17c38475c", "Width": null, "Shape__Length": 201.79843660879888 }, "geometry": { "type": "LineString", "coordinates": [ [ -122.128988274728002, 44.23964311322019 ], [ -122.129545479019995, 44.239162973069092 ], [ -122.130028341860012, 44.238649862717793 ], [ -122.130708326987005, 44.238373381046401 ] ] } },
{ "type": "Feature", "properties": { "OBJECTID_1": 725, "OBJECTID": 18071, "Permanent_": "{4272C99F-A968-4325-B906-5EC9AFEE7272}", "FDate": 1464220800000, "Resolution": 2, "GNIS_ID": " ", "GNIS_Name": " ", "LengthKM": 0.48935592, "ReachCode": "17090004022863", "FlowDir": 1, "WBArea_Per": " ", "FType": 460, "FCode": 46003, "MainPath": 0, "InNetwork": 1, "Visibility": 0, "Shape_Leng": 0.0052701, "Enabled": 1, "GlobalID": "b505e76b-e397-4249-8be0-89d47148b857", "Width": null, "Shape__Length": 489.14039318501699 }, "geometry": { "type": "LineString", "coordinates": [ [ -122.178254268421, 44.233787901459607 ], [ -122.178096016375008, 44.233305091784793 ], [ -122.178078129930995, 44.233029090535695 ], [ -122.178239923907995, 44.232639973131995 ], [ -122.178291549047998, 44.23235327205019 ], [ -122.178492889171991, 44.232158869119694 ], [ -122.178861086175999, 44.231985342615403 ], [ -122.179350022145016, 44.231940960612597 ], [ -122.17976506850502, 44.231800812794901 ], [ -122.180119765957002, 44.231764842049394 ], [ -122.18058365083202, 44.231482047061498 ], [ -122.180732644947994, 44.231235228414107 ], [ -122.181264352456012, 44.231012523092396 ], [ -122.18160901141502, 44.231046078873604 ] ] } },
{ "type": "Feature", "properties": { "OBJECTID_1": 726, "OBJECTID": 6005, "Permanent_": "161200642", "FDate": 1464220800000, "Resolution": 2, "GNIS_ID": "01123461", "GNIS_Name": "Lookout Creek", "LengthKM": 0.25081695, "ReachCode": "17090004000321", "FlowDir": 1, "WBArea_Per": "108067939", "FType": 558, "FCode": 55800, "MainPath": 0, "InNetwork": 1, "Visibility": 0, "Shape_Leng": 0.00304032, "Enabled": 1, "GlobalID": "e39e9e02-4749-4227-9b5e-babe4f50577f", "Width": 1.0, "Shape__Length": 251.30276911450605 }, "geometry": { "type": "LineString", "coordinates": [ [ -122.220778369453996, 44.228467694897503 ], [ -122.220966560074999, 44.228367990430087 ], [ -122.221243622119005, 44.228341705235202 ], [ -122.22166532883702, 44.228380744063386 ], [ -122.222238159634003, 44.228511777070899 ], [ -122.223042792825012, 44.228324273467706 ], [ -122.223694954443019, 44.228558148439106 ] ] } },
{ "type": "Feature", "properties": { "OBJECTID_1": 727, "OBJECTID": 21743, "Permanent_": "{3A793016-74DC-44A2-AC5B-A9E89E8C2385}", "FDate": 1464220800000, "Resolution": 2, "GNIS_ID": "01123461", "GNIS_Name": "Lookout Creek", "LengthKM": 0.18302395, "ReachCode": "17090004000322", "FlowDir": 1, "WBArea_Per": " ", "FType": 460, "FCode": 46006, "MainPath": 0, "InNetwork": 1, "Visibility": 0, "Shape_Leng": 0.00210846, "Enabled": 1, "GlobalID": "d6df7e0d-2756-4659-a796-2497bd79e27d", "Width": 1.0, "Shape__Length": 183.17690467129577 }, "geometry": { "type": "LineString", "coordinates": [ [ -122.198705529706018, 44.232515463003693 ], [ -122.198940643602, 44.232374854673999 ], [ -122.199226096674991, 44.232339768675793 ], [ -122.199768666061004, 44.232433534568798 ], [ -122.200023376071002, 44.232707027327109 ], [ -122.200181969252014, 44.23278893815769 ], [ -122.200564433883002, 44.232631885773806 ] ] } },
{ "type": "Feature", "properties": { "OBJECTID_1": 728, "OBJECTID": 2540, "Permanent_": "{14C68A55-B6A1-439A-B1A0-FF2A9BB6DCB4}", "FDate": 1464220800000, "Resolution": 2, "GNIS_ID": " ", "GNIS_Name": " ", "LengthKM": 0.0864809, "ReachCode": "17090004022813", "FlowDir": 1, "WBArea_Per": " ", "FType": 460, "FCode": 46003, "MainPath": 0, "InNetwork": 1, "Visibility": 0, "Shape_Leng": 0.00080231, "Enabled": 1, "GlobalID": "416dd4bc-fe7a-4acc-af48-6209e21f79c1", "Width": null, "Shape__Length": 86.217181668775822 }, "geometry": { "type": "LineString", "coordinates": [ [ -122.165123196359005, 44.208253678481697 ], [ -122.164924589226018, 44.208763478868498 ], [ -122.164950753809009, 44.208999243908394 ] ] } },
{ "type": "Feature", "properties": { "OBJECTID_1": 729, "OBJECTID": 22044, "Permanent_": "{D4CF9332-9ADB-4509-AC74-F703DB096034}", "FDate": 1464220800000, "Resolution": 2, "GNIS_ID": " ", "GNIS_Name": " ", "LengthKM": 0.22617964, "ReachCode": "17090004022816", "FlowDir": 1, "WBArea_Per": " ", "FType": 460, "FCode": 46003, "MainPath": 0, "InNetwork": 1, "Visibility": 0, "Shape_Leng": 0.00225219, "Enabled": 1, "GlobalID": "f937b362-a27d-429d-8025-d1183592d23a", "Width": null, "Shape__Length": 225.7465801603372 }, "geometry": { "type": "LineString", "coordinates": [ [ -122.163373605160004, 44.2078556708151 ], [ -122.163402847909012, 44.208235258945187 ], [ -122.163505538009019, 44.208542512494795 ], [ -122.16345522271601, 44.208781746719808 ], [ -122.163803061805993, 44.209033433222899 ], [ -122.163954435252009, 44.209261024484512 ], [ -122.164427664030995, 44.209588137688215 ] ] } },
{ "type": "Feature", "properties": { "OBJECTID_1": 730, "OBJECTID": 26096, "Permanent_": "{C51BCCE3-6293-4C2B-8563-B48AB5F69382}", "FDate": 1464220800000, "Resolution": 2, "GNIS_ID": " ", "GNIS_Name": " ", "LengthKM": 0.18865981, "ReachCode": "17090004023143", "FlowDir": 1, "WBArea_Per": " ", "FType": 460, "FCode": 46003, "MainPath": 0, "InNetwork": 1, "Visibility": 0, "Shape_Leng": 0.00181143, "Enabled": 1, "GlobalID": "90c77a95-eca8-4d2d-ba81-37d9d15d674e", "Width": null, "Shape__Length": 188.20549047334327 }, "geometry": { "type": "LineString", "coordinates": [ [ -122.164713476919999, 44.270657278990697 ], [ -122.164529620718, 44.270618606802209 ], [ -122.164386262666994, 44.2704780648058 ], [ -122.164343881649998, 44.27035188032729 ], [ -122.164462752114005, 44.270047146542694 ], [ -122.164430899014008, 44.269818713047997 ], [ -122.164476694635994, 44.269617290418402 ], [ -122.164669661763995, 44.269155724889288 ] ] } },
{ "type": "Feature", "properties": { "OBJECTID_1": 731, "OBJECTID": 2545, "Permanent_": "161200519", "FDate": 1464220800000, "Resolution": 2, "GNIS_ID": "01123660", "GNIS_Name": "Mack Creek", "LengthKM": 0.18073428, "ReachCode": "17090004000629", "FlowDir": 1, "WBArea_Per": " ", "FType": 460, "FCode": 46006, "MainPath": 0, "InNetwork": 1, "Visibility": 0, "Shape_Leng": 0.00208267, "Enabled": 1, "GlobalID": "1d1a8dc4-7edc-4311-afb3-a4a375b4ffa7", "Width": 1.0, "Shape__Length": 180.89111535290093 }, "geometry": { "type": "LineString", "coordinates": [ [ -122.150819815820995, 44.210099408928507 ], [ -122.151033202725017, 44.210157201685192 ], [ -122.151368586055014, 44.21038710250609 ], [ -122.151696668301994, 44.210483842869195 ], [ -122.151968968530994, 44.210762910485499 ], [ -122.152365728017003, 44.210808973153405 ], [ -122.152655635985013, 44.210898513965596 ] ] } },
{ "type": "Feature", "properties": { "OBJECTID_1": 732, "OBJECTID": 30044, "Permanent_": "{FBEB9E63-13AF-4F98-9FD5-E5826DBD798C}", "FDate": 1464220800000, "Resolution": 2, "GNIS_ID": " ", "GNIS_Name": " ", "LengthKM": 0.38787841, "ReachCode": "17090004022810", "FlowDir": 1, "WBArea_Per": " ", "FType": 460, "FCode": 46003, "MainPath": 0, "InNetwork": 1, "Visibility": 0, "Shape_Leng": 0.00419943, "Enabled": 1, "GlobalID": "5d668c0e-957b-4f6c-8aad-a46ee6a5f1f1", "Width": null, "Shape__Length": 387.71059113221889 }, "geometry": { "type": "LineString", "coordinates": [ [ -122.169038687412012, 44.206293039872897 ], [ -122.168422031643004, 44.2067693794639 ], [ -122.168230714049997, 44.206995191079493 ], [ -122.168164583361005, 44.207170579860595 ], [ -122.167803777857998, 44.207320721924695 ], [ -122.167211909140008, 44.207998881793998 ], [ -122.166828729325019, 44.208202973786193 ], [ -122.166249808635001, 44.208422724863901 ], [ -122.16576076231398, 44.2087226668394 ] ] } },
{ "type": "Feature", "properties": { "OBJECTID_1": 733, "OBJECTID": 26079, "Permanent_": "{6DD6717F-902C-4D5B-8006-0BFAB2704F56}", "FDate": 1464220800000, "Resolution": 2, "GNIS_ID": "01123660", "GNIS_Name": "Mack Creek", "LengthKM": 0.1350398, "ReachCode": "17090004000629", "FlowDir": 1, "WBArea_Per": " ", "FType": 460, "FCode": 46006, "MainPath": 0, "InNetwork": 1, "Visibility": 0, "Shape_Leng": 0.00130507, "Enabled": 1, "GlobalID": "c9a43441-f88d-4a12-a3e6-30c01f5de7c8", "Width": 1.0, "Shape__Length": 134.71459055930617 }, "geometry": { "type": "LineString", "coordinates": [ [ -122.166671253448001, 44.218169049650186 ], [ -122.166666770448003, 44.218346026730003 ], [ -122.166849920782994, 44.218494010301995 ], [ -122.167271148075002, 44.219264551457201 ] ] } },
{ "type": "Feature", "properties": { "OBJECTID_1": 734, "OBJECTID": 13965, "Permanent_": "{4E302AA0-85F9-4863-9F9B-FD41FD7910EB}", "FDate": 1476576000000, "Resolution": 2, "GNIS_ID": "01124021", "GNIS_Name": "McRae Creek", "LengthKM": 0.14080538, "ReachCode": "17090004000325", "FlowDir": 1, "WBArea_Per": " ", "FType": 460, "FCode": 46006, "MainPath": 0, "InNetwork": 1, "Visibility": 0, "Shape_Leng": 0.00147113, "Enabled": 1, "GlobalID": "a6cd19f0-3321-459e-afe5-315aa6f58818", "Width": 1.0, "Shape__Length": 140.66440674683776 }, "geometry": { "type": "LineString", "coordinates": [ [ -122.195158139627011, 44.242880437598011 ], [ -122.195326399229003, 44.242730454642299 ], [ -122.195734812102998, 44.242690893024914 ], [ -122.195864517898002, 44.242622591245897 ], [ -122.196126051788013, 44.241998625548497 ] ] } },
{ "type": "Feature", "properties": { "OBJECTID_1": 735, "OBJECTID": 2244, "Permanent_": "{C043FAF9-DB19-44A3-ACE7-7BC87992ADB3}", "FDate": 1464220800000, "Resolution": 2, "GNIS_ID": " ", "GNIS_Name": " ", "LengthKM": 0.10333665, "ReachCode": "17090004014514", "FlowDir": 1, "WBArea_Per": " ", "FType": 460, "FCode": 46003, "MainPath": 0, "InNetwork": 1, "Visibility": 0, "Shape_Leng": 0.00117885, "Enabled": 1, "GlobalID": "6fed7871-7b63-4504-8f80-7c633976f43a", "Width": null, "Shape__Length": 103.40148791922159 }, "geometry": { "type": "LineString", "coordinates": [ [ -122.194571313159003, 44.233861919667191 ], [ -122.195247613484995, 44.233686433975606 ], [ -122.195592900188984, 44.233368256969499 ] ] } },
{ "type": "Feature", "properties": { "OBJECTID_1": 736, "OBJECTID": 22148, "Permanent_": "{45433E09-4323-4AC7-AAB7-3DCBF9A40422}", "FDate": 1464220800000, "Resolution": 2, "GNIS_ID": " ", "GNIS_Name": " ", "LengthKM": 0.06472734, "ReachCode": "17090004022926", "FlowDir": 1, "WBArea_Per": " ", "FType": 460, "FCode": 46003, "MainPath": 0, "InNetwork": 1, "Visibility": 0, "Shape_Leng": 0.00058701, "Enabled": 1, "GlobalID": "267daf3a-1317-408b-9f9d-b61ce51df37f", "Width": null, "Shape__Length": 64.51413983659819 }, "geometry": { "type": "LineString", "coordinates": [ [ -122.138087724673994, 44.246113623774804 ], [ -122.137991262448992, 44.245539692356402 ] ] } },
{ "type": "Feature", "properties": { "OBJECTID_1": 737, "OBJECTID": 2126, "Permanent_": "{CDC13AA6-8104-47C7-84FE-C50211A263A6}", "FDate": 1464220800000, "Resolution": 2, "GNIS_ID": " ", "GNIS_Name": " ", "LengthKM": 0.04477747, "ReachCode": "17090004022743", "FlowDir": 1, "WBArea_Per": " ", "FType": 460, "FCode": 46003, "MainPath": 0, "InNetwork": 1, "Visibility": 0, "Shape_Leng": 0.0004156, "Enabled": 1, "GlobalID": "f72ce936-e96f-47ec-bc3d-a28a4e3e641d", "Width": null, "Shape__Length": 44.643335032087172 }, "geometry": { "type": "LineString", "coordinates": [ [ -122.217925539749004, 44.238922118593699 ], [ -122.217845982941981, 44.238709301280501 ], [ -122.217891292071016, 44.238536086489809 ] ] } },
{ "type": "Feature", "properties": { "OBJECTID_1": 738, "OBJECTID": 1974, "Permanent_": "{00CED673-1E7E-44E6-B784-FE9746AE1B7C}", "FDate": 1464220800000, "Resolution": 2, "GNIS_ID": " ", "GNIS_Name": " ", "LengthKM": 0.1008182, "ReachCode": "17090004022665", "FlowDir": 1, "WBArea_Per": " ", "FType": 460, "FCode": 46003, "MainPath": 0, "InNetwork": 1, "Visibility": 0, "Shape_Leng": 0.00106731, "Enabled": 1, "GlobalID": "66cea6bc-2bed-4228-b709-7cb9e8f92400", "Width": null, "Shape__Length": 100.72922627817397 }, "geometry": { "type": "LineString", "coordinates": [ [ -122.252653177414984, 44.206471987861704 ], [ -122.253019174827998, 44.206244067370598 ], [ -122.253271811494017, 44.205902993046891 ], [ -122.253446944217004, 44.205790228827397 ] ] } },
{ "type": "Feature", "properties": { "OBJECTID_1": 739, "OBJECTID": 5886, "Permanent_": "{92DF9C0E-2406-4BAB-AA9E-E423CABAA709}", "FDate": 1464220800000, "Resolution": 2, "GNIS_ID": " ", "GNIS_Name": " ", "LengthKM": 0.67016895, "ReachCode": "17090004022694", "FlowDir": 1, "WBArea_Per": " ", "FType": 460, "FCode": 46003, "MainPath": 0, "InNetwork": 1, "Visibility": 0, "Shape_Leng": 0.00707144, "Enabled": 1, "GlobalID": "a827875a-6ae1-49bd-b4a3-7ff2b5cdc00d", "Width": null, "Shape__Length": 669.5616316230396 }, "geometry": { "type": "LineString", "coordinates": [ [ -122.233605833368998, 44.219494447305983 ], [ -122.233974151591994, 44.219803237928005 ], [ -122.234382913335011, 44.220721568702103 ], [ -122.234601744285015, 44.221031407941894 ], [ -122.23506424208199, 44.221324165672499 ], [ -122.235420648314985, 44.221731121199497 ], [ -122.235778281464007, 44.222043421224598 ], [ -122.236006099078992, 44.222344417329893 ], [ -122.236312401824989, 44.222513293612593 ], [ -122.236425893670997, 44.222704433495508 ], [ -122.236767864567, 44.223026798320809 ], [ -122.237377357053006, 44.223384036748406 ], [ -122.237662651142003, 44.223463621895093 ], [ -122.238013519440003, 44.223800282586602 ], [ -122.238415583407999, 44.223904590343693 ], [ -122.238691813440013, 44.223903525438693 ] ] } },
{ "type": "Feature", "properties": { "OBJECTID_1": 740, "OBJECTID": 14230, "Permanent_": "{6272104A-7C07-4E05-A942-0BCA14FF4339}", "FDate": 1464220800000, "Resolution": 2, "GNIS_ID": " ", "GNIS_Name": " ", "LengthKM": 0.2004182, "ReachCode": "17090004023100", "FlowDir": 1, "WBArea_Per": " ", "FType": 460, "FCode": 46003, "MainPath": 0, "InNetwork": 1, "Visibility": 0, "Shape_Leng": 0.00245926, "Enabled": 1, "GlobalID": "30390e97-677e-41f0-8e98-9b6149dfaba2", "Width": null, "Shape__Length": 200.85356925333426 }, "geometry": { "type": "LineString", "coordinates": [ [ -122.16529098519301, 44.256148347150393 ], [ -122.16576055777098, 44.256051223089102 ], [ -122.165997792710002, 44.2559461474291 ], [ -122.166485304102991, 44.25591742710909 ], [ -122.166991327944999, 44.255804887800096 ], [ -122.167686073289005, 44.255928433599202 ] ] } },
{ "type": "Feature", "properties": { "OBJECTID_1": 741, "OBJECTID": 6159, "Permanent_": "{3CFBD8D5-70BF-49BF-9F45-BFAAC5176DA3}", "FDate": 1464220800000, "Resolution": 2, "GNIS_ID": " ", "GNIS_Name": " ", "LengthKM": 0.14045195, "ReachCode": "17090004023023", "FlowDir": 1, "WBArea_Per": " ", "FType": 460, "FCode": 46003, "MainPath": 0, "InNetwork": 1, "Visibility": 0, "Shape_Leng": 0.00134237, "Enabled": 1, "GlobalID": "8425985e-3fbb-4531-ac9e-986fc163b640", "Width": null, "Shape__Length": 140.09312465368072 }, "geometry": { "type": "LineString", "coordinates": [ [ -122.204454683438001, 44.2411516988534 ], [ -122.20438338345798, 44.240926659435694 ], [ -122.20401659373502, 44.240501874698502 ], [ -122.204006389454008, 44.239991223963187 ] ] } },
{ "type": "Feature", "properties": { "OBJECTID_1": 742, "OBJECTID": 14222, "Permanent_": "108055963", "FDate": 1464220800000, "Resolution": 2, "GNIS_ID": " ", "GNIS_Name": " ", "LengthKM": 0.36859015, "ReachCode": "17090004003763", "FlowDir": 1, "WBArea_Per": " ", "FType": 460, "FCode": 46003, "MainPath": 0, "InNetwork": 1, "Visibility": 0, "Shape_Leng": 0.00378718, "Enabled": 1, "GlobalID": "2ed2fb60-222d-4cf9-9341-4861ad8de283", "Width": null, "Shape__Length": 368.07757101943326 }, "geometry": { "type": "LineString", "coordinates": [ [ -122.169210986503018, 44.215547328042902 ], [ -122.168967462742003, 44.216017477919699 ], [ -122.168454201731009, 44.216409269645403 ], [ -122.167803983582999, 44.217313918230296 ], [ -122.16753865943501, 44.217564198899801 ], [ -122.167281205986995, 44.217928883373098 ], [ -122.166957560782009, 44.218138840995103 ], [ -122.166671253448001, 44.218169049650186 ] ] } },
{ "type": "Feature", "properties": { "OBJECTID_1": 743, "OBJECTID": 10239, "Permanent_": "161200677", "FDate": 1464220800000, "Resolution": 2, "GNIS_ID": "01124021", "GNIS_Name": "McRae Creek", "LengthKM": 0.26214433, "ReachCode": "17090004000326", "FlowDir": 1, "WBArea_Per": " ", "FType": 460, "FCode": 46006, "MainPath": 0, "InNetwork": 1, "Visibility": 0, "Shape_Leng": 0.00296185, "Enabled": 1, "GlobalID": "8e1966b1-d0e9-4bb1-8ef0-147c4c099078", "Width": 1.0, "Shape__Length": 262.25919598572898 }, "geometry": { "type": "LineString", "coordinates": [ [ -122.177126813157017, 44.249833033734603 ], [ -122.177277201557985, 44.249612026096294 ], [ -122.177415781229001, 44.249523199405893 ], [ -122.177798118020007, 44.249508600423894 ], [ -122.178097282007002, 44.249371058750505 ], [ -122.17855617720501, 44.249478891896409 ], [ -122.178861959103017, 44.249434421136804 ], [ -122.179105655133, 44.24927681261839 ], [ -122.17935724309902, 44.2489251959556 ], [ -122.179626295675007, 44.248818041736207 ] ] } },
{ "type": "Feature", "properties": { "OBJECTID_1": 744, "OBJECTID": 10368, "Permanent_": "{052495B7-8F68-43FB-A9E7-4F6BA9977CAB}", "FDate": 1464220800000, "Resolution": 2, "GNIS_ID": " ", "GNIS_Name": " ", "LengthKM": 0.1449465, "ReachCode": "17090004023072", "FlowDir": 1, "WBArea_Per": " ", "FType": 460, "FCode": 46003, "MainPath": 0, "InNetwork": 1, "Visibility": 0, "Shape_Leng": 0.00144975, "Enabled": 1, "GlobalID": "d9eceed1-c793-408b-8182-0f177b664bd6", "Width": null, "Shape__Length": 144.68490280788794 }, "geometry": { "type": "LineString", "coordinates": [ [ -122.160689322956998, 44.250591919144895 ], [ -122.160984998022016, 44.250844811064098 ], [ -122.161165802467011, 44.251226311379604 ], [ -122.161226580098997, 44.251516509398606 ], [ -122.161510840516996, 44.251693881050095 ] ] } },
{ "type": "Feature", "properties": { "OBJECTID_1": 745, "OBJECTID": 14217, "Permanent_": "{9917B00A-5314-454A-934D-AB0CB90A087C}", "FDate": 1464220800000, "Resolution": 2, "GNIS_ID": " ", "GNIS_Name": " ", "LengthKM": 0.26952792, "ReachCode": "17090004024524", "FlowDir": 1, "WBArea_Per": " ", "FType": 460, "FCode": 46003, "MainPath": 0, "InNetwork": 1, "Visibility": 0, "Shape_Leng": 0.00255127, "Enabled": 1, "GlobalID": "20f8ef56-229a-48b3-b4e4-8a51d817e7d9", "Width": null, "Shape__Length": 268.78528992456251 }, "geometry": { "type": "LineString", "coordinates": [ [ -122.151886713194997, 44.207303423456494 ], [ -122.151318091077002, 44.208142548101691 ], [ -122.150964565327016, 44.208972374008596 ], [ -122.150800057908, 44.209568984652989 ] ] } },
{ "type": "Feature", "properties": { "OBJECTID_1": 746, "OBJECTID": 6420, "Permanent_": "{14B250FA-ADE3-4D14-AB2B-3CA417D16C42}", "FDate": 1464220800000, "Resolution": 2, "GNIS_ID": "01124021", "GNIS_Name": "McRae Creek", "LengthKM": 0.08398244, "ReachCode": "17090004000326", "FlowDir": 1, "WBArea_Per": " ", "FType": 460, "FCode": 46006, "MainPath": 0, "InNetwork": 1, "Visibility": 0, "Shape_Leng": 0.0009167, "Enabled": 1, "GlobalID": "45b95e9f-6576-4d16-85aa-614de6c4836d", "Width": 1.0, "Shape__Length": 83.961209752578597 }, "geometry": { "type": "LineString", "coordinates": [ [ -122.150864764809981, 44.266785669590803 ], [ -122.151135423951999, 44.266448643118999 ], [ -122.151587061027996, 44.266298685415492 ] ] } },
{ "type": "Feature", "properties": { "OBJECTID_1": 747, "OBJECTID": 26101, "Permanent_": "{7AAA0BC1-EE1E-4F46-BA1E-51E064589068}", "FDate": 1464220800000, "Resolution": 2, "GNIS_ID": " ", "GNIS_Name": " ", "LengthKM": 0.14535748, "ReachCode": "17090004023125", "FlowDir": 1, "WBArea_Per": " ", "FType": 460, "FCode": 46003, "MainPath": 0, "InNetwork": 1, "Visibility": 0, "Shape_Leng": 0.0014098, "Enabled": 1, "GlobalID": "a66129f7-e389-4457-b085-9f50e5dbb670", "Width": null, "Shape__Length": 145.02294645298682 }, "geometry": { "type": "LineString", "coordinates": [ [ -122.15447681217502, 44.266819721256404 ], [ -122.154152316601994, 44.266371320633205 ], [ -122.154049298252005, 44.266140344926306 ], [ -122.153818906205004, 44.265904431848391 ], [ -122.153793385314017, 44.265640840173589 ] ] } },
{ "type": "Feature", "properties": { "OBJECTID_1": 748, "OBJECTID": 5882, "Permanent_": "{D72461AD-8E34-40BD-BCF0-DC01B843B81B}", "FDate": 1464220800000, "Resolution": 2, "GNIS_ID": " ", "GNIS_Name": " ", "LengthKM": 0.02064968, "ReachCode": "17090004022692", "FlowDir": 1, "WBArea_Per": "108067939", "FType": 558, "FCode": 55800, "MainPath": 0, "InNetwork": 1, "Visibility": 0, "Shape_Leng": 0.00025675, "Enabled": 1, "GlobalID": "3e4596ea-047f-4614-805e-bdd5121ad6b7", "Width": null, "Shape__Length": 20.702476041513926 }, "geometry": { "type": "LineString", "coordinates": [ [ -122.241496913407005, 44.222330647845595 ], [ -122.241751021791998, 44.222296088234799 ] ] } },
{ "type": "Feature", "properties": { "OBJECTID_1": 749, "OBJECTID": 13820, "Permanent_": "{373D7B19-709C-4F62-988D-E3257DF58FF3}", "FDate": 1464220800000, "Resolution": 2, "GNIS_ID": " ", "GNIS_Name": " ", "LengthKM": 0.35338956, "ReachCode": "17090004003745", "FlowDir": 1, "WBArea_Per": " ", "FType": 460, "FCode": 46006, "MainPath": 0, "InNetwork": 1, "Visibility": 0, "Shape_Leng": 0.00395851, "Enabled": 1, "GlobalID": "9d1f1dff-57c9-4356-bbe7-695c3f30cc6d", "Width": null, "Shape__Length": 353.47875237855663 }, "geometry": { "type": "LineString", "coordinates": [ [ -122.209685885878983, 44.232290288845199 ], [ -122.209993037952998, 44.232632082246589 ], [ -122.210343056708012, 44.232760333597895 ], [ -122.210467646341982, 44.232716263844388 ], [ -122.210696236942994, 44.232517556624003 ], [ -122.211375126435996, 44.232308664616205 ], [ -122.211683968434997, 44.232128683113785 ], [ -122.211815912130007, 44.23217562294451 ], [ -122.211949438838005, 44.232387137945395 ], [ -122.21224498412802, 44.232525719568997 ], [ -122.212785588225017, 44.232404329185698 ], [ -122.212935618382005, 44.232273822056385 ], [ -122.212976415323013, 44.232162318625093 ] ] } },
{ "type": "Feature", "properties": { "OBJECTID_1": 750, "OBJECTID": 2117, "Permanent_": "161200629", "FDate": 1464220800000, "Resolution": 2, "GNIS_ID": " ", "GNIS_Name": " ", "LengthKM": 0.74753381, "ReachCode": "17090004000616", "FlowDir": 1, "WBArea_Per": " ", "FType": 460, "FCode": 46006, "MainPath": 0, "InNetwork": 1, "Visibility": 0, "Shape_Leng": 0.0083643, "Enabled": 1, "GlobalID": "f293dcf6-d8e9-4439-8c47-81b02db0dc06", "Width": null, "Shape__Length": 747.70439072586794 }, "geometry": { "type": "LineString", "coordinates": [ [ -122.214598997115999, 44.21399275772319 ], [ -122.214697558704998, 44.214081812934801 ], [ -122.215004287667981, 44.214145330743406 ], [ -122.215158668713016, 44.214371622362009 ], [ -122.215702289247005, 44.214722291420308 ], [ -122.215923307414016, 44.215106096660207 ], [ -122.216114307767981, 44.215296993046394 ], [ -122.216749033057994, 44.215595981152298 ], [ -122.217248007026015, 44.215605853031498 ], [ -122.217633663486012, 44.21567698915139 ], [ -122.219050846721984, 44.21643894249641 ], [ -122.219512763828988, 44.216746654216003 ], [ -122.219795054507998, 44.216833578594191 ], [ -122.219921182278, 44.216967736014801 ], [ -122.220142624146987, 44.217038275108202 ], [ -122.220488462593991, 44.217450655834689 ], [ -122.220731085550995, 44.217639585585495 ], [ -122.221107020174998, 44.217744412622189 ], [ -122.221417257660008, 44.217929529930203 ], [ -122.221589191049006, 44.217956718049592 ] ] } },
{ "type": "Feature", "properties": { "OBJECTID_1": 751, "OBJECTID": 26190, "Permanent_": "{C1E4B6F0-7A51-4112-91DF-8887745CA081}", "FDate": 1464220800000, "Resolution": 2, "GNIS_ID": " ", "GNIS_Name": " ", "LengthKM": 0.40739638, "ReachCode": "17090004022922", "FlowDir": 1, "WBArea_Per": " ", "FType": 460, "FCode": 46006, "MainPath": 0, "InNetwork": 1, "Visibility": 0, "Shape_Leng": 0.00398612, "Enabled": 1, "GlobalID": "6d52b429-d3ed-4fdd-901e-90e000858037", "Width": null, "Shape__Length": 406.50626374626796 }, "geometry": { "type": "LineString", "coordinates": [ [ -122.147741121343003, 44.240135159224906 ], [ -122.147588275462994, 44.239957431882509 ], [ -122.147539865026019, 44.239741910865597 ], [ -122.147223371185007, 44.239457365137007 ], [ -122.147216100244009, 44.239118203557915 ], [ -122.147128569844, 44.238831654685498 ], [ -122.147316033791014, 44.23852516154269 ], [ -122.147633911212012, 44.238229989460187 ], [ -122.14774143307902, 44.237832208046996 ], [ -122.147631359315, 44.237622437245093 ], [ -122.147055110669001, 44.237088796381691 ], [ -122.147006436498998, 44.236892510004218 ] ] } },
{ "type": "Feature", "properties": { "OBJECTID_1": 752, "OBJECTID": 25520, "Permanent_": "{0C55F72B-ECE6-4F9A-AB4A-2B92890E8D1B}", "FDate": 1464220800000, "Resolution": 2, "GNIS_ID": " ", "GNIS_Name": " ", "LengthKM": 0.02123776, "ReachCode": "17090004022669", "FlowDir": 1, "WBArea_Per": " ", "FType": 460, "FCode": 46003, "MainPath": 0, "InNetwork": 1, "Visibility": 0, "Shape_Leng": 0.00020457, "Enabled": 1, "GlobalID": "86e3b9f4-99d0-4131-a998-6c088849bce9", "Width": null, "Shape__Length": 21.184967688161102 }, "geometry": { "type": "LineString", "coordinates": [ [ -122.243304412873016, 44.211009819937203 ], [ -122.243370431874993, 44.211130136928595 ], [ -122.243336199693985, 44.2111832115515 ] ] } },
{ "type": "Feature", "properties": { "OBJECTID_1": 753, "OBJECTID": 25514, "Permanent_": "161200424", "FDate": 1464220800000, "Resolution": 2, "GNIS_ID": " ", "GNIS_Name": " ", "LengthKM": 0.13858029, "ReachCode": "17090004014610", "FlowDir": 1, "WBArea_Per": " ", "FType": 460, "FCode": 46003, "MainPath": 0, "InNetwork": 1, "Visibility": 0, "Shape_Leng": 0.00136785, "Enabled": 1, "GlobalID": "a1079abf-0c46-4fd6-bc1d-9649ab2e293f", "Width": null, "Shape__Length": 138.28754987439711 }, "geometry": { "type": "LineString", "coordinates": [ [ -122.250069490903016, 44.202844193378503 ], [ -122.249734006173981, 44.203255145760899 ], [ -122.249423068281004, 44.203822270664389 ], [ -122.249279496716994, 44.203933799265492 ] ] } },
{ "type": "Feature", "properties": { "OBJECTID_1": 754, "OBJECTID": 2564, "Permanent_": "{CE89F669-C1F9-4C58-847A-825435242297}", "FDate": 1464220800000, "Resolution": 2, "GNIS_ID": " ", "GNIS_Name": " ", "LengthKM": 0.32400752, "ReachCode": "17090004023117", "FlowDir": 1, "WBArea_Per": " ", "FType": 460, "FCode": 46003, "MainPath": 0, "InNetwork": 1, "Visibility": 0, "Shape_Leng": 0.00310176, "Enabled": 1, "GlobalID": "9bef0f9c-7b69-40c1-ae45-92b5894b3527", "Width": null, "Shape__Length": 323.19743650238428 }, "geometry": { "type": "LineString", "coordinates": [ [ -122.16670015701898, 44.264465317857201 ], [ -122.166836610467001, 44.26391773659541 ], [ -122.167291325603017, 44.2630923866502 ], [ -122.167586166178012, 44.262784282723594 ], [ -122.167720128314997, 44.262522419694392 ], [ -122.167694703114989, 44.262366800952492 ], [ -122.16744733792298, 44.262103640965307 ], [ -122.16747712245801, 44.261787337125888 ] ] } },
{ "type": "Feature", "properties": { "OBJECTID_1": 755, "OBJECTID": 6290, "Permanent_": "{3B0C1B3F-0AA8-4C3D-AB1F-8FE6CBC6FB42}", "FDate": 1464220800000, "Resolution": 2, "GNIS_ID": " ", "GNIS_Name": " ", "LengthKM": 0.19427369, "ReachCode": "17090004022885", "FlowDir": 1, "WBArea_Per": " ", "FType": 460, "FCode": 46003, "MainPath": 0, "InNetwork": 1, "Visibility": 0, "Shape_Leng": 0.00198009, "Enabled": 1, "GlobalID": "8555d0c1-53a0-46a2-9c50-25005727c02e", "Width": null, "Shape__Length": 193.99321547757222 }, "geometry": { "type": "LineString", "coordinates": [ [ -122.172534272503995, 44.241613621305198 ], [ -122.172402671924985, 44.240990154728394 ], [ -122.172114361582018, 44.240523486505701 ], [ -122.171694713587996, 44.240324876164195 ], [ -122.171392519901019, 44.2402457961579 ] ] } },
{ "type": "Feature", "properties": { "OBJECTID_1": 756, "OBJECTID": 14107, "Permanent_": "{B4B8BEF6-4829-48E3-8C0F-8783B491BE2B}", "FDate": 1464220800000, "Resolution": 2, "GNIS_ID": " ", "GNIS_Name": " ", "LengthKM": 0.02606704, "ReachCode": "17090004023000", "FlowDir": 1, "WBArea_Per": " ", "FType": 460, "FCode": 46003, "MainPath": 0, "InNetwork": 1, "Visibility": 0, "Shape_Leng": 0.00023509, "Enabled": 1, "GlobalID": "f00e257b-05d7-434f-afb6-c58d809973b2", "Width": null, "Shape__Length": 25.980138716503635 }, "geometry": { "type": "LineString", "coordinates": [ [ -122.174030265929019, 44.263027811228994 ], [ -122.173996192486001, 44.262795207340403 ] ] } },
{ "type": "Feature", "properties": { "OBJECTID_1": 757, "OBJECTID": 2250, "Permanent_": "{5BC6FAFC-A5E2-460C-AF1F-CFC5B2A9672A}", "FDate": 1464220800000, "Resolution": 2, "GNIS_ID": " ", "GNIS_Name": " ", "LengthKM": 0.17882382, "ReachCode": "17090004023039", "FlowDir": 1, "WBArea_Per": " ", "FType": 460, "FCode": 46003, "MainPath": 0, "InNetwork": 1, "Visibility": 0, "Shape_Leng": 0.00205785, "Enabled": 1, "GlobalID": "353a072b-f2d3-49b8-8146-aa488d965020", "Width": null, "Shape__Length": 178.96384230876799 }, "geometry": { "type": "LineString", "coordinates": [ [ -122.203691227066003, 44.244787885267591 ], [ -122.203347512746006, 44.244777873830692 ], [ -122.20300514639699, 44.244663123312691 ], [ -122.202597469846012, 44.244440970757694 ], [ -122.202275741449981, 44.244324592105407 ], [ -122.202055127234999, 44.244068098743803 ], [ -122.201874391122004, 44.24397793855951 ] ] } },
{ "type": "Feature", "properties": { "OBJECTID_1": 758, "OBJECTID": 25967, "Permanent_": "{245F1286-BD54-410C-91F2-B79E934E822B}", "FDate": 1464220800000, "Resolution": 2, "GNIS_ID": " ", "GNIS_Name": " ", "LengthKM": 0.12915418, "ReachCode": "17090004023103", "FlowDir": 1, "WBArea_Per": " ", "FType": 460, "FCode": 46003, "MainPath": 0, "InNetwork": 1, "Visibility": 0, "Shape_Leng": 0.00119238, "Enabled": 1, "GlobalID": "b4605dd7-d339-4b65-8016-79a0b1b20ad5", "Width": null, "Shape__Length": 128.76195079360522 }, "geometry": { "type": "LineString", "coordinates": [ [ -122.177829912989012, 44.256413546744497 ], [ -122.177966537520007, 44.255885314631286 ], [ -122.17815375126402, 44.255505994426308 ], [ -122.178143744764, 44.255291875990395 ] ] } },
{ "type": "Feature", "properties": { "OBJECTID_1": 759, "OBJECTID": 1980, "Permanent_": "{9333094A-9C89-4AB0-9B77-0007ABF33A11}", "FDate": 1464220800000, "Resolution": 2, "GNIS_ID": " ", "GNIS_Name": " ", "LengthKM": 0.36699606, "ReachCode": "17090004022250", "FlowDir": 1, "WBArea_Per": " ", "FType": 460, "FCode": 46003, "MainPath": 0, "InNetwork": 1, "Visibility": 0, "Shape_Leng": 0.00430445, "Enabled": 1, "GlobalID": "97447325-7133-4389-b557-6e6a54e6c82d", "Width": null, "Shape__Length": 367.43545345372428 }, "geometry": { "type": "LineString", "coordinates": [ [ -122.248566224260998, 44.222775681107983 ], [ -122.248150457969999, 44.222574319988993 ], [ -122.247711349787011, 44.222447125419507 ], [ -122.247385105126995, 44.222277335322296 ], [ -122.246827321388011, 44.222162576497794 ], [ -122.246283602485008, 44.221875657939698 ], [ -122.245552523480015, 44.221660758931797 ], [ -122.245061213068993, 44.221611408823399 ], [ -122.244623394411008, 44.221247861423983 ] ] } },
{ "type": "Feature", "properties": { "OBJECTID_1": 760, "OBJECTID": 17539, "Permanent_": "{6E3D5866-3B05-40DB-A473-41711C868A21}", "FDate": 1464220800000, "Resolution": 2, "GNIS_ID": " ", "GNIS_Name": " ", "LengthKM": 0.3529007, "ReachCode": "17090004022677", "FlowDir": 1, "WBArea_Per": " ", "FType": 460, "FCode": 46003, "MainPath": 0, "InNetwork": 1, "Visibility": 0, "Shape_Leng": 0.00390443, "Enabled": 1, "GlobalID": "545b0fc9-28e0-4d83-95bb-b954af743c66", "Width": null, "Shape__Length": 352.9168063210754 }, "geometry": { "type": "LineString", "coordinates": [ [ -122.256103553827984, 44.215282508944497 ], [ -122.255508873809006, 44.214919098544499 ], [ -122.255163710904, 44.214587717678597 ], [ -122.254982684282993, 44.214337097733384 ], [ -122.254247797562002, 44.214226911609003 ], [ -122.253790775111, 44.214040118779501 ], [ -122.253339657961021, 44.213999924087197 ], [ -122.253248566495998, 44.213857181519096 ], [ -122.253261728770013, 44.213535271705297 ], [ -122.253203711292983, 44.213461278171593 ], [ -122.253086073389994, 44.213441923847192 ] ] } },
{ "type": "Feature", "properties": { "OBJECTID_1": 761, "OBJECTID": 29667, "Permanent_": "{AA3B5B79-D6D6-4CA2-B84F-6A250288FA1A}", "FDate": 1464220800000, "Resolution": 2, "GNIS_ID": " ", "GNIS_Name": " ", "LengthKM": 0.21918307, "ReachCode": "17090004022746", "FlowDir": 1, "WBArea_Per": " ", "FType": 460, "FCode": 46003, "MainPath": 0, "InNetwork": 1, "Visibility": 0, "Shape_Leng": 0.00252537, "Enabled": 1, "GlobalID": "73a1a6a5-36ec-475f-a682-b92f8148e04e", "Width": null, "Shape__Length": 219.35666595356199 }, "geometry": { "type": "LineString", "coordinates": [ [ -122.220174715799999, 44.2399729312407 ], [ -122.219649652558005, 44.239791821339686 ], [ -122.218857718541997, 44.239204141551596 ], [ -122.217925539749004, 44.238922118593699 ] ] } },
{ "type": "Feature", "properties": { "OBJECTID_1": 762, "OBJECTID": 25820, "Permanent_": "{6D4B326B-8D7C-4020-85A2-A11D072EEAFA}", "FDate": 1464220800000, "Resolution": 2, "GNIS_ID": "01123461", "GNIS_Name": "Lookout Creek", "LengthKM": 0.13364368, "ReachCode": "17090004000322", "FlowDir": 1, "WBArea_Per": " ", "FType": 460, "FCode": 46006, "MainPath": 0, "InNetwork": 1, "Visibility": 0, "Shape_Leng": 0.00163588, "Enabled": 1, "GlobalID": "2b8377fe-8c87-428d-b16c-105c5932b038", "Width": 1.0, "Shape__Length": 133.932288235203 }, "geometry": { "type": "LineString", "coordinates": [ [ -122.202970208108013, 44.2328388655936 ], [ -122.203269944594012, 44.232975763865603 ], [ -122.203668857872017, 44.233042443336693 ], [ -122.204330312069999, 44.232954224193904 ], [ -122.204559228812997, 44.232980640084698 ] ] } },
{ "type": "Feature", "properties": { "OBJECTID_1": 763, "OBJECTID": 9931, "Permanent_": "161200432", "FDate": 1464220800000, "Resolution": 2, "GNIS_ID": " ", "GNIS_Name": " ", "LengthKM": 0.71172658, "ReachCode": "17090004000616", "FlowDir": 1, "WBArea_Per": " ", "FType": 460, "FCode": 46006, "MainPath": 0, "InNetwork": 1, "Visibility": 0, "Shape_Leng": 0.00678525, "Enabled": 1, "GlobalID": "a483bf69-689b-489e-9f05-7d9d95c3bda4", "Width": null, "Shape__Length": 709.86512989370533 }, "geometry": { "type": "LineString", "coordinates": [ [ -122.223818738228005, 44.219900747099899 ], [ -122.223882654467985, 44.220035707176194 ], [ -122.223885966268, 44.220432192761997 ], [ -122.223795026830018, 44.22092867318289 ], [ -122.223796226323003, 44.22144728360329 ], [ -122.22363806173, 44.221783919085503 ], [ -122.223881492277997, 44.222270733331996 ], [ -122.223937993332996, 44.22263983157459 ], [ -122.224088986458995, 44.222868388097687 ], [ -122.224379265383007, 44.223127626689603 ], [ -122.224461708237996, 44.22352453677739 ], [ -122.224693852582021, 44.2239562660899 ], [ -122.224933400665009, 44.224240690878396 ], [ -122.225442236701994, 44.224632519334399 ], [ -122.225604145437003, 44.224965096142398 ], [ -122.225680692026003, 44.225415379926993 ], [ -122.225434095282012, 44.225670032598501 ], [ -122.225405137368014, 44.225793633772092 ] ] } },
{ "type": "Feature", "properties": { "OBJECTID_1": 764, "OBJECTID": 26097, "Permanent_": "{9E2B672A-BD3E-497F-9210-D5DA1B638196}", "FDate": 1464220800000, "Resolution": 2, "GNIS_ID": " ", "GNIS_Name": " ", "LengthKM": 0.23028892, "ReachCode": "17090004001627", "FlowDir": 1, "WBArea_Per": " ", "FType": 460, "FCode": 46006, "MainPath": 0, "InNetwork": 1, "Visibility": 0, "Shape_Leng": 0.00241136, "Enabled": 1, "GlobalID": "a2cef229-d827-4dfd-b26a-f186d99d1119", "Width": null, "Shape__Length": 230.06319250999931 }, "geometry": { "type": "LineString", "coordinates": [ [ -122.160033313143003, 44.269897450264402 ], [ -122.160192683614994, 44.269143782342695 ], [ -122.160703225658992, 44.268931791814801 ], [ -122.160952660247005, 44.268683084498015 ], [ -122.161592795417988, 44.268351478261302 ] ] } },
{ "type": "Feature", "properties": { "OBJECTID_1": 765, "OBJECTID": 10484, "Permanent_": "{15B3B6DA-0895-47FC-9BCC-A87EDA3F7841}", "FDate": 1464220800000, "Resolution": 2, "GNIS_ID": " ", "GNIS_Name": " ", "LengthKM": 0.64186945, "ReachCode": "17090004023138", "FlowDir": 1, "WBArea_Per": " ", "FType": 460, "FCode": 46003, "MainPath": 0, "InNetwork": 1, "Visibility": 0, "Shape_Leng": 0.0078283, "Enabled": 1, "GlobalID": "d937fcf8-ff5b-4ffe-b00b-b04894536812", "Width": null, "Shape__Length": 643.1613964023403 }, "geometry": { "type": "LineString", "coordinates": [ [ -122.136438276798003, 44.269094890257001 ], [ -122.13831445852702, 44.269449113567099 ], [ -122.138798606986995, 44.269491766077799 ], [ -122.141014383173996, 44.270060165833598 ], [ -122.141656942515013, 44.270068061688093 ], [ -122.14203700398302, 44.27016140133329 ], [ -122.142314817085008, 44.270180554787395 ], [ -122.142548694900015, 44.2701419463747 ], [ -122.142788678518002, 44.269943843755492 ], [ -122.142954752285007, 44.269893804040997 ], [ -122.143298113499995, 44.269886848272087 ], [ -122.143629051465993, 44.269719223424417 ], [ -122.143791546144001, 44.269701668394497 ], [ -122.143991329363018, 44.269742279532309 ] ] } },
{ "type": "Feature", "properties": { "OBJECTID_1": 766, "OBJECTID": 29379, "Permanent_": "{E063F749-FFB5-45C6-91E9-CF380D41E52B}", "FDate": 1464220800000, "Resolution": 2, "GNIS_ID": " ", "GNIS_Name": " ", "LengthKM": 0.11327607, "ReachCode": "17090004023202", "FlowDir": 1, "WBArea_Per": " ", "FType": 460, "FCode": 46003, "MainPath": 0, "InNetwork": 1, "Visibility": 0, "Shape_Leng": 0.00141188, "Enabled": 1, "GlobalID": "296d70eb-6243-4ab7-9344-fb4d4b898954", "Width": null, "Shape__Length": 113.57374810730423 }, "geometry": { "type": "LineString", "coordinates": [ [ -122.258060758979013, 44.217769460702101 ], [ -122.258643123102004, 44.217747890633497 ], [ -122.259112125013004, 44.217834536652092 ], [ -122.259461837168004, 44.217850576395684 ] ] } },
{ "type": "Feature", "properties": { "OBJECTID_1": 767, "OBJECTID": 2803, "Permanent_": "{7185E471-4EA4-4087-A322-5501D770E7F2}", "FDate": 1464220800000, "Resolution": 2, "GNIS_ID": " ", "GNIS_Name": " ", "LengthKM": 0.09550986, "ReachCode": "17090004022959", "FlowDir": 1, "WBArea_Per": " ", "FType": 460, "FCode": 46003, "MainPath": 0, "InNetwork": 1, "Visibility": 0, "Shape_Leng": 0.00105332, "Enabled": 1, "GlobalID": "4879568f-534a-4b78-ac06-dfff7db64649", "Width": null, "Shape__Length": 95.498666374592744 }, "geometry": { "type": "LineString", "coordinates": [ [ -122.111992585319996, 44.232880281100591 ], [ -122.112867120732005, 44.232297003456601 ] ] } },
{ "type": "Feature", "properties": { "OBJECTID_1": 768, "OBJECTID": 10079, "Permanent_": "{1EC5B51F-87BB-48A2-882C-7A9AC4AFDF6C}", "FDate": 1464220800000, "Resolution": 2, "GNIS_ID": " ", "GNIS_Name": " ", "LengthKM": 0.0357382, "ReachCode": "17090004023033", "FlowDir": 1, "WBArea_Per": " ", "FType": 460, "FCode": 46003, "MainPath": 0, "InNetwork": 1, "Visibility": 0, "Shape_Leng": 0.00038227, "Enabled": 1, "GlobalID": "f624cd08-442d-44dd-a05f-515f78351a91", "Width": null, "Shape__Length": 35.713042636857537 }, "geometry": { "type": "LineString", "coordinates": [ [ -122.206073269373007, 44.243661383959001 ], [ -122.205777624583007, 44.243422627327 ] ] } },
{ "type": "Feature", "properties": { "OBJECTID_1": 769, "OBJECTID": 29656, "Permanent_": "108055863", "FDate": 1464220800000, "Resolution": 2, "GNIS_ID": " ", "GNIS_Name": " ", "LengthKM": 0.17729807, "ReachCode": "17090004003744", "FlowDir": 1, "WBArea_Per": " ", "FType": 460, "FCode": 46003, "MainPath": 0, "InNetwork": 1, "Visibility": 0, "Shape_Leng": 0.00202306, "Enabled": 1, "GlobalID": "7eb2a9e5-2f3f-423b-9f52-f02bc0c1522c", "Width": null, "Shape__Length": 177.40915148611805 }, "geometry": { "type": "LineString", "coordinates": [ [ -122.227111796368987, 44.232196908993792 ], [ -122.227658247876008, 44.23170437374629 ], [ -122.227903466702998, 44.23154340360832 ], [ -122.228370197727017, 44.231531609469798 ], [ -122.228870153456995, 44.231411455579 ] ] } },
{ "type": "Feature", "properties": { "OBJECTID_1": 770, "OBJECTID": 25956, "Permanent_": "{9DF346E7-C9BA-4255-8FD9-D0808FC0DA30}", "FDate": 1464220800000, "Resolution": 2, "GNIS_ID": " ", "GNIS_Name": " ", "LengthKM": 0.28028321, "ReachCode": "17090004023067", "FlowDir": 1, "WBArea_Per": " ", "FType": 460, "FCode": 46003, "MainPath": 0, "InNetwork": 1, "Visibility": 0, "Shape_Leng": 0.00291352, "Enabled": 1, "GlobalID": "7f4be492-d8f3-492e-9765-f9bffd676fa4", "Width": null, "Shape__Length": 279.95342465005348 }, "geometry": { "type": "LineString", "coordinates": [ [ -122.187900366106021, 44.2505854372234 ], [ -122.187910863854995, 44.250422324570195 ], [ -122.188130427350998, 44.250021215853792 ], [ -122.188477829353005, 44.249768635943497 ], [ -122.189041810969997, 44.249465987958999 ], [ -122.189881069394986, 44.248612458576297 ] ] } },
{ "type": "Feature", "properties": { "OBJECTID_1": 771, "OBJECTID": 10370, "Permanent_": "{6E1C7000-F182-4CD1-A531-03D71EEC819C}", "FDate": 1464220800000, "Resolution": 2, "GNIS_ID": " ", "GNIS_Name": " ", "LengthKM": 0.12349892, "ReachCode": "17090004023075", "FlowDir": 1, "WBArea_Per": " ", "FType": 460, "FCode": 46003, "MainPath": 0, "InNetwork": 1, "Visibility": 0, "Shape_Leng": 0.00141268, "Enabled": 1, "GlobalID": "aaf59e74-f35f-4cbd-9889-fe657e5b7608", "Width": null, "Shape__Length": 123.57744711761214 }, "geometry": { "type": "LineString", "coordinates": [ [ -122.157734912529008, 44.251526034857783 ], [ -122.157923295364995, 44.251697451528401 ], [ -122.15850434240501, 44.252027484020097 ], [ -122.158737106282004, 44.252105581594201 ], [ -122.158977807080007, 44.252082355197601 ] ] } },
{ "type": "Feature", "properties": { "OBJECTID_1": 772, "OBJECTID": 26080, "Permanent_": "{6627AC73-4ECB-4CD4-9B0D-926BC3750F4C}", "FDate": 1464220800000, "Resolution": 2, "GNIS_ID": "01123461", "GNIS_Name": "Lookout Creek", "LengthKM": 0.05998967, "ReachCode": "17090004000323", "FlowDir": 1, "WBArea_Per": " ", "FType": 460, "FCode": 46006, "MainPath": 0, "InNetwork": 1, "Visibility": 0, "Shape_Leng": 0.00069211, "Enabled": 1, "GlobalID": "1c653e95-6861-4373-ac0f-ff30a2835bb7", "Width": 1.0, "Shape__Length": 60.040321581125035 }, "geometry": { "type": "LineString", "coordinates": [ [ -122.160439196718002, 44.231800330961306 ], [ -122.160503391935009, 44.231726229055297 ], [ -122.161052642995003, 44.231512232248299 ] ] } },
{ "type": "Feature", "properties": { "OBJECTID_1": 773, "OBJECTID": 2399, "Permanent_": "{F7B7B5A2-DDC7-455D-A1EA-5C8413395968}", "FDate": 1464220800000, "Resolution": 2, "GNIS_ID": " ", "GNIS_Name": " ", "LengthKM": 0.14181204, "ReachCode": "17090004022865", "FlowDir": 1, "WBArea_Per": " ", "FType": 460, "FCode": 46003, "MainPath": 0, "InNetwork": 1, "Visibility": 0, "Shape_Leng": 0.00137966, "Enabled": 1, "GlobalID": "8688a7ab-3d2c-42be-8679-3710ee5ce22e", "Width": null, "Shape__Length": 141.49251561448511 }, "geometry": { "type": "LineString", "coordinates": [ [ -122.177657748146999, 44.234915086581296 ], [ -122.177801466488006, 44.234131653792197 ], [ -122.178254268421, 44.233787901459607 ] ] } },
{ "type": "Feature", "properties": { "OBJECTID_1": 774, "OBJECTID": 30046, "Permanent_": "{C61C5768-75B8-4190-9667-6FCDFE961D7A}", "FDate": 1464220800000, "Resolution": 2, "GNIS_ID": " ", "GNIS_Name": " ", "LengthKM": 0.07820134, "ReachCode": "17090004022815", "FlowDir": 1, "WBArea_Per": " ", "FType": 460, "FCode": 46003, "MainPath": 0, "InNetwork": 1, "Visibility": 0, "Shape_Leng": 0.00079325, "Enabled": 1, "GlobalID": "d91022b0-b6f6-4dd5-ac6c-492de51c1bbc", "Width": null, "Shape__Length": 78.071834919963138 }, "geometry": { "type": "LineString", "coordinates": [ [ -122.164950753809009, 44.208999243908394 ], [ -122.164427664030995, 44.209588137688215 ] ] } },
{ "type": "Feature", "properties": { "OBJECTID_1": 775, "OBJECTID": 21487, "Permanent_": "161200744", "FDate": 1464220800000, "Resolution": 2, "GNIS_ID": " ", "GNIS_Name": " ", "LengthKM": 0.17628178, "ReachCode": "17090004003757", "FlowDir": 1, "WBArea_Per": " ", "FType": 460, "FCode": 46003, "MainPath": 0, "InNetwork": 1, "Visibility": 0, "Shape_Leng": 0.00220154, "Enabled": 1, "GlobalID": "3e92cc78-61fb-4f02-bcc8-2187a99f5597", "Width": null, "Shape__Length": 176.75563662509262 }, "geometry": { "type": "LineString", "coordinates": [ [ -122.232010061745015, 44.214672460882802 ], [ -122.233096241772003, 44.214740230535497 ], [ -122.234199690007998, 44.214642870864992 ] ] } },
{ "type": "Feature", "properties": { "OBJECTID_1": 776, "OBJECTID": 13665, "Permanent_": "{3C63F4D6-642F-45F1-8EB2-5C5C15A98434}", "FDate": 1464220800000, "Resolution": 2, "GNIS_ID": " ", "GNIS_Name": " ", "LengthKM": 0.11086192, "ReachCode": "17090004003760", "FlowDir": 1, "WBArea_Per": " ", "FType": 460, "FCode": 46006, "MainPath": 0, "InNetwork": 1, "Visibility": 0, "Shape_Leng": 0.00131459, "Enabled": 1, "GlobalID": "928c8b39-b36c-4747-bccc-1c4eb3be1935", "Width": null, "Shape__Length": 111.02408187295991 }, "geometry": { "type": "LineString", "coordinates": [ [ -122.240375562684989, 44.210559461411393 ], [ -122.240913621795997, 44.210850771733909 ], [ -122.241317773793995, 44.210883106739089 ], [ -122.241599425404019, 44.210810062660009 ] ] } },
{ "type": "Feature", "properties": { "OBJECTID_1": 777, "OBJECTID": 14221, "Permanent_": "{1999268A-DE58-40B7-AA2A-F5A6EFEFBC2C}", "FDate": 1476576000000, "Resolution": 2, "GNIS_ID": "01123660", "GNIS_Name": "Mack Creek", "LengthKM": 0.16180868, "ReachCode": "17090004000629", "FlowDir": 1, "WBArea_Per": " ", "FType": 460, "FCode": 46006, "MainPath": 0, "InNetwork": 1, "Visibility": 0, "Shape_Leng": 0.00156584, "Enabled": 1, "GlobalID": "c125c090-3822-45b5-aae2-768fddda9f61", "Width": 1.0, "Shape__Length": 161.42436025210313 }, "geometry": { "type": "LineString", "coordinates": [ [ -122.167988171136983, 44.222079173520008 ], [ -122.167893320177001, 44.222384463039788 ], [ -122.167613200625993, 44.222652115454608 ], [ -122.167617795812006, 44.222903079690006 ], [ -122.167438107549998, 44.223235248813189 ], [ -122.16757302683402, 44.2233873244123 ] ] } },
{ "type": "Feature", "properties": { "OBJECTID_1": 778, "OBJECTID": 6515, "Permanent_": "{1B47FCDA-7FC0-47CB-A70E-011B534BDAB6}", "FDate": 1464220800000, "Resolution": 2, "GNIS_ID": " ", "GNIS_Name": " ", "LengthKM": 0.52474258, "ReachCode": "17090004023162", "FlowDir": 1, "WBArea_Per": " ", "FType": 460, "FCode": 46003, "MainPath": 0, "InNetwork": 1, "Visibility": 0, "Shape_Leng": 0.00514245, "Enabled": 1, "GlobalID": "c4d6efe6-62c1-4127-bf0a-c65eddf1c5c5", "Width": null, "Shape__Length": 523.63501136119999 }, "geometry": { "type": "LineString", "coordinates": [ [ -122.148106871011009, 44.277062939216904 ], [ -122.147526080253002, 44.276604532170083 ], [ -122.147164805657013, 44.276059653006392 ], [ -122.14708789190702, 44.275754769433 ], [ -122.146817952518006, 44.275311490721791 ], [ -122.146699626643993, 44.275000400524 ], [ -122.146532412995015, 44.274837705890199 ], [ -122.146379576317003, 44.27445978082531 ], [ -122.146184684242002, 44.273422228912494 ], [ -122.145525830128008, 44.272906606797697 ] ] } },
{ "type": "Feature", "properties": { "OBJECTID_1": 779, "OBJECTID": 13809, "Permanent_": "{15835ABD-4E8C-41D7-8DAA-1FBFD4E01E85}", "FDate": 1464220800000, "Resolution": 2, "GNIS_ID": " ", "GNIS_Name": " ", "LengthKM": 0.47333128, "ReachCode": "17090004022739", "FlowDir": 1, "WBArea_Per": " ", "FType": 460, "FCode": 46003, "MainPath": 0, "InNetwork": 1, "Visibility": 0, "Shape_Leng": 0.00481471, "Enabled": 1, "GlobalID": "d038961d-939f-4e27-8c7f-258bac0919a7", "Width": null, "Shape__Length": 472.61564476352351 }, "geometry": { "type": "LineString", "coordinates": [ [ -122.223583456118007, 44.237372706489992 ], [ -122.222755585423002, 44.237110030427594 ], [ -122.222517969316996, 44.236802839663397 ], [ -122.222202634661983, 44.236644250381602 ], [ -122.221640422625995, 44.236141002885887 ], [ -122.221632641037999, 44.235674595785198 ], [ -122.22132229849602, 44.235240081804697 ], [ -122.221168098682, 44.234755631709909 ], [ -122.221258155081017, 44.234184533437301 ], [ -122.22149787400302, 44.233977343746304 ] ] } },
{ "type": "Feature", "properties": { "OBJECTID_1": 780, "OBJECTID": 26293, "Permanent_": "161200794", "FDate": 1464220800000, "Resolution": 2, "GNIS_ID": "01123461", "GNIS_Name": "Lookout Creek", "LengthKM": 0.14938648, "ReachCode": "17090004000324", "FlowDir": 1, "WBArea_Per": " ", "FType": 460, "FCode": 46006, "MainPath": 0, "InNetwork": 1, "Visibility": 0, "Shape_Leng": 0.00144534, "Enabled": 1, "GlobalID": "d6b32959-1224-46bf-9171-4085caacec83", "Width": 1.0, "Shape__Length": 149.03374647531174 }, "geometry": { "type": "LineString", "coordinates": [ [ -122.117062232674996, 44.220744901999311 ], [ -122.116956344467013, 44.221319262830995 ], [ -122.117157609998017, 44.221704412146501 ], [ -122.117315772839021, 44.221865202281101 ], [ -122.117481169550999, 44.22194626775989 ] ] } },
{ "type": "Feature", "properties": { "OBJECTID_1": 781, "OBJECTID": 2243, "Permanent_": "{17C27241-8143-49D8-885B-E94BF1065CEB}", "FDate": 1464220800000, "Resolution": 2, "GNIS_ID": "01123461", "GNIS_Name": "Lookout Creek", "LengthKM": 0.28146844, "ReachCode": "17090004000322", "FlowDir": 1, "WBArea_Per": " ", "FType": 460, "FCode": 46006, "MainPath": 0, "InNetwork": 1, "Visibility": 0, "Shape_Leng": 0.00326227, "Enabled": 1, "GlobalID": "5dbdae47-a2ee-4c29-b32f-8fb3cf0c67ca", "Width": 1.0, "Shape__Length": 281.73362407049274 }, "geometry": { "type": "LineString", "coordinates": [ [ -122.195783927067012, 44.233441816919303 ], [ -122.196596589100011, 44.233608650718089 ], [ -122.197081257743008, 44.233495200743597 ], [ -122.197953189168004, 44.233125257061893 ], [ -122.198432678482021, 44.23266956460639 ], [ -122.198705529706018, 44.232515463003693 ] ] } },
{ "type": "Feature", "properties": { "OBJECTID_1": 782, "OBJECTID": 10358, "Permanent_": "{6F4965FD-419E-4218-B30E-8D74FB28AF11}", "FDate": 1464220800000, "Resolution": 2, "GNIS_ID": " ", "GNIS_Name": " ", "LengthKM": 0.14646256, "ReachCode": "17090004022819", "FlowDir": 1, "WBArea_Per": " ", "FType": 460, "FCode": 46003, "MainPath": 0, "InNetwork": 1, "Visibility": 0, "Shape_Leng": 0.00151965, "Enabled": 1, "GlobalID": "0fd2870a-7c9e-4149-a2da-e5c73e61e528", "Width": null, "Shape__Length": 146.28059779055002 }, "geometry": { "type": "LineString", "coordinates": [ [ -122.161984509548006, 44.2098932807152 ], [ -122.162052664176002, 44.210091683426697 ], [ -122.163025702004987, 44.210939272728801 ] ] } },
{ "type": "Feature", "properties": { "OBJECTID_1": 783, "OBJECTID": 30161, "Permanent_": "161200591", "FDate": 1464220800000, "Resolution": 2, "GNIS_ID": " ", "GNIS_Name": " ", "LengthKM": 0.34147576, "ReachCode": "17090004000596", "FlowDir": 1, "WBArea_Per": " ", "FType": 460, "FCode": 46006, "MainPath": 0, "InNetwork": 1, "Visibility": 0, "Shape_Leng": 0.00349822, "Enabled": 1, "GlobalID": "cbe5fbc4-9a7f-4492-8892-15acf018376a", "Width": null, "Shape__Length": 341.0076816218305 }, "geometry": { "type": "LineString", "coordinates": [ [ -122.146635724019006, 44.2356850865391 ], [ -122.146783486123013, 44.235264329830102 ], [ -122.14694959361799, 44.235059580177591 ], [ -122.146952689645005, 44.2345461604096 ], [ -122.147210960294004, 44.234185441741587 ], [ -122.147610919056007, 44.233923091786806 ], [ -122.147662021299013, 44.233635030501702 ], [ -122.148614117592004, 44.233290045158796 ] ] } },
{ "type": "Feature", "properties": { "OBJECTID_1": 784, "OBJECTID": 22046, "Permanent_": "{3BE55998-D9B1-422F-B7D2-CD505EE15826}", "FDate": 1464220800000, "Resolution": 2, "GNIS_ID": " ", "GNIS_Name": " ", "LengthKM": 0.22558383, "ReachCode": "17090004022809", "FlowDir": 1, "WBArea_Per": " ", "FType": 460, "FCode": 46003, "MainPath": 0, "InNetwork": 1, "Visibility": 0, "Shape_Leng": 0.00217349, "Enabled": 1, "GlobalID": "fdd10476-211c-4f83-b73a-944c37de642a", "Width": null, "Shape__Length": 225.02687715405602 }, "geometry": { "type": "LineString", "coordinates": [ [ -122.155588502750021, 44.206989269705502 ], [ -122.156130489057986, 44.207816497999893 ], [ -122.156203054339983, 44.208450232954107 ], [ -122.156416595672994, 44.208740589823897 ], [ -122.156552690045018, 44.208828512108703 ] ] } },
{ "type": "Feature", "properties": { "OBJECTID_1": 785, "OBJECTID": 6284, "Permanent_": "{71DBB8B6-4328-4DD7-9409-0ADFAB576D42}", "FDate": 1464220800000, "Resolution": 2, "GNIS_ID": " ", "GNIS_Name": " ", "LengthKM": 0.20093815, "ReachCode": "17090004023082", "FlowDir": 1, "WBArea_Per": " ", "FType": 460, "FCode": 46003, "MainPath": 0, "InNetwork": 1, "Visibility": 0, "Shape_Leng": 0.0018417, "Enabled": 1, "GlobalID": "6e50e67e-d110-4943-af17-a972fdbc751a", "Width": null, "Shape__Length": 200.30695686845496 }, "geometry": { "type": "LineString", "coordinates": [ [ -122.188001186039997, 44.2529135797514 ], [ -122.187940302623019, 44.2525031626367 ], [ -122.188001802222999, 44.251692690945291 ], [ -122.188261435146998, 44.251154889419389 ] ] } },
{ "type": "Feature", "properties": { "OBJECTID_1": 786, "OBJECTID": 10470, "Permanent_": "161200054", "FDate": 1464220800000, "Resolution": 2, "GNIS_ID": " ", "GNIS_Name": " ", "LengthKM": 0.46708951, "ReachCode": "17090004014623", "FlowDir": 1, "WBArea_Per": " ", "FType": 460, "FCode": 46003, "MainPath": 0, "InNetwork": 1, "Visibility": 0, "Shape_Leng": 0.00459987, "Enabled": 1, "GlobalID": "7491b03e-8faa-4eac-ada5-84ad15ee45e2", "Width": null, "Shape__Length": 466.12111516615494 }, "geometry": { "type": "LineString", "coordinates": [ [ -122.143676255029007, 44.227865315835992 ], [ -122.144030400562002, 44.228647066887994 ], [ -122.144229010418996, 44.228806977486101 ], [ -122.144655128961006, 44.229019464571003 ], [ -122.144953205814005, 44.229530659596797 ], [ -122.144895426957007, 44.229611676496901 ], [ -122.14459937994701, 44.229790059787099 ], [ -122.14450538029898, 44.229944965723895 ], [ -122.144448751683996, 44.23027131875601 ], [ -122.144097616460002, 44.230632820248701 ], [ -122.143975530296004, 44.230833297921095 ], [ -122.143943391642992, 44.231039641676198 ], [ -122.144030928434006, 44.2315111246049 ] ] } },
{ "type": "Feature", "properties": { "OBJECTID_1": 787, "OBJECTID": 10232, "Permanent_": "{1CB053AD-D577-4770-BC46-E5910F2B2968}", "FDate": 1464220800000, "Resolution": 2, "GNIS_ID": " ", "GNIS_Name": " ", "LengthKM": 0.38362832, "ReachCode": "17090004023104", "FlowDir": 1, "WBArea_Per": " ", "FType": 460, "FCode": 46003, "MainPath": 0, "InNetwork": 1, "Visibility": 0, "Shape_Leng": 0.00405638, "Enabled": 1, "GlobalID": "410f7bf3-79be-4480-9eeb-fdcba1de17ae", "Width": null, "Shape__Length": 383.31901449279633 }, "geometry": { "type": "LineString", "coordinates": [ [ -122.190833285715001, 44.256195943041391 ], [ -122.190936837349994, 44.255992794581495 ], [ -122.19096607017299, 44.255718610240706 ], [ -122.190878099943021, 44.255245781833807 ], [ -122.190704040586994, 44.254834548412198 ], [ -122.190007459815007, 44.254318703210302 ], [ -122.189484018900004, 44.254083832501486 ], [ -122.188395107115994, 44.253715574107993 ] ] } },
{ "type": "Feature", "properties": { "OBJECTID_1": 788, "OBJECTID": 26194, "Permanent_": "{314FC59B-D91D-40D1-8C91-799061B79FEA}", "FDate": 1464220800000, "Resolution": 2, "GNIS_ID": " ", "GNIS_Name": " ", "LengthKM": 0.28001877, "ReachCode": "17090004023129", "FlowDir": 1, "WBArea_Per": " ", "FType": 460, "FCode": 46003, "MainPath": 0, "InNetwork": 1, "Visibility": 0, "Shape_Leng": 0.00330063, "Enabled": 1, "GlobalID": "865fd0d5-be97-4a04-bbfe-c8e793c1875c", "Width": null, "Shape__Length": 280.37821230163905 }, "geometry": { "type": "LineString", "coordinates": [ [ -122.144189768274003, 44.267322961188093 ], [ -122.144626428622999, 44.26773910955859 ], [ -122.144990667860981, 44.267951370173783 ], [ -122.145233346751013, 44.267972858121603 ], [ -122.145778504294995, 44.267921171375797 ], [ -122.146185845466988, 44.267832899776295 ], [ -122.14648629218101, 44.267713600263782 ], [ -122.147214863645999, 44.267755323395498 ] ] } },
{ "type": "Feature", "properties": { "OBJECTID_1": 789, "OBJECTID": 21486, "Permanent_": "{B2EF9786-47F0-453B-A172-38FC4CAADD5E}", "FDate": 1464220800000, "Resolution": 2, "GNIS_ID": " ", "GNIS_Name": " ", "LengthKM": 0.25771729, "ReachCode": "17090004022708", "FlowDir": 1, "WBArea_Per": " ", "FType": 460, "FCode": 46003, "MainPath": 0, "InNetwork": 1, "Visibility": 0, "Shape_Leng": 0.0028021, "Enabled": 1, "GlobalID": "225005b4-7257-4fab-80cd-8e73599f2116", "Width": null, "Shape__Length": 257.62310081715276 }, "geometry": { "type": "LineString", "coordinates": [ [ -122.234230557261, 44.229486479314495 ], [ -122.233938247238996, 44.229360734517897 ], [ -122.233457473171995, 44.229041449206704 ], [ -122.233278908525989, 44.228781242606303 ], [ -122.232726956102013, 44.228194304152503 ], [ -122.232010985253012, 44.227888878427805 ] ] } },
{ "type": "Feature", "properties": { "OBJECTID_1": 790, "OBJECTID": 22057, "Permanent_": "{B1998C75-447F-4309-8AF4-AA034857A18C}", "FDate": 1464220800000, "Resolution": 2, "GNIS_ID": " ", "GNIS_Name": " ", "LengthKM": 0.156409, "ReachCode": "17090004022895", "FlowDir": 1, "WBArea_Per": " ", "FType": 460, "FCode": 46003, "MainPath": 0, "InNetwork": 1, "Visibility": 0, "Shape_Leng": 0.00150451, "Enabled": 1, "GlobalID": "54c017df-41f1-4caa-b59d-b0eedd74cab8", "Width": null, "Shape__Length": 156.02355474963585 }, "geometry": { "type": "LineString", "coordinates": [ [ -122.158810445951005, 44.239904302355903 ], [ -122.158611444830001, 44.239657789341798 ], [ -122.158500239573002, 44.23936956227729 ], [ -122.158788301680019, 44.23895521931199 ], [ -122.15878724887601, 44.238756121396889 ], [ -122.158699745549981, 44.2386199307103 ] ] } },
{ "type": "Feature", "properties": { "OBJECTID_1": 791, "OBJECTID": 6417, "Permanent_": "{1C4E7D8C-F1C6-47AE-A6C7-BDEA98133164}", "FDate": 1464220800000, "Resolution": 2, "GNIS_ID": " ", "GNIS_Name": " ", "LengthKM": 0.30238217, "ReachCode": "17090004023089", "FlowDir": 1, "WBArea_Per": " ", "FType": 460, "FCode": 46003, "MainPath": 0, "InNetwork": 1, "Visibility": 0, "Shape_Leng": 0.00366468, "Enabled": 1, "GlobalID": "75b693d1-21b3-4c8c-9709-22719a40292e", "Width": null, "Shape__Length": 302.95899486291006 }, "geometry": { "type": "LineString", "coordinates": [ [ -122.155905981477019, 44.254237705523593 ], [ -122.156470409838008, 44.254166474245402 ], [ -122.156760368486005, 44.254191478457699 ], [ -122.156929703317999, 44.2542660755893 ], [ -122.157338910844999, 44.254579993970189 ], [ -122.157647793083996, 44.254672393941206 ], [ -122.158482305272017, 44.254551522246203 ], [ -122.159409860055987, 44.25458404394189 ] ] } },
{ "type": "Feature", "properties": { "OBJECTID_1": 792, "OBJECTID": 30269, "Permanent_": "{8A1FB0BE-E229-4305-A40E-8AC086921D74}", "FDate": 1464220800000, "Resolution": 2, "GNIS_ID": "01135973", "GNIS_Name": "Cold Creek", "LengthKM": 0.15999716, "ReachCode": "17090004022957", "FlowDir": 1, "WBArea_Per": " ", "FType": 460, "FCode": 46003, "MainPath": 0, "InNetwork": 1, "Visibility": 0, "Shape_Leng": 0.00200365, "Enabled": 1, "GlobalID": "86c9533a-9599-4dd8-a842-e113ce9b3275", "Width": 1.0, "Shape__Length": 160.43391307264048 }, "geometry": { "type": "LineString", "coordinates": [ [ -122.110869015866982, 44.232307703981803 ], [ -122.112222618586983, 44.232253631252995 ], [ -122.112867120732005, 44.232297003456601 ] ] } },
{ "type": "Feature", "properties": { "OBJECTID_1": 793, "OBJECTID": 22061, "Permanent_": "{DAC6008B-BD15-4BBB-B743-3481B70059B0}", "FDate": 1464220800000, "Resolution": 2, "GNIS_ID": "01124021", "GNIS_Name": "McRae Creek", "LengthKM": 0.01312339, "ReachCode": "17090004000326", "FlowDir": 1, "WBArea_Per": " ", "FType": 460, "FCode": 46006, "MainPath": 0, "InNetwork": 1, "Visibility": 0, "Shape_Leng": 0.00015128, "Enabled": 1, "GlobalID": "ef343cfc-0af2-4d99-8f20-c66e29148078", "Width": 1.0, "Shape__Length": 13.133468718677236 }, "geometry": { "type": "LineString", "coordinates": [ [ -122.156359197933995, 44.263513308652989 ], [ -122.156494650697994, 44.26344772590911 ] ] } },
{ "type": "Feature", "properties": { "OBJECTID_1": 794, "OBJECTID": 5997, "Permanent_": "{F14F89A8-71F4-4519-8107-6C28E21DC4E6}", "FDate": 1464220800000, "Resolution": 2, "GNIS_ID": "01123461", "GNIS_Name": "Lookout Creek", "LengthKM": 0.21044307, "ReachCode": "17090004001156", "FlowDir": 1, "WBArea_Per": "108067939", "FType": 558, "FCode": 55800, "MainPath": 0, "InNetwork": 1, "Visibility": 0, "Shape_Leng": 0.0020766, "Enabled": 1, "GlobalID": "460fcd73-badb-4398-b3a6-4ad790b263d2", "Width": 1.0, "Shape__Length": 210.00629740459652 }, "geometry": { "type": "LineString", "coordinates": [ [ -122.231892651552002, 44.227837211524701 ], [ -122.231944722324002, 44.227437613035903 ], [ -122.232192077129994, 44.227004020609101 ], [ -122.232438450729987, 44.2268365093813 ], [ -122.232672722942993, 44.226508250995806 ], [ -122.232994030163979, 44.226186820212895 ] ] } },
{ "type": "Feature", "properties": { "OBJECTID_1": 795, "OBJECTID": 17671, "Permanent_": "161200483", "FDate": 1464220800000, "Resolution": 2, "GNIS_ID": "01123461", "GNIS_Name": "Lookout Creek", "LengthKM": 0.2709594, "ReachCode": "17090004001156", "FlowDir": 1, "WBArea_Per": "108067939", "FType": 558, "FCode": 55800, "MainPath": 0, "InNetwork": 1, "Visibility": 0, "Shape_Leng": 0.00292375, "Enabled": 1, "GlobalID": "99b2b31e-6990-440b-90da-992623f4883c", "Width": 1.0, "Shape__Length": 270.83869010579667 }, "geometry": { "type": "LineString", "coordinates": [ [ -122.244344135272996, 44.219068218943498 ], [ -122.244397337565999, 44.218872615701891 ], [ -122.244768497427998, 44.218802032208309 ], [ -122.244924958218007, 44.218695415962891 ], [ -122.245294783260007, 44.217976143730397 ], [ -122.245957213433002, 44.217635625041801 ], [ -122.246490437081988, 44.217459473267901 ] ] } },
{ "type": "Feature", "properties": { "OBJECTID_1": 796, "OBJECTID": 2405, "Permanent_": "{6E42D034-2337-485A-8C33-ABFBB41EDDC5}", "FDate": 1464220800000, "Resolution": 2, "GNIS_ID": " ", "GNIS_Name": " ", "LengthKM": 0.23427118, "ReachCode": "17090004022870", "FlowDir": 1, "WBArea_Per": " ", "FType": 460, "FCode": 46003, "MainPath": 0, "InNetwork": 1, "Visibility": 0, "Shape_Leng": 0.00256173, "Enabled": 1, "GlobalID": "d74b2030-94bd-4a30-a473-a47152300b16", "Width": null, "Shape__Length": 234.20946849732923 }, "geometry": { "type": "LineString", "coordinates": [ [ -122.183648560207004, 44.236602232958397 ], [ -122.183758930451987, 44.236474130454198 ], [ -122.184336904723011, 44.236275831264699 ], [ -122.185107493177014, 44.235721982242794 ], [ -122.185712133653013, 44.235171986857296 ] ] } },
{ "type": "Feature", "properties": { "OBJECTID_1": 797, "OBJECTID": 9683, "Permanent_": "{FBF127E5-E3FB-4AD2-A742-2286525CCB25}", "FDate": 1464220800000, "Resolution": 2, "GNIS_ID": " ", "GNIS_Name": " ", "LengthKM": 0.36124507, "ReachCode": "17090004022660", "FlowDir": 1, "WBArea_Per": "108067531", "FType": 460, "FCode": 46003, "MainPath": 0, "InNetwork": 1, "Visibility": 0, "Shape_Leng": 0.00411634, "Enabled": 1, "GlobalID": "34458789-d7f0-461b-a4d6-aa605f2d846f", "Width": null, "Shape__Length": 314.34689597814315 }, "geometry": { "type": "LineString", "coordinates": [ [ -122.256010356609011, 44.202644866716398 ], [ -122.256528076617002, 44.202393297404001 ], [ -122.256966605661006, 44.202251088024589 ], [ -122.257454390103007, 44.201711273297185 ], [ -122.257781747114009, 44.201533503007305 ], [ -122.258360584822995, 44.201455456971203 ], [ -122.259084318161001, 44.20108935963929 ] ] } },
{ "type": "Feature", "properties": { "OBJECTID_1": 798, "OBJECTID": 9813, "Permanent_": "{F31B3700-AF87-47F5-A362-2EA714A6091F}", "FDate": 1464220800000, "Resolution": 2, "GNIS_ID": "01123461", "GNIS_Name": "Lookout Creek", "LengthKM": 0.02940327, "ReachCode": "17090004001156", "FlowDir": 1, "WBArea_Per": "108067939", "FType": 558, "FCode": 55800, "MainPath": 0, "InNetwork": 1, "Visibility": 0, "Shape_Leng": 0.00033448, "Enabled": 1, "GlobalID": "eaa2a249-ab4f-45f4-a1b8-cf35e63918e5", "Width": 1.0, "Shape__Length": 29.422426823316069 }, "geometry": { "type": "LineString", "coordinates": [ [ -122.238794400641993, 44.223911721313087 ], [ -122.238957173618005, 44.223875832706298 ], [ -122.238987645828999, 44.223804033158991 ], [ -122.239067340795017, 44.223809260096893 ] ] } },
{ "type": "Feature", "properties": { "OBJECTID_1": 799, "OBJECTID": 9938, "Permanent_": "{10FC470F-F856-4342-9114-68F5A1C75016}", "FDate": 1464220800000, "Resolution": 2, "GNIS_ID": " ", "GNIS_Name": " ", "LengthKM": 0.29255517, "ReachCode": "17090004022732", "FlowDir": 1, "WBArea_Per": " ", "FType": 460, "FCode": 46003, "MainPath": 0, "InNetwork": 1, "Visibility": 0, "Shape_Leng": 0.00300368, "Enabled": 1, "GlobalID": "a05e64e5-d75c-472f-94bb-8d2a5e25bed3", "Width": null, "Shape__Length": 292.14814589284669 }, "geometry": { "type": "LineString", "coordinates": [ [ -122.217481459168994, 44.226584090606984 ], [ -122.21817254003102, 44.226953981410908 ], [ -122.218474450467994, 44.227216650992503 ], [ -122.21877778452, 44.227584783120101 ], [ -122.219015070330002, 44.227762457302902 ], [ -122.219042231811983, 44.2283232082087 ], [ -122.218801401986994, 44.228600911333892 ], [ -122.218782293480004, 44.228691609575797 ] ] } },
{ "type": "Feature", "properties": { "OBJECTID_1": 800, "OBJECTID": 6511, "Permanent_": "{A4369765-E0A5-41DF-A630-B507BA44C295}", "FDate": 1464220800000, "Resolution": 2, "GNIS_ID": "01123461", "GNIS_Name": "Lookout Creek", "LengthKM": 0.04928014, "ReachCode": "17090004000324", "FlowDir": 1, "WBArea_Per": " ", "FType": 460, "FCode": 46006, "MainPath": 0, "InNetwork": 1, "Visibility": 0, "Shape_Leng": 0.00056911, "Enabled": 1, "GlobalID": "9445c3e3-4cf9-4eab-83f9-040c7e15688d", "Width": 1.0, "Shape__Length": 49.322107072861598 }, "geometry": { "type": "LineString", "coordinates": [ [ -122.128503558407999, 44.228893576735388 ], [ -122.128790612603012, 44.228990994212204 ], [ -122.129013984724011, 44.229130232864307 ] ] } },
{ "type": "Feature", "properties": { "OBJECTID_1": 801, "OBJECTID": 6289, "Permanent_": "{F3A953B0-2689-4384-8BEE-D7658B3A55ED}", "FDate": 1464220800000, "Resolution": 2, "GNIS_ID": " ", "GNIS_Name": " ", "LengthKM": 0.30571349, "ReachCode": "17090004023055", "FlowDir": 1, "WBArea_Per": " ", "FType": 460, "FCode": 46003, "MainPath": 0, "InNetwork": 1, "Visibility": 0, "Shape_Leng": 0.00317762, "Enabled": 1, "GlobalID": "23c6b28c-220f-433d-8976-550e92e3fdc6", "Width": null, "Shape__Length": 305.35740551321527 }, "geometry": { "type": "LineString", "coordinates": [ [ -122.177747960006016, 44.246604410915197 ], [ -122.177996236336, 44.246989083203694 ], [ -122.178624632702011, 44.247381848423395 ], [ -122.178682809885998, 44.24781333752189 ], [ -122.178955230006011, 44.248157907714997 ], [ -122.179271627738999, 44.248410181127305 ], [ -122.179864948819002, 44.248746013856994 ] ] } },
{ "type": "Feature", "properties": { "OBJECTID_1": 802, "OBJECTID": 22301, "Permanent_": "{34E02496-FFFE-490A-BACC-D72929E58CF3}", "FDate": 1464220800000, "Resolution": 2, "GNIS_ID": " ", "GNIS_Name": " ", "LengthKM": 0.73374472, "ReachCode": "17090004022944", "FlowDir": 1, "WBArea_Per": " ", "FType": 460, "FCode": 46003, "MainPath": 0, "InNetwork": 1, "Visibility": 0, "Shape_Leng": 0.00907845, "Enabled": 1, "GlobalID": "902d13e9-bf8e-4972-a025-e9cda23e928d", "Width": null, "Shape__Length": 735.55133283599434 }, "geometry": { "type": "LineString", "coordinates": [ [ -122.107930170972011, 44.2197680247235 ], [ -122.108363058227994, 44.219578983308303 ], [ -122.108800245729, 44.219473495846891 ], [ -122.109411113018012, 44.219430801011001 ], [ -122.109677338335985, 44.219371714456301 ], [ -122.111215273461994, 44.219273454908091 ], [ -122.112350006211997, 44.219362462904996 ], [ -122.112796378358993, 44.219503767744406 ], [ -122.114497608587016, 44.219793486908401 ], [ -122.115240892265021, 44.219855113545599 ], [ -122.116342102996995, 44.219840035030394 ], [ -122.116862043010997, 44.219941333952697 ] ] } },
{ "type": "Feature", "properties": { "OBJECTID_1": 803, "OBJECTID": 18204, "Permanent_": "{0726E093-3BAB-4B68-AA72-D9EA0CB86B15}", "FDate": 1464220800000, "Resolution": 2, "GNIS_ID": " ", "GNIS_Name": " ", "LengthKM": 0.13518319, "ReachCode": "17090004022837", "FlowDir": 1, "WBArea_Per": " ", "FType": 460, "FCode": 46003, "MainPath": 0, "InNetwork": 1, "Visibility": 0, "Shape_Leng": 0.00158397, "Enabled": 1, "GlobalID": "f6520890-829e-4dba-84e6-061cf0502995", "Width": null, "Shape__Length": 135.3436217201216 }, "geometry": { "type": "LineString", "coordinates": [ [ -122.16371550481, 44.217147149665998 ], [ -122.16390349975299, 44.217133179078701 ], [ -122.164129191523003, 44.217039674804894 ], [ -122.16469250518, 44.216699262375791 ], [ -122.165166432619998, 44.216588288067697 ] ] } },
{ "type": "Feature", "properties": { "OBJECTID_1": 804, "OBJECTID": 26197, "Permanent_": "{61CF5C3F-1D77-4087-826B-2FF0B804D17E}", "FDate": 1464220800000, "Resolution": 2, "GNIS_ID": " ", "GNIS_Name": " ", "LengthKM": 0.23344505, "ReachCode": "17090004022996", "FlowDir": 1, "WBArea_Per": " ", "FType": 460, "FCode": 46006, "MainPath": 0, "InNetwork": 1, "Visibility": 0, "Shape_Leng": 0.00283511, "Enabled": 1, "GlobalID": "f1e108de-e363-4803-9159-58f158552e5f", "Width": null, "Shape__Length": 233.89383710042219 }, "geometry": { "type": "LineString", "coordinates": [ [ -122.141798149855006, 44.262002375719504 ], [ -122.142757544548999, 44.261978362583001 ], [ -122.14306725496202, 44.262055366029593 ], [ -122.143566724272006, 44.2622835602875 ], [ -122.144184581737989, 44.2624361646604 ], [ -122.144524414554979, 44.262573094575494 ] ] } },
{ "type": "Feature", "properties": { "OBJECTID_1": 805, "OBJECTID": 29916, "Permanent_": "{BCB39B4E-26A6-4B7D-BCE1-F1C4BD1AB196}", "FDate": 1464220800000, "Resolution": 2, "GNIS_ID": " ", "GNIS_Name": " ", "LengthKM": 0.15008141, "ReachCode": "17090004023086", "FlowDir": 1, "WBArea_Per": " ", "FType": 460, "FCode": 46003, "MainPath": 0, "InNetwork": 1, "Visibility": 0, "Shape_Leng": 0.00153118, "Enabled": 1, "GlobalID": "26d7ed66-08f1-4e19-8fd4-042e5ee98bef", "Width": null, "Shape__Length": 149.85584766782313 }, "geometry": { "type": "LineString", "coordinates": [ [ -122.187002649355009, 44.254017168758388 ], [ -122.187349749401008, 44.253408763228791 ], [ -122.188001186039997, 44.2529135797514 ] ] } },
{ "type": "Feature", "properties": { "OBJECTID_1": 806, "OBJECTID": 22043, "Permanent_": "{4318D1BF-8848-4DD9-8E14-20F1D53C98E6}", "FDate": 1464220800000, "Resolution": 2, "GNIS_ID": " ", "GNIS_Name": " ", "LengthKM": 0.13075623, "ReachCode": "17090004022803", "FlowDir": 1, "WBArea_Per": " ", "FType": 460, "FCode": 46003, "MainPath": 0, "InNetwork": 1, "Visibility": 0, "Shape_Leng": 0.00120849, "Enabled": 1, "GlobalID": "3f7c7882-2044-4125-9aab-34c80a775980", "Width": null, "Shape__Length": 130.35024645714284 }, "geometry": { "type": "LineString", "coordinates": [ [ -122.165404880898009, 44.206246456094206 ], [ -122.165425950010018, 44.206446306324089 ], [ -122.165598067752001, 44.206767260331397 ], [ -122.165642404346002, 44.207198171761192 ], [ -122.165729125817009, 44.207378267727201 ] ] } },
{ "type": "Feature", "properties": { "OBJECTID_1": 807, "OBJECTID": 21616, "Permanent_": "{3E25436B-46C8-407C-9324-46860641F640}", "FDate": 1464220800000, "Resolution": 2, "GNIS_ID": " ", "GNIS_Name": " ", "LengthKM": 0.36406768, "ReachCode": "17090004022685", "FlowDir": 1, "WBArea_Per": " ", "FType": 460, "FCode": 46003, "MainPath": 0, "InNetwork": 1, "Visibility": 0, "Shape_Leng": 0.00434081, "Enabled": 1, "GlobalID": "22223300-a09f-4d64-aeb4-323dbe88e2f9", "Width": null, "Shape__Length": 364.65709104411195 }, "geometry": { "type": "LineString", "coordinates": [ [ -122.217832118657014, 44.219614668461595 ], [ -122.218480252077995, 44.219607949660301 ], [ -122.218807713478, 44.219544266757886 ], [ -122.21945627736298, 44.219668447396799 ], [ -122.21984307966602, 44.219862160677195 ], [ -122.220216833191998, 44.219941587763302 ], [ -122.220324285990984, 44.22021386667079 ], [ -122.22053234729502, 44.220355480747706 ], [ -122.221184243850004, 44.220220406446806 ], [ -122.221821195256013, 44.220241810086492 ] ] } },
{ "type": "Feature", "properties": { "OBJECTID_1": 808, "OBJECTID": 5998, "Permanent_": "{319F86A7-74AA-4725-ACCE-661817D09522}", "FDate": 1464220800000, "Resolution": 2, "GNIS_ID": " ", "GNIS_Name": " ", "LengthKM": 0.00911174, "ReachCode": "17090004003744", "FlowDir": 1, "WBArea_Per": "108067939", "FType": 558, "FCode": 55800, "MainPath": 0, "InNetwork": 1, "Visibility": 0, "Shape_Leng": 8.269e-05, "Enabled": 1, "GlobalID": "74ba2fdb-9124-4fa4-8bf4-e0f8258f9c89", "Width": null, "Shape__Length": 9.0813781626949819 }, "geometry": { "type": "LineString", "coordinates": [ [ -122.230973487020989, 44.228962266341298 ], [ -122.230955729251008, 44.228881524707099 ] ] } },
{ "type": "Feature", "properties": { "OBJECTID_1": 809, "OBJECTID": 14096, "Permanent_": "161200202", "FDate": 1464220800000, "Resolution": 2, "GNIS_ID": " ", "GNIS_Name": " ", "LengthKM": 1.5563051, "ReachCode": "17090004014636", "FlowDir": 1, "WBArea_Per": " ", "FType": 460, "FCode": 46003, "MainPath": 0, "InNetwork": 1, "Visibility": 0, "Shape_Leng": 0.01578403, "Enabled": 1, "GlobalID": "6efdbe02-bafc-44ce-8ddc-ad950bba1d80", "Width": null, "Shape__Length": 1553.8601982219238 }, "geometry": { "type": "LineString", "coordinates": [ [ -122.182695183998021, 44.218020186360306 ], [ -122.182072338748014, 44.218694659444409 ], [ -122.181807046482007, 44.218896287186105 ], [ -122.181480811499, 44.21904024829329 ], [ -122.181116023505993, 44.219364244218305 ], [ -122.180442044274997, 44.220225395308788 ], [ -122.179957474641014, 44.220569342359589 ], [ -122.179212917824003, 44.2212357358124 ], [ -122.178765813648994, 44.221504659138084 ], [ -122.178266357923007, 44.221728184846796 ], [ -122.177438788953992, 44.221931387569391 ], [ -122.177075302649996, 44.222074576185506 ], [ -122.176673482477, 44.222127271467009 ], [ -122.176490544101, 44.222234620573992 ], [ -122.176448478334009, 44.222637722421702 ], [ -122.176584576802, 44.222852094867399 ], [ -122.176805938384007, 44.223487657449795 ], [ -122.177181964556013, 44.224156218297693 ], [ -122.176972467518993, 44.22472340517789 ], [ -122.177017740532989, 44.225000886350003 ], [ -122.177215369928007, 44.225526233507807 ], [ -122.177128471650008, 44.226752386091505 ], [ -122.176753718141995, 44.227835474345902 ], [ -122.176293628893021, 44.228212983377304 ], [ -122.17634170468601, 44.228549353575801 ], [ -122.176283445896985, 44.228705911917103 ], [ -122.176161394106998, 44.228824892988705 ], [ -122.175663954141001, 44.229086944098 ], [ -122.175666544279991, 44.229294915079009 ] ] } },
{ "type": "Feature", "properties": { "OBJECTID_1": 810, "OBJECTID": 1984, "Permanent_": "161200742", "FDate": 1464220800000, "Resolution": 2, "GNIS_ID": "01123461", "GNIS_Name": "Lookout Creek", "LengthKM": 0.17497158, "ReachCode": "17090004001156", "FlowDir": 1, "WBArea_Per": "108067939", "FType": 558, "FCode": 55800, "MainPath": 0, "InNetwork": 1, "Visibility": 0, "Shape_Leng": 0.00188819, "Enabled": 1, "GlobalID": "a1afdf35-25e0-46bf-879a-7f036fb58528", "Width": 1.0, "Shape__Length": 174.88971837502368 }, "geometry": { "type": "LineString", "coordinates": [ [ -122.23738884119598, 44.224954969205598 ], [ -122.237739929221007, 44.224918617087397 ], [ -122.238196289338006, 44.224611315398789 ], [ -122.238343019459009, 44.224212719524395 ], [ -122.238794400641993, 44.223911721313087 ] ] } },
{ "type": "Feature", "properties": { "OBJECTID_1": 811, "OBJECTID": 21611, "Permanent_": "161200380", "FDate": 1464220800000, "Resolution": 2, "GNIS_ID": " ", "GNIS_Name": " ", "LengthKM": 0.19105292, "ReachCode": "17090004014490", "FlowDir": 1, "WBArea_Per": " ", "FType": 460, "FCode": 46003, "MainPath": 0, "InNetwork": 1, "Visibility": 0, "Shape_Leng": 0.00204133, "Enabled": 1, "GlobalID": "295edf9d-6539-43e6-92ce-7932744d8c6d", "Width": null, "Shape__Length": 190.9235014286545 }, "geometry": { "type": "LineString", "coordinates": [ [ -122.230006424839004, 44.223119973732992 ], [ -122.230081261527005, 44.2233365335603 ], [ -122.230486458203018, 44.223735513376887 ], [ -122.230913936317009, 44.224040328533789 ], [ -122.231219469851979, 44.224181472792601 ], [ -122.231435825969015, 44.224220582477194 ], [ -122.231519583234018, 44.22434487872529 ] ] } },
{ "type": "Feature", "properties": { "OBJECTID_1": 812, "OBJECTID": 21905, "Permanent_": "{8D4D8178-7644-4D39-B29A-A2A9016EFA62}", "FDate": 1464220800000, "Resolution": 2, "GNIS_ID": " ", "GNIS_Name": " ", "LengthKM": 0.1684431, "ReachCode": "17090004023038", "FlowDir": 1, "WBArea_Per": " ", "FType": 460, "FCode": 46003, "MainPath": 0, "InNetwork": 1, "Visibility": 0, "Shape_Leng": 0.00208478, "Enabled": 1, "GlobalID": "86391f8f-4d68-4103-bb8f-57a4334b2662", "Width": null, "Shape__Length": 168.847882331601 }, "geometry": { "type": "LineString", "coordinates": [ [ -122.182291004823995, 44.244775904813899 ], [ -122.182396402129001, 44.244735722174902 ], [ -122.182835317528998, 44.244765414864808 ], [ -122.183082152905982, 44.244719603540098 ], [ -122.183387016283007, 44.244756692915303 ], [ -122.184074723597007, 44.244739650487595 ], [ -122.184341941358994, 44.244658674580222 ] ] } },
{ "type": "Feature", "properties": { "OBJECTID_1": 813, "OBJECTID": 2255, "Permanent_": "{23AA9910-E70A-4209-978C-C15CEEB50283}", "FDate": 1464220800000, "Resolution": 2, "GNIS_ID": " ", "GNIS_Name": " ", "LengthKM": 0.35510611, "ReachCode": "17090004023052", "FlowDir": 1, "WBArea_Per": " ", "FType": 460, "FCode": 46003, "MainPath": 0, "InNetwork": 1, "Visibility": 0, "Shape_Leng": 0.00352558, "Enabled": 1, "GlobalID": "edef7212-a1cb-4dba-a9d0-7ca5d2453792", "Width": null, "Shape__Length": 354.42328381994764 }, "geometry": { "type": "LineString", "coordinates": [ [ -122.195458827083996, 44.247603590128001 ], [ -122.195149739811995, 44.247396911943198 ], [ -122.19494268886001, 44.247088235788603 ], [ -122.194508932862007, 44.246856365187192 ], [ -122.194090088937998, 44.246533747906092 ], [ -122.193878523972003, 44.245748472541905 ], [ -122.193852801136003, 44.245401636671495 ], [ -122.193599459677003, 44.244878064058305 ] ] } },
{ "type": "Feature", "properties": { "OBJECTID_1": 814, "OBJECTID": 18209, "Permanent_": "{F6217BD3-AD69-4ED6-9B22-5ED50CCAE71D}", "FDate": 1464220800000, "Resolution": 2, "GNIS_ID": " ", "GNIS_Name": " ", "LengthKM": 0.99680864, "ReachCode": "17090004022897", "FlowDir": 1, "WBArea_Per": " ", "FType": 460, "FCode": 46003, "MainPath": 0, "InNetwork": 1, "Visibility": 0, "Shape_Leng": 0.01042124, "Enabled": 1, "GlobalID": "4b40617e-5965-4d78-962b-dd65af541ba7", "Width": null, "Shape__Length": 995.77185208860669 }, "geometry": { "type": "LineString", "coordinates": [ [ -122.166132009845001, 44.244827966614203 ], [ -122.165996129340996, 44.244745205778401 ], [ -122.16589636562702, 44.24439639241379 ], [ -122.165923720715014, 44.244032771602996 ], [ -122.165864083084017, 44.243815693684098 ], [ -122.165678818635001, 44.243636700537103 ], [ -122.164982899649019, 44.2431824508446 ], [ -122.164503474125013, 44.24308306759179 ], [ -122.164404737409996, 44.243023223810191 ], [ -122.164027111566995, 44.242456227556701 ], [ -122.163494014862991, 44.241489308224402 ], [ -122.163010193703997, 44.241145058849604 ], [ -122.16266634299302, 44.241053237048703 ], [ -122.16241164423198, 44.240911524547094 ], [ -122.162277893499009, 44.240766606633308 ], [ -122.162158526327005, 44.24037181751401 ], [ -122.161216146765, 44.23986505726559 ], [ -122.160855781890007, 44.239438774865704 ], [ -122.160775437230996, 44.239203043328899 ], [ -122.160159854989004, 44.238870267641197 ], [ -122.159948139576997, 44.238712460159093 ], [ -122.159786849900016, 44.238468306188999 ], [ -122.159343914437002, 44.238299196577593 ], [ -122.159155749340997, 44.238080342506798 ] ] } },
{ "type": "Feature", "properties": { "OBJECTID_1": 815, "OBJECTID": 10471, "Permanent_": "{DA67B2FF-2976-4CE5-816B-4C51E04F2E35}", "FDate": 1464220800000, "Resolution": 2, "GNIS_ID": " ", "GNIS_Name": " ", "LengthKM": 0.6910517, "ReachCode": "17090004022963", "FlowDir": 1, "WBArea_Per": " ", "FType": 460, "FCode": 46003, "MainPath": 0, "InNetwork": 1, "Visibility": 0, "Shape_Leng": 0.00763991, "Enabled": 1, "GlobalID": "3f24f442-6532-480f-9392-3ab6335d0cc1", "Width": null, "Shape__Length": 691.08209628560292 }, "geometry": { "type": "LineString", "coordinates": [ [ -122.142070141321994, 44.235565606167491 ], [ -122.142375579100019, 44.235301810207602 ], [ -122.142681580908999, 44.234731879497609 ], [ -122.142531258462, 44.234257087627107 ], [ -122.142702272577992, 44.233930651684396 ], [ -122.143086751142008, 44.233617645312492 ], [ -122.143379657281997, 44.233548487181409 ], [ -122.143485656037015, 44.233429721606306 ], [ -122.143742314245998, 44.233325441492191 ], [ -122.143838900129992, 44.233128877550691 ], [ -122.144041072164001, 44.232978300396098 ], [ -122.144121324173, 44.232970505424596 ], [ -122.144286729865001, 44.233127256310198 ], [ -122.144528775742984, 44.233179871143598 ], [ -122.145163311226, 44.233032817308292 ], [ -122.145430169876988, 44.233030132432901 ], [ -122.145744725257998, 44.23305388386099 ], [ -122.146176347125007, 44.233197932212398 ], [ -122.146925683383998, 44.233339002457896 ], [ -122.147292704234999, 44.233261399953008 ], [ -122.147791207383008, 44.232994466767209 ] ] } },
{ "type": "Feature", "properties": { "OBJECTID_1": 816, "OBJECTID": 9682, "Permanent_": "{A27968D6-4893-424A-838F-1F168C874D86}", "FDate": 1464220800000, "Resolution": 2, "GNIS_ID": " ", "GNIS_Name": " ", "LengthKM": 0.01373227, "ReachCode": "17090004022673", "FlowDir": 1, "WBArea_Per": "108067939", "FType": 558, "FCode": 55800, "MainPath": 0, "InNetwork": 1, "Visibility": 0, "Shape_Leng": 0.00015165, "Enabled": 1, "GlobalID": "44550199-12db-4841-b830-65a3ec1814b3", "Width": null, "Shape__Length": 13.730806833689826 }, "geometry": { "type": "LineString", "coordinates": [ [ -122.256403677745013, 44.211075648401895 ], [ -122.256277230053001, 44.2109919466848 ] ] } },
{ "type": "Feature", "properties": { "OBJECTID_1": 817, "OBJECTID": 30165, "Permanent_": "{7FB074C5-950E-4FC3-B480-C93323D76156}", "FDate": 1464220800000, "Resolution": 2, "GNIS_ID": " ", "GNIS_Name": " ", "LengthKM": 0.23125725, "ReachCode": "17090004022968", "FlowDir": 1, "WBArea_Per": " ", "FType": 460, "FCode": 46003, "MainPath": 0, "InNetwork": 1, "Visibility": 0, "Shape_Leng": 0.00283003, "Enabled": 1, "GlobalID": "436e3dd1-cc4b-4b81-8f8d-6bee73dcc22f", "Width": null, "Shape__Length": 231.75432689009133 }, "geometry": { "type": "LineString", "coordinates": [ [ -122.129832791927001, 44.237229493855999 ], [ -122.130206689188, 44.237093083289395 ], [ -122.130867774023983, 44.236967659334297 ], [ -122.131738604744015, 44.236722398451207 ], [ -122.132127579389007, 44.236649869691092 ], [ -122.132582321317997, 44.236636896723198 ] ] } },
{ "type": "Feature", "properties": { "OBJECTID_1": 818, "OBJECTID": 6404, "Permanent_": "108055959", "FDate": 1464220800000, "Resolution": 2, "GNIS_ID": " ", "GNIS_Name": " ", "LengthKM": 0.3033433, "ReachCode": "17090004003762", "FlowDir": 1, "WBArea_Per": " ", "FType": 460, "FCode": 46003, "MainPath": 0, "InNetwork": 1, "Visibility": 0, "Shape_Leng": 0.00315463, "Enabled": 1, "GlobalID": "c798b01e-bc6b-44ad-8e47-205b3180d976", "Width": null, "Shape__Length": 302.99806429327015 }, "geometry": { "type": "LineString", "coordinates": [ [ -122.155657585945988, 44.214207778288291 ], [ -122.155904903565983, 44.214152963712202 ], [ -122.156075574451009, 44.214056889959885 ], [ -122.156311754312995, 44.213798384325791 ], [ -122.156571728787981, 44.213643513511094 ], [ -122.156693456705, 44.213342426071215 ], [ -122.157020967372986, 44.21312272236711 ], [ -122.15737156653401, 44.212978013168602 ], [ -122.157205172812994, 44.212426925733801 ], [ -122.157387218983004, 44.212135512527091 ] ] } },
{ "type": "Feature", "properties": { "OBJECTID_1": 819, "OBJECTID": 13679, "Permanent_": "{286BFAE3-EC07-4760-89BB-87EA0375C2A2}", "FDate": 1464220800000, "Resolution": 2, "GNIS_ID": " ", "GNIS_Name": " ", "LengthKM": 0.57713631, "ReachCode": "17090004022709", "FlowDir": 1, "WBArea_Per": " ", "FType": 460, "FCode": 46003, "MainPath": 0, "InNetwork": 1, "Visibility": 0, "Shape_Leng": 0.0060208, "Enabled": 1, "GlobalID": "56f52fbf-5f93-468c-8938-c3695f28baf5", "Width": null, "Shape__Length": 576.47759104111628 }, "geometry": { "type": "LineString", "coordinates": [ [ -122.23735074644101, 44.230360696662096 ], [ -122.237146793080996, 44.230176444458493 ], [ -122.236960134474984, 44.229881300698104 ], [ -122.236761192165019, 44.229345374212592 ], [ -122.236188534011006, 44.228990496678499 ], [ -122.23577667246002, 44.228630297206003 ], [ -122.234404244014996, 44.227677520102901 ], [ -122.234084988945995, 44.227360225476502 ], [ -122.23386156342201, 44.227003224286598 ], [ -122.233432628518003, 44.22669391346431 ], [ -122.233106024557003, 44.2263018695743 ] ] } },
{ "type": "Feature", "properties": { "OBJECTID_1": 820, "OBJECTID": 2412, "Permanent_": "{8B730A6B-6B48-473D-B3C8-7B1CF11CC9EC}", "FDate": 1464220800000, "Resolution": 2, "GNIS_ID": " ", "GNIS_Name": " ", "LengthKM": 0.10103333, "ReachCode": "17090004023042", "FlowDir": 1, "WBArea_Per": " ", "FType": 460, "FCode": 46003, "MainPath": 0, "InNetwork": 1, "Visibility": 0, "Shape_Leng": 0.00101309, "Enabled": 1, "GlobalID": "83dc4f21-b389-4fc7-81a0-5246442f1654", "Width": null, "Shape__Length": 100.85575672103667 }, "geometry": { "type": "LineString", "coordinates": [ [ -122.17066806427502, 44.245473351718204 ], [ -122.170262327113008, 44.245753902776606 ], [ -122.170156181234006, 44.245921262692207 ], [ -122.170113941211014, 44.246235303365097 ] ] } },
{ "type": "Feature", "properties": { "OBJECTID_1": 821, "OBJECTID": 22151, "Permanent_": "{28C00ACD-85A1-4E33-AFB5-F910919E6812}", "FDate": 1464220800000, "Resolution": 2, "GNIS_ID": " ", "GNIS_Name": " ", "LengthKM": 0.15301536, "ReachCode": "17090004022966", "FlowDir": 1, "WBArea_Per": " ", "FType": 460, "FCode": 46003, "MainPath": 0, "InNetwork": 1, "Visibility": 0, "Shape_Leng": 0.00159264, "Enabled": 1, "GlobalID": "019b3bc1-1b97-4e48-8e30-be388cfb49ee", "Width": null, "Shape__Length": 152.83535160716815 }, "geometry": { "type": "LineString", "coordinates": [ [ -122.132582321317997, 44.236636896723198 ], [ -122.133543776541998, 44.2358390953504 ], [ -122.133599460615983, 44.23569895759389 ], [ -122.133498627611019, 44.235549332653996 ] ] } },
{ "type": "Feature", "properties": { "OBJECTID_1": 822, "OBJECTID": 21750, "Permanent_": "{68664348-B916-45C2-9626-D5AD4E4E69F7}", "FDate": 1464220800000, "Resolution": 2, "GNIS_ID": " ", "GNIS_Name": " ", "LengthKM": 0.68535184, "ReachCode": "17090004023031", "FlowDir": 1, "WBArea_Per": " ", "FType": 460, "FCode": 46003, "MainPath": 0, "InNetwork": 1, "Visibility": 0, "Shape_Leng": 0.00758823, "Enabled": 1, "GlobalID": "ac82f4c8-3e9a-482f-aded-179c42cca6d1", "Width": null, "Shape__Length": 685.38660185492961 }, "geometry": { "type": "LineString", "coordinates": [ [ -122.205777624583007, 44.243422627327 ], [ -122.205650080867997, 44.2432816576056 ], [ -122.205296765381007, 44.242629375127109 ], [ -122.205072654678006, 44.242393559522682 ], [ -122.204969368109019, 44.242031495767492 ], [ -122.204424716531989, 44.241796546327492 ], [ -122.20398005512601, 44.241767314296297 ], [ -122.203253768286004, 44.241354285914291 ], [ -122.203258803875002, 44.241124082855698 ], [ -122.203135419948012, 44.240846279494797 ], [ -122.202191339129001, 44.240498477375603 ], [ -122.201859070693985, 44.24028899747691 ], [ -122.200980315143013, 44.240082536748801 ], [ -122.200492230742014, 44.239872158205301 ], [ -122.200044605017993, 44.239800611515399 ], [ -122.199859841038005, 44.239720994024097 ] ] } },
{ "type": "Feature", "properties": { "OBJECTID_1": 823, "OBJECTID": 29503, "Permanent_": "{86B4E24A-B44E-4BB5-9D56-8DBD30F2122B}", "FDate": 1464220800000, "Resolution": 2, "GNIS_ID": " ", "GNIS_Name": " ", "LengthKM": 0.00300047, "ReachCode": "17090004022784", "FlowDir": 1, "WBArea_Per": "108067939", "FType": 558, "FCode": 55800, "MainPath": 0, "InNetwork": 1, "Visibility": 0, "Shape_Leng": 3.725e-05, "Enabled": 1, "GlobalID": "7631fa60-510f-45ca-92b8-65285dac3780", "Width": null, "Shape__Length": 3.0080576031798762 }, "geometry": { "type": "LineString", "coordinates": [ [ -122.253116440637996, 44.212382685593901 ], [ -122.253153241158003, 44.212386438329816 ] ] } },
{ "type": "Feature", "properties": { "OBJECTID_1": 824, "OBJECTID": 6413, "Permanent_": "{FBF87BE7-5CFE-48AE-9967-EA19A4429198}", "FDate": 1464220800000, "Resolution": 2, "GNIS_ID": " ", "GNIS_Name": " ", "LengthKM": 0.45834123, "ReachCode": "17090004022847", "FlowDir": 1, "WBArea_Per": " ", "FType": 460, "FCode": 46003, "MainPath": 0, "InNetwork": 1, "Visibility": 0, "Shape_Leng": 0.00548219, "Enabled": 1, "GlobalID": "71dbabe5-91af-4b72-b1b1-16e474bd446a", "Width": null, "Shape__Length": 459.09354889417074 }, "geometry": { "type": "LineString", "coordinates": [ [ -122.150805557788999, 44.222326118274296 ], [ -122.151585724949015, 44.222609977118196 ], [ -122.152362787856006, 44.222747210531999 ], [ -122.153049796676001, 44.2231193621732 ], [ -122.153758179852005, 44.223297556056892 ], [ -122.154227137544012, 44.22336061555999 ], [ -122.154991440106983, 44.223688887418504 ], [ -122.155339546454002, 44.223669596993801 ], [ -122.155977254796994, 44.223439423571797 ] ] } },
{ "type": "Feature", "properties": { "OBJECTID_1": 825, "OBJECTID": 25694, "Permanent_": "{AE08D0B6-7F7F-4EEB-A7C4-361917487BF3}", "FDate": 1464220800000, "Resolution": 2, "GNIS_ID": " ", "GNIS_Name": " ", "LengthKM": 0.21770091, "ReachCode": "17090004022749", "FlowDir": 1, "WBArea_Per": " ", "FType": 460, "FCode": 46003, "MainPath": 0, "InNetwork": 1, "Visibility": 0, "Shape_Leng": 0.00204124, "Enabled": 1, "GlobalID": "c6736fb1-a2a1-446d-b57c-c1ab7069b8ec", "Width": null, "Shape__Length": 217.08290881664391 }, "geometry": { "type": "LineString", "coordinates": [ [ -122.212834270702018, 44.241854598338094 ], [ -122.213222645032005, 44.241398970099091 ], [ -122.213527813712005, 44.240005563237496 ] ] } },
{ "type": "Feature", "properties": { "OBJECTID_1": 826, "OBJECTID": 14228, "Permanent_": "{FD9F8F36-AF4D-47EC-8F11-5F501E49188A}", "FDate": 1464220800000, "Resolution": 2, "GNIS_ID": " ", "GNIS_Name": " ", "LengthKM": 0.14584323, "ReachCode": "17090004023142", "FlowDir": 1, "WBArea_Per": " ", "FType": 460, "FCode": 46003, "MainPath": 0, "InNetwork": 1, "Visibility": 0, "Shape_Leng": 0.00138253, "Enabled": 1, "GlobalID": "ddff99dd-4f14-4df5-b9c9-6ba9789b93bb", "Width": null, "Shape__Length": 145.46117276163693 }, "geometry": { "type": "LineString", "coordinates": [ [ -122.169170661701003, 44.270485604471396 ], [ -122.169124235466015, 44.270137291424717 ], [ -122.169234607679996, 44.269678627677699 ], [ -122.169601288498001, 44.269267246019496 ] ] } },
{ "type": "Feature", "properties": { "OBJECTID_1": 827, "OBJECTID": 26089, "Permanent_": "{690BEF59-C351-4C60-A50B-2731A15E47BD}", "FDate": 1464220800000, "Resolution": 2, "GNIS_ID": " ", "GNIS_Name": " ", "LengthKM": 0.18167224, "ReachCode": "17090004022900", "FlowDir": 1, "WBArea_Per": " ", "FType": 460, "FCode": 46003, "MainPath": 0, "InNetwork": 1, "Visibility": 0, "Shape_Leng": 0.00185638, "Enabled": 1, "GlobalID": "ebbb258a-1fea-4ce1-bfa8-ed3b35c61581", "Width": null, "Shape__Length": 181.40167775257217 }, "geometry": { "type": "LineString", "coordinates": [ [ -122.161957922490998, 44.245812779385993 ], [ -122.161765182766999, 44.245710865426503 ], [ -122.161167091075995, 44.2450927086985 ], [ -122.160911753116011, 44.244665934028994 ], [ -122.160717157525994, 44.244473754011501 ] ] } },
{ "type": "Feature", "properties": { "OBJECTID_1": 828, "OBJECTID": 17921, "Permanent_": "161200701", "FDate": 1464220800000, "Resolution": 2, "GNIS_ID": "01123461", "GNIS_Name": "Lookout Creek", "LengthKM": 0.20721053, "ReachCode": "17090004000322", "FlowDir": 1, "WBArea_Per": " ", "FType": 460, "FCode": 46006, "MainPath": 0, "InNetwork": 1, "Visibility": 0, "Shape_Leng": 0.00242946, "Enabled": 1, "GlobalID": "b9b44fe8-25a8-4fd3-9a99-6fbc3e20beb2", "Width": 1.0, "Shape__Length": 207.45876880751808 }, "geometry": { "type": "LineString", "coordinates": [ [ -122.193375718300004, 44.2328505470064 ], [ -122.193589705765007, 44.232835635281198 ], [ -122.193831948994003, 44.232935633079791 ], [ -122.194126704751994, 44.23296500046839 ], [ -122.194898656483005, 44.232849985779303 ], [ -122.195592900188984, 44.233368256969499 ] ] } },
{ "type": "Feature", "properties": { "OBJECTID_1": 829, "OBJECTID": 1987, "Permanent_": "{C73BCFE4-2260-4175-A339-95E69D13E1C3}", "FDate": 1464220800000, "Resolution": 2, "GNIS_ID": " ", "GNIS_Name": " ", "LengthKM": 0.23875962, "ReachCode": "17090004022676", "FlowDir": 1, "WBArea_Per": " ", "FType": 460, "FCode": 46003, "MainPath": 0, "InNetwork": 1, "Visibility": 0, "Shape_Leng": 0.00224362, "Enabled": 1, "GlobalID": "550251c9-c4cd-42e1-90a7-60ac2c655de4", "Width": null, "Shape__Length": 238.07722826935756 }, "geometry": { "type": "LineString", "coordinates": [ [ -122.235863438321005, 44.213578896923899 ], [ -122.235756545718019, 44.214131874573006 ], [ -122.236000791525015, 44.21457464102231 ], [ -122.236364976573014, 44.215024902608192 ], [ -122.236330145791001, 44.215602873429511 ] ] } }
]
}
